chunk_id,record_type,parent_module_id,source_file,page_start,page_end,page_refs_count,extracted_page_numbers,program,degree_level,module_code,module_title,module_group,recommended_semester,ects,language,section_type,chunk_type,section_group,retrieval_priority,text,text_char_count,text_word_count,approx_token_count,sentence_count,keyword_count,keywords_joined,has_text,is_near_empty,has_page_refs,has_parent_module_id,has_module_title,has_keywords,has_standalone_context,is_too_short,is_very_long,token_bucket,invalid_parent_module_id,pages_outside_document,chunk_pages_overlap_module_pages,extraction_notes,duplicate_chunk_id
document-toc-p001,retrieval_chunk,,modulhandbuch.pdf,1,1,1,1,Computerlinguistik (integrativ),Bachelorstudium,,,,,,de,document,table_of_contents,tables,normal,"Quelle: modulhandbuch.pdf, Seiten 1-1
Studiengang: Computerlinguistik (integrativ), Bachelorstudium, PO 2025
Abschnitt: Inhalt
[{""entry"": ""Ziele des Studiums"", ""page"": 2}, {""entry"": ""Aufbau des Studiums"", ""page"": 2}, {""entry"": ""Modul: Basismodul – Mathematische und logische Grundlagen"", ""page"": 4}, {""entry"": ""Modul: Basismodul – Grundlagen der Computerlinguistik und formale Grammatikbeschreibung"", ""page"": 6}, {""entry"": ""Modul: Basismodul – Python-Programmierung"", ""page"": 8}, {""entry"": ""Modul: Basiswissen Linguistik – Morphologie und Syntax"", ""page"": 10}, {""entry"": ""Modul: Basiswissen Linguistik – Semantik und Pragmatik"", ""page"": 12}, {""entry"": ""Modul: Basismodul – Statistische Methoden in der Computerlinguistik"", ""page"": 14}, {""entry"": ""Modul: Aufbaumodul – Maschinelles Lernen"", ""page"": 16}, {""entry"": ""Modul: Aufbaumodul – Mathematische Linguistik"", ""page"": 18}, {""entry"": ""Modul: Aufbaumodul – Parsing"", ""page"": 20}, {""entry"": ""Modul: Aufbaumodul – Logische Programmierung"", ""page"": 22}, {""entry"": ""Modul: Aufbaumodul – Objektorientierte Programmierung"", ""page"": 24}, {""entry"": ""Modul: Praktikum & Orientierung"", ""page"": 26}, {""entry"": ""Modul: Vertiefungsmodul – Interdisziplinär"", ""page"": 28}, {""entry"": ""Modul: Vertiefungsmodul – Computerlinguistik 1"", ""page"": 30}, {""entry"": ""Modul: Vertiefungsmodul – Computerlinguistik 2"", ""page"": 32}, {""entry"": ""Modul: Abschlussarbeit und Forschungskolloquium"", ""page"": 34}]",1427,146,190,1,4,Inhalt; Inhaltsverzeichnis; Computerlinguistik (integrativ); PO 2025,True,False,True,False,False,True,False,False,False,101-300,False,False,,,False
document-study-goals-p002,retrieval_chunk,,modulhandbuch.pdf,2,2,1,2,Computerlinguistik (integrativ),Bachelorstudium,,,,,,de,document,study_goals,other,normal,"Quelle: modulhandbuch.pdf, Seiten 2-2
Studiengang: Computerlinguistik (integrativ), Bachelorstudium, PO 2025
Abschnitt: Ziele des Studiums
Der integrative Bachelorstudiengang Computerlinguistik leistet eine breite computerlinguistische Ausbildung. Die Studierenden erwerben im Rahmen der ersten beiden Jahre Wissen über die Komplexität
sprachlicher Erscheinungen, Methodenkenntnisse und -fertigkeiten sowohl im Bereich der symbolischen
Sprachverarbeitung als auch im Bereich des maschinellen Lernens und der künstlichen Intelligenz, und
Programmierkenntnisse auf hohem Niveau. Dieses Wissen wird im dritten Jahr weiter ausgebaut und im
Rahmen eines Praktikums und der Abschlussarbeit im Kontext konkreter Fragestellungen angewendet.
Damit sind die Absolventen des Studiengangs optimal vorbereitet auf eine berufliche Tätigkeit z.B. in den
Bereichen elektronische Informationsverarbeitung, Sprachressourcenmanagement, maschinelle Sprachverarbeitung und Sprachtechnologie.
Die Studierenden erwerben außerdem besonders in den Aufbau- und Vertiefungsmodulen die Fähigkeit,
relevante Informationen im Bereich der Computerlinguistik zu sammeln, zu bewerten und zu interpretieren
und daraus wissenschaftlich fundierte Urteile abzuleiten, z.B. auch über gesellschaftsrelevante Aspekte
von Sprachtechnologien wie etwa den Einsatz von Methoden der künstlichen Intelligenz in großen Sprachmodellen. Die Absolventen können sich selbständig in neue Themengebiete einarbeiten und neue Fähigkeiten lernen. Sie können sich mit Informatikern, Sprachwissenschaftlern und Laien über Informationen,
Ideen, Probleme und Lösungen austauschen. Dank der Interdisziplinarität des Faches lernen sie außerdem, über Fachgrenzen hinweg zwischen unterschiedlichen Standpunkten zu vermitteln und multidisziplinäre Zusammenarbeit zu gestalten. Damit sind sie optimal auf einen anschließenden Masterstudiengang,
z.B. im Bereich Sprachtechnologie oder Künstliche Intelligenz oder im Bereich Linguistik vorbereitet.",1980,230,299,12,5,Ziele des Studiums; Computerlinguistik (integrativ); Bachelorstudium; Berufsperspektiven; Masterstudiengang,True,False,True,False,False,True,False,False,False,101-300,False,False,,,False
document-study-structure-p002-p003,retrieval_chunk,,modulhandbuch.pdf,2,3,2,"2,3",Computerlinguistik (integrativ),Bachelorstudium,,,,,,de,document,study_structure,other,normal,"Quelle: modulhandbuch.pdf, Seiten 2-3
Studiengang: Computerlinguistik (integrativ), Bachelorstudium, PO 2025
Abschnitt: Aufbau des Studiums
Grob lässt sich das Studium in drei Phasen einteilen: Die ersten zwei Semester sind dem Erwerb von
Basiswissen gewidmet, Semester 3 und 4 dem Aufbau weiterer Fachkompetenzen und die letzten beiden
Semester der weiteren Spezialisierung und dem Studienabschluss.
Phase 1 Erwerb von Basiswissen für die Computerlinguistik: Hierzu gehört die Vermittlung mathematischer und logischer Konzepte und Methoden, die für die Computerlinguistik wesentlich sind, eine Einführung in die Computerlinguistik, die einen Überblick über zentrale computerlinguistische Fragestellungen
und gängige Methoden in diesen Bereichen gibt, der Erwerb von Kenntnissen über Formalismen und Methoden der Grammatikmodellierung und eine Einführung in die Statistik. Dies wird ergänzt durch Einführungen in die für die Computerlinguistik zentralen sprachwissenschaftlichen Bereiche Morphologie/Syntax
und Semantik/Pragmatik. Desweiteren sieht der Studienplan für das erste Jahr einen Einstieg in computerlinguistische Programmierung mit Python vor, die neben Grundlagen auch aktuelle Methoden der
Sprachtechnologie vermittelt.
Phase 2 Aufbau von Fachkompetenzen für die Computerlinguistik Methodisch lernt man in dieser
zweiten Phase die für die datengetriebene Computerlinguistik so zentralen Bereiche des Maschinellen
Lernens und des Deep Learnings (also maschinelles Lernen mit künstlichen neuronalen Netzen) kennen,
aufbauend auf dem Wissen über Fragestellungen und Repräsentationen der Computerlinguistik und auf
soliden Kenntnissen der Programmiersprache Python (siehe Phase 1). Parallel dazu gewinnen die Studierenden Einblick in linguistische Ressourcen. Daneben werden in dieser Phase weitere Paradigma von
Programmiersprachen vermittelt, nämlich objektorientiertes Programmieren und, im Kontext von Themen
der computationellen Semantik, entweder logische oder funktionale Programmierung. Außerdem werden
die Bereiche syntaktische Verarbeitung und Automatentheorie und formale Sprachen in Hinblick auf computerlinguistische Problemstellungen vertieft. Als Übergang zur Phase 3 ist zudem eine Orientierung in
Hinblick auf mögliche Spezialisierungen vorgesehen.
Phase 3 Spezialisierung und Berufsorientierung Im letzten Studienjahr geht es darum, aufbauend auf
den vorher erworbenen Grundlagen und Methoden, Fachkompetenzen weiter auszubauen und sich (1)
über die Wahl der Bereiche, in denen im letzten Jahr APs abgelegt werden, (2) über die Durchführung
eines Praktikums und (3) über das Thema der Abschlussarbeit weiter zu spezialisieren und in Richtung
möglicher anschließender Tätigkeitsfelder zu orientieren. Zum einen werden im Rahmen der beiden
computerlinguistischen Vertiefungsmodule regelmäßig eine Reihe von unterschiedlichen thematischen
Seminaren angeboten werden, aus denen die Studierenden frei wählen können. In einem der Seminare,
im Vertiefungsmodul 2, muss eine MP angelegt werden. Themen dieser Seminare sind z.B. Vektorsemantik, große Sprachmodelle, Transformer-Architekturen in computerlinguistischen Anwendungen, Advanced
Constituency Parsing, Dependency Parsing, Finite-State Morphology, Semantic Role Labeling, Discourse
Representation Theory, Fuzzy Logic usw. Daneben gibt es das interdisziplinäre Vertiefungsmodul, in dem
den Studierenden ermöglicht wird, neben Veranstaltungen aus der Computerlinguistik auch Veranstaltungen aus Linguistik und Informatik zu belegen, die nicht notwendig dezidiert computerlinguistisch sind. Im
Rahmen dieses Moduls muss mindestens eine Veranstaltung aus der Informatik belegt werden. Neben
diesen Modulen, die relativ flexibel Spezialisierungen in Computerlinguistik, Linguistik und Informatik erlauben, ist im letzten Jahr ein Praktikum zur Berufsorientierung und die Anfertigung der Bachelorarbeit
vorgesehen. Letztere wird in der Regel im letzten Semester durchgeführt, wobei parallel das Forschungskolloquium der Computerlinguistik besucht wird, wodurch interessante Einblicke in aktuelle Forschungsthemen geboten werden und Anregungen und Inspiration für die Bachelorarbeit gewonnen werden kann.
Das 5. Semester kann als Mobilitätssemester gewählt werden, da in den Vertiefungsmodulen auch
Kurse aus anderen Universitäten anerkannt werden können.",4325,532,692,20,6,Aufbau des Studiums; Phase 1; Phase 2; Phase 3; Mobilitätssemester; Vertiefungsmodul,True,False,True,False,False,True,False,False,False,301-800,False,False,,,False
modulhandbuch-po2025-2100-overview,retrieval_chunk,module-2100,modulhandbuch.pdf,4,5,2,"4,5",Computerlinguistik (integrativ),Bachelorstudium,2100,Basismodul – Mathematische und logische Grundlagen,Basismodul,"a: 1. Fachsemester (Wintersemester)
b: 1. Fachsemester (Wintersemester)
Prüfung im 1. Fachsemester (Wintersemester)",12.0,de,module,overview,workload,high,"Quelle: modulhandbuch.pdf, Seiten 4-5
Studiengang: Computerlinguistik (integrativ), Bachelorstudium, PO 2025
Modul 2100: Basismodul – Mathematische und logische Grundlagen
ECTS: 12
Abschnitt: Modulübersicht
Modulgruppe: Basismodul
Empfohlenes Studiensemester: a: 1. Fachsemester (Wintersemester)
b: 1. Fachsemester (Wintersemester)
Prüfung im 1. Fachsemester (Wintersemester)
Dauer: 1 Semester
Häufigkeit des Angebots: a: Jedes Wintersemester
b: Jedes Wintersemester
Prüfungsformen: Portfolio (Pnr. 2110)
Teilnahmevoraussetzungen: Formal: Keine
Inhaltlich: Keine
Inhalte: Aufbereitung der mathematischen Schulkenntnisse und deren Vertiefung, um formale Methoden der Mathematik einsetzen
zu können wie z.B. Mengenlehre, Vektorrechnung oder Beweisführung. Bedeutung der Logik; menschliche Sprache und formale Sprache; Einführung in die Aussagenlogik und Prädikatenlogik; Modelle, Wahrheitswerte und formale Beweise.
Angestrebte Lernergebnisse und Studieninhalte: Die Studierenden beherrschen wesentliche logische und mathematische Verfahren und haben Verständnis von grundlegenden logischen und mathematischen Methoden sowie deren Anwendung in spezifischen Fällen. Sie haben das formale Rüstzeug, um die wichtigsten Methoden der formalen Linguistik und Computerlinguistik zu verstehen.",1283,145,189,9,14,2100; Basismodul – Mathematische und logische Grundlagen; Basismodul; Computerlinguistik (integrativ); Bachelorstudium; 12 ECTS; Portfolio (Pnr. 2110); Pnr. 2110; Einführung in die computationelle Logik; 2101; Mathematische Grundlagen; 2102; Modulübersicht; Overview,True,False,True,True,True,True,True,False,False,101-300,False,False,True,,False
modulhandbuch-po2025-2100-semester-ects,retrieval_chunk,module-2100,modulhandbuch.pdf,4,5,2,"4,5",Computerlinguistik (integrativ),Bachelorstudium,2100,Basismodul – Mathematische und logische Grundlagen,Basismodul,"a: 1. Fachsemester (Wintersemester)
b: 1. Fachsemester (Wintersemester)
Prüfung im 1. Fachsemester (Wintersemester)",12.0,de,module,semester_ects,workload,high,"Quelle: modulhandbuch.pdf, Seiten 4-5
Studiengang: Computerlinguistik (integrativ), Bachelorstudium, PO 2025
Modul 2100: Basismodul – Mathematische und logische Grundlagen
ECTS: 12
Abschnitt: Semester, ECTS, Dauer und Häufigkeit
ECTS-Leistungspunkte: 12
Empfohlenes Studiensemester:
a: 1. Fachsemester (Wintersemester)
b: 1. Fachsemester (Wintersemester)
Prüfung im 1. Fachsemester (Wintersemester)
Dauer: 1 Semester
Häufigkeit des Angebots:
a: Jedes Wintersemester
b: Jedes Wintersemester",489,55,72,4,17,2100; Basismodul – Mathematische und logische Grundlagen; Basismodul; Computerlinguistik (integrativ); Bachelorstudium; 12 ECTS; Portfolio (Pnr. 2110); Pnr. 2110; Einführung in die computationelle Logik; 2101; Mathematische Grundlagen; 2102; ECTS; Fachsemester; Semester; Dauer; Häufigkeit,True,False,True,True,True,True,True,False,False,0-100,False,False,True,,False
modulhandbuch-po2025-2100-workload,retrieval_chunk,module-2100,modulhandbuch.pdf,4,5,2,"4,5",Computerlinguistik (integrativ),Bachelorstudium,2100,Basismodul – Mathematische und logische Grundlagen,Basismodul,"a: 1. Fachsemester (Wintersemester)
b: 1. Fachsemester (Wintersemester)
Prüfung im 1. Fachsemester (Wintersemester)",12.0,de,module,workload,workload,normal,"Quelle: modulhandbuch.pdf, Seiten 4-5
Studiengang: Computerlinguistik (integrativ), Bachelorstudium, PO 2025
Modul 2100: Basismodul – Mathematische und logische Grundlagen
ECTS: 12
Abschnitt: Workload, Kontaktzeit und Selbststudium
Workload: 360 Stunden
Kontaktzeit:
a: 4 SWS / 60 Stunden / 2 ECTS-Leistungspunkte
b: 4 SWS / 60 Stunden / 2 ECTS-Leistungspunkte
Selbststudium:
a: 60 Stunden / 2 ECTS-Leistungspunkte
b: 60 Stunden / 2 ECTS-Leistungspunkte
ECTS-Leistungspunkte für die Modulprüfung:
4 ECTS-Leistungspunkte",519,60,78,1,18,2100; Basismodul – Mathematische und logische Grundlagen; Basismodul; Computerlinguistik (integrativ); Bachelorstudium; 12 ECTS; Portfolio (Pnr. 2110); Pnr. 2110; Einführung in die computationelle Logik; 2101; Mathematische Grundlagen; 2102; Workload; Kontaktzeit; Selbststudium; SWS; Stunden; ECTS,True,False,True,True,True,True,True,False,False,0-100,False,False,True,,False
modulhandbuch-po2025-2100-course-components,retrieval_chunk,module-2100,modulhandbuch.pdf,4,5,2,"4,5",Computerlinguistik (integrativ),Bachelorstudium,2100,Basismodul – Mathematische und logische Grundlagen,Basismodul,"a: 1. Fachsemester (Wintersemester)
b: 1. Fachsemester (Wintersemester)
Prüfung im 1. Fachsemester (Wintersemester)",12.0,de,module,course_components,workload,normal,"Quelle: modulhandbuch.pdf, Seiten 4-5
Studiengang: Computerlinguistik (integrativ), Bachelorstudium, PO 2025
Modul 2100: Basismodul – Mathematische und logische Grundlagen
ECTS: 12
Abschnitt: Lehrveranstaltungen und Lehrformen / Belegung
Lehrveranstaltungen und Lehrformen:
a: Einführung in die computationelle Logik (Seminar & Übung) / 2101
b: Mathematische Grundlagen (Seminar) / 2102
Belegung:
Seminar und Übung (a) und Seminar (b)",434,50,65,1,20,2100; Basismodul – Mathematische und logische Grundlagen; Basismodul; Computerlinguistik (integrativ); Bachelorstudium; 12 ECTS; Portfolio (Pnr. 2110); Pnr. 2110; Einführung in die computationelle Logik; 2101; Mathematische Grundlagen; 2102; Lehrveranstaltungen; Lehrformen; Belegung; Seminar; Übung; Vorlesung; Kolloquium; Praktikum,True,False,True,True,True,True,True,False,False,0-100,False,False,True,,False
modulhandbuch-po2025-2100-content,retrieval_chunk,module-2100,modulhandbuch.pdf,4,5,2,"4,5",Computerlinguistik (integrativ),Bachelorstudium,2100,Basismodul – Mathematische und logische Grundlagen,Basismodul,"a: 1. Fachsemester (Wintersemester)
b: 1. Fachsemester (Wintersemester)
Prüfung im 1. Fachsemester (Wintersemester)",12.0,de,module,content,workload,normal,"Quelle: modulhandbuch.pdf, Seiten 4-5
Studiengang: Computerlinguistik (integrativ), Bachelorstudium, PO 2025
Modul 2100: Basismodul – Mathematische und logische Grundlagen
ECTS: 12
Abschnitt: Inhalte
Aufbereitung der mathematischen Schulkenntnisse und deren Vertiefung, um formale Methoden der Mathematik einsetzen
zu können wie z.B. Mengenlehre, Vektorrechnung oder Beweisführung. Bedeutung der Logik; menschliche Sprache und formale Sprache; Einführung in die Aussagenlogik und Prädikatenlogik; Modelle, Wahrheitswerte und formale Beweise.",541,63,82,3,15,2100; Basismodul – Mathematische und logische Grundlagen; Basismodul; Computerlinguistik (integrativ); Bachelorstudium; 12 ECTS; Portfolio (Pnr. 2110); Pnr. 2110; Einführung in die computationelle Logik; 2101; Mathematische Grundlagen; 2102; Inhalte; Themen; Studieninhalte,True,False,True,True,True,True,True,False,False,0-100,False,False,True,,False
modulhandbuch-po2025-2100-learning-outcomes,retrieval_chunk,module-2100,modulhandbuch.pdf,4,5,2,"4,5",Computerlinguistik (integrativ),Bachelorstudium,2100,Basismodul – Mathematische und logische Grundlagen,Basismodul,"a: 1. Fachsemester (Wintersemester)
b: 1. Fachsemester (Wintersemester)
Prüfung im 1. Fachsemester (Wintersemester)",12.0,de,module,learning_outcomes,learning_outcomes,normal,"Quelle: modulhandbuch.pdf, Seiten 4-5
Studiengang: Computerlinguistik (integrativ), Bachelorstudium, PO 2025
Modul 2100: Basismodul – Mathematische und logische Grundlagen
ECTS: 12
Abschnitt: Angestrebte Lernergebnisse und Studieninhalte
Die Studierenden beherrschen wesentliche logische und mathematische Verfahren und haben Verständnis von grundlegenden logischen und mathematischen Methoden sowie deren Anwendung in spezifischen Fällen. Sie haben das formale Rüstzeug, um die wichtigsten Methoden der formalen Linguistik und Computerlinguistik zu verstehen.",560,64,84,2,15,2100; Basismodul – Mathematische und logische Grundlagen; Basismodul; Computerlinguistik (integrativ); Bachelorstudium; 12 ECTS; Portfolio (Pnr. 2110); Pnr. 2110; Einführung in die computationelle Logik; 2101; Mathematische Grundlagen; 2102; Lernergebnisse; Kompetenzen; Studieninhalte,True,False,True,True,True,True,True,False,False,0-100,False,False,True,,False
modulhandbuch-po2025-2100-prerequisites,retrieval_chunk,module-2100,modulhandbuch.pdf,4,5,2,"4,5",Computerlinguistik (integrativ),Bachelorstudium,2100,Basismodul – Mathematische und logische Grundlagen,Basismodul,"a: 1. Fachsemester (Wintersemester)
b: 1. Fachsemester (Wintersemester)
Prüfung im 1. Fachsemester (Wintersemester)",12.0,de,module,prerequisites,prerequisites,high,"Quelle: modulhandbuch.pdf, Seiten 4-5
Studiengang: Computerlinguistik (integrativ), Bachelorstudium, PO 2025
Modul 2100: Basismodul – Mathematische und logische Grundlagen
ECTS: 12
Abschnitt: Teilnahmevoraussetzungen
Formal: Keine
Inhaltlich: Keine",248,26,34,1,16,2100; Basismodul – Mathematische und logische Grundlagen; Basismodul; Computerlinguistik (integrativ); Bachelorstudium; 12 ECTS; Portfolio (Pnr. 2110); Pnr. 2110; Einführung in die computationelle Logik; 2101; Mathematische Grundlagen; 2102; Teilnahmevoraussetzungen; Voraussetzungen; Formal; Inhaltlich,True,False,True,True,True,True,True,False,False,0-100,False,False,True,,False
modulhandbuch-po2025-2100-exam,retrieval_chunk,module-2100,modulhandbuch.pdf,4,5,2,"4,5",Computerlinguistik (integrativ),Bachelorstudium,2100,Basismodul – Mathematische und logische Grundlagen,Basismodul,"a: 1. Fachsemester (Wintersemester)
b: 1. Fachsemester (Wintersemester)
Prüfung im 1. Fachsemester (Wintersemester)",12.0,de,module,exam,exam,high,"Quelle: modulhandbuch.pdf, Seiten 4-5
Studiengang: Computerlinguistik (integrativ), Bachelorstudium, PO 2025
Modul 2100: Basismodul – Mathematische und logische Grundlagen
ECTS: 12
Abschnitt: Prüfungsformen und ECTS-Vergabe
Prüfungsformen:
Portfolio (Pnr. 2110)
ECTS-Leistungspunkte für die Modulprüfung:
4 ECTS-Leistungspunkte
Voraussetzungen für die Zulassung zur Modulprüfung/Prüfung:
-keine-
Voraussetzungen für die Vergabe von ECTS-Leistungspunkten:
Erbrachte Studienleistungen (SL) in den Lehrveranstaltungen (a) und (b) und bestandene Modulprüfung.
Prüfungssemester:
Prüfung im 1. Fachsemester (Wintersemester)",617,65,85,4,21,2100; Basismodul – Mathematische und logische Grundlagen; Basismodul; Computerlinguistik (integrativ); Bachelorstudium; 12 ECTS; Portfolio (Pnr. 2110); Pnr. 2110; Einführung in die computationelle Logik; 2101; Mathematische Grundlagen; 2102; Prüfungsformen; Pnr; Modulprüfung; Klausur; Hausarbeit; Projektarbeit; Bachelorarbeit; Mündliche Prüfung; Studienarbeit,True,False,True,True,True,True,True,False,False,0-100,False,False,True,,False
modulhandbuch-po2025-2100-table,retrieval_chunk,module-2100,modulhandbuch.pdf,4,5,2,"4,5",Computerlinguistik (integrativ),Bachelorstudium,2100,Basismodul – Mathematische und logische Grundlagen,Basismodul,"a: 1. Fachsemester (Wintersemester)
b: 1. Fachsemester (Wintersemester)
Prüfung im 1. Fachsemester (Wintersemester)",12.0,de,module,table,workload,normal,"Quelle: modulhandbuch.pdf, Seiten 4-5
Studiengang: Computerlinguistik (integrativ), Bachelorstudium, PO 2025
Modul 2100: Basismodul – Mathematische und logische Grundlagen
ECTS: 12
Abschnitt: Modultabelle
Tabellen-ID: table-module-2100
Die Modultabelle enthält alle Feld-Wert-Angaben des Moduls, darunter ECTS, Workload, Lehrveranstaltungen, Semesterempfehlung, Häufigkeit, Inhalte, Lernergebnisse, Teilnahmevoraussetzungen, Prüfungsformen und Voraussetzungen für die Vergabe von ECTS-Leistungspunkten.",502,48,63,1,15,2100; Basismodul – Mathematische und logische Grundlagen; Basismodul; Computerlinguistik (integrativ); Bachelorstudium; 12 ECTS; Portfolio (Pnr. 2110); Pnr. 2110; Einführung in die computationelle Logik; 2101; Mathematische Grundlagen; 2102; Tabelle; Modultabelle; table-module-2100,True,False,True,True,True,True,True,False,False,0-100,False,False,True,,False
modulhandbuch-po2025-2100-notes,retrieval_chunk,module-2100,modulhandbuch.pdf,4,5,2,"4,5",Computerlinguistik (integrativ),Bachelorstudium,2100,Basismodul – Mathematische und logische Grundlagen,Basismodul,"a: 1. Fachsemester (Wintersemester)
b: 1. Fachsemester (Wintersemester)
Prüfung im 1. Fachsemester (Wintersemester)",12.0,de,module,notes,workload,normal,"Quelle: modulhandbuch.pdf, Seiten 4-5
Studiengang: Computerlinguistik (integrativ), Bachelorstudium, PO 2025
Modul 2100: Basismodul – Mathematische und logische Grundlagen
ECTS: 12
Abschnitt: Sonstige Informationen
Sonstige Informationen: -keine-",246,26,34,1,14,2100; Basismodul – Mathematische und logische Grundlagen; Basismodul; Computerlinguistik (integrativ); Bachelorstudium; 12 ECTS; Portfolio (Pnr. 2110); Pnr. 2110; Einführung in die computationelle Logik; 2101; Mathematische Grundlagen; 2102; Sonstige Informationen; Hinweise,True,False,True,True,True,True,True,False,False,0-100,False,False,True,,False
modulhandbuch-po2025-2200-overview,retrieval_chunk,module-2200,modulhandbuch.pdf,6,7,2,"6,7",Computerlinguistik (integrativ),Bachelorstudium,2200,Basismodul – Grundlagen der Computerlinguistik und formale Grammatikbeschreibung,Basismodul,"a: 1. Fachsemester (Wintersemester)
b: 1. Fachsemester (Wintersemester)
c: 2. Fachsemester (Sommersemester)
d: 2. Fachsemester (Sommersemester)
Prüfung im 2. Fachsemester (Sommersemester)",12.0,de,module,overview,overview,high,"Quelle: modulhandbuch.pdf, Seiten 6-7
Studiengang: Computerlinguistik (integrativ), Bachelorstudium, PO 2025
Modul 2200: Basismodul – Grundlagen der Computerlinguistik und formale Grammatikbeschreibung
ECTS: 12
Abschnitt: Modulübersicht
Modulgruppe: Basismodul
Empfohlenes Studiensemester: a: 1. Fachsemester (Wintersemester)
b: 1. Fachsemester (Wintersemester)
c: 2. Fachsemester (Sommersemester)
d: 2. Fachsemester (Sommersemester)
Prüfung im 2. Fachsemester (Sommersemester)
Dauer: 2 Semester
Häufigkeit des Angebots: a: Jedes Wintersemester
b: Jedes Wintersemester
c: Jedes Sommersemester
d: Jedes Sommersemester
Prüfungsformen: Klausur (Pnr. 2210)
Teilnahmevoraussetzungen: Formal: Keine
Inhaltlich: Keine
Inhalte: Das Seminar ""Einführung in die Computerlinguistik"" gibt einen Überblick über Ziele, Methoden und theoretische
Ansätze der Computerlinguistik, ergänzt durch Beispiele aus relevanten Anwendungsgebieten. Es werden sowohl symbolische Repräsentationen als auch datengetrieben Methoden behandelt. Das Seminar ""Grammatikformalismen"" führt in Methoden und Probleme der syntaktischen Modellierung mithilfe von Formalismen wie z.B.
HPSG, TAG, CCG usw. ein.
Angestrebte Lernergebnisse und Studieninhalte: Wissen über Ziele der Computerlinguistik sowie Vertrautheit mit den grundlegenden formalen und probabilistischen Methoden der Computerlinguistik. Kenntnisse über gängige computerlinguistische Formalismen zur Implementierung von Grammatiken.",1454,161,210,13,16,2200; Basismodul – Grundlagen der Computerlinguistik und formale Grammatikbeschreibung; Basismodul; Computerlinguistik (integrativ); Bachelorstudium; 12 ECTS; Klausur (Pnr. 2210); Pnr. 2210; Einführung in die Computerlinguistik; 2201; 2202; Grammatikformalismen; 2203; 2204; Modulübersicht; Overview,True,False,True,True,True,True,True,False,False,101-300,False,False,True,,False
modulhandbuch-po2025-2200-semester-ects,retrieval_chunk,module-2200,modulhandbuch.pdf,6,7,2,"6,7",Computerlinguistik (integrativ),Bachelorstudium,2200,Basismodul – Grundlagen der Computerlinguistik und formale Grammatikbeschreibung,Basismodul,"a: 1. Fachsemester (Wintersemester)
b: 1. Fachsemester (Wintersemester)
c: 2. Fachsemester (Sommersemester)
d: 2. Fachsemester (Sommersemester)
Prüfung im 2. Fachsemester (Sommersemester)",12.0,de,module,semester_ects,workload,high,"Quelle: modulhandbuch.pdf, Seiten 6-7
Studiengang: Computerlinguistik (integrativ), Bachelorstudium, PO 2025
Modul 2200: Basismodul – Grundlagen der Computerlinguistik und formale Grammatikbeschreibung
ECTS: 12
Abschnitt: Semester, ECTS, Dauer und Häufigkeit
ECTS-Leistungspunkte: 12
Empfohlenes Studiensemester:
a: 1. Fachsemester (Wintersemester)
b: 1. Fachsemester (Wintersemester)
c: 2. Fachsemester (Sommersemester)
d: 2. Fachsemester (Sommersemester)
Prüfung im 2. Fachsemester (Sommersemester)
Dauer: 2 Semester
Häufigkeit des Angebots:
a: Jedes Wintersemester
b: Jedes Wintersemester
c: Jedes Sommersemester
d: Jedes Sommersemester",639,71,93,6,19,2200; Basismodul – Grundlagen der Computerlinguistik und formale Grammatikbeschreibung; Basismodul; Computerlinguistik (integrativ); Bachelorstudium; 12 ECTS; Klausur (Pnr. 2210); Pnr. 2210; Einführung in die Computerlinguistik; 2201; 2202; Grammatikformalismen; 2203; 2204; ECTS; Fachsemester; Semester; Dauer; Häufigkeit,True,False,True,True,True,True,True,False,False,0-100,False,False,True,,False
modulhandbuch-po2025-2200-workload,retrieval_chunk,module-2200,modulhandbuch.pdf,6,7,2,"6,7",Computerlinguistik (integrativ),Bachelorstudium,2200,Basismodul – Grundlagen der Computerlinguistik und formale Grammatikbeschreibung,Basismodul,"a: 1. Fachsemester (Wintersemester)
b: 1. Fachsemester (Wintersemester)
c: 2. Fachsemester (Sommersemester)
d: 2. Fachsemester (Sommersemester)
Prüfung im 2. Fachsemester (Sommersemester)",12.0,de,module,workload,workload,normal,"Quelle: modulhandbuch.pdf, Seiten 6-7
Studiengang: Computerlinguistik (integrativ), Bachelorstudium, PO 2025
Modul 2200: Basismodul – Grundlagen der Computerlinguistik und formale Grammatikbeschreibung
ECTS: 12
Abschnitt: Workload, Kontaktzeit und Selbststudium
Workload: 360 Stunden
Kontaktzeit:
a: 2 SWS / 30 Stunden / 1 ECTS-Leistungspunkt
b: 2 SWS / 30 Stunden / 1 ECTS-Leistungspunkt
c: 2 SWS / 30 Stunden / 1 ECTS-Leistungspunkt
d: 2 SWS / 30 Stunden / 1 ECTS-Leistungspunkt
Selbststudium:
a: 30 Stunden / 1 ECTS-Leistungspunkt
b: 30 Stunden / 1 ECTS-Leistungspunkt
c: 30 Stunden / 1 ECTS-Leistungspunkt
d: 30 Stunden / 1 ECTS-Leistungspunkt
ECTS-Leistungspunkte für die Modulprüfung:
4 ECTS-Leistungspunkte",713,86,112,1,20,2200; Basismodul – Grundlagen der Computerlinguistik und formale Grammatikbeschreibung; Basismodul; Computerlinguistik (integrativ); Bachelorstudium; 12 ECTS; Klausur (Pnr. 2210); Pnr. 2210; Einführung in die Computerlinguistik; 2201; 2202; Grammatikformalismen; 2203; 2204; Workload; Kontaktzeit; Selbststudium; SWS; Stunden; ECTS,True,False,True,True,True,True,True,False,False,101-300,False,False,True,,False
modulhandbuch-po2025-2200-course-components,retrieval_chunk,module-2200,modulhandbuch.pdf,6,7,2,"6,7",Computerlinguistik (integrativ),Bachelorstudium,2200,Basismodul – Grundlagen der Computerlinguistik und formale Grammatikbeschreibung,Basismodul,"a: 1. Fachsemester (Wintersemester)
b: 1. Fachsemester (Wintersemester)
c: 2. Fachsemester (Sommersemester)
d: 2. Fachsemester (Sommersemester)
Prüfung im 2. Fachsemester (Sommersemester)",12.0,de,module,course_components,course_components,normal,"Quelle: modulhandbuch.pdf, Seiten 6-7
Studiengang: Computerlinguistik (integrativ), Bachelorstudium, PO 2025
Modul 2200: Basismodul – Grundlagen der Computerlinguistik und formale Grammatikbeschreibung
ECTS: 12
Abschnitt: Lehrveranstaltungen und Lehrformen / Belegung
Lehrveranstaltungen und Lehrformen:
a: Einführung in die Computerlinguistik (Seminar) / 2201
b: Einführung in die Computerlinguistik (Übung) / 2202
c: Grammatikformalismen (Seminar) / 2203
d: Grammatikformalismen (Übung) / 2204
Belegung:
Seminar (a) mit Übung (b) und Seminar (c) mit Übung (d)",561,64,84,1,22,2200; Basismodul – Grundlagen der Computerlinguistik und formale Grammatikbeschreibung; Basismodul; Computerlinguistik (integrativ); Bachelorstudium; 12 ECTS; Klausur (Pnr. 2210); Pnr. 2210; Einführung in die Computerlinguistik; 2201; 2202; Grammatikformalismen; 2203; 2204; Lehrveranstaltungen; Lehrformen; Belegung; Seminar; Übung; Vorlesung; Kolloquium; Praktikum,True,False,True,True,True,True,True,False,False,0-100,False,False,True,,False
modulhandbuch-po2025-2200-content,retrieval_chunk,module-2200,modulhandbuch.pdf,6,7,2,"6,7",Computerlinguistik (integrativ),Bachelorstudium,2200,Basismodul – Grundlagen der Computerlinguistik und formale Grammatikbeschreibung,Basismodul,"a: 1. Fachsemester (Wintersemester)
b: 1. Fachsemester (Wintersemester)
c: 2. Fachsemester (Sommersemester)
d: 2. Fachsemester (Sommersemester)
Prüfung im 2. Fachsemester (Sommersemester)",12.0,de,module,content,content,normal,"Quelle: modulhandbuch.pdf, Seiten 6-7
Studiengang: Computerlinguistik (integrativ), Bachelorstudium, PO 2025
Modul 2200: Basismodul – Grundlagen der Computerlinguistik und formale Grammatikbeschreibung
ECTS: 12
Abschnitt: Inhalte
Das Seminar ""Einführung in die Computerlinguistik"" gibt einen Überblick über Ziele, Methoden und theoretische
Ansätze der Computerlinguistik, ergänzt durch Beispiele aus relevanten Anwendungsgebieten. Es werden sowohl symbolische Repräsentationen als auch datengetrieben Methoden behandelt. Das Seminar ""Grammatikformalismen"" führt in Methoden und Probleme der syntaktischen Modellierung mithilfe von Formalismen wie z.B.
HPSG, TAG, CCG usw. ein.",676,79,103,5,17,2200; Basismodul – Grundlagen der Computerlinguistik und formale Grammatikbeschreibung; Basismodul; Computerlinguistik (integrativ); Bachelorstudium; 12 ECTS; Klausur (Pnr. 2210); Pnr. 2210; Einführung in die Computerlinguistik; 2201; 2202; Grammatikformalismen; 2203; 2204; Inhalte; Themen; Studieninhalte,True,False,True,True,True,True,True,False,False,101-300,False,False,True,,False
modulhandbuch-po2025-2200-learning-outcomes,retrieval_chunk,module-2200,modulhandbuch.pdf,6,7,2,"6,7",Computerlinguistik (integrativ),Bachelorstudium,2200,Basismodul – Grundlagen der Computerlinguistik und formale Grammatikbeschreibung,Basismodul,"a: 1. Fachsemester (Wintersemester)
b: 1. Fachsemester (Wintersemester)
c: 2. Fachsemester (Sommersemester)
d: 2. Fachsemester (Sommersemester)
Prüfung im 2. Fachsemester (Sommersemester)",12.0,de,module,learning_outcomes,learning_outcomes,normal,"Quelle: modulhandbuch.pdf, Seiten 6-7
Studiengang: Computerlinguistik (integrativ), Bachelorstudium, PO 2025
Modul 2200: Basismodul – Grundlagen der Computerlinguistik und formale Grammatikbeschreibung
ECTS: 12
Abschnitt: Angestrebte Lernergebnisse und Studieninhalte
Wissen über Ziele der Computerlinguistik sowie Vertrautheit mit den grundlegenden formalen und probabilistischen Methoden der Computerlinguistik. Kenntnisse über gängige computerlinguistische Formalismen zur Implementierung von Grammatiken.",508,52,68,2,17,2200; Basismodul – Grundlagen der Computerlinguistik und formale Grammatikbeschreibung; Basismodul; Computerlinguistik (integrativ); Bachelorstudium; 12 ECTS; Klausur (Pnr. 2210); Pnr. 2210; Einführung in die Computerlinguistik; 2201; 2202; Grammatikformalismen; 2203; 2204; Lernergebnisse; Kompetenzen; Studieninhalte,True,False,True,True,True,True,True,False,False,0-100,False,False,True,,False
modulhandbuch-po2025-2200-prerequisites,retrieval_chunk,module-2200,modulhandbuch.pdf,6,7,2,"6,7",Computerlinguistik (integrativ),Bachelorstudium,2200,Basismodul – Grundlagen der Computerlinguistik und formale Grammatikbeschreibung,Basismodul,"a: 1. Fachsemester (Wintersemester)
b: 1. Fachsemester (Wintersemester)
c: 2. Fachsemester (Sommersemester)
d: 2. Fachsemester (Sommersemester)
Prüfung im 2. Fachsemester (Sommersemester)",12.0,de,module,prerequisites,prerequisites,high,"Quelle: modulhandbuch.pdf, Seiten 6-7
Studiengang: Computerlinguistik (integrativ), Bachelorstudium, PO 2025
Modul 2200: Basismodul – Grundlagen der Computerlinguistik und formale Grammatikbeschreibung
ECTS: 12
Abschnitt: Teilnahmevoraussetzungen
Formal: Keine
Inhaltlich: Keine",278,28,37,1,18,2200; Basismodul – Grundlagen der Computerlinguistik und formale Grammatikbeschreibung; Basismodul; Computerlinguistik (integrativ); Bachelorstudium; 12 ECTS; Klausur (Pnr. 2210); Pnr. 2210; Einführung in die Computerlinguistik; 2201; 2202; Grammatikformalismen; 2203; 2204; Teilnahmevoraussetzungen; Voraussetzungen; Formal; Inhaltlich,True,False,True,True,True,True,True,False,False,0-100,False,False,True,,False
modulhandbuch-po2025-2200-exam,retrieval_chunk,module-2200,modulhandbuch.pdf,6,7,2,"6,7",Computerlinguistik (integrativ),Bachelorstudium,2200,Basismodul – Grundlagen der Computerlinguistik und formale Grammatikbeschreibung,Basismodul,"a: 1. Fachsemester (Wintersemester)
b: 1. Fachsemester (Wintersemester)
c: 2. Fachsemester (Sommersemester)
d: 2. Fachsemester (Sommersemester)
Prüfung im 2. Fachsemester (Sommersemester)",12.0,de,module,exam,exam,high,"Quelle: modulhandbuch.pdf, Seiten 6-7
Studiengang: Computerlinguistik (integrativ), Bachelorstudium, PO 2025
Modul 2200: Basismodul – Grundlagen der Computerlinguistik und formale Grammatikbeschreibung
ECTS: 12
Abschnitt: Prüfungsformen und ECTS-Vergabe
Prüfungsformen:
Klausur (Pnr. 2210)
ECTS-Leistungspunkte für die Modulprüfung:
4 ECTS-Leistungspunkte
Voraussetzungen für die Zulassung zur Modulprüfung/Prüfung:
-keine-
Voraussetzungen für die Vergabe von ECTS-Leistungspunkten:
Erbrachte Studienleistungen (SL) in den Lehrveranstaltungen (a) und (b): 4 ECTS-Leistungspunkte
Erbrachte Studienleistungen (SL) in den Lehrveranstaltungen (c) und (d): 4 ECTS-Leistungspunkte
Bestandene Modulprüfung: 4 ECTS-Leistungspunkte
Prüfungssemester:
Prüfung im 2. Fachsemester (Sommersemester)",784,81,106,3,23,2200; Basismodul – Grundlagen der Computerlinguistik und formale Grammatikbeschreibung; Basismodul; Computerlinguistik (integrativ); Bachelorstudium; 12 ECTS; Klausur (Pnr. 2210); Pnr. 2210; Einführung in die Computerlinguistik; 2201; 2202; Grammatikformalismen; 2203; 2204; Prüfungsformen; Pnr; Modulprüfung; Klausur; Hausarbeit; Projektarbeit; Bachelorarbeit; Mündliche Prüfung; Studienarbeit,True,False,True,True,True,True,True,False,False,101-300,False,False,True,,False
modulhandbuch-po2025-2200-table,retrieval_chunk,module-2200,modulhandbuch.pdf,6,7,2,"6,7",Computerlinguistik (integrativ),Bachelorstudium,2200,Basismodul – Grundlagen der Computerlinguistik und formale Grammatikbeschreibung,Basismodul,"a: 1. Fachsemester (Wintersemester)
b: 1. Fachsemester (Wintersemester)
c: 2. Fachsemester (Sommersemester)
d: 2. Fachsemester (Sommersemester)
Prüfung im 2. Fachsemester (Sommersemester)",12.0,de,module,table,tables,normal,"Quelle: modulhandbuch.pdf, Seiten 6-7
Studiengang: Computerlinguistik (integrativ), Bachelorstudium, PO 2025
Modul 2200: Basismodul – Grundlagen der Computerlinguistik und formale Grammatikbeschreibung
ECTS: 12
Abschnitt: Modultabelle
Tabellen-ID: table-module-2200
Die Modultabelle enthält alle Feld-Wert-Angaben des Moduls, darunter ECTS, Workload, Lehrveranstaltungen, Semesterempfehlung, Häufigkeit, Inhalte, Lernergebnisse, Teilnahmevoraussetzungen, Prüfungsformen und Voraussetzungen für die Vergabe von ECTS-Leistungspunkten.",532,50,65,1,17,2200; Basismodul – Grundlagen der Computerlinguistik und formale Grammatikbeschreibung; Basismodul; Computerlinguistik (integrativ); Bachelorstudium; 12 ECTS; Klausur (Pnr. 2210); Pnr. 2210; Einführung in die Computerlinguistik; 2201; 2202; Grammatikformalismen; 2203; 2204; Tabelle; Modultabelle; table-module-2200,True,False,True,True,True,True,True,False,False,0-100,False,False,True,,False
modulhandbuch-po2025-2200-notes,retrieval_chunk,module-2200,modulhandbuch.pdf,6,7,2,"6,7",Computerlinguistik (integrativ),Bachelorstudium,2200,Basismodul – Grundlagen der Computerlinguistik und formale Grammatikbeschreibung,Basismodul,"a: 1. Fachsemester (Wintersemester)
b: 1. Fachsemester (Wintersemester)
c: 2. Fachsemester (Sommersemester)
d: 2. Fachsemester (Sommersemester)
Prüfung im 2. Fachsemester (Sommersemester)",12.0,de,module,notes,other,normal,"Quelle: modulhandbuch.pdf, Seiten 6-7
Studiengang: Computerlinguistik (integrativ), Bachelorstudium, PO 2025
Modul 2200: Basismodul – Grundlagen der Computerlinguistik und formale Grammatikbeschreibung
ECTS: 12
Abschnitt: Sonstige Informationen
Sonstige Informationen: -keine-",276,28,37,1,16,2200; Basismodul – Grundlagen der Computerlinguistik und formale Grammatikbeschreibung; Basismodul; Computerlinguistik (integrativ); Bachelorstudium; 12 ECTS; Klausur (Pnr. 2210); Pnr. 2210; Einführung in die Computerlinguistik; 2201; 2202; Grammatikformalismen; 2203; 2204; Sonstige Informationen; Hinweise,True,False,True,True,True,True,True,False,False,0-100,False,False,True,,False
modulhandbuch-po2025-2300-overview,retrieval_chunk,module-2300,modulhandbuch.pdf,8,9,2,"8,9",Computerlinguistik (integrativ),Bachelorstudium,2300,Basismodul – Python-Programmierung,Basismodul,"a: 1. Fachsemester (Wintersemester)
b: 1. Fachsemester (Wintersemester)
c: 2. Fachsemester (Sommersemester)
d: 2. Fachsemester (Sommersemester)
Prüfung im 2. Fachsemester (Sommersemester)",12.0,de,module,overview,workload,high,"Quelle: modulhandbuch.pdf, Seiten 8-9
Studiengang: Computerlinguistik (integrativ), Bachelorstudium, PO 2025
Modul 2300: Basismodul – Python-Programmierung
ECTS: 12
Abschnitt: Modulübersicht
Modulgruppe: Basismodul
Empfohlenes Studiensemester: a: 1. Fachsemester (Wintersemester)
b: 1. Fachsemester (Wintersemester)
c: 2. Fachsemester (Sommersemester)
d: 2. Fachsemester (Sommersemester)
Prüfung im 2. Fachsemester (Sommersemester)
Dauer: 2 Semester
Häufigkeit des Angebots: a: Jedes Wintersemester
b: Jedes Wintersemester
c: Jedes Sommersemester
d: Jedes Sommersemester
Prüfungsformen: Projektarbeit (Pnr. 2310)
Teilnahmevoraussetzungen: Formal: Keine
Inhaltlich: Keine
Inhalte: Wintersemester: Grundlagen der Python-Programmierung; Datentypen in Python; gängige Programmkonstrukte; elementare
Textverarbeitung.
Sommersemester: Objektorientierte und funktionale Programmierung mit Python; Einsatz von Programm-Bibliotheken in den
Bereichen Data Science und NLP; Grundzüge der Sorftware-Entwicklung.
Angestrebte Lernergebnisse und Studieninhalte: Die Studierenden erwerben grundlegende Fähigkeiten in der Programmierung mit der Programmiersprache Python sowie
Kenntnisse über fortgeschrittene Konzepte der Python-Programmierung (objektorientierte und funktionale Programmierung).
Außerdem werden Grundkenntnisse des Einsatzes von Python in den Bereichen Data Science und NLP (Natural Language
Processing) erworben, sowie die Fähigkeit ein kleines Software-Projekt durchzuführen und zu präsentieren.",1498,158,206,10,16,2300; Basismodul – Python-Programmierung; Basismodul; Computerlinguistik (integrativ); Bachelorstudium; 12 ECTS; Projektarbeit (Pnr. 2310); Pnr. 2310; Einführung in die Programmierung mit Python; 2301; 2302; Fortgeschrittene Python-Programmierung mit NLP-Anwendungen; 2303; 2304; Modulübersicht; Overview,True,False,True,True,True,True,True,False,False,101-300,False,False,True,Quelltext enthält die Schreibweise 'Sorftware-Entwicklung'.,False
modulhandbuch-po2025-2300-semester-ects,retrieval_chunk,module-2300,modulhandbuch.pdf,8,9,2,"8,9",Computerlinguistik (integrativ),Bachelorstudium,2300,Basismodul – Python-Programmierung,Basismodul,"a: 1. Fachsemester (Wintersemester)
b: 1. Fachsemester (Wintersemester)
c: 2. Fachsemester (Sommersemester)
d: 2. Fachsemester (Sommersemester)
Prüfung im 2. Fachsemester (Sommersemester)",12.0,de,module,semester_ects,workload,high,"Quelle: modulhandbuch.pdf, Seiten 8-9
Studiengang: Computerlinguistik (integrativ), Bachelorstudium, PO 2025
Modul 2300: Basismodul – Python-Programmierung
ECTS: 12
Abschnitt: Semester, ECTS, Dauer und Häufigkeit
ECTS-Leistungspunkte: 12
Empfohlenes Studiensemester:
a: 1. Fachsemester (Wintersemester)
b: 1. Fachsemester (Wintersemester)
c: 2. Fachsemester (Sommersemester)
d: 2. Fachsemester (Sommersemester)
Prüfung im 2. Fachsemester (Sommersemester)
Dauer: 2 Semester
Häufigkeit des Angebots:
a: Jedes Wintersemester
b: Jedes Wintersemester
c: Jedes Sommersemester
d: Jedes Sommersemester",593,66,86,6,19,2300; Basismodul – Python-Programmierung; Basismodul; Computerlinguistik (integrativ); Bachelorstudium; 12 ECTS; Projektarbeit (Pnr. 2310); Pnr. 2310; Einführung in die Programmierung mit Python; 2301; 2302; Fortgeschrittene Python-Programmierung mit NLP-Anwendungen; 2303; 2304; ECTS; Fachsemester; Semester; Dauer; Häufigkeit,True,False,True,True,True,True,True,False,False,0-100,False,False,True,,False
modulhandbuch-po2025-2300-workload,retrieval_chunk,module-2300,modulhandbuch.pdf,8,9,2,"8,9",Computerlinguistik (integrativ),Bachelorstudium,2300,Basismodul – Python-Programmierung,Basismodul,"a: 1. Fachsemester (Wintersemester)
b: 1. Fachsemester (Wintersemester)
c: 2. Fachsemester (Sommersemester)
d: 2. Fachsemester (Sommersemester)
Prüfung im 2. Fachsemester (Sommersemester)",12.0,de,module,workload,workload,normal,"Quelle: modulhandbuch.pdf, Seiten 8-9
Studiengang: Computerlinguistik (integrativ), Bachelorstudium, PO 2025
Modul 2300: Basismodul – Python-Programmierung
ECTS: 12
Abschnitt: Workload, Kontaktzeit und Selbststudium
Workload: 360 Stunden
Kontaktzeit:
a: 2 SWS / 30 Stunden / 1 ECTS-Leistungspunkt
b: 2 SWS / 30 Stunden / 1 ECTS-Leistungspunkt
c: 2 SWS / 30 Stunden / 1 ECTS-Leistungspunkt
d: 2 SWS / 30 Stunden / 1 ECTS-Leistungspunkt
Selbststudium:
a: 30 Stunden / 1 ECTS-Leistungspunkt
b: 30 Stunden / 1 ECTS-Leistungspunkt
c: 30 Stunden / 1 ECTS-Leistungspunkt
d: 30 Stunden / 1 ECTS-Leistungspunkt
ECTS-Leistungspunkte für die Modulprüfung:
4 ECTS-Leistungspunkte (120 Stunden)",681,83,108,1,20,2300; Basismodul – Python-Programmierung; Basismodul; Computerlinguistik (integrativ); Bachelorstudium; 12 ECTS; Projektarbeit (Pnr. 2310); Pnr. 2310; Einführung in die Programmierung mit Python; 2301; 2302; Fortgeschrittene Python-Programmierung mit NLP-Anwendungen; 2303; 2304; Workload; Kontaktzeit; Selbststudium; SWS; Stunden; ECTS,True,False,True,True,True,True,True,False,False,101-300,False,False,True,,False
modulhandbuch-po2025-2300-course-components,retrieval_chunk,module-2300,modulhandbuch.pdf,8,9,2,"8,9",Computerlinguistik (integrativ),Bachelorstudium,2300,Basismodul – Python-Programmierung,Basismodul,"a: 1. Fachsemester (Wintersemester)
b: 1. Fachsemester (Wintersemester)
c: 2. Fachsemester (Sommersemester)
d: 2. Fachsemester (Sommersemester)
Prüfung im 2. Fachsemester (Sommersemester)",12.0,de,module,course_components,workload,normal,"Quelle: modulhandbuch.pdf, Seiten 8-9
Studiengang: Computerlinguistik (integrativ), Bachelorstudium, PO 2025
Modul 2300: Basismodul – Python-Programmierung
ECTS: 12
Abschnitt: Lehrveranstaltungen und Lehrformen / Belegung
Lehrveranstaltungen und Lehrformen:
a: Einführung in die Programmierung mit Python (Seminar) / 2301
b: Einführung in die Programmierung mit Python (Übung) / 2302
c: Fortgeschrittene Python-Programmierung mit NLP-Anwendungen (Seminar) / 2303
d: Fortgeschrittene Python-Programmierung mit NLP-Anwendungen (Übung) / 2304
Belegung:
Seminar (a) mit Übung (b) und Seminar (c) mit Übung (d)",605,69,90,1,22,2300; Basismodul – Python-Programmierung; Basismodul; Computerlinguistik (integrativ); Bachelorstudium; 12 ECTS; Projektarbeit (Pnr. 2310); Pnr. 2310; Einführung in die Programmierung mit Python; 2301; 2302; Fortgeschrittene Python-Programmierung mit NLP-Anwendungen; 2303; 2304; Lehrveranstaltungen; Lehrformen; Belegung; Seminar; Übung; Vorlesung; Kolloquium; Praktikum,True,False,True,True,True,True,True,False,False,0-100,False,False,True,,False
modulhandbuch-po2025-2300-content,retrieval_chunk,module-2300,modulhandbuch.pdf,8,9,2,"8,9",Computerlinguistik (integrativ),Bachelorstudium,2300,Basismodul – Python-Programmierung,Basismodul,"a: 1. Fachsemester (Wintersemester)
b: 1. Fachsemester (Wintersemester)
c: 2. Fachsemester (Sommersemester)
d: 2. Fachsemester (Sommersemester)
Prüfung im 2. Fachsemester (Sommersemester)",12.0,de,module,content,workload,normal,"Quelle: modulhandbuch.pdf, Seiten 8-9
Studiengang: Computerlinguistik (integrativ), Bachelorstudium, PO 2025
Modul 2300: Basismodul – Python-Programmierung
ECTS: 12
Abschnitt: Inhalte
Wintersemester: Grundlagen der Python-Programmierung; Datentypen in Python; gängige Programmkonstrukte; elementare
Textverarbeitung.
Sommersemester: Objektorientierte und funktionale Programmierung mit Python; Einsatz von Programm-Bibliotheken in den
Bereichen Data Science und NLP; Grundzüge der Sorftware-Entwicklung.",503,50,65,2,17,2300; Basismodul – Python-Programmierung; Basismodul; Computerlinguistik (integrativ); Bachelorstudium; 12 ECTS; Projektarbeit (Pnr. 2310); Pnr. 2310; Einführung in die Programmierung mit Python; 2301; 2302; Fortgeschrittene Python-Programmierung mit NLP-Anwendungen; 2303; 2304; Inhalte; Themen; Studieninhalte,True,False,True,True,True,True,True,False,False,0-100,False,False,True,,False
modulhandbuch-po2025-2300-learning-outcomes,retrieval_chunk,module-2300,modulhandbuch.pdf,8,9,2,"8,9",Computerlinguistik (integrativ),Bachelorstudium,2300,Basismodul – Python-Programmierung,Basismodul,"a: 1. Fachsemester (Wintersemester)
b: 1. Fachsemester (Wintersemester)
c: 2. Fachsemester (Sommersemester)
d: 2. Fachsemester (Sommersemester)
Prüfung im 2. Fachsemester (Sommersemester)",12.0,de,module,learning_outcomes,learning_outcomes,normal,"Quelle: modulhandbuch.pdf, Seiten 8-9
Studiengang: Computerlinguistik (integrativ), Bachelorstudium, PO 2025
Modul 2300: Basismodul – Python-Programmierung
ECTS: 12
Abschnitt: Angestrebte Lernergebnisse und Studieninhalte
Die Studierenden erwerben grundlegende Fähigkeiten in der Programmierung mit der Programmiersprache Python sowie
Kenntnisse über fortgeschrittene Konzepte der Python-Programmierung (objektorientierte und funktionale Programmierung).
Außerdem werden Grundkenntnisse des Einsatzes von Python in den Bereichen Data Science und NLP (Natural Language
Processing) erworben, sowie die Fähigkeit ein kleines Software-Projekt durchzuführen und zu präsentieren.",673,73,95,2,17,2300; Basismodul – Python-Programmierung; Basismodul; Computerlinguistik (integrativ); Bachelorstudium; 12 ECTS; Projektarbeit (Pnr. 2310); Pnr. 2310; Einführung in die Programmierung mit Python; 2301; 2302; Fortgeschrittene Python-Programmierung mit NLP-Anwendungen; 2303; 2304; Lernergebnisse; Kompetenzen; Studieninhalte,True,False,True,True,True,True,True,False,False,0-100,False,False,True,,False
modulhandbuch-po2025-2300-prerequisites,retrieval_chunk,module-2300,modulhandbuch.pdf,8,9,2,"8,9",Computerlinguistik (integrativ),Bachelorstudium,2300,Basismodul – Python-Programmierung,Basismodul,"a: 1. Fachsemester (Wintersemester)
b: 1. Fachsemester (Wintersemester)
c: 2. Fachsemester (Sommersemester)
d: 2. Fachsemester (Sommersemester)
Prüfung im 2. Fachsemester (Sommersemester)",12.0,de,module,prerequisites,prerequisites,high,"Quelle: modulhandbuch.pdf, Seiten 8-9
Studiengang: Computerlinguistik (integrativ), Bachelorstudium, PO 2025
Modul 2300: Basismodul – Python-Programmierung
ECTS: 12
Abschnitt: Teilnahmevoraussetzungen
Formal: Keine
Inhaltlich: Keine",232,23,30,1,18,2300; Basismodul – Python-Programmierung; Basismodul; Computerlinguistik (integrativ); Bachelorstudium; 12 ECTS; Projektarbeit (Pnr. 2310); Pnr. 2310; Einführung in die Programmierung mit Python; 2301; 2302; Fortgeschrittene Python-Programmierung mit NLP-Anwendungen; 2303; 2304; Teilnahmevoraussetzungen; Voraussetzungen; Formal; Inhaltlich,True,False,True,True,True,True,True,False,False,0-100,False,False,True,,False
modulhandbuch-po2025-2300-exam,retrieval_chunk,module-2300,modulhandbuch.pdf,8,9,2,"8,9",Computerlinguistik (integrativ),Bachelorstudium,2300,Basismodul – Python-Programmierung,Basismodul,"a: 1. Fachsemester (Wintersemester)
b: 1. Fachsemester (Wintersemester)
c: 2. Fachsemester (Sommersemester)
d: 2. Fachsemester (Sommersemester)
Prüfung im 2. Fachsemester (Sommersemester)",12.0,de,module,exam,exam,high,"Quelle: modulhandbuch.pdf, Seiten 8-9
Studiengang: Computerlinguistik (integrativ), Bachelorstudium, PO 2025
Modul 2300: Basismodul – Python-Programmierung
ECTS: 12
Abschnitt: Prüfungsformen und ECTS-Vergabe
Prüfungsformen:
Projektarbeit (Pnr. 2310)
ECTS-Leistungspunkte für die Modulprüfung:
4 ECTS-Leistungspunkte (120 Stunden)
Voraussetzungen für die Zulassung zur Modulprüfung/Prüfung:
-keine-
Voraussetzungen für die Vergabe von ECTS-Leistungspunkten:
Erbrachte Studienleistungen (SL) in den Lehrveranstaltungen (a) und (b): 4 ECTS-Leistungspunkte
Erbrachte Studienleistungen (SL) in den Lehrveranstaltungen (c) und (d): 4 ECTS-Leistungspunkte
Bestandene Modulprüfung: 4 ECTS-Leistungspunkte
Prüfungssemester:
Prüfung im 2. Fachsemester (Sommersemester)",758,78,102,3,23,2300; Basismodul – Python-Programmierung; Basismodul; Computerlinguistik (integrativ); Bachelorstudium; 12 ECTS; Projektarbeit (Pnr. 2310); Pnr. 2310; Einführung in die Programmierung mit Python; 2301; 2302; Fortgeschrittene Python-Programmierung mit NLP-Anwendungen; 2303; 2304; Prüfungsformen; Pnr; Modulprüfung; Klausur; Hausarbeit; Projektarbeit; Bachelorarbeit; Mündliche Prüfung; Studienarbeit,True,False,True,True,True,True,True,False,False,101-300,False,False,True,,False
modulhandbuch-po2025-2300-table,retrieval_chunk,module-2300,modulhandbuch.pdf,8,9,2,"8,9",Computerlinguistik (integrativ),Bachelorstudium,2300,Basismodul – Python-Programmierung,Basismodul,"a: 1. Fachsemester (Wintersemester)
b: 1. Fachsemester (Wintersemester)
c: 2. Fachsemester (Sommersemester)
d: 2. Fachsemester (Sommersemester)
Prüfung im 2. Fachsemester (Sommersemester)",12.0,de,module,table,workload,normal,"Quelle: modulhandbuch.pdf, Seiten 8-9
Studiengang: Computerlinguistik (integrativ), Bachelorstudium, PO 2025
Modul 2300: Basismodul – Python-Programmierung
ECTS: 12
Abschnitt: Modultabelle
Tabellen-ID: table-module-2300
Die Modultabelle enthält alle Feld-Wert-Angaben des Moduls, darunter ECTS, Workload, Lehrveranstaltungen, Semesterempfehlung, Häufigkeit, Inhalte, Lernergebnisse, Teilnahmevoraussetzungen, Prüfungsformen und Voraussetzungen für die Vergabe von ECTS-Leistungspunkten.",486,45,59,1,17,2300; Basismodul – Python-Programmierung; Basismodul; Computerlinguistik (integrativ); Bachelorstudium; 12 ECTS; Projektarbeit (Pnr. 2310); Pnr. 2310; Einführung in die Programmierung mit Python; 2301; 2302; Fortgeschrittene Python-Programmierung mit NLP-Anwendungen; 2303; 2304; Tabelle; Modultabelle; table-module-2300,True,False,True,True,True,True,True,False,False,0-100,False,False,True,,False
modulhandbuch-po2025-2300-notes,retrieval_chunk,module-2300,modulhandbuch.pdf,8,9,2,"8,9",Computerlinguistik (integrativ),Bachelorstudium,2300,Basismodul – Python-Programmierung,Basismodul,"a: 1. Fachsemester (Wintersemester)
b: 1. Fachsemester (Wintersemester)
c: 2. Fachsemester (Sommersemester)
d: 2. Fachsemester (Sommersemester)
Prüfung im 2. Fachsemester (Sommersemester)",12.0,de,module,notes,workload,normal,"Quelle: modulhandbuch.pdf, Seiten 8-9
Studiengang: Computerlinguistik (integrativ), Bachelorstudium, PO 2025
Modul 2300: Basismodul – Python-Programmierung
ECTS: 12
Abschnitt: Sonstige Informationen
Sonstige Informationen: -keine-",230,23,30,1,16,2300; Basismodul – Python-Programmierung; Basismodul; Computerlinguistik (integrativ); Bachelorstudium; 12 ECTS; Projektarbeit (Pnr. 2310); Pnr. 2310; Einführung in die Programmierung mit Python; 2301; 2302; Fortgeschrittene Python-Programmierung mit NLP-Anwendungen; 2303; 2304; Sonstige Informationen; Hinweise,True,False,True,True,True,True,True,False,False,0-100,False,False,True,,False
modulhandbuch-po2025-1300-overview,retrieval_chunk,module-1300,modulhandbuch.pdf,10,11,2,"10,11",Computerlinguistik (integrativ),Bachelorstudium,1300,Basiswissen Linguistik – Morphologie und Syntax,Basiswissen Linguistik,"a: 1. Fachsemester (Wintersemester)
b: 1. Fachsemester (Wintersemester)
Prüfung im 1. Fachsemester (Wintersemester)",9.0,de,module,overview,workload,high,"Quelle: modulhandbuch.pdf, Seiten 10-11
Studiengang: Computerlinguistik (integrativ), Bachelorstudium, PO 2025
Modul 1300: Basiswissen Linguistik – Morphologie und Syntax
ECTS: 9
Abschnitt: Modulübersicht
Modulgruppe: Basiswissen Linguistik
Empfohlenes Studiensemester: a: 1. Fachsemester (Wintersemester)
b: 1. Fachsemester (Wintersemester)
Prüfung im 1. Fachsemester (Wintersemester)
Dauer: 1 Semester
Häufigkeit des Angebots: a: Jedes Wintersemester
b: Jedes Wintersemester
Prüfungsformen: Klausur (Pnr. 1310)
Teilnahmevoraussetzungen: -keineInhalte: Die Vorlesung a) befasst sich mit syntaktischen und morphologischen Strukturen. Sie legt den Fokus auf die Frage, welche Muster im Sprachvergleich stärker verbreitet sind, und wie sich sprachübergreifende Trends durch sprachinterne
und kontaktbedingte Faktoren verbreiten.
Das Tutorium b) übt die vorgestellten Inhalte ein und bietet Unterstützung bei den Hausaufgaben und
der Klausurvorbereitung.
Angestrebte Lernergebnisse und Studieninhalte: In diesem Modul erwerben Studierende grundlegende Kenntnisse in den Bereichen Morphologie und Syntax. Sie werden an
die Analyse morphologischer und syntaktischer Strukturen herangeführt und erlernen die Klassifikation von Wortklassen,
Satzgliedern, syntaktischen Funktionen, Morphemtypen und verschiedenen morphologischen Prozessen. Sie lernen grundlegende Fragestellungen der Morphosyntax und unterschiedliche Erklärungsansätze kennen.",1435,161,210,10,14,1300; Basiswissen Linguistik – Morphologie und Syntax; Basiswissen Linguistik; Computerlinguistik (integrativ); Bachelorstudium; 9 ECTS; Klausur (Pnr. 1310); Pnr. 1310; Morphologie und Syntax; 1301; Tutorium zu Morphologie und Syntax; 1302; Modulübersicht; Overview,True,False,True,True,True,True,True,False,False,101-300,False,False,True,,False
modulhandbuch-po2025-1300-semester-ects,retrieval_chunk,module-1300,modulhandbuch.pdf,10,11,2,"10,11",Computerlinguistik (integrativ),Bachelorstudium,1300,Basiswissen Linguistik – Morphologie und Syntax,Basiswissen Linguistik,"a: 1. Fachsemester (Wintersemester)
b: 1. Fachsemester (Wintersemester)
Prüfung im 1. Fachsemester (Wintersemester)",9.0,de,module,semester_ects,workload,high,"Quelle: modulhandbuch.pdf, Seiten 10-11
Studiengang: Computerlinguistik (integrativ), Bachelorstudium, PO 2025
Modul 1300: Basiswissen Linguistik – Morphologie und Syntax
ECTS: 9
Abschnitt: Semester, ECTS, Dauer und Häufigkeit
ECTS-Leistungspunkte: 9
Empfohlenes Studiensemester:
a: 1. Fachsemester (Wintersemester)
b: 1. Fachsemester (Wintersemester)
Prüfung im 1. Fachsemester (Wintersemester)
Dauer: 1 Semester
Häufigkeit des Angebots:
a: Jedes Wintersemester
b: Jedes Wintersemester",486,55,72,4,17,1300; Basiswissen Linguistik – Morphologie und Syntax; Basiswissen Linguistik; Computerlinguistik (integrativ); Bachelorstudium; 9 ECTS; Klausur (Pnr. 1310); Pnr. 1310; Morphologie und Syntax; 1301; Tutorium zu Morphologie und Syntax; 1302; ECTS; Fachsemester; Semester; Dauer; Häufigkeit,True,False,True,True,True,True,True,False,False,0-100,False,False,True,,False
modulhandbuch-po2025-1300-workload,retrieval_chunk,module-1300,modulhandbuch.pdf,10,11,2,"10,11",Computerlinguistik (integrativ),Bachelorstudium,1300,Basiswissen Linguistik – Morphologie und Syntax,Basiswissen Linguistik,"a: 1. Fachsemester (Wintersemester)
b: 1. Fachsemester (Wintersemester)
Prüfung im 1. Fachsemester (Wintersemester)",9.0,de,module,workload,workload,normal,"Quelle: modulhandbuch.pdf, Seiten 10-11
Studiengang: Computerlinguistik (integrativ), Bachelorstudium, PO 2025
Modul 1300: Basiswissen Linguistik – Morphologie und Syntax
ECTS: 9
Abschnitt: Workload, Kontaktzeit und Selbststudium
Workload: 270 Stunden
Kontaktzeit:
a: 4 SWS / 60 Stunden / 2 ECTS-Leistungspunkte
b: 2 SWS / 30 Stunden / 1 ECTS-Leistungspunkt
Selbststudium:
90 Stunden / 3 ECTS-Leistungspunkte
ECTS-Leistungspunkte für die Modulprüfung:
3 ECTS-Leistungspunkte",474,54,71,1,18,1300; Basiswissen Linguistik – Morphologie und Syntax; Basiswissen Linguistik; Computerlinguistik (integrativ); Bachelorstudium; 9 ECTS; Klausur (Pnr. 1310); Pnr. 1310; Morphologie und Syntax; 1301; Tutorium zu Morphologie und Syntax; 1302; Workload; Kontaktzeit; Selbststudium; SWS; Stunden; ECTS,True,False,True,True,True,True,True,False,False,0-100,False,False,True,,False
modulhandbuch-po2025-1300-course-components,retrieval_chunk,module-1300,modulhandbuch.pdf,10,11,2,"10,11",Computerlinguistik (integrativ),Bachelorstudium,1300,Basiswissen Linguistik – Morphologie und Syntax,Basiswissen Linguistik,"a: 1. Fachsemester (Wintersemester)
b: 1. Fachsemester (Wintersemester)
Prüfung im 1. Fachsemester (Wintersemester)",9.0,de,module,course_components,workload,normal,"Quelle: modulhandbuch.pdf, Seiten 10-11
Studiengang: Computerlinguistik (integrativ), Bachelorstudium, PO 2025
Modul 1300: Basiswissen Linguistik – Morphologie und Syntax
ECTS: 9
Abschnitt: Lehrveranstaltungen und Lehrformen / Belegung
Lehrveranstaltungen und Lehrformen:
a: Morphologie und Syntax (Vorlesung) / 1301
b: Tutorium zu Morphologie und Syntax (Tutorium) / 1302
Belegung:
Vorlesung (a) und Tutorium (b)",413,48,63,1,20,1300; Basiswissen Linguistik – Morphologie und Syntax; Basiswissen Linguistik; Computerlinguistik (integrativ); Bachelorstudium; 9 ECTS; Klausur (Pnr. 1310); Pnr. 1310; Morphologie und Syntax; 1301; Tutorium zu Morphologie und Syntax; 1302; Lehrveranstaltungen; Lehrformen; Belegung; Seminar; Übung; Vorlesung; Kolloquium; Praktikum,True,False,True,True,True,True,True,False,False,0-100,False,False,True,,False
modulhandbuch-po2025-1300-content,retrieval_chunk,module-1300,modulhandbuch.pdf,10,11,2,"10,11",Computerlinguistik (integrativ),Bachelorstudium,1300,Basiswissen Linguistik – Morphologie und Syntax,Basiswissen Linguistik,"a: 1. Fachsemester (Wintersemester)
b: 1. Fachsemester (Wintersemester)
Prüfung im 1. Fachsemester (Wintersemester)",9.0,de,module,content,workload,normal,"Quelle: modulhandbuch.pdf, Seiten 10-11
Studiengang: Computerlinguistik (integrativ), Bachelorstudium, PO 2025
Modul 1300: Basiswissen Linguistik – Morphologie und Syntax
ECTS: 9
Abschnitt: Inhalte
Die Vorlesung a) befasst sich mit syntaktischen und morphologischen Strukturen. Sie legt den Fokus auf die Frage, welche Muster im Sprachvergleich stärker verbreitet sind, und wie sich sprachübergreifende Trends durch sprachinterne
und kontaktbedingte Faktoren verbreiten.
Das Tutorium b) übt die vorgestellten Inhalte ein und bietet Unterstützung bei den Hausaufgaben und
der Klausurvorbereitung.",595,74,97,3,15,1300; Basiswissen Linguistik – Morphologie und Syntax; Basiswissen Linguistik; Computerlinguistik (integrativ); Bachelorstudium; 9 ECTS; Klausur (Pnr. 1310); Pnr. 1310; Morphologie und Syntax; 1301; Tutorium zu Morphologie und Syntax; 1302; Inhalte; Themen; Studieninhalte,True,False,True,True,True,True,True,False,False,0-100,False,False,True,,False
modulhandbuch-po2025-1300-learning-outcomes,retrieval_chunk,module-1300,modulhandbuch.pdf,10,11,2,"10,11",Computerlinguistik (integrativ),Bachelorstudium,1300,Basiswissen Linguistik – Morphologie und Syntax,Basiswissen Linguistik,"a: 1. Fachsemester (Wintersemester)
b: 1. Fachsemester (Wintersemester)
Prüfung im 1. Fachsemester (Wintersemester)",9.0,de,module,learning_outcomes,learning_outcomes,normal,"Quelle: modulhandbuch.pdf, Seiten 10-11
Studiengang: Computerlinguistik (integrativ), Bachelorstudium, PO 2025
Modul 1300: Basiswissen Linguistik – Morphologie und Syntax
ECTS: 9
Abschnitt: Angestrebte Lernergebnisse und Studieninhalte
In diesem Modul erwerben Studierende grundlegende Kenntnisse in den Bereichen Morphologie und Syntax. Sie werden an
die Analyse morphologischer und syntaktischer Strukturen herangeführt und erlernen die Klassifikation von Wortklassen,
Satzgliedern, syntaktischen Funktionen, Morphemtypen und verschiedenen morphologischen Prozessen. Sie lernen grundlegende Fragestellungen der Morphosyntax und unterschiedliche Erklärungsansätze kennen.",672,72,94,3,15,1300; Basiswissen Linguistik – Morphologie und Syntax; Basiswissen Linguistik; Computerlinguistik (integrativ); Bachelorstudium; 9 ECTS; Klausur (Pnr. 1310); Pnr. 1310; Morphologie und Syntax; 1301; Tutorium zu Morphologie und Syntax; 1302; Lernergebnisse; Kompetenzen; Studieninhalte,True,False,True,True,True,True,True,False,False,0-100,False,False,True,,False
modulhandbuch-po2025-1300-prerequisites,retrieval_chunk,module-1300,modulhandbuch.pdf,10,11,2,"10,11",Computerlinguistik (integrativ),Bachelorstudium,1300,Basiswissen Linguistik – Morphologie und Syntax,Basiswissen Linguistik,"a: 1. Fachsemester (Wintersemester)
b: 1. Fachsemester (Wintersemester)
Prüfung im 1. Fachsemester (Wintersemester)",9.0,de,module,prerequisites,prerequisites,high,"Quelle: modulhandbuch.pdf, Seiten 10-11
Studiengang: Computerlinguistik (integrativ), Bachelorstudium, PO 2025
Modul 1300: Basiswissen Linguistik – Morphologie und Syntax
ECTS: 9
Abschnitt: Teilnahmevoraussetzungen
-keine-",222,23,30,1,16,1300; Basiswissen Linguistik – Morphologie und Syntax; Basiswissen Linguistik; Computerlinguistik (integrativ); Bachelorstudium; 9 ECTS; Klausur (Pnr. 1310); Pnr. 1310; Morphologie und Syntax; 1301; Tutorium zu Morphologie und Syntax; 1302; Teilnahmevoraussetzungen; Voraussetzungen; Formal; Inhaltlich,True,False,True,True,True,True,True,False,False,0-100,False,False,True,,False
modulhandbuch-po2025-1300-exam,retrieval_chunk,module-1300,modulhandbuch.pdf,10,11,2,"10,11",Computerlinguistik (integrativ),Bachelorstudium,1300,Basiswissen Linguistik – Morphologie und Syntax,Basiswissen Linguistik,"a: 1. Fachsemester (Wintersemester)
b: 1. Fachsemester (Wintersemester)
Prüfung im 1. Fachsemester (Wintersemester)",9.0,de,module,exam,exam,high,"Quelle: modulhandbuch.pdf, Seiten 10-11
Studiengang: Computerlinguistik (integrativ), Bachelorstudium, PO 2025
Modul 1300: Basiswissen Linguistik – Morphologie und Syntax
ECTS: 9
Abschnitt: Prüfungsformen und ECTS-Vergabe
Prüfungsformen:
Klausur (Pnr. 1310)
ECTS-Leistungspunkte für die Modulprüfung:
3 ECTS-Leistungspunkte
Voraussetzungen für die Zulassung zur Modulprüfung/Prüfung:
-keine-
Voraussetzungen für die Vergabe von ECTS-Leistungspunkten:
Erbrachte Studienleistungen (SL) in allen Lehrveranstaltungen und bestandene Modulprüfung.
Prüfungssemester:
Prüfung im 1. Fachsemester (Wintersemester)",603,62,81,4,21,1300; Basiswissen Linguistik – Morphologie und Syntax; Basiswissen Linguistik; Computerlinguistik (integrativ); Bachelorstudium; 9 ECTS; Klausur (Pnr. 1310); Pnr. 1310; Morphologie und Syntax; 1301; Tutorium zu Morphologie und Syntax; 1302; Prüfungsformen; Pnr; Modulprüfung; Klausur; Hausarbeit; Projektarbeit; Bachelorarbeit; Mündliche Prüfung; Studienarbeit,True,False,True,True,True,True,True,False,False,0-100,False,False,True,,False
modulhandbuch-po2025-1300-table,retrieval_chunk,module-1300,modulhandbuch.pdf,10,11,2,"10,11",Computerlinguistik (integrativ),Bachelorstudium,1300,Basiswissen Linguistik – Morphologie und Syntax,Basiswissen Linguistik,"a: 1. Fachsemester (Wintersemester)
b: 1. Fachsemester (Wintersemester)
Prüfung im 1. Fachsemester (Wintersemester)",9.0,de,module,table,workload,normal,"Quelle: modulhandbuch.pdf, Seiten 10-11
Studiengang: Computerlinguistik (integrativ), Bachelorstudium, PO 2025
Modul 1300: Basiswissen Linguistik – Morphologie und Syntax
ECTS: 9
Abschnitt: Modultabelle
Tabellen-ID: table-module-1300
Die Modultabelle enthält alle Feld-Wert-Angaben des Moduls, darunter ECTS, Workload, Lehrveranstaltungen, Semesterempfehlung, Häufigkeit, Inhalte, Lernergebnisse, Teilnahmevoraussetzungen, Prüfungsformen und Voraussetzungen für die Vergabe von ECTS-Leistungspunkten.",500,48,63,1,15,1300; Basiswissen Linguistik – Morphologie und Syntax; Basiswissen Linguistik; Computerlinguistik (integrativ); Bachelorstudium; 9 ECTS; Klausur (Pnr. 1310); Pnr. 1310; Morphologie und Syntax; 1301; Tutorium zu Morphologie und Syntax; 1302; Tabelle; Modultabelle; table-module-1300,True,False,True,True,True,True,True,False,False,0-100,False,False,True,,False
modulhandbuch-po2025-1300-notes,retrieval_chunk,module-1300,modulhandbuch.pdf,10,11,2,"10,11",Computerlinguistik (integrativ),Bachelorstudium,1300,Basiswissen Linguistik – Morphologie und Syntax,Basiswissen Linguistik,"a: 1. Fachsemester (Wintersemester)
b: 1. Fachsemester (Wintersemester)
Prüfung im 1. Fachsemester (Wintersemester)",9.0,de,module,notes,workload,normal,"Quelle: modulhandbuch.pdf, Seiten 10-11
Studiengang: Computerlinguistik (integrativ), Bachelorstudium, PO 2025
Modul 1300: Basiswissen Linguistik – Morphologie und Syntax
ECTS: 9
Abschnitt: Sonstige Informationen
Sonstige Informationen: -keine-",244,26,34,1,14,1300; Basiswissen Linguistik – Morphologie und Syntax; Basiswissen Linguistik; Computerlinguistik (integrativ); Bachelorstudium; 9 ECTS; Klausur (Pnr. 1310); Pnr. 1310; Morphologie und Syntax; 1301; Tutorium zu Morphologie und Syntax; 1302; Sonstige Informationen; Hinweise,True,False,True,True,True,True,True,False,False,0-100,False,False,True,,False
modulhandbuch-po2025-1400-overview,retrieval_chunk,module-1400,modulhandbuch.pdf,12,13,2,"12,13",Computerlinguistik (integrativ),Bachelorstudium,1400,Basiswissen Linguistik – Semantik und Pragmatik,Basiswissen Linguistik,"a: 2. Fachsemester (Sommersemester)
b: 2. Fachsemester (Sommersemester)
Prüfung im 2. Fachsemester (Sommersemester)",9.0,de,module,overview,workload,high,"Quelle: modulhandbuch.pdf, Seiten 12-13
Studiengang: Computerlinguistik (integrativ), Bachelorstudium, PO 2025
Modul 1400: Basiswissen Linguistik – Semantik und Pragmatik
ECTS: 9
Abschnitt: Modulübersicht
Modulgruppe: Basiswissen Linguistik
Empfohlenes Studiensemester: a: 2. Fachsemester (Sommersemester)
b: 2. Fachsemester (Sommersemester)
Prüfung im 2. Fachsemester (Sommersemester)
Dauer: 1 Semester
Häufigkeit des Angebots: a: Jedes Sommersemester
b: Jedes Sommersemester
Prüfungsformen: Klausur (Pnr. 1410)
Teilnahmevoraussetzungen: -keineInhalte: Semantik: Grundlagen der Wortsemantik und Satzsemantik; Bedeutungsbegriff; deskriptive, soziale und expressive
Bedeutung; semantische Relationen (z.B. Ambiguität, Vagheit, Polysemie, Synonymie); Prädikation; theoretische Ansätze: Wahrheitsbedingungssemantik
Pragmatik: Sprechakttheorie (Austin, Searle), Theorie der konversationellen Implikaturen (Grice) und ihre Anwendungen (z.B. Horn-Skalen); Presuppositions, Models of Contextual Information, Anaphora
Angestrebte Lernergebnisse und Studieninhalte: Mit erfolgreichem Abschluss des Moduls können die Studierenden
•
die grundlegenden Fachbegriffe aus den Bereichen Semantik und Pragmatik nennen,
•
diese auf ausgewählte Beispiele anwenden,
•
unterschiedliche Analysemethoden innerhalb der Semantik und innerhalb der Pragmatik miteinander vergleichen,
•
menschliche Sprache als Kommunikationsmittel (Semantik) verstehen und den Einsatz
dieses Kommunikationsmittels (Pragmatik) analysieren,
•
sich nach Anleitung zuverlässig und systematisch mit dem zur Verfügung gestellten Lernmaterial (Unterrichtsmaterial, Online-Ressourcen) versorgen,
•
Erkenntnisse strukturieren und sowohl mündlich als auch in der schriftlichen Ausarbeitung (wissenschaftliche Schreibkompetenz) präzise und terminologisch sicher darstellen,
•
durch das wöchentliche Einreichen von Hausaufgaben mit Abgabeterminen umgehen und ihre eigenständige
Arbeit dementsprechend strukturieren.",1959,202,263,7,14,1400; Basiswissen Linguistik – Semantik und Pragmatik; Basiswissen Linguistik; Computerlinguistik (integrativ); Bachelorstudium; 9 ECTS; Klausur (Pnr. 1410); Pnr. 1410; Semantik und Pragmatik; 1401; Tutorium zu Semantik und Pragmatik; 1402; Modulübersicht; Overview,True,False,True,True,True,True,True,False,False,101-300,False,False,True,,False
modulhandbuch-po2025-1400-semester-ects,retrieval_chunk,module-1400,modulhandbuch.pdf,12,13,2,"12,13",Computerlinguistik (integrativ),Bachelorstudium,1400,Basiswissen Linguistik – Semantik und Pragmatik,Basiswissen Linguistik,"a: 2. Fachsemester (Sommersemester)
b: 2. Fachsemester (Sommersemester)
Prüfung im 2. Fachsemester (Sommersemester)",9.0,de,module,semester_ects,workload,high,"Quelle: modulhandbuch.pdf, Seiten 12-13
Studiengang: Computerlinguistik (integrativ), Bachelorstudium, PO 2025
Modul 1400: Basiswissen Linguistik – Semantik und Pragmatik
ECTS: 9
Abschnitt: Semester, ECTS, Dauer und Häufigkeit
ECTS-Leistungspunkte: 9
Empfohlenes Studiensemester:
a: 2. Fachsemester (Sommersemester)
b: 2. Fachsemester (Sommersemester)
Prüfung im 2. Fachsemester (Sommersemester)
Dauer: 1 Semester
Häufigkeit des Angebots:
a: Jedes Sommersemester
b: Jedes Sommersemester",486,55,72,4,17,1400; Basiswissen Linguistik – Semantik und Pragmatik; Basiswissen Linguistik; Computerlinguistik (integrativ); Bachelorstudium; 9 ECTS; Klausur (Pnr. 1410); Pnr. 1410; Semantik und Pragmatik; 1401; Tutorium zu Semantik und Pragmatik; 1402; ECTS; Fachsemester; Semester; Dauer; Häufigkeit,True,False,True,True,True,True,True,False,False,0-100,False,False,True,,False
modulhandbuch-po2025-1400-workload,retrieval_chunk,module-1400,modulhandbuch.pdf,12,13,2,"12,13",Computerlinguistik (integrativ),Bachelorstudium,1400,Basiswissen Linguistik – Semantik und Pragmatik,Basiswissen Linguistik,"a: 2. Fachsemester (Sommersemester)
b: 2. Fachsemester (Sommersemester)
Prüfung im 2. Fachsemester (Sommersemester)",9.0,de,module,workload,workload,normal,"Quelle: modulhandbuch.pdf, Seiten 12-13
Studiengang: Computerlinguistik (integrativ), Bachelorstudium, PO 2025
Modul 1400: Basiswissen Linguistik – Semantik und Pragmatik
ECTS: 9
Abschnitt: Workload, Kontaktzeit und Selbststudium
Workload: 270 Stunden
Kontaktzeit:
a: 4 SWS / 60 Stunden / 2 ECTS-Leistungspunkte
b: 2 SWS / 30 Stunden / 1 ECTS-Leistungspunkt
Selbststudium:
90 Stunden / 3 ECTS-Leistungspunkte
ECTS-Leistungspunkte für die Modulprüfung:
3 ECTS-Leistungspunkte",474,54,71,1,18,1400; Basiswissen Linguistik – Semantik und Pragmatik; Basiswissen Linguistik; Computerlinguistik (integrativ); Bachelorstudium; 9 ECTS; Klausur (Pnr. 1410); Pnr. 1410; Semantik und Pragmatik; 1401; Tutorium zu Semantik und Pragmatik; 1402; Workload; Kontaktzeit; Selbststudium; SWS; Stunden; ECTS,True,False,True,True,True,True,True,False,False,0-100,False,False,True,,False
modulhandbuch-po2025-1400-course-components,retrieval_chunk,module-1400,modulhandbuch.pdf,12,13,2,"12,13",Computerlinguistik (integrativ),Bachelorstudium,1400,Basiswissen Linguistik – Semantik und Pragmatik,Basiswissen Linguistik,"a: 2. Fachsemester (Sommersemester)
b: 2. Fachsemester (Sommersemester)
Prüfung im 2. Fachsemester (Sommersemester)",9.0,de,module,course_components,workload,normal,"Quelle: modulhandbuch.pdf, Seiten 12-13
Studiengang: Computerlinguistik (integrativ), Bachelorstudium, PO 2025
Modul 1400: Basiswissen Linguistik – Semantik und Pragmatik
ECTS: 9
Abschnitt: Lehrveranstaltungen und Lehrformen / Belegung
Lehrveranstaltungen und Lehrformen:
a: Semantik und Pragmatik (Vorlesung) / 1401
b: Tutorium zu Semantik und Pragmatik (Tutorium) / 1402
Belegung:
Vorlesung (a) und Tutorium (b)",413,48,63,1,20,1400; Basiswissen Linguistik – Semantik und Pragmatik; Basiswissen Linguistik; Computerlinguistik (integrativ); Bachelorstudium; 9 ECTS; Klausur (Pnr. 1410); Pnr. 1410; Semantik und Pragmatik; 1401; Tutorium zu Semantik und Pragmatik; 1402; Lehrveranstaltungen; Lehrformen; Belegung; Seminar; Übung; Vorlesung; Kolloquium; Praktikum,True,False,True,True,True,True,True,False,False,0-100,False,False,True,,False
modulhandbuch-po2025-1400-content,retrieval_chunk,module-1400,modulhandbuch.pdf,12,13,2,"12,13",Computerlinguistik (integrativ),Bachelorstudium,1400,Basiswissen Linguistik – Semantik und Pragmatik,Basiswissen Linguistik,"a: 2. Fachsemester (Sommersemester)
b: 2. Fachsemester (Sommersemester)
Prüfung im 2. Fachsemester (Sommersemester)",9.0,de,module,content,workload,normal,"Quelle: modulhandbuch.pdf, Seiten 12-13
Studiengang: Computerlinguistik (integrativ), Bachelorstudium, PO 2025
Modul 1400: Basiswissen Linguistik – Semantik und Pragmatik
ECTS: 9
Abschnitt: Inhalte
Semantik: Grundlagen der Wortsemantik und Satzsemantik; Bedeutungsbegriff; deskriptive, soziale und expressive
Bedeutung; semantische Relationen (z.B. Ambiguität, Vagheit, Polysemie, Synonymie); Prädikation; theoretische Ansätze: Wahrheitsbedingungssemantik
Pragmatik: Sprechakttheorie (Austin, Searle), Theorie der konversationellen Implikaturen (Grice) und ihre Anwendungen (z.B. Horn-Skalen); Presuppositions, Models of Contextual Information, Anaphora",653,67,88,3,15,1400; Basiswissen Linguistik – Semantik und Pragmatik; Basiswissen Linguistik; Computerlinguistik (integrativ); Bachelorstudium; 9 ECTS; Klausur (Pnr. 1410); Pnr. 1410; Semantik und Pragmatik; 1401; Tutorium zu Semantik und Pragmatik; 1402; Inhalte; Themen; Studieninhalte,True,False,True,True,True,True,True,False,False,0-100,False,False,True,,False
modulhandbuch-po2025-1400-learning-outcomes,retrieval_chunk,module-1400,modulhandbuch.pdf,12,13,2,"12,13",Computerlinguistik (integrativ),Bachelorstudium,1400,Basiswissen Linguistik – Semantik und Pragmatik,Basiswissen Linguistik,"a: 2. Fachsemester (Sommersemester)
b: 2. Fachsemester (Sommersemester)
Prüfung im 2. Fachsemester (Sommersemester)",9.0,de,module,learning_outcomes,learning_outcomes,normal,"Quelle: modulhandbuch.pdf, Seiten 12-13
Studiengang: Computerlinguistik (integrativ), Bachelorstudium, PO 2025
Modul 1400: Basiswissen Linguistik – Semantik und Pragmatik
ECTS: 9
Abschnitt: Angestrebte Lernergebnisse und Studieninhalte
Mit erfolgreichem Abschluss des Moduls können die Studierenden
•
die grundlegenden Fachbegriffe aus den Bereichen Semantik und Pragmatik nennen,
•
diese auf ausgewählte Beispiele anwenden,
•
unterschiedliche Analysemethoden innerhalb der Semantik und innerhalb der Pragmatik miteinander vergleichen,
•
menschliche Sprache als Kommunikationsmittel (Semantik) verstehen und den Einsatz
dieses Kommunikationsmittels (Pragmatik) analysieren,
•
sich nach Anleitung zuverlässig und systematisch mit dem zur Verfügung gestellten Lernmaterial (Unterrichtsmaterial, Online-Ressourcen) versorgen,
•
Erkenntnisse strukturieren und sowohl mündlich als auch in der schriftlichen Ausarbeitung (wissenschaftliche Schreibkompetenz) präzise und terminologisch sicher darstellen,
•
durch das wöchentliche Einreichen von Hausaufgaben mit Abgabeterminen umgehen und ihre eigenständige
Arbeit dementsprechend strukturieren.",1138,120,156,1,15,1400; Basiswissen Linguistik – Semantik und Pragmatik; Basiswissen Linguistik; Computerlinguistik (integrativ); Bachelorstudium; 9 ECTS; Klausur (Pnr. 1410); Pnr. 1410; Semantik und Pragmatik; 1401; Tutorium zu Semantik und Pragmatik; 1402; Lernergebnisse; Kompetenzen; Studieninhalte,True,False,True,True,True,True,True,False,False,101-300,False,False,True,,False
modulhandbuch-po2025-1400-prerequisites,retrieval_chunk,module-1400,modulhandbuch.pdf,12,13,2,"12,13",Computerlinguistik (integrativ),Bachelorstudium,1400,Basiswissen Linguistik – Semantik und Pragmatik,Basiswissen Linguistik,"a: 2. Fachsemester (Sommersemester)
b: 2. Fachsemester (Sommersemester)
Prüfung im 2. Fachsemester (Sommersemester)",9.0,de,module,prerequisites,prerequisites,high,"Quelle: modulhandbuch.pdf, Seiten 12-13
Studiengang: Computerlinguistik (integrativ), Bachelorstudium, PO 2025
Modul 1400: Basiswissen Linguistik – Semantik und Pragmatik
ECTS: 9
Abschnitt: Teilnahmevoraussetzungen
-keine-",222,23,30,1,16,1400; Basiswissen Linguistik – Semantik und Pragmatik; Basiswissen Linguistik; Computerlinguistik (integrativ); Bachelorstudium; 9 ECTS; Klausur (Pnr. 1410); Pnr. 1410; Semantik und Pragmatik; 1401; Tutorium zu Semantik und Pragmatik; 1402; Teilnahmevoraussetzungen; Voraussetzungen; Formal; Inhaltlich,True,False,True,True,True,True,True,False,False,0-100,False,False,True,,False
modulhandbuch-po2025-1400-exam,retrieval_chunk,module-1400,modulhandbuch.pdf,12,13,2,"12,13",Computerlinguistik (integrativ),Bachelorstudium,1400,Basiswissen Linguistik – Semantik und Pragmatik,Basiswissen Linguistik,"a: 2. Fachsemester (Sommersemester)
b: 2. Fachsemester (Sommersemester)
Prüfung im 2. Fachsemester (Sommersemester)",9.0,de,module,exam,exam,high,"Quelle: modulhandbuch.pdf, Seiten 12-13
Studiengang: Computerlinguistik (integrativ), Bachelorstudium, PO 2025
Modul 1400: Basiswissen Linguistik – Semantik und Pragmatik
ECTS: 9
Abschnitt: Prüfungsformen und ECTS-Vergabe
Prüfungsformen:
Klausur (Pnr. 1410)
ECTS-Leistungspunkte für die Modulprüfung:
3 ECTS-Leistungspunkte
Voraussetzungen für die Zulassung zur Modulprüfung/Prüfung:
-keine-
Voraussetzungen für die Vergabe von ECTS-Leistungspunkten:
Erbrachte Studienleistungen (SL) in allen Lehrveranstaltungen und bestandene Modulprüfung.
Prüfungssemester:
Prüfung im 2. Fachsemester (Sommersemester)",603,62,81,4,21,1400; Basiswissen Linguistik – Semantik und Pragmatik; Basiswissen Linguistik; Computerlinguistik (integrativ); Bachelorstudium; 9 ECTS; Klausur (Pnr. 1410); Pnr. 1410; Semantik und Pragmatik; 1401; Tutorium zu Semantik und Pragmatik; 1402; Prüfungsformen; Pnr; Modulprüfung; Klausur; Hausarbeit; Projektarbeit; Bachelorarbeit; Mündliche Prüfung; Studienarbeit,True,False,True,True,True,True,True,False,False,0-100,False,False,True,,False
modulhandbuch-po2025-1400-table,retrieval_chunk,module-1400,modulhandbuch.pdf,12,13,2,"12,13",Computerlinguistik (integrativ),Bachelorstudium,1400,Basiswissen Linguistik – Semantik und Pragmatik,Basiswissen Linguistik,"a: 2. Fachsemester (Sommersemester)
b: 2. Fachsemester (Sommersemester)
Prüfung im 2. Fachsemester (Sommersemester)",9.0,de,module,table,workload,normal,"Quelle: modulhandbuch.pdf, Seiten 12-13
Studiengang: Computerlinguistik (integrativ), Bachelorstudium, PO 2025
Modul 1400: Basiswissen Linguistik – Semantik und Pragmatik
ECTS: 9
Abschnitt: Modultabelle
Tabellen-ID: table-module-1400
Die Modultabelle enthält alle Feld-Wert-Angaben des Moduls, darunter ECTS, Workload, Lehrveranstaltungen, Semesterempfehlung, Häufigkeit, Inhalte, Lernergebnisse, Teilnahmevoraussetzungen, Prüfungsformen und Voraussetzungen für die Vergabe von ECTS-Leistungspunkten.",500,48,63,1,15,1400; Basiswissen Linguistik – Semantik und Pragmatik; Basiswissen Linguistik; Computerlinguistik (integrativ); Bachelorstudium; 9 ECTS; Klausur (Pnr. 1410); Pnr. 1410; Semantik und Pragmatik; 1401; Tutorium zu Semantik und Pragmatik; 1402; Tabelle; Modultabelle; table-module-1400,True,False,True,True,True,True,True,False,False,0-100,False,False,True,,False
modulhandbuch-po2025-1400-notes,retrieval_chunk,module-1400,modulhandbuch.pdf,12,13,2,"12,13",Computerlinguistik (integrativ),Bachelorstudium,1400,Basiswissen Linguistik – Semantik und Pragmatik,Basiswissen Linguistik,"a: 2. Fachsemester (Sommersemester)
b: 2. Fachsemester (Sommersemester)
Prüfung im 2. Fachsemester (Sommersemester)",9.0,de,module,notes,workload,normal,"Quelle: modulhandbuch.pdf, Seiten 12-13
Studiengang: Computerlinguistik (integrativ), Bachelorstudium, PO 2025
Modul 1400: Basiswissen Linguistik – Semantik und Pragmatik
ECTS: 9
Abschnitt: Sonstige Informationen
Sonstige Informationen: -keine-",244,26,34,1,14,1400; Basiswissen Linguistik – Semantik und Pragmatik; Basiswissen Linguistik; Computerlinguistik (integrativ); Bachelorstudium; 9 ECTS; Klausur (Pnr. 1410); Pnr. 1410; Semantik und Pragmatik; 1401; Tutorium zu Semantik und Pragmatik; 1402; Sonstige Informationen; Hinweise,True,False,True,True,True,True,True,False,False,0-100,False,False,True,,False
modulhandbuch-po2025-2400-overview,retrieval_chunk,module-2400,modulhandbuch.pdf,14,15,2,"14,15",Computerlinguistik (integrativ),Bachelorstudium,2400,Basismodul – Statistische Methoden in der Computerlinguistik,Basismodul,"a: 2. Fachsemester (Sommersemester)
b: 3. Fachsemester (Wintersemester)",6.0,de,module,overview,workload,high,"Quelle: modulhandbuch.pdf, Seiten 14-15
Studiengang: Computerlinguistik (integrativ), Bachelorstudium, PO 2025
Modul 2400: Basismodul – Statistische Methoden in der Computerlinguistik
ECTS: 6
Abschnitt: Modulübersicht
Modulgruppe: Basismodul
Empfohlenes Studiensemester: a: 2. Fachsemester (Sommersemester)
b: 3. Fachsemester (Wintersemester)
Dauer: 2 Semester
Häufigkeit des Angebots: a: Jedes Wintersemester
b: Jedes Sommersemester
Prüfungsformen: -keineTeilnahmevoraussetzungen: Formal: keine
Inhaltlich: Basismodul Mathematische und logische Grundlagen
Inhalte: Dieses Modul vermittelt grundlegende Kenntnisse in Wahrscheinlichkeitstheorie und in statistischen Methoden der Computerlinguistik, sowie deren Anwendung mittels Korpora und Datensätzen. Unter anderem werden folgende
Bereiche abgedeckt:
– Statistik und statistische Programmierung in einer geeigneten Programmiersprache (z.B. R).
– Aufbau und Pflege linguistischer Ressourcen (Korpora, Datenbanken, ...)
Angestrebte Lernergebnisse und Studieninhalte: Kenntnisse der Grundlagen der Wahrscheinlichkeitstheorie und Grundbegriffe der Statistik
Fähigkeit, statistische Analysen selbst zu konzipieren und implementieren
Fähigkeit, Korpora zu erstellen und für Experimente und Analysen durchzuführen",1258,133,173,6,13,2400; Basismodul – Statistische Methoden in der Computerlinguistik; Basismodul; Computerlinguistik (integrativ); Bachelorstudium; 6 ECTS; -keine-; Wahrscheinlichkeitstheorie und Statistik; 2401; Linguistische Ressourcen; 2402; Modulübersicht; Overview,True,False,True,True,True,True,True,False,False,101-300,False,False,True,"Quelltext enthält mögliche Inkonsistenz: Empfohlenes Studiensemester a ist Sommersemester, Häufigkeit des Angebots a ist Wintersemester.",False
modulhandbuch-po2025-2400-semester-ects,retrieval_chunk,module-2400,modulhandbuch.pdf,14,15,2,"14,15",Computerlinguistik (integrativ),Bachelorstudium,2400,Basismodul – Statistische Methoden in der Computerlinguistik,Basismodul,"a: 2. Fachsemester (Sommersemester)
b: 3. Fachsemester (Wintersemester)",6.0,de,module,semester_ects,workload,high,"Quelle: modulhandbuch.pdf, Seiten 14-15
Studiengang: Computerlinguistik (integrativ), Bachelorstudium, PO 2025
Modul 2400: Basismodul – Statistische Methoden in der Computerlinguistik
ECTS: 6
Abschnitt: Semester, ECTS, Dauer und Häufigkeit
ECTS-Leistungspunkte: 6
Empfohlenes Studiensemester:
a: 2. Fachsemester (Sommersemester)
b: 3. Fachsemester (Wintersemester)
Dauer: 2 Semester
Häufigkeit des Angebots:
a: Jedes Wintersemester
b: Jedes Sommersemester",455,51,67,3,16,2400; Basismodul – Statistische Methoden in der Computerlinguistik; Basismodul; Computerlinguistik (integrativ); Bachelorstudium; 6 ECTS; -keine-; Wahrscheinlichkeitstheorie und Statistik; 2401; Linguistische Ressourcen; 2402; ECTS; Fachsemester; Semester; Dauer; Häufigkeit,True,False,True,True,True,True,True,False,False,0-100,False,False,True,,False
modulhandbuch-po2025-2400-workload,retrieval_chunk,module-2400,modulhandbuch.pdf,14,15,2,"14,15",Computerlinguistik (integrativ),Bachelorstudium,2400,Basismodul – Statistische Methoden in der Computerlinguistik,Basismodul,"a: 2. Fachsemester (Sommersemester)
b: 3. Fachsemester (Wintersemester)",6.0,de,module,workload,workload,normal,"Quelle: modulhandbuch.pdf, Seiten 14-15
Studiengang: Computerlinguistik (integrativ), Bachelorstudium, PO 2025
Modul 2400: Basismodul – Statistische Methoden in der Computerlinguistik
ECTS: 6
Abschnitt: Workload, Kontaktzeit und Selbststudium
Workload: 180 Stunden
Kontaktzeit:
a: 4 SWS / 60 Stunden / 2 ECTS-Leistungspunkte
b: 2 SWS / 30 Stunden / 1 ECTS-Leistungspunkt
Selbststudium:
a: 60 Stunden / 2 ECTS-Leistungspunkte
b: 30 Stunden / 1 ECTS-Leistungspunkt
ECTS-Leistungspunkte für die Modulprüfung:
-keine-",513,60,78,1,17,2400; Basismodul – Statistische Methoden in der Computerlinguistik; Basismodul; Computerlinguistik (integrativ); Bachelorstudium; 6 ECTS; -keine-; Wahrscheinlichkeitstheorie und Statistik; 2401; Linguistische Ressourcen; 2402; Workload; Kontaktzeit; Selbststudium; SWS; Stunden; ECTS,True,False,True,True,True,True,True,False,False,0-100,False,False,True,,False
modulhandbuch-po2025-2400-course-components,retrieval_chunk,module-2400,modulhandbuch.pdf,14,15,2,"14,15",Computerlinguistik (integrativ),Bachelorstudium,2400,Basismodul – Statistische Methoden in der Computerlinguistik,Basismodul,"a: 2. Fachsemester (Sommersemester)
b: 3. Fachsemester (Wintersemester)",6.0,de,module,course_components,workload,normal,"Quelle: modulhandbuch.pdf, Seiten 14-15
Studiengang: Computerlinguistik (integrativ), Bachelorstudium, PO 2025
Modul 2400: Basismodul – Statistische Methoden in der Computerlinguistik
ECTS: 6
Abschnitt: Lehrveranstaltungen und Lehrformen / Belegung
Lehrveranstaltungen und Lehrformen:
a: Wahrscheinlichkeitstheorie und Statistik (Seminar und Übung) / 2401
b: Linguistische Ressourcen (Seminar) / 2402
Belegung:
Seminar mit Übung (a) und Seminar (b)",448,50,65,1,19,2400; Basismodul – Statistische Methoden in der Computerlinguistik; Basismodul; Computerlinguistik (integrativ); Bachelorstudium; 6 ECTS; -keine-; Wahrscheinlichkeitstheorie und Statistik; 2401; Linguistische Ressourcen; 2402; Lehrveranstaltungen; Lehrformen; Belegung; Seminar; Übung; Vorlesung; Kolloquium; Praktikum,True,False,True,True,True,True,True,False,False,0-100,False,False,True,,False
modulhandbuch-po2025-2400-content,retrieval_chunk,module-2400,modulhandbuch.pdf,14,15,2,"14,15",Computerlinguistik (integrativ),Bachelorstudium,2400,Basismodul – Statistische Methoden in der Computerlinguistik,Basismodul,"a: 2. Fachsemester (Sommersemester)
b: 3. Fachsemester (Wintersemester)",6.0,de,module,content,workload,normal,"Quelle: modulhandbuch.pdf, Seiten 14-15
Studiengang: Computerlinguistik (integrativ), Bachelorstudium, PO 2025
Modul 2400: Basismodul – Statistische Methoden in der Computerlinguistik
ECTS: 6
Abschnitt: Inhalte
Dieses Modul vermittelt grundlegende Kenntnisse in Wahrscheinlichkeitstheorie und in statistischen Methoden der Computerlinguistik, sowie deren Anwendung mittels Korpora und Datensätzen. Unter anderem werden folgende
Bereiche abgedeckt:
– Statistik und statistische Programmierung in einer geeigneten Programmiersprache (z.B. R).
– Aufbau und Pflege linguistischer Ressourcen (Korpora, Datenbanken, ...)",614,67,88,4,14,2400; Basismodul – Statistische Methoden in der Computerlinguistik; Basismodul; Computerlinguistik (integrativ); Bachelorstudium; 6 ECTS; -keine-; Wahrscheinlichkeitstheorie und Statistik; 2401; Linguistische Ressourcen; 2402; Inhalte; Themen; Studieninhalte,True,False,True,True,True,True,True,False,False,0-100,False,False,True,,False
modulhandbuch-po2025-2400-learning-outcomes,retrieval_chunk,module-2400,modulhandbuch.pdf,14,15,2,"14,15",Computerlinguistik (integrativ),Bachelorstudium,2400,Basismodul – Statistische Methoden in der Computerlinguistik,Basismodul,"a: 2. Fachsemester (Sommersemester)
b: 3. Fachsemester (Wintersemester)",6.0,de,module,learning_outcomes,learning_outcomes,normal,"Quelle: modulhandbuch.pdf, Seiten 14-15
Studiengang: Computerlinguistik (integrativ), Bachelorstudium, PO 2025
Modul 2400: Basismodul – Statistische Methoden in der Computerlinguistik
ECTS: 6
Abschnitt: Angestrebte Lernergebnisse und Studieninhalte
Kenntnisse der Grundlagen der Wahrscheinlichkeitstheorie und Grundbegriffe der Statistik
Fähigkeit, statistische Analysen selbst zu konzipieren und implementieren
Fähigkeit, Korpora zu erstellen und für Experimente und Analysen durchzuführen",490,53,69,1,14,2400; Basismodul – Statistische Methoden in der Computerlinguistik; Basismodul; Computerlinguistik (integrativ); Bachelorstudium; 6 ECTS; -keine-; Wahrscheinlichkeitstheorie und Statistik; 2401; Linguistische Ressourcen; 2402; Lernergebnisse; Kompetenzen; Studieninhalte,True,False,True,True,True,True,True,False,False,0-100,False,False,True,,False
modulhandbuch-po2025-2400-prerequisites,retrieval_chunk,module-2400,modulhandbuch.pdf,14,15,2,"14,15",Computerlinguistik (integrativ),Bachelorstudium,2400,Basismodul – Statistische Methoden in der Computerlinguistik,Basismodul,"a: 2. Fachsemester (Sommersemester)
b: 3. Fachsemester (Wintersemester)",6.0,de,module,prerequisites,prerequisites,high,"Quelle: modulhandbuch.pdf, Seiten 14-15
Studiengang: Computerlinguistik (integrativ), Bachelorstudium, PO 2025
Modul 2400: Basismodul – Statistische Methoden in der Computerlinguistik
ECTS: 6
Abschnitt: Teilnahmevoraussetzungen
Formal: keine
Inhaltlich: Basismodul Mathematische und logische Grundlagen",302,31,41,1,15,2400; Basismodul – Statistische Methoden in der Computerlinguistik; Basismodul; Computerlinguistik (integrativ); Bachelorstudium; 6 ECTS; -keine-; Wahrscheinlichkeitstheorie und Statistik; 2401; Linguistische Ressourcen; 2402; Teilnahmevoraussetzungen; Voraussetzungen; Formal; Inhaltlich,True,False,True,True,True,True,True,False,False,0-100,False,False,True,,False
modulhandbuch-po2025-2400-exam,retrieval_chunk,module-2400,modulhandbuch.pdf,14,15,2,"14,15",Computerlinguistik (integrativ),Bachelorstudium,2400,Basismodul – Statistische Methoden in der Computerlinguistik,Basismodul,"a: 2. Fachsemester (Sommersemester)
b: 3. Fachsemester (Wintersemester)",6.0,de,module,exam,exam,high,"Quelle: modulhandbuch.pdf, Seiten 14-15
Studiengang: Computerlinguistik (integrativ), Bachelorstudium, PO 2025
Modul 2400: Basismodul – Statistische Methoden in der Computerlinguistik
ECTS: 6
Abschnitt: Prüfungsformen und ECTS-Vergabe
Prüfungsformen:
-keine-
ECTS-Leistungspunkte für die Modulprüfung:
-keine-
Voraussetzungen für die Zulassung zur Modulprüfung/Prüfung:
-keine-
Voraussetzungen für die Vergabe von ECTS-Leistungspunkten:
Erbrachte Studienleistungen (SL) oder Hausaufgaben in allen Lehrveranstaltungen",516,53,69,1,20,2400; Basismodul – Statistische Methoden in der Computerlinguistik; Basismodul; Computerlinguistik (integrativ); Bachelorstudium; 6 ECTS; -keine-; Wahrscheinlichkeitstheorie und Statistik; 2401; Linguistische Ressourcen; 2402; Prüfungsformen; Pnr; Modulprüfung; Klausur; Hausarbeit; Projektarbeit; Bachelorarbeit; Mündliche Prüfung; Studienarbeit,True,False,True,True,True,True,True,False,False,0-100,False,False,True,,False
modulhandbuch-po2025-2400-table,retrieval_chunk,module-2400,modulhandbuch.pdf,14,15,2,"14,15",Computerlinguistik (integrativ),Bachelorstudium,2400,Basismodul – Statistische Methoden in der Computerlinguistik,Basismodul,"a: 2. Fachsemester (Sommersemester)
b: 3. Fachsemester (Wintersemester)",6.0,de,module,table,workload,normal,"Quelle: modulhandbuch.pdf, Seiten 14-15
Studiengang: Computerlinguistik (integrativ), Bachelorstudium, PO 2025
Modul 2400: Basismodul – Statistische Methoden in der Computerlinguistik
ECTS: 6
Abschnitt: Modultabelle
Tabellen-ID: table-module-2400
Die Modultabelle enthält alle Feld-Wert-Angaben des Moduls, darunter ECTS, Workload, Lehrveranstaltungen, Semesterempfehlung, Häufigkeit, Inhalte, Lernergebnisse, Teilnahmevoraussetzungen, Prüfungsformen und Voraussetzungen für die Vergabe von ECTS-Leistungspunkten.",513,49,64,1,14,2400; Basismodul – Statistische Methoden in der Computerlinguistik; Basismodul; Computerlinguistik (integrativ); Bachelorstudium; 6 ECTS; -keine-; Wahrscheinlichkeitstheorie und Statistik; 2401; Linguistische Ressourcen; 2402; Tabelle; Modultabelle; table-module-2400,True,False,True,True,True,True,True,False,False,0-100,False,False,True,,False
modulhandbuch-po2025-2400-notes,retrieval_chunk,module-2400,modulhandbuch.pdf,14,15,2,"14,15",Computerlinguistik (integrativ),Bachelorstudium,2400,Basismodul – Statistische Methoden in der Computerlinguistik,Basismodul,"a: 2. Fachsemester (Sommersemester)
b: 3. Fachsemester (Wintersemester)",6.0,de,module,notes,workload,normal,"Quelle: modulhandbuch.pdf, Seiten 14-15
Studiengang: Computerlinguistik (integrativ), Bachelorstudium, PO 2025
Modul 2400: Basismodul – Statistische Methoden in der Computerlinguistik
ECTS: 6
Abschnitt: Sonstige Informationen
Sonstige Informationen: -keine-",257,27,36,1,13,2400; Basismodul – Statistische Methoden in der Computerlinguistik; Basismodul; Computerlinguistik (integrativ); Bachelorstudium; 6 ECTS; -keine-; Wahrscheinlichkeitstheorie und Statistik; 2401; Linguistische Ressourcen; 2402; Sonstige Informationen; Hinweise,True,False,True,True,True,True,True,False,False,0-100,False,False,True,,False
modulhandbuch-po2025-4100-overview,retrieval_chunk,module-4100,modulhandbuch.pdf,16,17,2,"16,17",Computerlinguistik (integrativ),Bachelorstudium,4100,Aufbaumodul – Maschinelles Lernen,Aufbaumodul,"a: 3. Fachsemester (Wintersemester)
b: 4. Fachsemester (Sommersemester)
Prüfung im 4. Fachsemester (Sommersemester)",12.0,de,module,overview,workload,high,"Quelle: modulhandbuch.pdf, Seiten 16-17
Studiengang: Computerlinguistik (integrativ), Bachelorstudium, PO 2025
Modul 4100: Aufbaumodul – Maschinelles Lernen
ECTS: 12
Abschnitt: Modulübersicht
Modulgruppe: Aufbaumodul
Empfohlenes Studiensemester: a: 3. Fachsemester (Wintersemester)
b: 4. Fachsemester (Sommersemester)
Prüfung im 4. Fachsemester (Sommersemester)
Dauer: 2 Semester
Häufigkeit des Angebots: a: Jedes Wintersemester
b: Jedes Sommersemester
Prüfungsformen: Hausarbeit (mit Programmierprojekt) (Pnr. 4110) oder Studienarbeit (mit Programmierprojekt) (Pnr. 4120)
Teilnahmevoraussetzungen: Formal: Keine
Inhaltlich: Basismodul – Statistische Methoden in der Computerlinguistik
Inhalte: Methoden des modernen maschinellen Lernens, die auf Vektorrepräsentationen basieren. In a werden die grundlegenden,
meist linearen Methoden wie lineare/logistische Regression, Support Vector Machines etc. theoretisch besprochen und implementiert. In b werden neuronale Netze und deren Anwendung im Natural Language Processing (NLP) erklärt und implementiert.
Angestrebte Lernergebnisse und Studieninhalte: Die Teilnehmer können selbständig lineare Modelle und neuronale Netze implementieren, um Aufgaben im NLP zu lösen.
Sie sind vertraut mit Methoden der Evaluation von Modellen und Problemen wie Overfitting und Replizierbarkeit.",1326,151,197,11,15,4100; Aufbaumodul – Maschinelles Lernen; Aufbaumodul; Computerlinguistik (integrativ); Bachelorstudium; 12 ECTS; Hausarbeit (mit Programmierprojekt) (Pnr. 4110) oder Studienarbeit (mit Programmierprojekt) (Pnr. 4120); Pnr. 4110; Pnr. 4120; Grundlagen des maschinellen Lernens; 4101; Deep Learning; 4102; Modulübersicht; Overview,True,False,True,True,True,True,True,False,False,101-300,False,False,True,,False
modulhandbuch-po2025-4100-semester-ects,retrieval_chunk,module-4100,modulhandbuch.pdf,16,17,2,"16,17",Computerlinguistik (integrativ),Bachelorstudium,4100,Aufbaumodul – Maschinelles Lernen,Aufbaumodul,"a: 3. Fachsemester (Wintersemester)
b: 4. Fachsemester (Sommersemester)
Prüfung im 4. Fachsemester (Sommersemester)",12.0,de,module,semester_ects,workload,high,"Quelle: modulhandbuch.pdf, Seiten 16-17
Studiengang: Computerlinguistik (integrativ), Bachelorstudium, PO 2025
Modul 4100: Aufbaumodul – Maschinelles Lernen
ECTS: 12
Abschnitt: Semester, ECTS, Dauer und Häufigkeit
ECTS-Leistungspunkte: 12
Empfohlenes Studiensemester:
a: 3. Fachsemester (Wintersemester)
b: 4. Fachsemester (Sommersemester)
Prüfung im 4. Fachsemester (Sommersemester)
Dauer: 2 Semester
Häufigkeit des Angebots:
a: Jedes Wintersemester
b: Jedes Sommersemester",474,53,69,4,18,4100; Aufbaumodul – Maschinelles Lernen; Aufbaumodul; Computerlinguistik (integrativ); Bachelorstudium; 12 ECTS; Hausarbeit (mit Programmierprojekt) (Pnr. 4110) oder Studienarbeit (mit Programmierprojekt) (Pnr. 4120); Pnr. 4110; Pnr. 4120; Grundlagen des maschinellen Lernens; 4101; Deep Learning; 4102; ECTS; Fachsemester; Semester; Dauer; Häufigkeit,True,False,True,True,True,True,True,False,False,0-100,False,False,True,,False
modulhandbuch-po2025-4100-workload,retrieval_chunk,module-4100,modulhandbuch.pdf,16,17,2,"16,17",Computerlinguistik (integrativ),Bachelorstudium,4100,Aufbaumodul – Maschinelles Lernen,Aufbaumodul,"a: 3. Fachsemester (Wintersemester)
b: 4. Fachsemester (Sommersemester)
Prüfung im 4. Fachsemester (Sommersemester)",12.0,de,module,workload,workload,normal,"Quelle: modulhandbuch.pdf, Seiten 16-17
Studiengang: Computerlinguistik (integrativ), Bachelorstudium, PO 2025
Modul 4100: Aufbaumodul – Maschinelles Lernen
ECTS: 12
Abschnitt: Workload, Kontaktzeit und Selbststudium
Workload: 360 Stunden
Kontaktzeit:
a: 4 SWS / 60 Stunden / 2 ECTS-Leistungspunkte
b: 4 SWS / 60 Stunden / 2 ECTS-Leistungspunkte
Selbststudium:
a: 60 Stunden / 2 ECTS-Leistungspunkte
b: 60 Stunden / 2 ECTS-Leistungspunkte
ECTS-Leistungspunkte für die Modulprüfung:
4 ECTS-Leistungspunkte",504,58,76,1,19,4100; Aufbaumodul – Maschinelles Lernen; Aufbaumodul; Computerlinguistik (integrativ); Bachelorstudium; 12 ECTS; Hausarbeit (mit Programmierprojekt) (Pnr. 4110) oder Studienarbeit (mit Programmierprojekt) (Pnr. 4120); Pnr. 4110; Pnr. 4120; Grundlagen des maschinellen Lernens; 4101; Deep Learning; 4102; Workload; Kontaktzeit; Selbststudium; SWS; Stunden; ECTS,True,False,True,True,True,True,True,False,False,0-100,False,False,True,,False
modulhandbuch-po2025-4100-course-components,retrieval_chunk,module-4100,modulhandbuch.pdf,16,17,2,"16,17",Computerlinguistik (integrativ),Bachelorstudium,4100,Aufbaumodul – Maschinelles Lernen,Aufbaumodul,"a: 3. Fachsemester (Wintersemester)
b: 4. Fachsemester (Sommersemester)
Prüfung im 4. Fachsemester (Sommersemester)",12.0,de,module,course_components,workload,normal,"Quelle: modulhandbuch.pdf, Seiten 16-17
Studiengang: Computerlinguistik (integrativ), Bachelorstudium, PO 2025
Modul 4100: Aufbaumodul – Maschinelles Lernen
ECTS: 12
Abschnitt: Lehrveranstaltungen und Lehrformen / Belegung
Lehrveranstaltungen und Lehrformen:
a: Grundlagen des maschinellen Lernens (Seminar und Übung) / 4101
b: Deep Learning (Seminar) / 4102
Belegung:
Seminar mit Übung (a) und Seminar (b)",406,48,63,1,21,4100; Aufbaumodul – Maschinelles Lernen; Aufbaumodul; Computerlinguistik (integrativ); Bachelorstudium; 12 ECTS; Hausarbeit (mit Programmierprojekt) (Pnr. 4110) oder Studienarbeit (mit Programmierprojekt) (Pnr. 4120); Pnr. 4110; Pnr. 4120; Grundlagen des maschinellen Lernens; 4101; Deep Learning; 4102; Lehrveranstaltungen; Lehrformen; Belegung; Seminar; Übung; Vorlesung; Kolloquium; Praktikum,True,False,True,True,True,True,True,False,False,0-100,False,False,True,,False
modulhandbuch-po2025-4100-content,retrieval_chunk,module-4100,modulhandbuch.pdf,16,17,2,"16,17",Computerlinguistik (integrativ),Bachelorstudium,4100,Aufbaumodul – Maschinelles Lernen,Aufbaumodul,"a: 3. Fachsemester (Wintersemester)
b: 4. Fachsemester (Sommersemester)
Prüfung im 4. Fachsemester (Sommersemester)",12.0,de,module,content,workload,normal,"Quelle: modulhandbuch.pdf, Seiten 16-17
Studiengang: Computerlinguistik (integrativ), Bachelorstudium, PO 2025
Modul 4100: Aufbaumodul – Maschinelles Lernen
ECTS: 12
Abschnitt: Inhalte
Methoden des modernen maschinellen Lernens, die auf Vektorrepräsentationen basieren. In a werden die grundlegenden,
meist linearen Methoden wie lineare/logistische Regression, Support Vector Machines etc. theoretisch besprochen und implementiert. In b werden neuronale Netze und deren Anwendung im Natural Language Processing (NLP) erklärt und implementiert.",543,64,84,4,16,4100; Aufbaumodul – Maschinelles Lernen; Aufbaumodul; Computerlinguistik (integrativ); Bachelorstudium; 12 ECTS; Hausarbeit (mit Programmierprojekt) (Pnr. 4110) oder Studienarbeit (mit Programmierprojekt) (Pnr. 4120); Pnr. 4110; Pnr. 4120; Grundlagen des maschinellen Lernens; 4101; Deep Learning; 4102; Inhalte; Themen; Studieninhalte,True,False,True,True,True,True,True,False,False,0-100,False,False,True,,False
modulhandbuch-po2025-4100-learning-outcomes,retrieval_chunk,module-4100,modulhandbuch.pdf,16,17,2,"16,17",Computerlinguistik (integrativ),Bachelorstudium,4100,Aufbaumodul – Maschinelles Lernen,Aufbaumodul,"a: 3. Fachsemester (Wintersemester)
b: 4. Fachsemester (Sommersemester)
Prüfung im 4. Fachsemester (Sommersemester)",12.0,de,module,learning_outcomes,learning_outcomes,normal,"Quelle: modulhandbuch.pdf, Seiten 16-17
Studiengang: Computerlinguistik (integrativ), Bachelorstudium, PO 2025
Modul 4100: Aufbaumodul – Maschinelles Lernen
ECTS: 12
Abschnitt: Angestrebte Lernergebnisse und Studieninhalte
Die Teilnehmer können selbständig lineare Modelle und neuronale Netze implementieren, um Aufgaben im NLP zu lösen.
Sie sind vertraut mit Methoden der Evaluation von Modellen und Problemen wie Overfitting und Replizierbarkeit.",448,54,71,2,16,4100; Aufbaumodul – Maschinelles Lernen; Aufbaumodul; Computerlinguistik (integrativ); Bachelorstudium; 12 ECTS; Hausarbeit (mit Programmierprojekt) (Pnr. 4110) oder Studienarbeit (mit Programmierprojekt) (Pnr. 4120); Pnr. 4110; Pnr. 4120; Grundlagen des maschinellen Lernens; 4101; Deep Learning; 4102; Lernergebnisse; Kompetenzen; Studieninhalte,True,False,True,True,True,True,True,False,False,0-100,False,False,True,,False
modulhandbuch-po2025-4100-prerequisites,retrieval_chunk,module-4100,modulhandbuch.pdf,16,17,2,"16,17",Computerlinguistik (integrativ),Bachelorstudium,4100,Aufbaumodul – Maschinelles Lernen,Aufbaumodul,"a: 3. Fachsemester (Wintersemester)
b: 4. Fachsemester (Sommersemester)
Prüfung im 4. Fachsemester (Sommersemester)",12.0,de,module,prerequisites,prerequisites,high,"Quelle: modulhandbuch.pdf, Seiten 16-17
Studiengang: Computerlinguistik (integrativ), Bachelorstudium, PO 2025
Modul 4100: Aufbaumodul – Maschinelles Lernen
ECTS: 12
Abschnitt: Teilnahmevoraussetzungen
Formal: Keine
Inhaltlich: Basismodul – Statistische Methoden in der Computerlinguistik",288,29,38,1,17,4100; Aufbaumodul – Maschinelles Lernen; Aufbaumodul; Computerlinguistik (integrativ); Bachelorstudium; 12 ECTS; Hausarbeit (mit Programmierprojekt) (Pnr. 4110) oder Studienarbeit (mit Programmierprojekt) (Pnr. 4120); Pnr. 4110; Pnr. 4120; Grundlagen des maschinellen Lernens; 4101; Deep Learning; 4102; Teilnahmevoraussetzungen; Voraussetzungen; Formal; Inhaltlich,True,False,True,True,True,True,True,False,False,0-100,False,False,True,,False
modulhandbuch-po2025-4100-exam,retrieval_chunk,module-4100,modulhandbuch.pdf,16,17,2,"16,17",Computerlinguistik (integrativ),Bachelorstudium,4100,Aufbaumodul – Maschinelles Lernen,Aufbaumodul,"a: 3. Fachsemester (Wintersemester)
b: 4. Fachsemester (Sommersemester)
Prüfung im 4. Fachsemester (Sommersemester)",12.0,de,module,exam,exam,high,"Quelle: modulhandbuch.pdf, Seiten 16-17
Studiengang: Computerlinguistik (integrativ), Bachelorstudium, PO 2025
Modul 4100: Aufbaumodul – Maschinelles Lernen
ECTS: 12
Abschnitt: Prüfungsformen und ECTS-Vergabe
Prüfungsformen:
Hausarbeit (mit Programmierprojekt) (Pnr. 4110) oder Studienarbeit (mit Programmierprojekt) (Pnr. 4120)
ECTS-Leistungspunkte für die Modulprüfung:
4 ECTS-Leistungspunkte
Voraussetzungen für die Zulassung zur Modulprüfung/Prüfung:
-keine-
Voraussetzungen für die Vergabe von ECTS-Leistungspunkten:
Erbrachte Studienleistungen (SL) in allen Lehrveranstaltungen und bestandene Modulprüfung.
Prüfungssemester:
Prüfung im 4. Fachsemester (Sommersemester)",674,68,89,5,22,4100; Aufbaumodul – Maschinelles Lernen; Aufbaumodul; Computerlinguistik (integrativ); Bachelorstudium; 12 ECTS; Hausarbeit (mit Programmierprojekt) (Pnr. 4110) oder Studienarbeit (mit Programmierprojekt) (Pnr. 4120); Pnr. 4110; Pnr. 4120; Grundlagen des maschinellen Lernens; 4101; Deep Learning; 4102; Prüfungsformen; Pnr; Modulprüfung; Klausur; Hausarbeit; Projektarbeit; Bachelorarbeit; Mündliche Prüfung; Studienarbeit,True,False,True,True,True,True,True,False,False,0-100,False,False,True,,False
modulhandbuch-po2025-4100-table,retrieval_chunk,module-4100,modulhandbuch.pdf,16,17,2,"16,17",Computerlinguistik (integrativ),Bachelorstudium,4100,Aufbaumodul – Maschinelles Lernen,Aufbaumodul,"a: 3. Fachsemester (Wintersemester)
b: 4. Fachsemester (Sommersemester)
Prüfung im 4. Fachsemester (Sommersemester)",12.0,de,module,table,workload,normal,"Quelle: modulhandbuch.pdf, Seiten 16-17
Studiengang: Computerlinguistik (integrativ), Bachelorstudium, PO 2025
Modul 4100: Aufbaumodul – Maschinelles Lernen
ECTS: 12
Abschnitt: Modultabelle
Tabellen-ID: table-module-4100
Die Modultabelle enthält alle Feld-Wert-Angaben des Moduls, darunter ECTS, Workload, Lehrveranstaltungen, Semesterempfehlung, Häufigkeit, Inhalte, Lernergebnisse, Teilnahmevoraussetzungen, Prüfungsformen und Voraussetzungen für die Vergabe von ECTS-Leistungspunkten.",487,46,60,1,16,4100; Aufbaumodul – Maschinelles Lernen; Aufbaumodul; Computerlinguistik (integrativ); Bachelorstudium; 12 ECTS; Hausarbeit (mit Programmierprojekt) (Pnr. 4110) oder Studienarbeit (mit Programmierprojekt) (Pnr. 4120); Pnr. 4110; Pnr. 4120; Grundlagen des maschinellen Lernens; 4101; Deep Learning; 4102; Tabelle; Modultabelle; table-module-4100,True,False,True,True,True,True,True,False,False,0-100,False,False,True,,False
modulhandbuch-po2025-4100-notes,retrieval_chunk,module-4100,modulhandbuch.pdf,16,17,2,"16,17",Computerlinguistik (integrativ),Bachelorstudium,4100,Aufbaumodul – Maschinelles Lernen,Aufbaumodul,"a: 3. Fachsemester (Wintersemester)
b: 4. Fachsemester (Sommersemester)
Prüfung im 4. Fachsemester (Sommersemester)",12.0,de,module,notes,workload,normal,"Quelle: modulhandbuch.pdf, Seiten 16-17
Studiengang: Computerlinguistik (integrativ), Bachelorstudium, PO 2025
Modul 4100: Aufbaumodul – Maschinelles Lernen
ECTS: 12
Abschnitt: Sonstige Informationen
Sonstige Informationen: -keine-",231,24,32,1,15,4100; Aufbaumodul – Maschinelles Lernen; Aufbaumodul; Computerlinguistik (integrativ); Bachelorstudium; 12 ECTS; Hausarbeit (mit Programmierprojekt) (Pnr. 4110) oder Studienarbeit (mit Programmierprojekt) (Pnr. 4120); Pnr. 4110; Pnr. 4120; Grundlagen des maschinellen Lernens; 4101; Deep Learning; 4102; Sonstige Informationen; Hinweise,True,False,True,True,True,True,True,False,False,0-100,False,False,True,,False
modulhandbuch-po2025-4200-overview,retrieval_chunk,module-4200,modulhandbuch.pdf,18,19,2,"18,19",Computerlinguistik (integrativ),Bachelorstudium,4200,Aufbaumodul – Mathematische Linguistik,Aufbaumodul,"a: 3. Fachsemester (Wintersemester)
b: 3. Fachsemester (Wintersemester)",6.0,de,module,overview,workload,high,"Quelle: modulhandbuch.pdf, Seiten 18-19
Studiengang: Computerlinguistik (integrativ), Bachelorstudium, PO 2025
Modul 4200: Aufbaumodul – Mathematische Linguistik
ECTS: 6
Abschnitt: Modulübersicht
Modulgruppe: Aufbaumodul
Empfohlenes Studiensemester: a: 3. Fachsemester (Wintersemester)
b: 3. Fachsemester (Wintersemester)
Dauer: 1 Semester
Häufigkeit des Angebots: a: Jedes Wintersemester
b: Jedes Wintersemester
Prüfungsformen: -keineTeilnahmevoraussetzungen: Formal: keine
Inhaltlich: Basismodul – Mathematische und logische Grundlagen,
Basismodul – Grundlagen der Computerlinguistik und formale Grammatikbeschreibung
Inhalte: – Sprachklassen basierend auf der Chomsky-Hierarchie (Automaten, Grammatiken)
– Sprachen und Relationen, rationale Relationen und Finite-State-Methoden
– Komplexitätstheorie und Lernbarkeitstheorie
– Abschlusseigenschaften und Entscheidungsprobleme wichtiger Sprachklassen
Angestrebte Lernergebnisse und Studieninhalte: Vertrautheit mit den mathematischen und informatischen Grundlagen der Linguistik und Computerlinguistik. Verständnis von
Beweisverfahren. Fähigkeit, Sprachen, Grammatiken und Automaten aufeinander zu beziehen und passende Entsprechungen zu konstruieren.",1202,115,150,5,13,4200; Aufbaumodul – Mathematische Linguistik; Aufbaumodul; Computerlinguistik (integrativ); Bachelorstudium; 6 ECTS; -keine-; Automatentheorie & Formale Sprachen; 4201; Übung zu Automatentheorie & Formale Sprachen; 4202; Modulübersicht; Overview,True,False,True,True,True,True,True,False,False,101-300,False,False,True,,False
modulhandbuch-po2025-4200-semester-ects,retrieval_chunk,module-4200,modulhandbuch.pdf,18,19,2,"18,19",Computerlinguistik (integrativ),Bachelorstudium,4200,Aufbaumodul – Mathematische Linguistik,Aufbaumodul,"a: 3. Fachsemester (Wintersemester)
b: 3. Fachsemester (Wintersemester)",6.0,de,module,semester_ects,workload,high,"Quelle: modulhandbuch.pdf, Seiten 18-19
Studiengang: Computerlinguistik (integrativ), Bachelorstudium, PO 2025
Modul 4200: Aufbaumodul – Mathematische Linguistik
ECTS: 6
Abschnitt: Semester, ECTS, Dauer und Häufigkeit
ECTS-Leistungspunkte: 6
Empfohlenes Studiensemester:
a: 3. Fachsemester (Wintersemester)
b: 3. Fachsemester (Wintersemester)
Dauer: 1 Semester
Häufigkeit des Angebots:
a: Jedes Wintersemester
b: Jedes Wintersemester",433,48,63,3,16,4200; Aufbaumodul – Mathematische Linguistik; Aufbaumodul; Computerlinguistik (integrativ); Bachelorstudium; 6 ECTS; -keine-; Automatentheorie & Formale Sprachen; 4201; Übung zu Automatentheorie & Formale Sprachen; 4202; ECTS; Fachsemester; Semester; Dauer; Häufigkeit,True,False,True,True,True,True,True,False,False,0-100,False,False,True,,False
modulhandbuch-po2025-4200-workload,retrieval_chunk,module-4200,modulhandbuch.pdf,18,19,2,"18,19",Computerlinguistik (integrativ),Bachelorstudium,4200,Aufbaumodul – Mathematische Linguistik,Aufbaumodul,"a: 3. Fachsemester (Wintersemester)
b: 3. Fachsemester (Wintersemester)",6.0,de,module,workload,workload,normal,"Quelle: modulhandbuch.pdf, Seiten 18-19
Studiengang: Computerlinguistik (integrativ), Bachelorstudium, PO 2025
Modul 4200: Aufbaumodul – Mathematische Linguistik
ECTS: 6
Abschnitt: Workload, Kontaktzeit und Selbststudium
Workload: 180 Stunden
Kontaktzeit:
a: 2 SWS / 30 Stunden / 1 ECTS-Leistungspunkt
b: 2 SWS / 30 Stunden / 1 ECTS-Leistungspunkt
Selbststudium:
a: 60 Stunden / 2 ECTS-Leistungspunkte
b: 60 Stunden / 2 ECTS-Leistungspunkte
ECTS-Leistungspunkte für die Modulprüfung:
-keine-",491,57,75,1,17,4200; Aufbaumodul – Mathematische Linguistik; Aufbaumodul; Computerlinguistik (integrativ); Bachelorstudium; 6 ECTS; -keine-; Automatentheorie & Formale Sprachen; 4201; Übung zu Automatentheorie & Formale Sprachen; 4202; Workload; Kontaktzeit; Selbststudium; SWS; Stunden; ECTS,True,False,True,True,True,True,True,False,False,0-100,False,False,True,,False
modulhandbuch-po2025-4200-course-components,retrieval_chunk,module-4200,modulhandbuch.pdf,18,19,2,"18,19",Computerlinguistik (integrativ),Bachelorstudium,4200,Aufbaumodul – Mathematische Linguistik,Aufbaumodul,"a: 3. Fachsemester (Wintersemester)
b: 3. Fachsemester (Wintersemester)",6.0,de,module,course_components,workload,normal,"Quelle: modulhandbuch.pdf, Seiten 18-19
Studiengang: Computerlinguistik (integrativ), Bachelorstudium, PO 2025
Modul 4200: Aufbaumodul – Mathematische Linguistik
ECTS: 6
Abschnitt: Lehrveranstaltungen und Lehrformen / Belegung
Lehrveranstaltungen und Lehrformen:
a: Automatentheorie & Formale Sprachen (Seminar) / 4201
b: Übung zu Automatentheorie & Formale Sprachen (Übung) / 4202
Belegung:
Seminar (a) und Übung (b)",417,46,60,1,19,4200; Aufbaumodul – Mathematische Linguistik; Aufbaumodul; Computerlinguistik (integrativ); Bachelorstudium; 6 ECTS; -keine-; Automatentheorie & Formale Sprachen; 4201; Übung zu Automatentheorie & Formale Sprachen; 4202; Lehrveranstaltungen; Lehrformen; Belegung; Seminar; Übung; Vorlesung; Kolloquium; Praktikum,True,False,True,True,True,True,True,False,False,0-100,False,False,True,,False
modulhandbuch-po2025-4200-content,retrieval_chunk,module-4200,modulhandbuch.pdf,18,19,2,"18,19",Computerlinguistik (integrativ),Bachelorstudium,4200,Aufbaumodul – Mathematische Linguistik,Aufbaumodul,"a: 3. Fachsemester (Wintersemester)
b: 3. Fachsemester (Wintersemester)",6.0,de,module,content,workload,normal,"Quelle: modulhandbuch.pdf, Seiten 18-19
Studiengang: Computerlinguistik (integrativ), Bachelorstudium, PO 2025
Modul 4200: Aufbaumodul – Mathematische Linguistik
ECTS: 6
Abschnitt: Inhalte
– Sprachklassen basierend auf der Chomsky-Hierarchie (Automaten, Grammatiken)
– Sprachen und Relationen, rationale Relationen und Finite-State-Methoden
– Komplexitätstheorie und Lernbarkeitstheorie
– Abschlusseigenschaften und Entscheidungsprobleme wichtiger Sprachklassen",461,42,55,1,14,4200; Aufbaumodul – Mathematische Linguistik; Aufbaumodul; Computerlinguistik (integrativ); Bachelorstudium; 6 ECTS; -keine-; Automatentheorie & Formale Sprachen; 4201; Übung zu Automatentheorie & Formale Sprachen; 4202; Inhalte; Themen; Studieninhalte,True,False,True,True,True,True,True,False,False,0-100,False,False,True,,False
modulhandbuch-po2025-4200-learning-outcomes,retrieval_chunk,module-4200,modulhandbuch.pdf,18,19,2,"18,19",Computerlinguistik (integrativ),Bachelorstudium,4200,Aufbaumodul – Mathematische Linguistik,Aufbaumodul,"a: 3. Fachsemester (Wintersemester)
b: 3. Fachsemester (Wintersemester)",6.0,de,module,learning_outcomes,learning_outcomes,normal,"Quelle: modulhandbuch.pdf, Seiten 18-19
Studiengang: Computerlinguistik (integrativ), Bachelorstudium, PO 2025
Modul 4200: Aufbaumodul – Mathematische Linguistik
ECTS: 6
Abschnitt: Angestrebte Lernergebnisse und Studieninhalte
Vertrautheit mit den mathematischen und informatischen Grundlagen der Linguistik und Computerlinguistik. Verständnis von
Beweisverfahren. Fähigkeit, Sprachen, Grammatiken und Automaten aufeinander zu beziehen und passende Entsprechungen zu konstruieren.",480,50,65,3,14,4200; Aufbaumodul – Mathematische Linguistik; Aufbaumodul; Computerlinguistik (integrativ); Bachelorstudium; 6 ECTS; -keine-; Automatentheorie & Formale Sprachen; 4201; Übung zu Automatentheorie & Formale Sprachen; 4202; Lernergebnisse; Kompetenzen; Studieninhalte,True,False,True,True,True,True,True,False,False,0-100,False,False,True,,False
modulhandbuch-po2025-4200-prerequisites,retrieval_chunk,module-4200,modulhandbuch.pdf,18,19,2,"18,19",Computerlinguistik (integrativ),Bachelorstudium,4200,Aufbaumodul – Mathematische Linguistik,Aufbaumodul,"a: 3. Fachsemester (Wintersemester)
b: 3. Fachsemester (Wintersemester)",6.0,de,module,prerequisites,prerequisites,high,"Quelle: modulhandbuch.pdf, Seiten 18-19
Studiengang: Computerlinguistik (integrativ), Bachelorstudium, PO 2025
Modul 4200: Aufbaumodul – Mathematische Linguistik
ECTS: 6
Abschnitt: Teilnahmevoraussetzungen
Formal: keine
Inhaltlich: Basismodul – Mathematische und logische Grundlagen,
Basismodul – Grundlagen der Computerlinguistik und formale Grammatikbeschreibung",364,35,46,1,15,4200; Aufbaumodul – Mathematische Linguistik; Aufbaumodul; Computerlinguistik (integrativ); Bachelorstudium; 6 ECTS; -keine-; Automatentheorie & Formale Sprachen; 4201; Übung zu Automatentheorie & Formale Sprachen; 4202; Teilnahmevoraussetzungen; Voraussetzungen; Formal; Inhaltlich,True,False,True,True,True,True,True,False,False,0-100,False,False,True,,False
modulhandbuch-po2025-4200-exam,retrieval_chunk,module-4200,modulhandbuch.pdf,18,19,2,"18,19",Computerlinguistik (integrativ),Bachelorstudium,4200,Aufbaumodul – Mathematische Linguistik,Aufbaumodul,"a: 3. Fachsemester (Wintersemester)
b: 3. Fachsemester (Wintersemester)",6.0,de,module,exam,exam,high,"Quelle: modulhandbuch.pdf, Seiten 18-19
Studiengang: Computerlinguistik (integrativ), Bachelorstudium, PO 2025
Modul 4200: Aufbaumodul – Mathematische Linguistik
ECTS: 6
Abschnitt: Prüfungsformen und ECTS-Vergabe
Prüfungsformen:
-keine-
ECTS-Leistungspunkte für die Modulprüfung:
-keine-
Voraussetzungen für die Zulassung zur Modulprüfung/Prüfung:
-keine-
Voraussetzungen für die Vergabe von ECTS-Leistungspunkten:
Erbrachte Studienleistungen (SL) in allen Lehrveranstaltungen",476,48,63,1,20,4200; Aufbaumodul – Mathematische Linguistik; Aufbaumodul; Computerlinguistik (integrativ); Bachelorstudium; 6 ECTS; -keine-; Automatentheorie & Formale Sprachen; 4201; Übung zu Automatentheorie & Formale Sprachen; 4202; Prüfungsformen; Pnr; Modulprüfung; Klausur; Hausarbeit; Projektarbeit; Bachelorarbeit; Mündliche Prüfung; Studienarbeit,True,False,True,True,True,True,True,False,False,0-100,False,False,True,,False
modulhandbuch-po2025-4200-table,retrieval_chunk,module-4200,modulhandbuch.pdf,18,19,2,"18,19",Computerlinguistik (integrativ),Bachelorstudium,4200,Aufbaumodul – Mathematische Linguistik,Aufbaumodul,"a: 3. Fachsemester (Wintersemester)
b: 3. Fachsemester (Wintersemester)",6.0,de,module,table,workload,normal,"Quelle: modulhandbuch.pdf, Seiten 18-19
Studiengang: Computerlinguistik (integrativ), Bachelorstudium, PO 2025
Modul 4200: Aufbaumodul – Mathematische Linguistik
ECTS: 6
Abschnitt: Modultabelle
Tabellen-ID: table-module-4200
Die Modultabelle enthält alle Feld-Wert-Angaben des Moduls, darunter ECTS, Workload, Lehrveranstaltungen, Semesterempfehlung, Häufigkeit, Inhalte, Lernergebnisse, Teilnahmevoraussetzungen, Prüfungsformen und Voraussetzungen für die Vergabe von ECTS-Leistungspunkten.",491,46,60,1,14,4200; Aufbaumodul – Mathematische Linguistik; Aufbaumodul; Computerlinguistik (integrativ); Bachelorstudium; 6 ECTS; -keine-; Automatentheorie & Formale Sprachen; 4201; Übung zu Automatentheorie & Formale Sprachen; 4202; Tabelle; Modultabelle; table-module-4200,True,False,True,True,True,True,True,False,False,0-100,False,False,True,,False
modulhandbuch-po2025-4200-notes,retrieval_chunk,module-4200,modulhandbuch.pdf,18,19,2,"18,19",Computerlinguistik (integrativ),Bachelorstudium,4200,Aufbaumodul – Mathematische Linguistik,Aufbaumodul,"a: 3. Fachsemester (Wintersemester)
b: 3. Fachsemester (Wintersemester)",6.0,de,module,notes,workload,normal,"Quelle: modulhandbuch.pdf, Seiten 18-19
Studiengang: Computerlinguistik (integrativ), Bachelorstudium, PO 2025
Modul 4200: Aufbaumodul – Mathematische Linguistik
ECTS: 6
Abschnitt: Sonstige Informationen
Sonstige Informationen: -keine-",235,24,32,1,13,4200; Aufbaumodul – Mathematische Linguistik; Aufbaumodul; Computerlinguistik (integrativ); Bachelorstudium; 6 ECTS; -keine-; Automatentheorie & Formale Sprachen; 4201; Übung zu Automatentheorie & Formale Sprachen; 4202; Sonstige Informationen; Hinweise,True,False,True,True,True,True,True,False,False,0-100,False,False,True,,False
modulhandbuch-po2025-4300-overview,retrieval_chunk,module-4300,modulhandbuch.pdf,20,21,2,"20,21",Computerlinguistik (integrativ),Bachelorstudium,4300,Aufbaumodul – Parsing,Aufbaumodul,"a: 4. Fachsemester (Sommersemester)
b: 4. Fachsemester (Sommersemester)",6.0,de,module,overview,workload,high,"Quelle: modulhandbuch.pdf, Seiten 20-21
Studiengang: Computerlinguistik (integrativ), Bachelorstudium, PO 2025
Modul 4300: Aufbaumodul – Parsing
ECTS: 6
Abschnitt: Modulübersicht
Modulgruppe: Aufbaumodul
Empfohlenes Studiensemester: a: 4. Fachsemester (Sommersemester)
b: 4. Fachsemester (Sommersemester)
Dauer: 1 Semester
Häufigkeit des Angebots: a: Jedes Sommersemester
b: Jedes Sommersemester
Prüfungsformen: -keineTeilnahmevoraussetzungen: Formal: keine
Inhaltlich: Basismodul – Mathematische und logische Grundlagen,
Basismodul – Grundlagen der Computerlinguistik und formale Grammatikbeschreibung,
Basiswissen Linguistik – Morphologie und Syntax
Inhalte: Parsing, also die automatische syntaktische Analyse von Text, ist ein zentraler Bestandteil vieler computerlinguistischer Systeme. Gängige Formate für die Repräsentation von Syntax sind entweder Konstituentenstrukturen oder Dependenzstrukturen. In diesem Modul werden verschiedene Algorithmen und Techniken für das automatische Erstellen derartiger Strukturen
über bestehendem Text (= Parsing) eingeführt. Es werden sowohl symbolische also auch datengetriebene Ansätze behandelt, und es werden Konstituenten- und Dependenzstrukturen berücksichtigt.
Angestrebte Lernergebnisse und Studieninhalte: •
Kenntnisse gängiger Parsingalgorithmen im Bereich des grammatikbasierten Parsings
•
Kenntnisse gängiger Techniken des datengetriebenen Konstituentenparsings
•
Kenntnisse verschiedener Ansätze des Dependenparsing
•
Fähigkeit, Beschreibungen von Parsern, z.B. aus Forschungsartikeln, einordnen und verstehen zu können",1574,164,214,8,13,4300; Aufbaumodul – Parsing; Aufbaumodul; Computerlinguistik (integrativ); Bachelorstudium; 6 ECTS; -keine-; Parsing; 4301; Übung zu Parsing; 4302; Modulübersicht; Overview,True,False,True,True,True,True,True,False,False,101-300,False,False,True,,False
modulhandbuch-po2025-4300-semester-ects,retrieval_chunk,module-4300,modulhandbuch.pdf,20,21,2,"20,21",Computerlinguistik (integrativ),Bachelorstudium,4300,Aufbaumodul – Parsing,Aufbaumodul,"a: 4. Fachsemester (Sommersemester)
b: 4. Fachsemester (Sommersemester)",6.0,de,module,semester_ects,workload,high,"Quelle: modulhandbuch.pdf, Seiten 20-21
Studiengang: Computerlinguistik (integrativ), Bachelorstudium, PO 2025
Modul 4300: Aufbaumodul – Parsing
ECTS: 6
Abschnitt: Semester, ECTS, Dauer und Häufigkeit
ECTS-Leistungspunkte: 6
Empfohlenes Studiensemester:
a: 4. Fachsemester (Sommersemester)
b: 4. Fachsemester (Sommersemester)
Dauer: 1 Semester
Häufigkeit des Angebots:
a: Jedes Sommersemester
b: Jedes Sommersemester",416,47,62,3,16,4300; Aufbaumodul – Parsing; Aufbaumodul; Computerlinguistik (integrativ); Bachelorstudium; 6 ECTS; -keine-; Parsing; 4301; Übung zu Parsing; 4302; ECTS; Fachsemester; Semester; Dauer; Häufigkeit,True,False,True,True,True,True,True,False,False,0-100,False,False,True,,False
modulhandbuch-po2025-4300-workload,retrieval_chunk,module-4300,modulhandbuch.pdf,20,21,2,"20,21",Computerlinguistik (integrativ),Bachelorstudium,4300,Aufbaumodul – Parsing,Aufbaumodul,"a: 4. Fachsemester (Sommersemester)
b: 4. Fachsemester (Sommersemester)",6.0,de,module,workload,workload,normal,"Quelle: modulhandbuch.pdf, Seiten 20-21
Studiengang: Computerlinguistik (integrativ), Bachelorstudium, PO 2025
Modul 4300: Aufbaumodul – Parsing
ECTS: 6
Abschnitt: Workload, Kontaktzeit und Selbststudium
Workload: 180 Stunden
Kontaktzeit:
a: 2 SWS / 30 Stunden / 1 ECTS-Leistungspunkt
b: 2 SWS / 30 Stunden / 1 ECTS-Leistungspunkt
Selbststudium:
a: 60 Stunden / 2 ECTS-Leistungspunkte
b: 60 Stunden / 2 ECTS-Leistungspunkte
ECTS-Leistungspunkte für die Modulprüfung:
-keine-",474,56,73,1,17,4300; Aufbaumodul – Parsing; Aufbaumodul; Computerlinguistik (integrativ); Bachelorstudium; 6 ECTS; -keine-; Parsing; 4301; Übung zu Parsing; 4302; Workload; Kontaktzeit; Selbststudium; SWS; Stunden; ECTS,True,False,True,True,True,True,True,False,False,0-100,False,False,True,,False
modulhandbuch-po2025-4300-course-components,retrieval_chunk,module-4300,modulhandbuch.pdf,20,21,2,"20,21",Computerlinguistik (integrativ),Bachelorstudium,4300,Aufbaumodul – Parsing,Aufbaumodul,"a: 4. Fachsemester (Sommersemester)
b: 4. Fachsemester (Sommersemester)",6.0,de,module,course_components,workload,normal,"Quelle: modulhandbuch.pdf, Seiten 20-21
Studiengang: Computerlinguistik (integrativ), Bachelorstudium, PO 2025
Modul 4300: Aufbaumodul – Parsing
ECTS: 6
Abschnitt: Lehrveranstaltungen und Lehrformen / Belegung
Lehrveranstaltungen und Lehrformen:
a: Parsing (Seminar) / 4301
b: Übung zu Parsing (Übung) / 4302
Belegung:
Seminar (a) und Übung (b)",344,41,54,1,19,4300; Aufbaumodul – Parsing; Aufbaumodul; Computerlinguistik (integrativ); Bachelorstudium; 6 ECTS; -keine-; Parsing; 4301; Übung zu Parsing; 4302; Lehrveranstaltungen; Lehrformen; Belegung; Seminar; Übung; Vorlesung; Kolloquium; Praktikum,True,False,True,True,True,True,True,False,False,0-100,False,False,True,,False
modulhandbuch-po2025-4300-content,retrieval_chunk,module-4300,modulhandbuch.pdf,20,21,2,"20,21",Computerlinguistik (integrativ),Bachelorstudium,4300,Aufbaumodul – Parsing,Aufbaumodul,"a: 4. Fachsemester (Sommersemester)
b: 4. Fachsemester (Sommersemester)",6.0,de,module,content,workload,normal,"Quelle: modulhandbuch.pdf, Seiten 20-21
Studiengang: Computerlinguistik (integrativ), Bachelorstudium, PO 2025
Modul 4300: Aufbaumodul – Parsing
ECTS: 6
Abschnitt: Inhalte
Parsing, also die automatische syntaktische Analyse von Text, ist ein zentraler Bestandteil vieler computerlinguistischer Systeme. Gängige Formate für die Repräsentation von Syntax sind entweder Konstituentenstrukturen oder Dependenzstrukturen. In diesem Modul werden verschiedene Algorithmen und Techniken für das automatische Erstellen derartiger Strukturen
über bestehendem Text (= Parsing) eingeführt. Es werden sowohl symbolische also auch datengetriebene Ansätze behandelt, und es werden Konstituenten- und Dependenzstrukturen berücksichtigt.",720,81,106,4,14,4300; Aufbaumodul – Parsing; Aufbaumodul; Computerlinguistik (integrativ); Bachelorstudium; 6 ECTS; -keine-; Parsing; 4301; Übung zu Parsing; 4302; Inhalte; Themen; Studieninhalte,True,False,True,True,True,True,True,False,False,101-300,False,False,True,,False
modulhandbuch-po2025-4300-learning-outcomes,retrieval_chunk,module-4300,modulhandbuch.pdf,20,21,2,"20,21",Computerlinguistik (integrativ),Bachelorstudium,4300,Aufbaumodul – Parsing,Aufbaumodul,"a: 4. Fachsemester (Sommersemester)
b: 4. Fachsemester (Sommersemester)",6.0,de,module,learning_outcomes,learning_outcomes,normal,"Quelle: modulhandbuch.pdf, Seiten 20-21
Studiengang: Computerlinguistik (integrativ), Bachelorstudium, PO 2025
Modul 4300: Aufbaumodul – Parsing
ECTS: 6
Abschnitt: Angestrebte Lernergebnisse und Studieninhalte
•
Kenntnisse gängiger Parsingalgorithmen im Bereich des grammatikbasierten Parsings
•
Kenntnisse gängiger Techniken des datengetriebenen Konstituentenparsings
•
Kenntnisse verschiedener Ansätze des Dependenparsing
•
Fähigkeit, Beschreibungen von Parsern, z.B. aus Forschungsartikeln, einordnen und verstehen zu können",527,54,71,2,14,4300; Aufbaumodul – Parsing; Aufbaumodul; Computerlinguistik (integrativ); Bachelorstudium; 6 ECTS; -keine-; Parsing; 4301; Übung zu Parsing; 4302; Lernergebnisse; Kompetenzen; Studieninhalte,True,False,True,True,True,True,True,False,False,0-100,False,False,True,,False
modulhandbuch-po2025-4300-prerequisites,retrieval_chunk,module-4300,modulhandbuch.pdf,20,21,2,"20,21",Computerlinguistik (integrativ),Bachelorstudium,4300,Aufbaumodul – Parsing,Aufbaumodul,"a: 4. Fachsemester (Sommersemester)
b: 4. Fachsemester (Sommersemester)",6.0,de,module,prerequisites,prerequisites,high,"Quelle: modulhandbuch.pdf, Seiten 20-21
Studiengang: Computerlinguistik (integrativ), Bachelorstudium, PO 2025
Modul 4300: Aufbaumodul – Parsing
ECTS: 6
Abschnitt: Teilnahmevoraussetzungen
Formal: keine
Inhaltlich: Basismodul – Mathematische und logische Grundlagen,
Basismodul – Grundlagen der Computerlinguistik und formale Grammatikbeschreibung,
Basiswissen Linguistik – Morphologie und Syntax",396,39,51,1,15,4300; Aufbaumodul – Parsing; Aufbaumodul; Computerlinguistik (integrativ); Bachelorstudium; 6 ECTS; -keine-; Parsing; 4301; Übung zu Parsing; 4302; Teilnahmevoraussetzungen; Voraussetzungen; Formal; Inhaltlich,True,False,True,True,True,True,True,False,False,0-100,False,False,True,,False
modulhandbuch-po2025-4300-exam,retrieval_chunk,module-4300,modulhandbuch.pdf,20,21,2,"20,21",Computerlinguistik (integrativ),Bachelorstudium,4300,Aufbaumodul – Parsing,Aufbaumodul,"a: 4. Fachsemester (Sommersemester)
b: 4. Fachsemester (Sommersemester)",6.0,de,module,exam,exam,high,"Quelle: modulhandbuch.pdf, Seiten 20-21
Studiengang: Computerlinguistik (integrativ), Bachelorstudium, PO 2025
Modul 4300: Aufbaumodul – Parsing
ECTS: 6
Abschnitt: Prüfungsformen und ECTS-Vergabe
Prüfungsformen:
-keine-
ECTS-Leistungspunkte für die Modulprüfung:
-keine-
Voraussetzungen für die Zulassung zur Modulprüfung/Prüfung:
-keine-
Voraussetzungen für die Vergabe von ECTS-Leistungspunkten:
Erbrachte Studienleistungen (SL) in allen Lehrveranstaltungen",459,47,62,1,20,4300; Aufbaumodul – Parsing; Aufbaumodul; Computerlinguistik (integrativ); Bachelorstudium; 6 ECTS; -keine-; Parsing; 4301; Übung zu Parsing; 4302; Prüfungsformen; Pnr; Modulprüfung; Klausur; Hausarbeit; Projektarbeit; Bachelorarbeit; Mündliche Prüfung; Studienarbeit,True,False,True,True,True,True,True,False,False,0-100,False,False,True,,False
modulhandbuch-po2025-4300-table,retrieval_chunk,module-4300,modulhandbuch.pdf,20,21,2,"20,21",Computerlinguistik (integrativ),Bachelorstudium,4300,Aufbaumodul – Parsing,Aufbaumodul,"a: 4. Fachsemester (Sommersemester)
b: 4. Fachsemester (Sommersemester)",6.0,de,module,table,workload,normal,"Quelle: modulhandbuch.pdf, Seiten 20-21
Studiengang: Computerlinguistik (integrativ), Bachelorstudium, PO 2025
Modul 4300: Aufbaumodul – Parsing
ECTS: 6
Abschnitt: Modultabelle
Tabellen-ID: table-module-4300
Die Modultabelle enthält alle Feld-Wert-Angaben des Moduls, darunter ECTS, Workload, Lehrveranstaltungen, Semesterempfehlung, Häufigkeit, Inhalte, Lernergebnisse, Teilnahmevoraussetzungen, Prüfungsformen und Voraussetzungen für die Vergabe von ECTS-Leistungspunkten.",474,45,59,1,14,4300; Aufbaumodul – Parsing; Aufbaumodul; Computerlinguistik (integrativ); Bachelorstudium; 6 ECTS; -keine-; Parsing; 4301; Übung zu Parsing; 4302; Tabelle; Modultabelle; table-module-4300,True,False,True,True,True,True,True,False,False,0-100,False,False,True,,False
modulhandbuch-po2025-4300-notes,retrieval_chunk,module-4300,modulhandbuch.pdf,20,21,2,"20,21",Computerlinguistik (integrativ),Bachelorstudium,4300,Aufbaumodul – Parsing,Aufbaumodul,"a: 4. Fachsemester (Sommersemester)
b: 4. Fachsemester (Sommersemester)",6.0,de,module,notes,workload,normal,"Quelle: modulhandbuch.pdf, Seiten 20-21
Studiengang: Computerlinguistik (integrativ), Bachelorstudium, PO 2025
Modul 4300: Aufbaumodul – Parsing
ECTS: 6
Abschnitt: Sonstige Informationen
Sonstige Informationen: -keine-",218,23,30,1,13,4300; Aufbaumodul – Parsing; Aufbaumodul; Computerlinguistik (integrativ); Bachelorstudium; 6 ECTS; -keine-; Parsing; 4301; Übung zu Parsing; 4302; Sonstige Informationen; Hinweise,True,False,True,True,True,True,True,False,False,0-100,False,False,True,,False
modulhandbuch-po2025-4400-overview,retrieval_chunk,module-4400,modulhandbuch.pdf,22,23,2,"22,23",Computerlinguistik (integrativ),Bachelorstudium,4400,Aufbaumodul – Logische Programmierung,Aufbaumodul,"a: 4. Fachsemester (Sommersemester)
b: 4. Fachsemester (Sommersemester)",6.0,de,module,overview,workload,high,"Quelle: modulhandbuch.pdf, Seiten 22-23
Studiengang: Computerlinguistik (integrativ), Bachelorstudium, PO 2025
Modul 4400: Aufbaumodul – Logische Programmierung
ECTS: 6
Abschnitt: Modulübersicht
Modulgruppe: Aufbaumodul
Empfohlenes Studiensemester: a: 4. Fachsemester (Sommersemester)
b: 4. Fachsemester (Sommersemester)
Dauer: 1 Semester
Häufigkeit des Angebots: a: Jedes Sommersemester
b: Jedes Sommersemester
Prüfungsformen: -keineTeilnahmevoraussetzungen: Formal: keine
Inhaltlich: Basismodul – Mathematische und logische Grundlagen
Inhalte: a: Einführung in das logische Programmierparadigma anhand der logischen Programmiersprache Prolog. ist eine logische
Programmiersprache, die auf der mathematischen Logik beruht. Insbesondere werden die Themen Beweisverfahren, Rekursion, Listenverarbeitung und kontextfreie Grammatiken behandelt.
b: Übungen zu (a)
Angestrebte Lernergebnisse und Studieninhalte: Die Studierenden lernen Probleme nach dem deklarativen Programmierparadigma in der logischen Programmiersprache
Prolog zu lösen. Sie vertiefen dabei ihre bisher erworbenen Kenntnisse im Bereich Logik, Semantik und formale Sprachen.",1138,124,162,7,13,4400; Aufbaumodul – Logische Programmierung; Aufbaumodul; Computerlinguistik (integrativ); Bachelorstudium; 6 ECTS; -keine-; Einführung in Prolog; 4401; Übung Prolog; 4402; Modulübersicht; Overview,True,False,True,True,True,True,True,False,False,101-300,False,False,True,Quelltext enthält die Satzfolge 'Prolog. ist eine logische Programmiersprache'.,False
modulhandbuch-po2025-4400-semester-ects,retrieval_chunk,module-4400,modulhandbuch.pdf,22,23,2,"22,23",Computerlinguistik (integrativ),Bachelorstudium,4400,Aufbaumodul – Logische Programmierung,Aufbaumodul,"a: 4. Fachsemester (Sommersemester)
b: 4. Fachsemester (Sommersemester)",6.0,de,module,semester_ects,workload,high,"Quelle: modulhandbuch.pdf, Seiten 22-23
Studiengang: Computerlinguistik (integrativ), Bachelorstudium, PO 2025
Modul 4400: Aufbaumodul – Logische Programmierung
ECTS: 6
Abschnitt: Semester, ECTS, Dauer und Häufigkeit
ECTS-Leistungspunkte: 6
Empfohlenes Studiensemester:
a: 4. Fachsemester (Sommersemester)
b: 4. Fachsemester (Sommersemester)
Dauer: 1 Semester
Häufigkeit des Angebots:
a: Jedes Sommersemester
b: Jedes Sommersemester",432,48,63,3,16,4400; Aufbaumodul – Logische Programmierung; Aufbaumodul; Computerlinguistik (integrativ); Bachelorstudium; 6 ECTS; -keine-; Einführung in Prolog; 4401; Übung Prolog; 4402; ECTS; Fachsemester; Semester; Dauer; Häufigkeit,True,False,True,True,True,True,True,False,False,0-100,False,False,True,,False
modulhandbuch-po2025-4400-workload,retrieval_chunk,module-4400,modulhandbuch.pdf,22,23,2,"22,23",Computerlinguistik (integrativ),Bachelorstudium,4400,Aufbaumodul – Logische Programmierung,Aufbaumodul,"a: 4. Fachsemester (Sommersemester)
b: 4. Fachsemester (Sommersemester)",6.0,de,module,workload,workload,normal,"Quelle: modulhandbuch.pdf, Seiten 22-23
Studiengang: Computerlinguistik (integrativ), Bachelorstudium, PO 2025
Modul 4400: Aufbaumodul – Logische Programmierung
ECTS: 6
Abschnitt: Workload, Kontaktzeit und Selbststudium
Workload: 180 Stunden
Kontaktzeit:
a: 2 SWS / 30 Stunden / 1 ECTS-Leistungspunkt
b: 2 SWS / 30 Stunden / 1 ECTS-Leistungspunkt
Selbststudium:
a: 60 Stunden / 2 ECTS-Leistungspunkte
b: 60 Stunden / 2 ECTS-Leistungspunkte
ECTS-Leistungspunkte für die Modulprüfung:
-keine-",490,57,75,1,17,4400; Aufbaumodul – Logische Programmierung; Aufbaumodul; Computerlinguistik (integrativ); Bachelorstudium; 6 ECTS; -keine-; Einführung in Prolog; 4401; Übung Prolog; 4402; Workload; Kontaktzeit; Selbststudium; SWS; Stunden; ECTS,True,False,True,True,True,True,True,False,False,0-100,False,False,True,,False
modulhandbuch-po2025-4400-course-components,retrieval_chunk,module-4400,modulhandbuch.pdf,22,23,2,"22,23",Computerlinguistik (integrativ),Bachelorstudium,4400,Aufbaumodul – Logische Programmierung,Aufbaumodul,"a: 4. Fachsemester (Sommersemester)
b: 4. Fachsemester (Sommersemester)",6.0,de,module,course_components,workload,normal,"Quelle: modulhandbuch.pdf, Seiten 22-23
Studiengang: Computerlinguistik (integrativ), Bachelorstudium, PO 2025
Modul 4400: Aufbaumodul – Logische Programmierung
ECTS: 6
Abschnitt: Lehrveranstaltungen und Lehrformen / Belegung
Lehrveranstaltungen und Lehrformen:
a: Einführung in Prolog (Seminar) / 4401
b: Übung Prolog (Übung) / 4402
Belegung:
Seminar (a) mit Übung (b)",369,43,56,1,19,4400; Aufbaumodul – Logische Programmierung; Aufbaumodul; Computerlinguistik (integrativ); Bachelorstudium; 6 ECTS; -keine-; Einführung in Prolog; 4401; Übung Prolog; 4402; Lehrveranstaltungen; Lehrformen; Belegung; Seminar; Übung; Vorlesung; Kolloquium; Praktikum,True,False,True,True,True,True,True,False,False,0-100,False,False,True,,False
modulhandbuch-po2025-4400-content,retrieval_chunk,module-4400,modulhandbuch.pdf,22,23,2,"22,23",Computerlinguistik (integrativ),Bachelorstudium,4400,Aufbaumodul – Logische Programmierung,Aufbaumodul,"a: 4. Fachsemester (Sommersemester)
b: 4. Fachsemester (Sommersemester)",6.0,de,module,content,workload,normal,"Quelle: modulhandbuch.pdf, Seiten 22-23
Studiengang: Computerlinguistik (integrativ), Bachelorstudium, PO 2025
Modul 4400: Aufbaumodul – Logische Programmierung
ECTS: 6
Abschnitt: Inhalte
a: Einführung in das logische Programmierparadigma anhand der logischen Programmiersprache Prolog. ist eine logische
Programmiersprache, die auf der mathematischen Logik beruht. Insbesondere werden die Themen Beweisverfahren, Rekursion, Listenverarbeitung und kontextfreie Grammatiken behandelt.
b: Übungen zu (a)",501,56,73,4,14,4400; Aufbaumodul – Logische Programmierung; Aufbaumodul; Computerlinguistik (integrativ); Bachelorstudium; 6 ECTS; -keine-; Einführung in Prolog; 4401; Übung Prolog; 4402; Inhalte; Themen; Studieninhalte,True,False,True,True,True,True,True,False,False,0-100,False,False,True,,False
modulhandbuch-po2025-4400-learning-outcomes,retrieval_chunk,module-4400,modulhandbuch.pdf,22,23,2,"22,23",Computerlinguistik (integrativ),Bachelorstudium,4400,Aufbaumodul – Logische Programmierung,Aufbaumodul,"a: 4. Fachsemester (Sommersemester)
b: 4. Fachsemester (Sommersemester)",6.0,de,module,learning_outcomes,learning_outcomes,normal,"Quelle: modulhandbuch.pdf, Seiten 22-23
Studiengang: Computerlinguistik (integrativ), Bachelorstudium, PO 2025
Modul 4400: Aufbaumodul – Logische Programmierung
ECTS: 6
Abschnitt: Angestrebte Lernergebnisse und Studieninhalte
Die Studierenden lernen Probleme nach dem deklarativen Programmierparadigma in der logischen Programmiersprache
Prolog zu lösen. Sie vertiefen dabei ihre bisher erworbenen Kenntnisse im Bereich Logik, Semantik und formale Sprachen.",457,52,68,2,14,4400; Aufbaumodul – Logische Programmierung; Aufbaumodul; Computerlinguistik (integrativ); Bachelorstudium; 6 ECTS; -keine-; Einführung in Prolog; 4401; Übung Prolog; 4402; Lernergebnisse; Kompetenzen; Studieninhalte,True,False,True,True,True,True,True,False,False,0-100,False,False,True,,False
modulhandbuch-po2025-4400-prerequisites,retrieval_chunk,module-4400,modulhandbuch.pdf,22,23,2,"22,23",Computerlinguistik (integrativ),Bachelorstudium,4400,Aufbaumodul – Logische Programmierung,Aufbaumodul,"a: 4. Fachsemester (Sommersemester)
b: 4. Fachsemester (Sommersemester)",6.0,de,module,prerequisites,prerequisites,high,"Quelle: modulhandbuch.pdf, Seiten 22-23
Studiengang: Computerlinguistik (integrativ), Bachelorstudium, PO 2025
Modul 4400: Aufbaumodul – Logische Programmierung
ECTS: 6
Abschnitt: Teilnahmevoraussetzungen
Formal: keine
Inhaltlich: Basismodul – Mathematische und logische Grundlagen",281,28,37,1,15,4400; Aufbaumodul – Logische Programmierung; Aufbaumodul; Computerlinguistik (integrativ); Bachelorstudium; 6 ECTS; -keine-; Einführung in Prolog; 4401; Übung Prolog; 4402; Teilnahmevoraussetzungen; Voraussetzungen; Formal; Inhaltlich,True,False,True,True,True,True,True,False,False,0-100,False,False,True,,False
modulhandbuch-po2025-4400-exam,retrieval_chunk,module-4400,modulhandbuch.pdf,22,23,2,"22,23",Computerlinguistik (integrativ),Bachelorstudium,4400,Aufbaumodul – Logische Programmierung,Aufbaumodul,"a: 4. Fachsemester (Sommersemester)
b: 4. Fachsemester (Sommersemester)",6.0,de,module,exam,exam,high,"Quelle: modulhandbuch.pdf, Seiten 22-23
Studiengang: Computerlinguistik (integrativ), Bachelorstudium, PO 2025
Modul 4400: Aufbaumodul – Logische Programmierung
ECTS: 6
Abschnitt: Prüfungsformen und ECTS-Vergabe
Prüfungsformen:
-keine-
ECTS-Leistungspunkte für die Modulprüfung:
-keine-
Voraussetzungen für die Zulassung zur Modulprüfung/Prüfung:
-keine-
Voraussetzungen für die Vergabe von ECTS-Leistungspunkten:
Erbrachte Studienleistungen (SL) in den Lehrveranstaltungen (a) und (b).",486,51,67,1,20,4400; Aufbaumodul – Logische Programmierung; Aufbaumodul; Computerlinguistik (integrativ); Bachelorstudium; 6 ECTS; -keine-; Einführung in Prolog; 4401; Übung Prolog; 4402; Prüfungsformen; Pnr; Modulprüfung; Klausur; Hausarbeit; Projektarbeit; Bachelorarbeit; Mündliche Prüfung; Studienarbeit,True,False,True,True,True,True,True,False,False,0-100,False,False,True,,False
modulhandbuch-po2025-4400-table,retrieval_chunk,module-4400,modulhandbuch.pdf,22,23,2,"22,23",Computerlinguistik (integrativ),Bachelorstudium,4400,Aufbaumodul – Logische Programmierung,Aufbaumodul,"a: 4. Fachsemester (Sommersemester)
b: 4. Fachsemester (Sommersemester)",6.0,de,module,table,workload,normal,"Quelle: modulhandbuch.pdf, Seiten 22-23
Studiengang: Computerlinguistik (integrativ), Bachelorstudium, PO 2025
Modul 4400: Aufbaumodul – Logische Programmierung
ECTS: 6
Abschnitt: Modultabelle
Tabellen-ID: table-module-4400
Die Modultabelle enthält alle Feld-Wert-Angaben des Moduls, darunter ECTS, Workload, Lehrveranstaltungen, Semesterempfehlung, Häufigkeit, Inhalte, Lernergebnisse, Teilnahmevoraussetzungen, Prüfungsformen und Voraussetzungen für die Vergabe von ECTS-Leistungspunkten.",490,46,60,1,14,4400; Aufbaumodul – Logische Programmierung; Aufbaumodul; Computerlinguistik (integrativ); Bachelorstudium; 6 ECTS; -keine-; Einführung in Prolog; 4401; Übung Prolog; 4402; Tabelle; Modultabelle; table-module-4400,True,False,True,True,True,True,True,False,False,0-100,False,False,True,,False
modulhandbuch-po2025-4400-notes,retrieval_chunk,module-4400,modulhandbuch.pdf,22,23,2,"22,23",Computerlinguistik (integrativ),Bachelorstudium,4400,Aufbaumodul – Logische Programmierung,Aufbaumodul,"a: 4. Fachsemester (Sommersemester)
b: 4. Fachsemester (Sommersemester)",6.0,de,module,notes,workload,normal,"Quelle: modulhandbuch.pdf, Seiten 22-23
Studiengang: Computerlinguistik (integrativ), Bachelorstudium, PO 2025
Modul 4400: Aufbaumodul – Logische Programmierung
ECTS: 6
Abschnitt: Sonstige Informationen
Sonstige Informationen: -keine-",234,24,32,1,13,4400; Aufbaumodul – Logische Programmierung; Aufbaumodul; Computerlinguistik (integrativ); Bachelorstudium; 6 ECTS; -keine-; Einführung in Prolog; 4401; Übung Prolog; 4402; Sonstige Informationen; Hinweise,True,False,True,True,True,True,True,False,False,0-100,False,False,True,,False
modulhandbuch-po2025-4500-overview,retrieval_chunk,module-4500,modulhandbuch.pdf,24,25,2,"24,25",Computerlinguistik (integrativ),Bachelorstudium,4500,Aufbaumodul – Objektorientierte Programmierung,Aufbaumodul,"a: 3. Fachsemester (Wintersemester)
b: 3. Fachsemester (Wintersemester)
c: 3. Fachsemester (Wintersemester)",12.0,de,module,overview,workload,high,"Quelle: modulhandbuch.pdf, Seiten 24-25
Studiengang: Computerlinguistik (integrativ), Bachelorstudium, PO 2025
Modul 4500: Aufbaumodul – Objektorientierte Programmierung
ECTS: 12
Abschnitt: Modulübersicht
Modulgruppe: Aufbaumodul
Empfohlenes Studiensemester: a: 3. Fachsemester (Wintersemester)
b: 3. Fachsemester (Wintersemester)
c: 3. Fachsemester (Wintersemester)
Dauer: 1 Semester
Häufigkeit des Angebots: a: Jedes Wintersemester
b: Jedes Wintersemester
c: Jedes Wintersemester
Prüfungsformen: Klausur (Pnr. 4510)
Teilnahmevoraussetzungen: Formal: Keine
Inhaltlich: Basismodul – Mathematische und logische Grundlagen,
Basismodul – Python-Programmierung
Inhalte: Dieses Modul vermittelt grundlegende Programmierkenntnisse in einer objektorientierten Programmiersprache. Darüber hinaus werden
einführend Aspekte von Algorithmen und Datenstrukturen behandelt. Es wird keine Programmiererfahrung vorausgesetzt.
– Grundlegende Begriffe der Informatik
– Primitive Datentypen und Variablen
– Kontrollstrukturen
– Eigene Datentypen (Klassen) und Arrays
– Programmstrukturen im Speicher (Heap, Stack)
– Konzepte der Objektorientierung (Polymorphie, Schnittstellen)
– Rekursion
– Fehlerbehandlung
– Dynamische Datenstrukturen (Listen, Binärbäume, Hashing)
– Suchen und Sortieren (ausgewählte Algorithmen, u.a. binäre Suche, BubbleSort, QuickSort)
– Datenströme (Standard-Eingabe und -Ausgabe, einfache 2D-Grafik, Dateien)
Angestrebte Lernergebnisse und Studieninhalte: Studierende sollen nach Absolvierung der Lehrveranstaltungen in der Lage sein,
– Begriffe der Informatik und der Programmierung zu nennen und zu erläutern
– einfache Algorithmen (iterativ und rekursiv) zu verstehen, deren Ablauf zu beschreiben, sowie selbst zu erstellen
– eigene Datentypen zu konzipieren und anzuwenden
– einfache objektorientierte Programme mit Polymorphie, Vererbung und Schnittstellen zu entwickeln
– die behandelten dynamischen Datenstrukturen anzuwenden.",1940,201,262,9,16,4500; Aufbaumodul – Objektorientierte Programmierung; Aufbaumodul; Computerlinguistik (integrativ); Bachelorstudium; 12 ECTS; Klausur (Pnr. 4510); Pnr. 4510; Programmierung; 4501; Übung zur Vorlesung; 4502; Praktische Übung zur Vorlesung; 4503; Modulübersicht; Overview,True,False,True,True,True,True,True,False,False,101-300,False,False,True,Quelltext enthält bei Selbststudium c die Schreibweise '1 ECTS-Leistungspunk'.,False
modulhandbuch-po2025-4500-semester-ects,retrieval_chunk,module-4500,modulhandbuch.pdf,24,25,2,"24,25",Computerlinguistik (integrativ),Bachelorstudium,4500,Aufbaumodul – Objektorientierte Programmierung,Aufbaumodul,"a: 3. Fachsemester (Wintersemester)
b: 3. Fachsemester (Wintersemester)
c: 3. Fachsemester (Wintersemester)",12.0,de,module,semester_ects,workload,high,"Quelle: modulhandbuch.pdf, Seiten 24-25
Studiengang: Computerlinguistik (integrativ), Bachelorstudium, PO 2025
Modul 4500: Aufbaumodul – Objektorientierte Programmierung
ECTS: 12
Abschnitt: Semester, ECTS, Dauer und Häufigkeit
ECTS-Leistungspunkte: 12
Empfohlenes Studiensemester:
a: 3. Fachsemester (Wintersemester)
b: 3. Fachsemester (Wintersemester)
c: 3. Fachsemester (Wintersemester)
Dauer: 1 Semester
Häufigkeit des Angebots:
a: Jedes Wintersemester
b: Jedes Wintersemester
c: Jedes Wintersemester",503,55,72,4,19,4500; Aufbaumodul – Objektorientierte Programmierung; Aufbaumodul; Computerlinguistik (integrativ); Bachelorstudium; 12 ECTS; Klausur (Pnr. 4510); Pnr. 4510; Programmierung; 4501; Übung zur Vorlesung; 4502; Praktische Übung zur Vorlesung; 4503; ECTS; Fachsemester; Semester; Dauer; Häufigkeit,True,False,True,True,True,True,True,False,False,0-100,False,False,True,,False
modulhandbuch-po2025-4500-workload,retrieval_chunk,module-4500,modulhandbuch.pdf,24,25,2,"24,25",Computerlinguistik (integrativ),Bachelorstudium,4500,Aufbaumodul – Objektorientierte Programmierung,Aufbaumodul,"a: 3. Fachsemester (Wintersemester)
b: 3. Fachsemester (Wintersemester)
c: 3. Fachsemester (Wintersemester)",12.0,de,module,workload,workload,normal,"Quelle: modulhandbuch.pdf, Seiten 24-25
Studiengang: Computerlinguistik (integrativ), Bachelorstudium, PO 2025
Modul 4500: Aufbaumodul – Objektorientierte Programmierung
ECTS: 12
Abschnitt: Workload, Kontaktzeit und Selbststudium
Workload: 360 Stunden
Kontaktzeit:
a: 4 SWS / 60 Stunden / 2 ECTS-Leistungspunkte
b: 2 SWS / 30 Stunden / 1 ECTS-Leistungspunkt
c: 2 SWS / 30 Stunden / 1 ECTS-Leistungspunkt
Selbststudium:
a: 60 Stunden / 2 ECTS-Leistungspunkte
b: 30 Stunden / 1 ECTS-Leistungspunkt
c: 30 Stunden / 1 ECTS-Leistungspunk
ECTS-Leistungspunkte für die Modulprüfung:
4 ECTS-Leistungspunkte",598,70,91,1,20,4500; Aufbaumodul – Objektorientierte Programmierung; Aufbaumodul; Computerlinguistik (integrativ); Bachelorstudium; 12 ECTS; Klausur (Pnr. 4510); Pnr. 4510; Programmierung; 4501; Übung zur Vorlesung; 4502; Praktische Übung zur Vorlesung; 4503; Workload; Kontaktzeit; Selbststudium; SWS; Stunden; ECTS,True,False,True,True,True,True,True,False,False,0-100,False,False,True,,False
modulhandbuch-po2025-4500-course-components,retrieval_chunk,module-4500,modulhandbuch.pdf,24,25,2,"24,25",Computerlinguistik (integrativ),Bachelorstudium,4500,Aufbaumodul – Objektorientierte Programmierung,Aufbaumodul,"a: 3. Fachsemester (Wintersemester)
b: 3. Fachsemester (Wintersemester)
c: 3. Fachsemester (Wintersemester)",12.0,de,module,course_components,workload,normal,"Quelle: modulhandbuch.pdf, Seiten 24-25
Studiengang: Computerlinguistik (integrativ), Bachelorstudium, PO 2025
Modul 4500: Aufbaumodul – Objektorientierte Programmierung
ECTS: 12
Abschnitt: Lehrveranstaltungen und Lehrformen / Belegung
Lehrveranstaltungen und Lehrformen:
a: Programmierung (Vorlesung) / 4501
b: Übung zur Vorlesung (Übung) / 4502
c: Praktische Übung zur Vorlesung (Praktische Übung) / 4503
Belegung:
Vorlesung (a) mit Übung (b) und praktischer Übung (c)",470,54,71,1,22,4500; Aufbaumodul – Objektorientierte Programmierung; Aufbaumodul; Computerlinguistik (integrativ); Bachelorstudium; 12 ECTS; Klausur (Pnr. 4510); Pnr. 4510; Programmierung; 4501; Übung zur Vorlesung; 4502; Praktische Übung zur Vorlesung; 4503; Lehrveranstaltungen; Lehrformen; Belegung; Seminar; Übung; Vorlesung; Kolloquium; Praktikum,True,False,True,True,True,True,True,False,False,0-100,False,False,True,,False
modulhandbuch-po2025-4500-content,retrieval_chunk,module-4500,modulhandbuch.pdf,24,25,2,"24,25",Computerlinguistik (integrativ),Bachelorstudium,4500,Aufbaumodul – Objektorientierte Programmierung,Aufbaumodul,"a: 3. Fachsemester (Wintersemester)
b: 3. Fachsemester (Wintersemester)
c: 3. Fachsemester (Wintersemester)",12.0,de,module,content,workload,normal,"Quelle: modulhandbuch.pdf, Seiten 24-25
Studiengang: Computerlinguistik (integrativ), Bachelorstudium, PO 2025
Modul 4500: Aufbaumodul – Objektorientierte Programmierung
ECTS: 12
Abschnitt: Inhalte
Dieses Modul vermittelt grundlegende Programmierkenntnisse in einer objektorientierten Programmiersprache. Darüber hinaus werden
einführend Aspekte von Algorithmen und Datenstrukturen behandelt. Es wird keine Programmiererfahrung vorausgesetzt.
– Grundlegende Begriffe der Informatik
– Primitive Datentypen und Variablen
– Kontrollstrukturen
– Eigene Datentypen (Klassen) und Arrays
– Programmstrukturen im Speicher (Heap, Stack)
– Konzepte der Objektorientierung (Polymorphie, Schnittstellen)
– Rekursion
– Fehlerbehandlung
– Dynamische Datenstrukturen (Listen, Binärbäume, Hashing)
– Suchen und Sortieren (ausgewählte Algorithmen, u.a. binäre Suche, BubbleSort, QuickSort)
– Datenströme (Standard-Eingabe und -Ausgabe, einfache 2D-Grafik, Dateien)",947,93,121,5,17,4500; Aufbaumodul – Objektorientierte Programmierung; Aufbaumodul; Computerlinguistik (integrativ); Bachelorstudium; 12 ECTS; Klausur (Pnr. 4510); Pnr. 4510; Programmierung; 4501; Übung zur Vorlesung; 4502; Praktische Übung zur Vorlesung; 4503; Inhalte; Themen; Studieninhalte,True,False,True,True,True,True,True,False,False,101-300,False,False,True,,False
modulhandbuch-po2025-4500-learning-outcomes,retrieval_chunk,module-4500,modulhandbuch.pdf,24,25,2,"24,25",Computerlinguistik (integrativ),Bachelorstudium,4500,Aufbaumodul – Objektorientierte Programmierung,Aufbaumodul,"a: 3. Fachsemester (Wintersemester)
b: 3. Fachsemester (Wintersemester)
c: 3. Fachsemester (Wintersemester)",12.0,de,module,learning_outcomes,learning_outcomes,normal,"Quelle: modulhandbuch.pdf, Seiten 24-25
Studiengang: Computerlinguistik (integrativ), Bachelorstudium, PO 2025
Modul 4500: Aufbaumodul – Objektorientierte Programmierung
ECTS: 12
Abschnitt: Angestrebte Lernergebnisse und Studieninhalte
Studierende sollen nach Absolvierung der Lehrveranstaltungen in der Lage sein,
– Begriffe der Informatik und der Programmierung zu nennen und zu erläutern
– einfache Algorithmen (iterativ und rekursiv) zu verstehen, deren Ablauf zu beschreiben, sowie selbst zu erstellen
– eigene Datentypen zu konzipieren und anzuwenden
– einfache objektorientierte Programme mit Polymorphie, Vererbung und Schnittstellen zu entwickeln
– die behandelten dynamischen Datenstrukturen anzuwenden.",713,80,104,1,17,4500; Aufbaumodul – Objektorientierte Programmierung; Aufbaumodul; Computerlinguistik (integrativ); Bachelorstudium; 12 ECTS; Klausur (Pnr. 4510); Pnr. 4510; Programmierung; 4501; Übung zur Vorlesung; 4502; Praktische Übung zur Vorlesung; 4503; Lernergebnisse; Kompetenzen; Studieninhalte,True,False,True,True,True,True,True,False,False,101-300,False,False,True,,False
modulhandbuch-po2025-4500-prerequisites,retrieval_chunk,module-4500,modulhandbuch.pdf,24,25,2,"24,25",Computerlinguistik (integrativ),Bachelorstudium,4500,Aufbaumodul – Objektorientierte Programmierung,Aufbaumodul,"a: 3. Fachsemester (Wintersemester)
b: 3. Fachsemester (Wintersemester)
c: 3. Fachsemester (Wintersemester)",12.0,de,module,prerequisites,prerequisites,high,"Quelle: modulhandbuch.pdf, Seiten 24-25
Studiengang: Computerlinguistik (integrativ), Bachelorstudium, PO 2025
Modul 4500: Aufbaumodul – Objektorientierte Programmierung
ECTS: 12
Abschnitt: Teilnahmevoraussetzungen
Formal: Keine
Inhaltlich: Basismodul – Mathematische und logische Grundlagen,
Basismodul – Python-Programmierung",327,30,39,1,18,4500; Aufbaumodul – Objektorientierte Programmierung; Aufbaumodul; Computerlinguistik (integrativ); Bachelorstudium; 12 ECTS; Klausur (Pnr. 4510); Pnr. 4510; Programmierung; 4501; Übung zur Vorlesung; 4502; Praktische Übung zur Vorlesung; 4503; Teilnahmevoraussetzungen; Voraussetzungen; Formal; Inhaltlich,True,False,True,True,True,True,True,False,False,0-100,False,False,True,,False
modulhandbuch-po2025-4500-exam,retrieval_chunk,module-4500,modulhandbuch.pdf,24,25,2,"24,25",Computerlinguistik (integrativ),Bachelorstudium,4500,Aufbaumodul – Objektorientierte Programmierung,Aufbaumodul,"a: 3. Fachsemester (Wintersemester)
b: 3. Fachsemester (Wintersemester)
c: 3. Fachsemester (Wintersemester)",12.0,de,module,exam,exam,high,"Quelle: modulhandbuch.pdf, Seiten 24-25
Studiengang: Computerlinguistik (integrativ), Bachelorstudium, PO 2025
Modul 4500: Aufbaumodul – Objektorientierte Programmierung
ECTS: 12
Abschnitt: Prüfungsformen und ECTS-Vergabe
Prüfungsformen:
Klausur (Pnr. 4510)
ECTS-Leistungspunkte für die Modulprüfung:
4 ECTS-Leistungspunkte
Voraussetzungen für die Zulassung zur Modulprüfung/Prüfung:
-keine-
Voraussetzungen für die Vergabe von ECTS-Leistungspunkten:
Erbrachte Studienleistungen (SL) in den Lehrveranstaltungen (b) und (c)
Bestandene Modulprüfung: 4 ECTS-Leistungspunkte",570,58,76,2,23,4500; Aufbaumodul – Objektorientierte Programmierung; Aufbaumodul; Computerlinguistik (integrativ); Bachelorstudium; 12 ECTS; Klausur (Pnr. 4510); Pnr. 4510; Programmierung; 4501; Übung zur Vorlesung; 4502; Praktische Übung zur Vorlesung; 4503; Prüfungsformen; Pnr; Modulprüfung; Klausur; Hausarbeit; Projektarbeit; Bachelorarbeit; Mündliche Prüfung; Studienarbeit,True,False,True,True,True,True,True,False,False,0-100,False,False,True,,False
modulhandbuch-po2025-4500-table,retrieval_chunk,module-4500,modulhandbuch.pdf,24,25,2,"24,25",Computerlinguistik (integrativ),Bachelorstudium,4500,Aufbaumodul – Objektorientierte Programmierung,Aufbaumodul,"a: 3. Fachsemester (Wintersemester)
b: 3. Fachsemester (Wintersemester)
c: 3. Fachsemester (Wintersemester)",12.0,de,module,table,workload,normal,"Quelle: modulhandbuch.pdf, Seiten 24-25
Studiengang: Computerlinguistik (integrativ), Bachelorstudium, PO 2025
Modul 4500: Aufbaumodul – Objektorientierte Programmierung
ECTS: 12
Abschnitt: Modultabelle
Tabellen-ID: table-module-4500
Die Modultabelle enthält alle Feld-Wert-Angaben des Moduls, darunter ECTS, Workload, Lehrveranstaltungen, Semesterempfehlung, Häufigkeit, Inhalte, Lernergebnisse, Teilnahmevoraussetzungen, Prüfungsformen und Voraussetzungen für die Vergabe von ECTS-Leistungspunkten.",500,46,60,1,17,4500; Aufbaumodul – Objektorientierte Programmierung; Aufbaumodul; Computerlinguistik (integrativ); Bachelorstudium; 12 ECTS; Klausur (Pnr. 4510); Pnr. 4510; Programmierung; 4501; Übung zur Vorlesung; 4502; Praktische Übung zur Vorlesung; 4503; Tabelle; Modultabelle; table-module-4500,True,False,True,True,True,True,True,False,False,0-100,False,False,True,,False
modulhandbuch-po2025-4500-notes,retrieval_chunk,module-4500,modulhandbuch.pdf,24,25,2,"24,25",Computerlinguistik (integrativ),Bachelorstudium,4500,Aufbaumodul – Objektorientierte Programmierung,Aufbaumodul,"a: 3. Fachsemester (Wintersemester)
b: 3. Fachsemester (Wintersemester)
c: 3. Fachsemester (Wintersemester)",12.0,de,module,notes,workload,normal,"Quelle: modulhandbuch.pdf, Seiten 24-25
Studiengang: Computerlinguistik (integrativ), Bachelorstudium, PO 2025
Modul 4500: Aufbaumodul – Objektorientierte Programmierung
ECTS: 12
Abschnitt: Sonstige Informationen
Sonstige Informationen: -keine-",244,24,32,1,16,4500; Aufbaumodul – Objektorientierte Programmierung; Aufbaumodul; Computerlinguistik (integrativ); Bachelorstudium; 12 ECTS; Klausur (Pnr. 4510); Pnr. 4510; Programmierung; 4501; Übung zur Vorlesung; 4502; Praktische Übung zur Vorlesung; 4503; Sonstige Informationen; Hinweise,True,False,True,True,True,True,True,False,False,0-100,False,False,True,,False
modulhandbuch-po2025-3000-overview,retrieval_chunk,module-3000,modulhandbuch.pdf,26,27,2,"26,27",Computerlinguistik (integrativ),Bachelorstudium,3000,Praktikum & Orientierung,,"a: 4. Fachsemester (Sommersemester)
b: 5. Fachsemester (Wintersemester)",12.0,de,module,overview,workload,high,"Quelle: modulhandbuch.pdf, Seiten 26-27
Studiengang: Computerlinguistik (integrativ), Bachelorstudium, PO 2025
Modul 3000: Praktikum & Orientierung
ECTS: 12
Abschnitt: Modulübersicht
Empfohlenes Studiensemester: a: 4. Fachsemester (Sommersemester)
b: 5. Fachsemester (Wintersemester)
Dauer: 2 Semester
Häufigkeit des Angebots: a: Jedes Sommersemester
b: Jedes Semester
Prüfungsformen: -keineTeilnahmevoraussetzungen: Formal: 4. Fachsemester oder höher
Inhaltlich: Basismodul – Mathematische und logische Grundlagen,
Basismodul – Grundlagen der Computerlinguistik und formale Grammatikbeschreibung,
Basismodul – Python-Programmierung
Inhalte: a: Das Seminar bietet Orientierung für die zweite Studienphase insbesondere in Bezug auf
Studienorganisation (Schwerpunktsetzung, Auslandsaufenthalt, Praktikum, …)
Abschlussarbeit (Themenwahl, wissenschaftliches Arbeiten, …)
Berufsperspektiven (Bewerbungsverfahren, Berufsfeldorientierung, …)
Anschlussstudiengänge (wissenschaftliche Karriere, …)
b: Berufsorientierte Anwendung der im Studium vermittelten Qualifikationen
Angestrebte Lernergebnisse und Studieninhalte: Die Studierenden entwickeln Entwicklungsziele für ihre Zukunft und lernen, welche Schritte sie zur Realisierung ergreifen
können. Sie erlangen Orientierung sowohl für den weiteren Studienaufbau als auch für ihren beruflichen Werdegang. Berufliche Wünsche und Möglichkeiten können sie realistischer beurteilen
Sie erwerben erweiterte Methodenkenntnis aus der beruflichen Praxis und gewinnen ein verstärktes Selbstvertrauen durch
Praxiserprobung des bisher erworbenen Wissens. Sie vertiefen ihre Kenntnisse zum wissenschaftlichen Arbeiten, können
eigene Forschungsfragen formulieren, diese angemessen einengen und die zur Beantwortung notwendigen Schritte planen
und umsetzen.",1785,183,238,7,12,3000; Praktikum & Orientierung; Computerlinguistik (integrativ); Bachelorstudium; 12 ECTS; -keine-; Orientierungsseminar; 3001; Praktikum; 3010; Modulübersicht; Overview,True,False,True,True,True,True,True,False,False,101-300,False,False,True,,False
modulhandbuch-po2025-3000-semester-ects,retrieval_chunk,module-3000,modulhandbuch.pdf,26,27,2,"26,27",Computerlinguistik (integrativ),Bachelorstudium,3000,Praktikum & Orientierung,,"a: 4. Fachsemester (Sommersemester)
b: 5. Fachsemester (Wintersemester)",12.0,de,module,semester_ects,workload,high,"Quelle: modulhandbuch.pdf, Seiten 26-27
Studiengang: Computerlinguistik (integrativ), Bachelorstudium, PO 2025
Modul 3000: Praktikum & Orientierung
ECTS: 12
Abschnitt: Semester, ECTS, Dauer und Häufigkeit
ECTS-Leistungspunkte: 12
Empfohlenes Studiensemester:
a: 4. Fachsemester (Sommersemester)
b: 5. Fachsemester (Wintersemester)
Dauer: 2 Semester
Häufigkeit des Angebots:
a: Jedes Sommersemester
b: Jedes Semester",415,47,62,3,15,3000; Praktikum & Orientierung; Computerlinguistik (integrativ); Bachelorstudium; 12 ECTS; -keine-; Orientierungsseminar; 3001; Praktikum; 3010; ECTS; Fachsemester; Semester; Dauer; Häufigkeit,True,False,True,True,True,True,True,False,False,0-100,False,False,True,,False
modulhandbuch-po2025-3000-workload,retrieval_chunk,module-3000,modulhandbuch.pdf,26,27,2,"26,27",Computerlinguistik (integrativ),Bachelorstudium,3000,Praktikum & Orientierung,,"a: 4. Fachsemester (Sommersemester)
b: 5. Fachsemester (Wintersemester)",12.0,de,module,workload,workload,normal,"Quelle: modulhandbuch.pdf, Seiten 26-27
Studiengang: Computerlinguistik (integrativ), Bachelorstudium, PO 2025
Modul 3000: Praktikum & Orientierung
ECTS: 12
Abschnitt: Workload, Kontaktzeit und Selbststudium
Workload: 360 Stunden
Kontaktzeit:
a: 2 SWS / 30 Stunden / 1 ECTS-Leistungspunkt
b: keine
Selbststudium:
a: 60 Stunden / 2 ECTS-Leistungspunkte
b: 270 Stunden / 9 ECTS-Leistungspunkte
ECTS-Leistungspunkte für die Modulprüfung:
-keine-",442,51,67,1,16,3000; Praktikum & Orientierung; Computerlinguistik (integrativ); Bachelorstudium; 12 ECTS; -keine-; Orientierungsseminar; 3001; Praktikum; 3010; Workload; Kontaktzeit; Selbststudium; SWS; Stunden; ECTS,True,False,True,True,True,True,True,False,False,0-100,False,False,True,,False
modulhandbuch-po2025-3000-course-components,retrieval_chunk,module-3000,modulhandbuch.pdf,26,27,2,"26,27",Computerlinguistik (integrativ),Bachelorstudium,3000,Praktikum & Orientierung,,"a: 4. Fachsemester (Sommersemester)
b: 5. Fachsemester (Wintersemester)",12.0,de,module,course_components,workload,normal,"Quelle: modulhandbuch.pdf, Seiten 26-27
Studiengang: Computerlinguistik (integrativ), Bachelorstudium, PO 2025
Modul 3000: Praktikum & Orientierung
ECTS: 12
Abschnitt: Lehrveranstaltungen und Lehrformen / Belegung
Lehrveranstaltungen und Lehrformen:
a: Orientierungsseminar (Seminar) / 3001
b: Praktikum (in der Regel 6 Wochen in Vollzeit) / 3010
Belegung:
Seminar (a)",368,42,55,1,18,3000; Praktikum & Orientierung; Computerlinguistik (integrativ); Bachelorstudium; 12 ECTS; -keine-; Orientierungsseminar; 3001; Praktikum; 3010; Lehrveranstaltungen; Lehrformen; Belegung; Seminar; Übung; Vorlesung; Kolloquium; Praktikum,True,False,True,True,True,True,True,False,False,0-100,False,False,True,,False
modulhandbuch-po2025-3000-content,retrieval_chunk,module-3000,modulhandbuch.pdf,26,27,2,"26,27",Computerlinguistik (integrativ),Bachelorstudium,3000,Praktikum & Orientierung,,"a: 4. Fachsemester (Sommersemester)
b: 5. Fachsemester (Wintersemester)",12.0,de,module,content,workload,normal,"Quelle: modulhandbuch.pdf, Seiten 26-27
Studiengang: Computerlinguistik (integrativ), Bachelorstudium, PO 2025
Modul 3000: Praktikum & Orientierung
ECTS: 12
Abschnitt: Inhalte
a: Das Seminar bietet Orientierung für die zweite Studienphase insbesondere in Bezug auf
Studienorganisation (Schwerpunktsetzung, Auslandsaufenthalt, Praktikum, …)
Abschlussarbeit (Themenwahl, wissenschaftliches Arbeiten, …)
Berufsperspektiven (Bewerbungsverfahren, Berufsfeldorientierung, …)
Anschlussstudiengänge (wissenschaftliche Karriere, …)
b: Berufsorientierte Anwendung der im Studium vermittelten Qualifikationen",597,54,71,1,13,3000; Praktikum & Orientierung; Computerlinguistik (integrativ); Bachelorstudium; 12 ECTS; -keine-; Orientierungsseminar; 3001; Praktikum; 3010; Inhalte; Themen; Studieninhalte,True,False,True,True,True,True,True,False,False,0-100,False,False,True,,False
modulhandbuch-po2025-3000-learning-outcomes,retrieval_chunk,module-3000,modulhandbuch.pdf,26,27,2,"26,27",Computerlinguistik (integrativ),Bachelorstudium,3000,Praktikum & Orientierung,,"a: 4. Fachsemester (Sommersemester)
b: 5. Fachsemester (Wintersemester)",12.0,de,module,learning_outcomes,learning_outcomes,normal,"Quelle: modulhandbuch.pdf, Seiten 26-27
Studiengang: Computerlinguistik (integrativ), Bachelorstudium, PO 2025
Modul 3000: Praktikum & Orientierung
ECTS: 12
Abschnitt: Angestrebte Lernergebnisse und Studieninhalte
Die Studierenden entwickeln Entwicklungsziele für ihre Zukunft und lernen, welche Schritte sie zur Realisierung ergreifen
können. Sie erlangen Orientierung sowohl für den weiteren Studienaufbau als auch für ihren beruflichen Werdegang. Berufliche Wünsche und Möglichkeiten können sie realistischer beurteilen
Sie erwerben erweiterte Methodenkenntnis aus der beruflichen Praxis und gewinnen ein verstärktes Selbstvertrauen durch
Praxiserprobung des bisher erworbenen Wissens. Sie vertiefen ihre Kenntnisse zum wissenschaftlichen Arbeiten, können
eigene Forschungsfragen formulieren, diese angemessen einengen und die zur Beantwortung notwendigen Schritte planen
und umsetzen.",888,102,133,4,13,3000; Praktikum & Orientierung; Computerlinguistik (integrativ); Bachelorstudium; 12 ECTS; -keine-; Orientierungsseminar; 3001; Praktikum; 3010; Lernergebnisse; Kompetenzen; Studieninhalte,True,False,True,True,True,True,True,False,False,101-300,False,False,True,,False
modulhandbuch-po2025-3000-prerequisites,retrieval_chunk,module-3000,modulhandbuch.pdf,26,27,2,"26,27",Computerlinguistik (integrativ),Bachelorstudium,3000,Praktikum & Orientierung,,"a: 4. Fachsemester (Sommersemester)
b: 5. Fachsemester (Wintersemester)",12.0,de,module,prerequisites,prerequisites,high,"Quelle: modulhandbuch.pdf, Seiten 26-27
Studiengang: Computerlinguistik (integrativ), Bachelorstudium, PO 2025
Modul 3000: Praktikum & Orientierung
ECTS: 12
Abschnitt: Teilnahmevoraussetzungen
Formal: 4. Fachsemester oder höher
Inhaltlich: Basismodul – Mathematische und logische Grundlagen,
Basismodul – Grundlagen der Computerlinguistik und formale Grammatikbeschreibung,
Basismodul – Python-Programmierung",408,39,51,2,14,3000; Praktikum & Orientierung; Computerlinguistik (integrativ); Bachelorstudium; 12 ECTS; -keine-; Orientierungsseminar; 3001; Praktikum; 3010; Teilnahmevoraussetzungen; Voraussetzungen; Formal; Inhaltlich,True,False,True,True,True,True,True,False,False,0-100,False,False,True,,False
modulhandbuch-po2025-3000-exam,retrieval_chunk,module-3000,modulhandbuch.pdf,26,27,2,"26,27",Computerlinguistik (integrativ),Bachelorstudium,3000,Praktikum & Orientierung,,"a: 4. Fachsemester (Sommersemester)
b: 5. Fachsemester (Wintersemester)",12.0,de,module,exam,exam,high,"Quelle: modulhandbuch.pdf, Seiten 26-27
Studiengang: Computerlinguistik (integrativ), Bachelorstudium, PO 2025
Modul 3000: Praktikum & Orientierung
ECTS: 12
Abschnitt: Prüfungsformen und ECTS-Vergabe
Prüfungsformen:
-keine-
ECTS-Leistungspunkte für die Modulprüfung:
-keine-
Voraussetzungen für die Zulassung zur Modulprüfung/Prüfung:
-keine-
Voraussetzungen für die Vergabe von ECTS-Leistungspunkten:
Erbrachte Studienleistungen (SL) in (a) und 6-wöchiges Praktikum nachgewiesen über Praktikumsnachweis und Praktikumsbericht.",526,54,71,1,19,3000; Praktikum & Orientierung; Computerlinguistik (integrativ); Bachelorstudium; 12 ECTS; -keine-; Orientierungsseminar; 3001; Praktikum; 3010; Prüfungsformen; Pnr; Modulprüfung; Klausur; Hausarbeit; Projektarbeit; Bachelorarbeit; Mündliche Prüfung; Studienarbeit,True,False,True,True,True,True,True,False,False,0-100,False,False,True,,False
modulhandbuch-po2025-3000-table,retrieval_chunk,module-3000,modulhandbuch.pdf,26,27,2,"26,27",Computerlinguistik (integrativ),Bachelorstudium,3000,Praktikum & Orientierung,,"a: 4. Fachsemester (Sommersemester)
b: 5. Fachsemester (Wintersemester)",12.0,de,module,table,workload,normal,"Quelle: modulhandbuch.pdf, Seiten 26-27
Studiengang: Computerlinguistik (integrativ), Bachelorstudium, PO 2025
Modul 3000: Praktikum & Orientierung
ECTS: 12
Abschnitt: Modultabelle
Tabellen-ID: table-module-3000
Die Modultabelle enthält alle Feld-Wert-Angaben des Moduls, darunter ECTS, Workload, Lehrveranstaltungen, Semesterempfehlung, Häufigkeit, Inhalte, Lernergebnisse, Teilnahmevoraussetzungen, Prüfungsformen und Voraussetzungen für die Vergabe von ECTS-Leistungspunkten.",478,45,59,1,13,3000; Praktikum & Orientierung; Computerlinguistik (integrativ); Bachelorstudium; 12 ECTS; -keine-; Orientierungsseminar; 3001; Praktikum; 3010; Tabelle; Modultabelle; table-module-3000,True,False,True,True,True,True,True,False,False,0-100,False,False,True,,False
modulhandbuch-po2025-3000-notes,retrieval_chunk,module-3000,modulhandbuch.pdf,26,27,2,"26,27",Computerlinguistik (integrativ),Bachelorstudium,3000,Praktikum & Orientierung,,"a: 4. Fachsemester (Sommersemester)
b: 5. Fachsemester (Wintersemester)",12.0,de,module,notes,workload,normal,"Quelle: modulhandbuch.pdf, Seiten 26-27
Studiengang: Computerlinguistik (integrativ), Bachelorstudium, PO 2025
Modul 3000: Praktikum & Orientierung
ECTS: 12
Abschnitt: Sonstige Informationen
Sonstige Informationen: -keine-",222,23,30,1,12,3000; Praktikum & Orientierung; Computerlinguistik (integrativ); Bachelorstudium; 12 ECTS; -keine-; Orientierungsseminar; 3001; Praktikum; 3010; Sonstige Informationen; Hinweise,True,False,True,True,True,True,True,False,False,0-100,False,False,True,,False
modulhandbuch-po2025-5100-overview,retrieval_chunk,module-5100,modulhandbuch.pdf,28,29,2,"28,29",Computerlinguistik (integrativ),Bachelorstudium,5100,Vertiefungsmodul – Interdisziplinär,Vertiefungsmodul,"4. Fachsemester (Sommersemester)
5. Fachsemester (Wintersemester)",12.0,de,module,overview,workload,high,"Quelle: modulhandbuch.pdf, Seiten 28-29
Studiengang: Computerlinguistik (integrativ), Bachelorstudium, PO 2025
Modul 5100: Vertiefungsmodul – Interdisziplinär
ECTS: 12
Abschnitt: Modulübersicht
Modulgruppe: Vertiefungsmodul
Empfohlenes Studiensemester: 4. Fachsemester (Sommersemester)
5. Fachsemester (Wintersemester)
Dauer: 2 Semester
Häufigkeit des Angebots: Jedes Semester
Prüfungsformen: Mündliche Prüfung (Pnr. 5110) oder
Klausur (Pnr. 5120) oder
Hausarbeit (Pnr. 5130) oder
Studienarbeit (Pnr. 5140) oder
Projektarbeit (Pnr. 5150)
Teilnahmevoraussetzungen: Formal: keine
Inhalte: Mögliche Inhalte sind Themen der Linguistik und Informatik.
Relevante mögliche Themen in der Linguistik sind z.B.:
– Phonetik und Phonologie
– Psycho- und Neurolinguistik
– historische Linguistik
Es müssen Veranstaltungen im Umfang von mindestens 4 SWS in der Informatik belegt werden. Dabei darf keine Doppelung
von Inhalten der Module aus der Computerlinguistik entstehen. Für die Computerlinguistik relevante mögliche Themen in der
Informatik sind z.B.:
– Professionelle Softwareentwicklung
– Datenbanksysteme
– Nichtkooperative Spieltheorie
– Komplexitätstheorie
– Numerische Optimierung
– Dialogsysteme
– Überblick Künstliche Intelligenz.
Angestrebte Lernergebnisse und Studieninhalte: Vertiefte Kenntnisse in Spezialgebieten von Linguistik/Computerlinguistik/Informatik",1362,147,192,12,27,"5100; Vertiefungsmodul – Interdisziplinär; Vertiefungsmodul; Computerlinguistik (integrativ); Bachelorstudium; 12 ECTS; Mündliche Prüfung (Pnr. 5110) oder
Klausur (Pnr. 5120) oder
Hausarbeit (Pnr. 5130) oder
Studienarbeit (Pnr. 5140) oder
Projektarbeit (Pnr. 5150); Pnr. 5110; Pnr. 5120; Pnr. 5130; Pnr. 5140; Pnr. 5150; Zwei Vorlesungen oder Seminare aus Linguistik oder Informatik; Vorlesung Linguistik; 5101; 5105; Vorlesung Informatik; 5102; 5106; Seminar Linguistik; 5103; 5107; Seminar Informatik; 5104; 5108; Modulübersicht; Overview",True,False,True,True,True,True,True,False,False,101-300,False,False,True,Quelltext enthält bei Zulassung zur Modulprüfung '-keine' ohne abschließenden Bindestrich.,False
modulhandbuch-po2025-5100-semester-ects,retrieval_chunk,module-5100,modulhandbuch.pdf,28,29,2,"28,29",Computerlinguistik (integrativ),Bachelorstudium,5100,Vertiefungsmodul – Interdisziplinär,Vertiefungsmodul,"4. Fachsemester (Sommersemester)
5. Fachsemester (Wintersemester)",12.0,de,module,semester_ects,workload,high,"Quelle: modulhandbuch.pdf, Seiten 28-29
Studiengang: Computerlinguistik (integrativ), Bachelorstudium, PO 2025
Modul 5100: Vertiefungsmodul – Interdisziplinär
ECTS: 12
Abschnitt: Semester, ECTS, Dauer und Häufigkeit
ECTS-Leistungspunkte: 12
Empfohlenes Studiensemester:
4. Fachsemester (Sommersemester)
5. Fachsemester (Wintersemester)
Dauer: 2 Semester
Häufigkeit des Angebots:
Jedes Semester",393,41,54,3,30,"5100; Vertiefungsmodul – Interdisziplinär; Vertiefungsmodul; Computerlinguistik (integrativ); Bachelorstudium; 12 ECTS; Mündliche Prüfung (Pnr. 5110) oder
Klausur (Pnr. 5120) oder
Hausarbeit (Pnr. 5130) oder
Studienarbeit (Pnr. 5140) oder
Projektarbeit (Pnr. 5150); Pnr. 5110; Pnr. 5120; Pnr. 5130; Pnr. 5140; Pnr. 5150; Zwei Vorlesungen oder Seminare aus Linguistik oder Informatik; Vorlesung Linguistik; 5101; 5105; Vorlesung Informatik; 5102; 5106; Seminar Linguistik; 5103; 5107; Seminar Informatik; 5104; 5108; ECTS; Fachsemester; Semester; Dauer; Häufigkeit",True,False,True,True,True,True,True,False,False,0-100,False,False,True,,False
modulhandbuch-po2025-5100-workload,retrieval_chunk,module-5100,modulhandbuch.pdf,28,29,2,"28,29",Computerlinguistik (integrativ),Bachelorstudium,5100,Vertiefungsmodul – Interdisziplinär,Vertiefungsmodul,"4. Fachsemester (Sommersemester)
5. Fachsemester (Wintersemester)",12.0,de,module,workload,workload,normal,"Quelle: modulhandbuch.pdf, Seiten 28-29
Studiengang: Computerlinguistik (integrativ), Bachelorstudium, PO 2025
Modul 5100: Vertiefungsmodul – Interdisziplinär
ECTS: 12
Abschnitt: Workload, Kontaktzeit und Selbststudium
Workload: 360 Stunden
Kontaktzeit:
Nach Vorgabe der gewählten Veranstaltungen
Selbststudium:
Nach Vorgabe der gewählten Veranstaltungen
ECTS-Leistungspunkte für die Modulprüfung:
Nach Vorgabe der gewählten Veranstaltungen",440,46,60,1,31,"5100; Vertiefungsmodul – Interdisziplinär; Vertiefungsmodul; Computerlinguistik (integrativ); Bachelorstudium; 12 ECTS; Mündliche Prüfung (Pnr. 5110) oder
Klausur (Pnr. 5120) oder
Hausarbeit (Pnr. 5130) oder
Studienarbeit (Pnr. 5140) oder
Projektarbeit (Pnr. 5150); Pnr. 5110; Pnr. 5120; Pnr. 5130; Pnr. 5140; Pnr. 5150; Zwei Vorlesungen oder Seminare aus Linguistik oder Informatik; Vorlesung Linguistik; 5101; 5105; Vorlesung Informatik; 5102; 5106; Seminar Linguistik; 5103; 5107; Seminar Informatik; 5104; 5108; Workload; Kontaktzeit; Selbststudium; SWS; Stunden; ECTS",True,False,True,True,True,True,True,False,False,0-100,False,False,True,,False
modulhandbuch-po2025-5100-course-components,retrieval_chunk,module-5100,modulhandbuch.pdf,28,29,2,"28,29",Computerlinguistik (integrativ),Bachelorstudium,5100,Vertiefungsmodul – Interdisziplinär,Vertiefungsmodul,"4. Fachsemester (Sommersemester)
5. Fachsemester (Wintersemester)",12.0,de,module,course_components,workload,normal,"Quelle: modulhandbuch.pdf, Seiten 28-29
Studiengang: Computerlinguistik (integrativ), Bachelorstudium, PO 2025
Modul 5100: Vertiefungsmodul – Interdisziplinär
ECTS: 12
Abschnitt: Lehrveranstaltungen und Lehrformen / Belegung
Lehrveranstaltungen und Lehrformen:
Zwei Vorlesungen oder Seminare aus Linguistik oder Informatik
Vorlesung Linguistik: 5101, 5105
Vorlesung Informatik: 5102, 5106
Seminar Linguistik: 5103, 5107
Seminar Informatik: 5104, 5108
Belegung:
Nach Vorgabe der gewählten Veranstaltungen",503,55,72,1,33,"5100; Vertiefungsmodul – Interdisziplinär; Vertiefungsmodul; Computerlinguistik (integrativ); Bachelorstudium; 12 ECTS; Mündliche Prüfung (Pnr. 5110) oder
Klausur (Pnr. 5120) oder
Hausarbeit (Pnr. 5130) oder
Studienarbeit (Pnr. 5140) oder
Projektarbeit (Pnr. 5150); Pnr. 5110; Pnr. 5120; Pnr. 5130; Pnr. 5140; Pnr. 5150; Zwei Vorlesungen oder Seminare aus Linguistik oder Informatik; Vorlesung Linguistik; 5101; 5105; Vorlesung Informatik; 5102; 5106; Seminar Linguistik; 5103; 5107; Seminar Informatik; 5104; 5108; Lehrveranstaltungen; Lehrformen; Belegung; Seminar; Übung; Vorlesung; Kolloquium; Praktikum",True,False,True,True,True,True,True,False,False,0-100,False,False,True,,False
modulhandbuch-po2025-5100-content,retrieval_chunk,module-5100,modulhandbuch.pdf,28,29,2,"28,29",Computerlinguistik (integrativ),Bachelorstudium,5100,Vertiefungsmodul – Interdisziplinär,Vertiefungsmodul,"4. Fachsemester (Sommersemester)
5. Fachsemester (Wintersemester)",12.0,de,module,content,workload,normal,"Quelle: modulhandbuch.pdf, Seiten 28-29
Studiengang: Computerlinguistik (integrativ), Bachelorstudium, PO 2025
Modul 5100: Vertiefungsmodul – Interdisziplinär
ECTS: 12
Abschnitt: Inhalte
Mögliche Inhalte sind Themen der Linguistik und Informatik.
Relevante mögliche Themen in der Linguistik sind z.B.:
– Phonetik und Phonologie
– Psycho- und Neurolinguistik
– historische Linguistik
Es müssen Veranstaltungen im Umfang von mindestens 4 SWS in der Informatik belegt werden. Dabei darf keine Doppelung
von Inhalten der Module aus der Computerlinguistik entstehen. Für die Computerlinguistik relevante mögliche Themen in der
Informatik sind z.B.:
– Professionelle Softwareentwicklung
– Datenbanksysteme
– Nichtkooperative Spieltheorie
– Komplexitätstheorie
– Numerische Optimierung
– Dialogsysteme
– Überblick Künstliche Intelligenz.",830,94,123,4,28,"5100; Vertiefungsmodul – Interdisziplinär; Vertiefungsmodul; Computerlinguistik (integrativ); Bachelorstudium; 12 ECTS; Mündliche Prüfung (Pnr. 5110) oder
Klausur (Pnr. 5120) oder
Hausarbeit (Pnr. 5130) oder
Studienarbeit (Pnr. 5140) oder
Projektarbeit (Pnr. 5150); Pnr. 5110; Pnr. 5120; Pnr. 5130; Pnr. 5140; Pnr. 5150; Zwei Vorlesungen oder Seminare aus Linguistik oder Informatik; Vorlesung Linguistik; 5101; 5105; Vorlesung Informatik; 5102; 5106; Seminar Linguistik; 5103; 5107; Seminar Informatik; 5104; 5108; Inhalte; Themen; Studieninhalte",True,False,True,True,True,True,True,False,False,101-300,False,False,True,,False
modulhandbuch-po2025-5100-learning-outcomes,retrieval_chunk,module-5100,modulhandbuch.pdf,28,29,2,"28,29",Computerlinguistik (integrativ),Bachelorstudium,5100,Vertiefungsmodul – Interdisziplinär,Vertiefungsmodul,"4. Fachsemester (Sommersemester)
5. Fachsemester (Wintersemester)",12.0,de,module,learning_outcomes,learning_outcomes,normal,"Quelle: modulhandbuch.pdf, Seiten 28-29
Studiengang: Computerlinguistik (integrativ), Bachelorstudium, PO 2025
Modul 5100: Vertiefungsmodul – Interdisziplinär
ECTS: 12
Abschnitt: Angestrebte Lernergebnisse und Studieninhalte
Vertiefte Kenntnisse in Spezialgebieten von Linguistik/Computerlinguistik/Informatik",309,28,37,1,28,"5100; Vertiefungsmodul – Interdisziplinär; Vertiefungsmodul; Computerlinguistik (integrativ); Bachelorstudium; 12 ECTS; Mündliche Prüfung (Pnr. 5110) oder
Klausur (Pnr. 5120) oder
Hausarbeit (Pnr. 5130) oder
Studienarbeit (Pnr. 5140) oder
Projektarbeit (Pnr. 5150); Pnr. 5110; Pnr. 5120; Pnr. 5130; Pnr. 5140; Pnr. 5150; Zwei Vorlesungen oder Seminare aus Linguistik oder Informatik; Vorlesung Linguistik; 5101; 5105; Vorlesung Informatik; 5102; 5106; Seminar Linguistik; 5103; 5107; Seminar Informatik; 5104; 5108; Lernergebnisse; Kompetenzen; Studieninhalte",True,False,True,True,True,True,True,False,False,0-100,False,False,True,,False
modulhandbuch-po2025-5100-prerequisites,retrieval_chunk,module-5100,modulhandbuch.pdf,28,29,2,"28,29",Computerlinguistik (integrativ),Bachelorstudium,5100,Vertiefungsmodul – Interdisziplinär,Vertiefungsmodul,"4. Fachsemester (Sommersemester)
5. Fachsemester (Wintersemester)",12.0,de,module,prerequisites,prerequisites,high,"Quelle: modulhandbuch.pdf, Seiten 28-29
Studiengang: Computerlinguistik (integrativ), Bachelorstudium, PO 2025
Modul 5100: Vertiefungsmodul – Interdisziplinär
ECTS: 12
Abschnitt: Teilnahmevoraussetzungen
Formal: keine",217,21,28,1,29,"5100; Vertiefungsmodul – Interdisziplinär; Vertiefungsmodul; Computerlinguistik (integrativ); Bachelorstudium; 12 ECTS; Mündliche Prüfung (Pnr. 5110) oder
Klausur (Pnr. 5120) oder
Hausarbeit (Pnr. 5130) oder
Studienarbeit (Pnr. 5140) oder
Projektarbeit (Pnr. 5150); Pnr. 5110; Pnr. 5120; Pnr. 5130; Pnr. 5140; Pnr. 5150; Zwei Vorlesungen oder Seminare aus Linguistik oder Informatik; Vorlesung Linguistik; 5101; 5105; Vorlesung Informatik; 5102; 5106; Seminar Linguistik; 5103; 5107; Seminar Informatik; 5104; 5108; Teilnahmevoraussetzungen; Voraussetzungen; Formal; Inhaltlich",True,False,True,True,True,True,True,False,False,0-100,False,False,True,,False
modulhandbuch-po2025-5100-exam,retrieval_chunk,module-5100,modulhandbuch.pdf,28,29,2,"28,29",Computerlinguistik (integrativ),Bachelorstudium,5100,Vertiefungsmodul – Interdisziplinär,Vertiefungsmodul,"4. Fachsemester (Sommersemester)
5. Fachsemester (Wintersemester)",12.0,de,module,exam,exam,high,"Quelle: modulhandbuch.pdf, Seiten 28-29
Studiengang: Computerlinguistik (integrativ), Bachelorstudium, PO 2025
Modul 5100: Vertiefungsmodul – Interdisziplinär
ECTS: 12
Abschnitt: Prüfungsformen und ECTS-Vergabe
Prüfungsformen:
Mündliche Prüfung (Pnr. 5110) oder
Klausur (Pnr. 5120) oder
Hausarbeit (Pnr. 5130) oder
Studienarbeit (Pnr. 5140) oder
Projektarbeit (Pnr. 5150)
ECTS-Leistungspunkte für die Modulprüfung:
Nach Vorgabe der gewählten Veranstaltungen
Voraussetzungen für die Zulassung zur Modulprüfung/Prüfung:
-keine
Voraussetzungen für die Vergabe von ECTS-Leistungspunkten:
Bestandene Modulprüfung, aktive und erfolgreiche Mitwirkung in den Seminaren und theoretischen und praktischen Übungen.",703,78,102,6,34,"5100; Vertiefungsmodul – Interdisziplinär; Vertiefungsmodul; Computerlinguistik (integrativ); Bachelorstudium; 12 ECTS; Mündliche Prüfung (Pnr. 5110) oder
Klausur (Pnr. 5120) oder
Hausarbeit (Pnr. 5130) oder
Studienarbeit (Pnr. 5140) oder
Projektarbeit (Pnr. 5150); Pnr. 5110; Pnr. 5120; Pnr. 5130; Pnr. 5140; Pnr. 5150; Zwei Vorlesungen oder Seminare aus Linguistik oder Informatik; Vorlesung Linguistik; 5101; 5105; Vorlesung Informatik; 5102; 5106; Seminar Linguistik; 5103; 5107; Seminar Informatik; 5104; 5108; Prüfungsformen; Pnr; Modulprüfung; Klausur; Hausarbeit; Projektarbeit; Bachelorarbeit; Mündliche Prüfung; Studienarbeit",True,False,True,True,True,True,True,False,False,101-300,False,False,True,,False
modulhandbuch-po2025-5100-table,retrieval_chunk,module-5100,modulhandbuch.pdf,28,29,2,"28,29",Computerlinguistik (integrativ),Bachelorstudium,5100,Vertiefungsmodul – Interdisziplinär,Vertiefungsmodul,"4. Fachsemester (Sommersemester)
5. Fachsemester (Wintersemester)",12.0,de,module,table,workload,normal,"Quelle: modulhandbuch.pdf, Seiten 28-29
Studiengang: Computerlinguistik (integrativ), Bachelorstudium, PO 2025
Modul 5100: Vertiefungsmodul – Interdisziplinär
ECTS: 12
Abschnitt: Modultabelle
Tabellen-ID: table-module-5100
Die Modultabelle enthält alle Feld-Wert-Angaben des Moduls, darunter ECTS, Workload, Lehrveranstaltungen, Semesterempfehlung, Häufigkeit, Inhalte, Lernergebnisse, Teilnahmevoraussetzungen, Prüfungsformen und Voraussetzungen für die Vergabe von ECTS-Leistungspunkten.",489,45,59,1,28,"5100; Vertiefungsmodul – Interdisziplinär; Vertiefungsmodul; Computerlinguistik (integrativ); Bachelorstudium; 12 ECTS; Mündliche Prüfung (Pnr. 5110) oder
Klausur (Pnr. 5120) oder
Hausarbeit (Pnr. 5130) oder
Studienarbeit (Pnr. 5140) oder
Projektarbeit (Pnr. 5150); Pnr. 5110; Pnr. 5120; Pnr. 5130; Pnr. 5140; Pnr. 5150; Zwei Vorlesungen oder Seminare aus Linguistik oder Informatik; Vorlesung Linguistik; 5101; 5105; Vorlesung Informatik; 5102; 5106; Seminar Linguistik; 5103; 5107; Seminar Informatik; 5104; 5108; Tabelle; Modultabelle; table-module-5100",True,False,True,True,True,True,True,False,False,0-100,False,False,True,,False
modulhandbuch-po2025-5100-notes,retrieval_chunk,module-5100,modulhandbuch.pdf,28,29,2,"28,29",Computerlinguistik (integrativ),Bachelorstudium,5100,Vertiefungsmodul – Interdisziplinär,Vertiefungsmodul,"4. Fachsemester (Sommersemester)
5. Fachsemester (Wintersemester)",12.0,de,module,notes,workload,normal,"Quelle: modulhandbuch.pdf, Seiten 28-29
Studiengang: Computerlinguistik (integrativ), Bachelorstudium, PO 2025
Modul 5100: Vertiefungsmodul – Interdisziplinär
ECTS: 12
Abschnitt: Sonstige Informationen
Sonstige Informationen: -keine-",233,23,30,1,27,"5100; Vertiefungsmodul – Interdisziplinär; Vertiefungsmodul; Computerlinguistik (integrativ); Bachelorstudium; 12 ECTS; Mündliche Prüfung (Pnr. 5110) oder
Klausur (Pnr. 5120) oder
Hausarbeit (Pnr. 5130) oder
Studienarbeit (Pnr. 5140) oder
Projektarbeit (Pnr. 5150); Pnr. 5110; Pnr. 5120; Pnr. 5130; Pnr. 5140; Pnr. 5150; Zwei Vorlesungen oder Seminare aus Linguistik oder Informatik; Vorlesung Linguistik; 5101; 5105; Vorlesung Informatik; 5102; 5106; Seminar Linguistik; 5103; 5107; Seminar Informatik; 5104; 5108; Sonstige Informationen; Hinweise",True,False,True,True,True,True,True,False,False,0-100,False,False,True,,False
modulhandbuch-po2025-5200-overview,retrieval_chunk,module-5200,modulhandbuch.pdf,30,31,2,"30,31",Computerlinguistik (integrativ),Bachelorstudium,5200,Vertiefungsmodul – Computerlinguistik 1,Vertiefungsmodul,"a: 5. Fachsemester (Wintersemester)
b: 5. Fachsemester (Wintersemester)",12.0,de,module,overview,workload,high,"Quelle: modulhandbuch.pdf, Seiten 30-31
Studiengang: Computerlinguistik (integrativ), Bachelorstudium, PO 2025
Modul 5200: Vertiefungsmodul – Computerlinguistik 1
ECTS: 12
Abschnitt: Modulübersicht
Modulgruppe: Vertiefungsmodul
Empfohlenes Studiensemester: a: 5. Fachsemester (Wintersemester)
b: 5. Fachsemester (Wintersemester)
Dauer: 1 Semester
Häufigkeit des Angebots: Jedes Wintersemester
Prüfungsformen: -keineTeilnahmevoraussetzungen: Formal: Basismodul – Mathematische und logische Grundlagen,
Basismodul – Grundlagen der Computerlinguistik und formale Grammatikbeschreibung,
Aufbaumodul – Maschinelles Lernen
Inhaltlich: Je nach Thema
Inhalte: Mögliche Inhalte sind Themen der Computerlinguistik. Das können sein
– Nichtklassische (modale, fuzzy oder substrukturelle) Logiken
– besondere Grammatikformalismen (Kategorialgrammatik)
– Vertiefungsseminare im Bereich maschinelles Lernen und Deep Learning
Über die Zulassung von nicht im Vorlesungsverzeichnis zugeordneten Veranstaltungen zu diesem Modul entscheiden die
Modulverantwortlichen.
Angestrebte Lernergebnisse und Studieninhalte: Studierende lernen vertiefte Kenntnisse in Spezialgebieten der Computerlinguistik.",1177,116,151,5,12,5200; Vertiefungsmodul – Computerlinguistik 1; Vertiefungsmodul; Computerlinguistik (integrativ); Bachelorstudium; 12 ECTS; -keine-; Seminar Computerlinguistik; 5201; 5202; Modulübersicht; Overview,True,False,True,True,True,True,True,False,False,101-300,False,False,True,Quelltext verwendet bei Voraussetzungen für die Vergabe von ECTS-Leistungspunkten den Begriff 'Forschungsseminar'.,False
modulhandbuch-po2025-5200-semester-ects,retrieval_chunk,module-5200,modulhandbuch.pdf,30,31,2,"30,31",Computerlinguistik (integrativ),Bachelorstudium,5200,Vertiefungsmodul – Computerlinguistik 1,Vertiefungsmodul,"a: 5. Fachsemester (Wintersemester)
b: 5. Fachsemester (Wintersemester)",12.0,de,module,semester_ects,workload,high,"Quelle: modulhandbuch.pdf, Seiten 30-31
Studiengang: Computerlinguistik (integrativ), Bachelorstudium, PO 2025
Modul 5200: Vertiefungsmodul – Computerlinguistik 1
ECTS: 12
Abschnitt: Semester, ECTS, Dauer und Häufigkeit
ECTS-Leistungspunkte: 12
Empfohlenes Studiensemester:
a: 5. Fachsemester (Wintersemester)
b: 5. Fachsemester (Wintersemester)
Dauer: 1 Semester
Häufigkeit des Angebots:
Jedes Wintersemester",409,44,58,3,15,5200; Vertiefungsmodul – Computerlinguistik 1; Vertiefungsmodul; Computerlinguistik (integrativ); Bachelorstudium; 12 ECTS; -keine-; Seminar Computerlinguistik; 5201; 5202; ECTS; Fachsemester; Semester; Dauer; Häufigkeit,True,False,True,True,True,True,True,False,False,0-100,False,False,True,,False
modulhandbuch-po2025-5200-workload,retrieval_chunk,module-5200,modulhandbuch.pdf,30,31,2,"30,31",Computerlinguistik (integrativ),Bachelorstudium,5200,Vertiefungsmodul – Computerlinguistik 1,Vertiefungsmodul,"a: 5. Fachsemester (Wintersemester)
b: 5. Fachsemester (Wintersemester)",12.0,de,module,workload,workload,normal,"Quelle: modulhandbuch.pdf, Seiten 30-31
Studiengang: Computerlinguistik (integrativ), Bachelorstudium, PO 2025
Modul 5200: Vertiefungsmodul – Computerlinguistik 1
ECTS: 12
Abschnitt: Workload, Kontaktzeit und Selbststudium
Workload: 360 Stunden
Kontaktzeit:
a: 4 SWS / 30 Stunden / 2 ECTS-Leistungspunkte
b: 4 SWS / 30 Stunden / 2 ECTS-Leistungspunkte
Selbststudium:
Im 5. Fachsemester: 240 Stunden / 8 ECTS-Leistungspunkte
ECTS-Leistungspunkte für die Modulprüfung:
-keine-",474,54,71,2,16,5200; Vertiefungsmodul – Computerlinguistik 1; Vertiefungsmodul; Computerlinguistik (integrativ); Bachelorstudium; 12 ECTS; -keine-; Seminar Computerlinguistik; 5201; 5202; Workload; Kontaktzeit; Selbststudium; SWS; Stunden; ECTS,True,False,True,True,True,True,True,False,False,0-100,False,False,True,,False
modulhandbuch-po2025-5200-course-components,retrieval_chunk,module-5200,modulhandbuch.pdf,30,31,2,"30,31",Computerlinguistik (integrativ),Bachelorstudium,5200,Vertiefungsmodul – Computerlinguistik 1,Vertiefungsmodul,"a: 5. Fachsemester (Wintersemester)
b: 5. Fachsemester (Wintersemester)",12.0,de,module,course_components,workload,normal,"Quelle: modulhandbuch.pdf, Seiten 30-31
Studiengang: Computerlinguistik (integrativ), Bachelorstudium, PO 2025
Modul 5200: Vertiefungsmodul – Computerlinguistik 1
ECTS: 12
Abschnitt: Lehrveranstaltungen und Lehrformen / Belegung
Lehrveranstaltungen und Lehrformen:
a: Seminar Computerlinguistik (Seminar) / 5201
b: Seminar Computerlinguistik (Seminar) / 5202
Belegung:
Seminar (a) und Seminar (b)",396,42,55,1,18,5200; Vertiefungsmodul – Computerlinguistik 1; Vertiefungsmodul; Computerlinguistik (integrativ); Bachelorstudium; 12 ECTS; -keine-; Seminar Computerlinguistik; 5201; 5202; Lehrveranstaltungen; Lehrformen; Belegung; Seminar; Übung; Vorlesung; Kolloquium; Praktikum,True,False,True,True,True,True,True,False,False,0-100,False,False,True,,False
modulhandbuch-po2025-5200-content,retrieval_chunk,module-5200,modulhandbuch.pdf,30,31,2,"30,31",Computerlinguistik (integrativ),Bachelorstudium,5200,Vertiefungsmodul – Computerlinguistik 1,Vertiefungsmodul,"a: 5. Fachsemester (Wintersemester)
b: 5. Fachsemester (Wintersemester)",12.0,de,module,content,workload,normal,"Quelle: modulhandbuch.pdf, Seiten 30-31
Studiengang: Computerlinguistik (integrativ), Bachelorstudium, PO 2025
Modul 5200: Vertiefungsmodul – Computerlinguistik 1
ECTS: 12
Abschnitt: Inhalte
Mögliche Inhalte sind Themen der Computerlinguistik. Das können sein
– Nichtklassische (modale, fuzzy oder substrukturelle) Logiken
– besondere Grammatikformalismen (Kategorialgrammatik)
– Vertiefungsseminare im Bereich maschinelles Lernen und Deep Learning
Über die Zulassung von nicht im Vorlesungsverzeichnis zugeordneten Veranstaltungen zu diesem Modul entscheiden die
Modulverantwortlichen.",586,61,80,2,13,5200; Vertiefungsmodul – Computerlinguistik 1; Vertiefungsmodul; Computerlinguistik (integrativ); Bachelorstudium; 12 ECTS; -keine-; Seminar Computerlinguistik; 5201; 5202; Inhalte; Themen; Studieninhalte,True,False,True,True,True,True,True,False,False,0-100,False,False,True,,False
modulhandbuch-po2025-5200-learning-outcomes,retrieval_chunk,module-5200,modulhandbuch.pdf,30,31,2,"30,31",Computerlinguistik (integrativ),Bachelorstudium,5200,Vertiefungsmodul – Computerlinguistik 1,Vertiefungsmodul,"a: 5. Fachsemester (Wintersemester)
b: 5. Fachsemester (Wintersemester)",12.0,de,module,learning_outcomes,learning_outcomes,normal,"Quelle: modulhandbuch.pdf, Seiten 30-31
Studiengang: Computerlinguistik (integrativ), Bachelorstudium, PO 2025
Modul 5200: Vertiefungsmodul – Computerlinguistik 1
ECTS: 12
Abschnitt: Angestrebte Lernergebnisse und Studieninhalte
Studierende lernen vertiefte Kenntnisse in Spezialgebieten der Computerlinguistik.",311,31,41,1,13,5200; Vertiefungsmodul – Computerlinguistik 1; Vertiefungsmodul; Computerlinguistik (integrativ); Bachelorstudium; 12 ECTS; -keine-; Seminar Computerlinguistik; 5201; 5202; Lernergebnisse; Kompetenzen; Studieninhalte,True,False,True,True,True,True,True,False,False,0-100,False,False,True,,False
modulhandbuch-po2025-5200-prerequisites,retrieval_chunk,module-5200,modulhandbuch.pdf,30,31,2,"30,31",Computerlinguistik (integrativ),Bachelorstudium,5200,Vertiefungsmodul – Computerlinguistik 1,Vertiefungsmodul,"a: 5. Fachsemester (Wintersemester)
b: 5. Fachsemester (Wintersemester)",12.0,de,module,prerequisites,prerequisites,high,"Quelle: modulhandbuch.pdf, Seiten 30-31
Studiengang: Computerlinguistik (integrativ), Bachelorstudium, PO 2025
Modul 5200: Vertiefungsmodul – Computerlinguistik 1
ECTS: 12
Abschnitt: Teilnahmevoraussetzungen
Formal: Basismodul – Mathematische und logische Grundlagen,
Basismodul – Grundlagen der Computerlinguistik und formale Grammatikbeschreibung,
Aufbaumodul – Maschinelles Lernen
Inhaltlich: Je nach Thema",409,40,52,1,14,5200; Vertiefungsmodul – Computerlinguistik 1; Vertiefungsmodul; Computerlinguistik (integrativ); Bachelorstudium; 12 ECTS; -keine-; Seminar Computerlinguistik; 5201; 5202; Teilnahmevoraussetzungen; Voraussetzungen; Formal; Inhaltlich,True,False,True,True,True,True,True,False,False,0-100,False,False,True,,False
modulhandbuch-po2025-5200-exam,retrieval_chunk,module-5200,modulhandbuch.pdf,30,31,2,"30,31",Computerlinguistik (integrativ),Bachelorstudium,5200,Vertiefungsmodul – Computerlinguistik 1,Vertiefungsmodul,"a: 5. Fachsemester (Wintersemester)
b: 5. Fachsemester (Wintersemester)",12.0,de,module,exam,exam,high,"Quelle: modulhandbuch.pdf, Seiten 30-31
Studiengang: Computerlinguistik (integrativ), Bachelorstudium, PO 2025
Modul 5200: Vertiefungsmodul – Computerlinguistik 1
ECTS: 12
Abschnitt: Prüfungsformen und ECTS-Vergabe
Prüfungsformen:
-keine-
ECTS-Leistungspunkte für die Modulprüfung:
-keine-
Voraussetzungen für die Zulassung zur Modulprüfung/Prüfung:
-keine-
Voraussetzungen für die Vergabe von ECTS-Leistungspunkten:
Aktive und erfolgreiche Mitwirkung im Forschungsseminar",472,48,63,1,19,5200; Vertiefungsmodul – Computerlinguistik 1; Vertiefungsmodul; Computerlinguistik (integrativ); Bachelorstudium; 12 ECTS; -keine-; Seminar Computerlinguistik; 5201; 5202; Prüfungsformen; Pnr; Modulprüfung; Klausur; Hausarbeit; Projektarbeit; Bachelorarbeit; Mündliche Prüfung; Studienarbeit,True,False,True,True,True,True,True,False,False,0-100,False,False,True,,False
modulhandbuch-po2025-5200-table,retrieval_chunk,module-5200,modulhandbuch.pdf,30,31,2,"30,31",Computerlinguistik (integrativ),Bachelorstudium,5200,Vertiefungsmodul – Computerlinguistik 1,Vertiefungsmodul,"a: 5. Fachsemester (Wintersemester)
b: 5. Fachsemester (Wintersemester)",12.0,de,module,table,workload,normal,"Quelle: modulhandbuch.pdf, Seiten 30-31
Studiengang: Computerlinguistik (integrativ), Bachelorstudium, PO 2025
Modul 5200: Vertiefungsmodul – Computerlinguistik 1
ECTS: 12
Abschnitt: Modultabelle
Tabellen-ID: table-module-5200
Die Modultabelle enthält alle Feld-Wert-Angaben des Moduls, darunter ECTS, Workload, Lehrveranstaltungen, Semesterempfehlung, Häufigkeit, Inhalte, Lernergebnisse, Teilnahmevoraussetzungen, Prüfungsformen und Voraussetzungen für die Vergabe von ECTS-Leistungspunkten.",493,46,60,1,13,5200; Vertiefungsmodul – Computerlinguistik 1; Vertiefungsmodul; Computerlinguistik (integrativ); Bachelorstudium; 12 ECTS; -keine-; Seminar Computerlinguistik; 5201; 5202; Tabelle; Modultabelle; table-module-5200,True,False,True,True,True,True,True,False,False,0-100,False,False,True,,False
modulhandbuch-po2025-5200-notes,retrieval_chunk,module-5200,modulhandbuch.pdf,30,31,2,"30,31",Computerlinguistik (integrativ),Bachelorstudium,5200,Vertiefungsmodul – Computerlinguistik 1,Vertiefungsmodul,"a: 5. Fachsemester (Wintersemester)
b: 5. Fachsemester (Wintersemester)",12.0,de,module,notes,workload,normal,"Quelle: modulhandbuch.pdf, Seiten 30-31
Studiengang: Computerlinguistik (integrativ), Bachelorstudium, PO 2025
Modul 5200: Vertiefungsmodul – Computerlinguistik 1
ECTS: 12
Abschnitt: Sonstige Informationen
Sonstige Informationen: -keine-",237,24,32,1,12,5200; Vertiefungsmodul – Computerlinguistik 1; Vertiefungsmodul; Computerlinguistik (integrativ); Bachelorstudium; 12 ECTS; -keine-; Seminar Computerlinguistik; 5201; 5202; Sonstige Informationen; Hinweise,True,False,True,True,True,True,True,False,False,0-100,False,False,True,,False
modulhandbuch-po2025-5300-overview,retrieval_chunk,module-5300,modulhandbuch.pdf,32,33,2,"32,33",Computerlinguistik (integrativ),Bachelorstudium,5300,Vertiefungsmodul – Computerlinguistik 2,Vertiefungsmodul,"a: 6. Fachsemester (Sommersemester)
Prüfung im 6. Fachsemester (Sommersemester)",9.0,de,module,overview,workload,high,"Quelle: modulhandbuch.pdf, Seiten 32-33
Studiengang: Computerlinguistik (integrativ), Bachelorstudium, PO 2025
Modul 5300: Vertiefungsmodul – Computerlinguistik 2
ECTS: 9
Abschnitt: Modulübersicht
Modulgruppe: Vertiefungsmodul
Empfohlenes Studiensemester: a: 6. Fachsemester (Sommersemester)
Prüfung im 6. Fachsemester (Sommersemester)
Dauer: 1 Semester
Häufigkeit des Angebots: a: Jedes Sommersemester
Prüfungsformen: Mündliche Prüfung (Pnr. 5310) oder
Klausur (Pnr. 5320) oder
Hausarbeit (Pnr. 5330) oder
Studienarbeit (Pnr. 5340) oder
Projektarbeit (Pnr. 5350)
Teilnahmevoraussetzungen: Formal: Basismodul – Mathematische und logische Grundlagen,
Basismodul – Grundlagen der Computerlinguistik und formale Grammatikbeschreibung,
Aufbaumodul – Maschinelles Lernen
Inhaltlich: Je nach Thema
Inhalte: Mögliche Inhalte sind Themen der Computerlinguistik. Das können sein
– Nichtklassische (modale, fuzzy oder substrukturelle) Logiken
– besondere Grammatikformalismen (Kategorialgrammatik)
– Vertiefungsseminare im Bereich maschinelles Lernen und Deep Learning
Angestrebte Lernergebnisse und Studieninhalte: Studierende lernen vertiefte Kenntnisse in Spezialgebieten der Computerlinguistik.",1188,123,160,9,16,"5300; Vertiefungsmodul – Computerlinguistik 2; Vertiefungsmodul; Computerlinguistik (integrativ); Bachelorstudium; 9 ECTS; Mündliche Prüfung (Pnr. 5310) oder
Klausur (Pnr. 5320) oder
Hausarbeit (Pnr. 5330) oder
Studienarbeit (Pnr. 5340) oder
Projektarbeit (Pnr. 5350); Pnr. 5310; Pnr. 5320; Pnr. 5330; Pnr. 5340; Pnr. 5350; thematisches Seminar in der Computerlinguistik; 5301; Modulübersicht; Overview",True,False,True,True,True,True,True,False,False,101-300,False,False,True,Quelltext verwendet bei Voraussetzungen für die Vergabe von ECTS-Leistungspunkten den Begriff 'Forschungsseminar'.,False
modulhandbuch-po2025-5300-semester-ects,retrieval_chunk,module-5300,modulhandbuch.pdf,32,33,2,"32,33",Computerlinguistik (integrativ),Bachelorstudium,5300,Vertiefungsmodul – Computerlinguistik 2,Vertiefungsmodul,"a: 6. Fachsemester (Sommersemester)
Prüfung im 6. Fachsemester (Sommersemester)",9.0,de,module,semester_ects,workload,high,"Quelle: modulhandbuch.pdf, Seiten 32-33
Studiengang: Computerlinguistik (integrativ), Bachelorstudium, PO 2025
Modul 5300: Vertiefungsmodul – Computerlinguistik 2
ECTS: 9
Abschnitt: Semester, ECTS, Dauer und Häufigkeit
ECTS-Leistungspunkte: 9
Empfohlenes Studiensemester:
a: 6. Fachsemester (Sommersemester)
Prüfung im 6. Fachsemester (Sommersemester)
Dauer: 1 Semester
Häufigkeit des Angebots:
a: Jedes Sommersemester",418,46,60,3,19,"5300; Vertiefungsmodul – Computerlinguistik 2; Vertiefungsmodul; Computerlinguistik (integrativ); Bachelorstudium; 9 ECTS; Mündliche Prüfung (Pnr. 5310) oder
Klausur (Pnr. 5320) oder
Hausarbeit (Pnr. 5330) oder
Studienarbeit (Pnr. 5340) oder
Projektarbeit (Pnr. 5350); Pnr. 5310; Pnr. 5320; Pnr. 5330; Pnr. 5340; Pnr. 5350; thematisches Seminar in der Computerlinguistik; 5301; ECTS; Fachsemester; Semester; Dauer; Häufigkeit",True,False,True,True,True,True,True,False,False,0-100,False,False,True,,False
modulhandbuch-po2025-5300-workload,retrieval_chunk,module-5300,modulhandbuch.pdf,32,33,2,"32,33",Computerlinguistik (integrativ),Bachelorstudium,5300,Vertiefungsmodul – Computerlinguistik 2,Vertiefungsmodul,"a: 6. Fachsemester (Sommersemester)
Prüfung im 6. Fachsemester (Sommersemester)",9.0,de,module,workload,workload,normal,"Quelle: modulhandbuch.pdf, Seiten 32-33
Studiengang: Computerlinguistik (integrativ), Bachelorstudium, PO 2025
Modul 5300: Vertiefungsmodul – Computerlinguistik 2
ECTS: 9
Abschnitt: Workload, Kontaktzeit und Selbststudium
Workload: 270 Stunden
Kontaktzeit:
a: 4 SWS / 60 Stunden / 2 ECTS-Leistungspunkte
Selbststudium:
a: 90 Stunden / 3 ECTS-Leistungspunkte
ECTS-Leistungspunkte für die Modulprüfung:
4 ECTS-Leistungspunkte",423,46,60,1,20,"5300; Vertiefungsmodul – Computerlinguistik 2; Vertiefungsmodul; Computerlinguistik (integrativ); Bachelorstudium; 9 ECTS; Mündliche Prüfung (Pnr. 5310) oder
Klausur (Pnr. 5320) oder
Hausarbeit (Pnr. 5330) oder
Studienarbeit (Pnr. 5340) oder
Projektarbeit (Pnr. 5350); Pnr. 5310; Pnr. 5320; Pnr. 5330; Pnr. 5340; Pnr. 5350; thematisches Seminar in der Computerlinguistik; 5301; Workload; Kontaktzeit; Selbststudium; SWS; Stunden; ECTS",True,False,True,True,True,True,True,False,False,0-100,False,False,True,,False
modulhandbuch-po2025-5300-course-components,retrieval_chunk,module-5300,modulhandbuch.pdf,32,33,2,"32,33",Computerlinguistik (integrativ),Bachelorstudium,5300,Vertiefungsmodul – Computerlinguistik 2,Vertiefungsmodul,"a: 6. Fachsemester (Sommersemester)
Prüfung im 6. Fachsemester (Sommersemester)",9.0,de,module,course_components,workload,normal,"Quelle: modulhandbuch.pdf, Seiten 32-33
Studiengang: Computerlinguistik (integrativ), Bachelorstudium, PO 2025
Modul 5300: Vertiefungsmodul – Computerlinguistik 2
ECTS: 9
Abschnitt: Lehrveranstaltungen und Lehrformen / Belegung
Lehrveranstaltungen und Lehrformen:
a: thematisches Seminar in der Computerlinguistik (Seminar) / 5301
Belegung:
Seminar (a)",352,37,49,1,22,"5300; Vertiefungsmodul – Computerlinguistik 2; Vertiefungsmodul; Computerlinguistik (integrativ); Bachelorstudium; 9 ECTS; Mündliche Prüfung (Pnr. 5310) oder
Klausur (Pnr. 5320) oder
Hausarbeit (Pnr. 5330) oder
Studienarbeit (Pnr. 5340) oder
Projektarbeit (Pnr. 5350); Pnr. 5310; Pnr. 5320; Pnr. 5330; Pnr. 5340; Pnr. 5350; thematisches Seminar in der Computerlinguistik; 5301; Lehrveranstaltungen; Lehrformen; Belegung; Seminar; Übung; Vorlesung; Kolloquium; Praktikum",True,False,True,True,True,True,True,False,False,0-100,False,False,True,,False
modulhandbuch-po2025-5300-content,retrieval_chunk,module-5300,modulhandbuch.pdf,32,33,2,"32,33",Computerlinguistik (integrativ),Bachelorstudium,5300,Vertiefungsmodul – Computerlinguistik 2,Vertiefungsmodul,"a: 6. Fachsemester (Sommersemester)
Prüfung im 6. Fachsemester (Sommersemester)",9.0,de,module,content,workload,normal,"Quelle: modulhandbuch.pdf, Seiten 32-33
Studiengang: Computerlinguistik (integrativ), Bachelorstudium, PO 2025
Modul 5300: Vertiefungsmodul – Computerlinguistik 2
ECTS: 9
Abschnitt: Inhalte
Mögliche Inhalte sind Themen der Computerlinguistik. Das können sein
– Nichtklassische (modale, fuzzy oder substrukturelle) Logiken
– besondere Grammatikformalismen (Kategorialgrammatik)
– Vertiefungsseminare im Bereich maschinelles Lernen und Deep Learning",447,46,60,2,17,"5300; Vertiefungsmodul – Computerlinguistik 2; Vertiefungsmodul; Computerlinguistik (integrativ); Bachelorstudium; 9 ECTS; Mündliche Prüfung (Pnr. 5310) oder
Klausur (Pnr. 5320) oder
Hausarbeit (Pnr. 5330) oder
Studienarbeit (Pnr. 5340) oder
Projektarbeit (Pnr. 5350); Pnr. 5310; Pnr. 5320; Pnr. 5330; Pnr. 5340; Pnr. 5350; thematisches Seminar in der Computerlinguistik; 5301; Inhalte; Themen; Studieninhalte",True,False,True,True,True,True,True,False,False,0-100,False,False,True,,False
modulhandbuch-po2025-5300-learning-outcomes,retrieval_chunk,module-5300,modulhandbuch.pdf,32,33,2,"32,33",Computerlinguistik (integrativ),Bachelorstudium,5300,Vertiefungsmodul – Computerlinguistik 2,Vertiefungsmodul,"a: 6. Fachsemester (Sommersemester)
Prüfung im 6. Fachsemester (Sommersemester)",9.0,de,module,learning_outcomes,learning_outcomes,normal,"Quelle: modulhandbuch.pdf, Seiten 32-33
Studiengang: Computerlinguistik (integrativ), Bachelorstudium, PO 2025
Modul 5300: Vertiefungsmodul – Computerlinguistik 2
ECTS: 9
Abschnitt: Angestrebte Lernergebnisse und Studieninhalte
Studierende lernen vertiefte Kenntnisse in Spezialgebieten der Computerlinguistik.",310,31,41,1,17,"5300; Vertiefungsmodul – Computerlinguistik 2; Vertiefungsmodul; Computerlinguistik (integrativ); Bachelorstudium; 9 ECTS; Mündliche Prüfung (Pnr. 5310) oder
Klausur (Pnr. 5320) oder
Hausarbeit (Pnr. 5330) oder
Studienarbeit (Pnr. 5340) oder
Projektarbeit (Pnr. 5350); Pnr. 5310; Pnr. 5320; Pnr. 5330; Pnr. 5340; Pnr. 5350; thematisches Seminar in der Computerlinguistik; 5301; Lernergebnisse; Kompetenzen; Studieninhalte",True,False,True,True,True,True,True,False,False,0-100,False,False,True,,False
modulhandbuch-po2025-5300-prerequisites,retrieval_chunk,module-5300,modulhandbuch.pdf,32,33,2,"32,33",Computerlinguistik (integrativ),Bachelorstudium,5300,Vertiefungsmodul – Computerlinguistik 2,Vertiefungsmodul,"a: 6. Fachsemester (Sommersemester)
Prüfung im 6. Fachsemester (Sommersemester)",9.0,de,module,prerequisites,prerequisites,high,"Quelle: modulhandbuch.pdf, Seiten 32-33
Studiengang: Computerlinguistik (integrativ), Bachelorstudium, PO 2025
Modul 5300: Vertiefungsmodul – Computerlinguistik 2
ECTS: 9
Abschnitt: Teilnahmevoraussetzungen
Formal: Basismodul – Mathematische und logische Grundlagen,
Basismodul – Grundlagen der Computerlinguistik und formale Grammatikbeschreibung,
Aufbaumodul – Maschinelles Lernen
Inhaltlich: Je nach Thema",408,40,52,1,18,"5300; Vertiefungsmodul – Computerlinguistik 2; Vertiefungsmodul; Computerlinguistik (integrativ); Bachelorstudium; 9 ECTS; Mündliche Prüfung (Pnr. 5310) oder
Klausur (Pnr. 5320) oder
Hausarbeit (Pnr. 5330) oder
Studienarbeit (Pnr. 5340) oder
Projektarbeit (Pnr. 5350); Pnr. 5310; Pnr. 5320; Pnr. 5330; Pnr. 5340; Pnr. 5350; thematisches Seminar in der Computerlinguistik; 5301; Teilnahmevoraussetzungen; Voraussetzungen; Formal; Inhaltlich",True,False,True,True,True,True,True,False,False,0-100,False,False,True,,False
modulhandbuch-po2025-5300-exam,retrieval_chunk,module-5300,modulhandbuch.pdf,32,33,2,"32,33",Computerlinguistik (integrativ),Bachelorstudium,5300,Vertiefungsmodul – Computerlinguistik 2,Vertiefungsmodul,"a: 6. Fachsemester (Sommersemester)
Prüfung im 6. Fachsemester (Sommersemester)",9.0,de,module,exam,exam,high,"Quelle: modulhandbuch.pdf, Seiten 32-33
Studiengang: Computerlinguistik (integrativ), Bachelorstudium, PO 2025
Modul 5300: Vertiefungsmodul – Computerlinguistik 2
ECTS: 9
Abschnitt: Prüfungsformen und ECTS-Vergabe
Prüfungsformen:
Mündliche Prüfung (Pnr. 5310) oder
Klausur (Pnr. 5320) oder
Hausarbeit (Pnr. 5330) oder
Studienarbeit (Pnr. 5340) oder
Projektarbeit (Pnr. 5350)
ECTS-Leistungspunkte für die Modulprüfung:
4 ECTS-Leistungspunkte
Voraussetzungen für die Zulassung zur Modulprüfung/Prüfung:
-keine-
Voraussetzungen für die Vergabe von ECTS-Leistungspunkten:
Aktive und erfolgreiche Mitwirkung im Forschungsseminar, bestandene Modulprüfung
Prüfungssemester:
Prüfung im 6. Fachsemester (Sommersemester)",710,76,99,7,23,"5300; Vertiefungsmodul – Computerlinguistik 2; Vertiefungsmodul; Computerlinguistik (integrativ); Bachelorstudium; 9 ECTS; Mündliche Prüfung (Pnr. 5310) oder
Klausur (Pnr. 5320) oder
Hausarbeit (Pnr. 5330) oder
Studienarbeit (Pnr. 5340) oder
Projektarbeit (Pnr. 5350); Pnr. 5310; Pnr. 5320; Pnr. 5330; Pnr. 5340; Pnr. 5350; thematisches Seminar in der Computerlinguistik; 5301; Prüfungsformen; Pnr; Modulprüfung; Klausur; Hausarbeit; Projektarbeit; Bachelorarbeit; Mündliche Prüfung; Studienarbeit",True,False,True,True,True,True,True,False,False,0-100,False,False,True,,False
modulhandbuch-po2025-5300-table,retrieval_chunk,module-5300,modulhandbuch.pdf,32,33,2,"32,33",Computerlinguistik (integrativ),Bachelorstudium,5300,Vertiefungsmodul – Computerlinguistik 2,Vertiefungsmodul,"a: 6. Fachsemester (Sommersemester)
Prüfung im 6. Fachsemester (Sommersemester)",9.0,de,module,table,workload,normal,"Quelle: modulhandbuch.pdf, Seiten 32-33
Studiengang: Computerlinguistik (integrativ), Bachelorstudium, PO 2025
Modul 5300: Vertiefungsmodul – Computerlinguistik 2
ECTS: 9
Abschnitt: Modultabelle
Tabellen-ID: table-module-5300
Die Modultabelle enthält alle Feld-Wert-Angaben des Moduls, darunter ECTS, Workload, Lehrveranstaltungen, Semesterempfehlung, Häufigkeit, Inhalte, Lernergebnisse, Teilnahmevoraussetzungen, Prüfungsformen und Voraussetzungen für die Vergabe von ECTS-Leistungspunkten.",492,46,60,1,17,"5300; Vertiefungsmodul – Computerlinguistik 2; Vertiefungsmodul; Computerlinguistik (integrativ); Bachelorstudium; 9 ECTS; Mündliche Prüfung (Pnr. 5310) oder
Klausur (Pnr. 5320) oder
Hausarbeit (Pnr. 5330) oder
Studienarbeit (Pnr. 5340) oder
Projektarbeit (Pnr. 5350); Pnr. 5310; Pnr. 5320; Pnr. 5330; Pnr. 5340; Pnr. 5350; thematisches Seminar in der Computerlinguistik; 5301; Tabelle; Modultabelle; table-module-5300",True,False,True,True,True,True,True,False,False,0-100,False,False,True,,False
modulhandbuch-po2025-5300-notes,retrieval_chunk,module-5300,modulhandbuch.pdf,32,33,2,"32,33",Computerlinguistik (integrativ),Bachelorstudium,5300,Vertiefungsmodul – Computerlinguistik 2,Vertiefungsmodul,"a: 6. Fachsemester (Sommersemester)
Prüfung im 6. Fachsemester (Sommersemester)",9.0,de,module,notes,workload,normal,"Quelle: modulhandbuch.pdf, Seiten 32-33
Studiengang: Computerlinguistik (integrativ), Bachelorstudium, PO 2025
Modul 5300: Vertiefungsmodul – Computerlinguistik 2
ECTS: 9
Abschnitt: Sonstige Informationen
Sonstige Informationen: -keine-",236,24,32,1,16,"5300; Vertiefungsmodul – Computerlinguistik 2; Vertiefungsmodul; Computerlinguistik (integrativ); Bachelorstudium; 9 ECTS; Mündliche Prüfung (Pnr. 5310) oder
Klausur (Pnr. 5320) oder
Hausarbeit (Pnr. 5330) oder
Studienarbeit (Pnr. 5340) oder
Projektarbeit (Pnr. 5350); Pnr. 5310; Pnr. 5320; Pnr. 5330; Pnr. 5340; Pnr. 5350; thematisches Seminar in der Computerlinguistik; 5301; Sonstige Informationen; Hinweise",True,False,True,True,True,True,True,False,False,0-100,False,False,True,,False
modulhandbuch-po2025-5900-overview,retrieval_chunk,module-5900,modulhandbuch.pdf,34,35,2,"34,35",Computerlinguistik (integrativ),Bachelorstudium,5900,Abschlussarbeit und Forschungskolloquium,,"a: 6. Fachsemester (Sommersemester)
b: 6. Fachsemester (Sommersemester)",15.0,de,module,overview,workload,high,"Quelle: modulhandbuch.pdf, Seiten 34-35
Studiengang: Computerlinguistik (integrativ), Bachelorstudium, PO 2025
Modul 5900: Abschlussarbeit und Forschungskolloquium
ECTS: 15
Abschnitt: Modulübersicht
Empfohlenes Studiensemester: a: 6. Fachsemester (Sommersemester)
b: 6. Fachsemester (Sommersemester)
Dauer: 1 Semester
Häufigkeit des Angebots: a: Jedes Sommersemester
b: Jedes Sommersemester
Prüfungsformen: Bachelorarbeit (Pnr. 6000)
Teilnahmevoraussetzungen: Formal: Alle Basis- und Aufbaumodule
Inhalte: Im Forschungskolloquium tragen jede zweite Woche (meist auswärtige) Gäste ihre aktuelle Forschungsarbeit vor. Die Woche
davor werden die Inhalte der Vorträge anhand von Artikeln besprochen und vorbereitet.
Das Thema der Bachelorarbeit darf frei gewählt werden, muss aber im Bereich Computerlinguistik liegen.
Angestrebte Lernergebnisse und Studieninhalte: Studierende lernen aktuelle Forschungsarbeit der Computerlinguistik kennen, und lernen weiterhin selbständig wissenschaftlich zu arbeiten.",1000,112,146,7,13,5900; Abschlussarbeit und Forschungskolloquium; Computerlinguistik (integrativ); Bachelorstudium; 15 ECTS; Bachelorarbeit (Pnr. 6000); Pnr. 6000; Forschungskolloquium Computerlinguistik; 5901; Seminar; 5902; Modulübersicht; Overview,True,False,True,True,True,True,True,False,False,101-300,False,False,True,,False
modulhandbuch-po2025-5900-semester-ects,retrieval_chunk,module-5900,modulhandbuch.pdf,34,35,2,"34,35",Computerlinguistik (integrativ),Bachelorstudium,5900,Abschlussarbeit und Forschungskolloquium,,"a: 6. Fachsemester (Sommersemester)
b: 6. Fachsemester (Sommersemester)",15.0,de,module,semester_ects,workload,high,"Quelle: modulhandbuch.pdf, Seiten 34-35
Studiengang: Computerlinguistik (integrativ), Bachelorstudium, PO 2025
Modul 5900: Abschlussarbeit und Forschungskolloquium
ECTS: 15
Abschnitt: Semester, ECTS, Dauer und Häufigkeit
ECTS-Leistungspunkte: 15
Empfohlenes Studiensemester:
a: 6. Fachsemester (Sommersemester)
b: 6. Fachsemester (Sommersemester)
Dauer: 1 Semester
Häufigkeit des Angebots:
a: Jedes Sommersemester
b: Jedes Sommersemester",437,48,63,3,16,5900; Abschlussarbeit und Forschungskolloquium; Computerlinguistik (integrativ); Bachelorstudium; 15 ECTS; Bachelorarbeit (Pnr. 6000); Pnr. 6000; Forschungskolloquium Computerlinguistik; 5901; Seminar; 5902; ECTS; Fachsemester; Semester; Dauer; Häufigkeit,True,False,True,True,True,True,True,False,False,0-100,False,False,True,,False
modulhandbuch-po2025-5900-workload,retrieval_chunk,module-5900,modulhandbuch.pdf,34,35,2,"34,35",Computerlinguistik (integrativ),Bachelorstudium,5900,Abschlussarbeit und Forschungskolloquium,,"a: 6. Fachsemester (Sommersemester)
b: 6. Fachsemester (Sommersemester)",15.0,de,module,workload,workload,normal,"Quelle: modulhandbuch.pdf, Seiten 34-35
Studiengang: Computerlinguistik (integrativ), Bachelorstudium, PO 2025
Modul 5900: Abschlussarbeit und Forschungskolloquium
ECTS: 15
Abschnitt: Workload, Kontaktzeit und Selbststudium
Workload: 450 Stunden
Kontaktzeit:
a: 2 SWS / 30 Stunden / 1 ECTS-Leistungspunkt
b: 2 SWS / 30 Stunden / 1 ECTS-Leistungspunkt
Selbststudium:
Im 6. Fachsemester: 60 Stunden / 2 ECTS-Leistungspunkte
ECTS-Leistungspunkte für die Modulprüfung:
12 ECTS-Leistungspunkte",488,55,72,2,17,5900; Abschlussarbeit und Forschungskolloquium; Computerlinguistik (integrativ); Bachelorstudium; 15 ECTS; Bachelorarbeit (Pnr. 6000); Pnr. 6000; Forschungskolloquium Computerlinguistik; 5901; Seminar; 5902; Workload; Kontaktzeit; Selbststudium; SWS; Stunden; ECTS,True,False,True,True,True,True,True,False,False,0-100,False,False,True,,False
modulhandbuch-po2025-5900-course-components,retrieval_chunk,module-5900,modulhandbuch.pdf,34,35,2,"34,35",Computerlinguistik (integrativ),Bachelorstudium,5900,Abschlussarbeit und Forschungskolloquium,,"a: 6. Fachsemester (Sommersemester)
b: 6. Fachsemester (Sommersemester)",15.0,de,module,course_components,workload,normal,"Quelle: modulhandbuch.pdf, Seiten 34-35
Studiengang: Computerlinguistik (integrativ), Bachelorstudium, PO 2025
Modul 5900: Abschlussarbeit und Forschungskolloquium
ECTS: 15
Abschnitt: Lehrveranstaltungen und Lehrformen / Belegung
Lehrveranstaltungen und Lehrformen:
a: Forschungskolloquium Computerlinguistik (Kolloquium) / 5901
b: Seminar (Seminar) / 5902
Belegung:
Forschungskolloquium (a) oder Seminar (b)",408,41,54,1,19,5900; Abschlussarbeit und Forschungskolloquium; Computerlinguistik (integrativ); Bachelorstudium; 15 ECTS; Bachelorarbeit (Pnr. 6000); Pnr. 6000; Forschungskolloquium Computerlinguistik; 5901; Seminar; 5902; Lehrveranstaltungen; Lehrformen; Belegung; Seminar; Übung; Vorlesung; Kolloquium; Praktikum,True,False,True,True,True,True,True,False,False,0-100,False,False,True,,False
modulhandbuch-po2025-5900-content,retrieval_chunk,module-5900,modulhandbuch.pdf,34,35,2,"34,35",Computerlinguistik (integrativ),Bachelorstudium,5900,Abschlussarbeit und Forschungskolloquium,,"a: 6. Fachsemester (Sommersemester)
b: 6. Fachsemester (Sommersemester)",15.0,de,module,content,workload,normal,"Quelle: modulhandbuch.pdf, Seiten 34-35
Studiengang: Computerlinguistik (integrativ), Bachelorstudium, PO 2025
Modul 5900: Abschlussarbeit und Forschungskolloquium
ECTS: 15
Abschnitt: Inhalte
Im Forschungskolloquium tragen jede zweite Woche (meist auswärtige) Gäste ihre aktuelle Forschungsarbeit vor. Die Woche
davor werden die Inhalte der Vorträge anhand von Artikeln besprochen und vorbereitet.
Das Thema der Bachelorarbeit darf frei gewählt werden, muss aber im Bereich Computerlinguistik liegen.",500,61,80,3,14,5900; Abschlussarbeit und Forschungskolloquium; Computerlinguistik (integrativ); Bachelorstudium; 15 ECTS; Bachelorarbeit (Pnr. 6000); Pnr. 6000; Forschungskolloquium Computerlinguistik; 5901; Seminar; 5902; Inhalte; Themen; Studieninhalte,True,False,True,True,True,True,True,False,False,0-100,False,False,True,,False
modulhandbuch-po2025-5900-learning-outcomes,retrieval_chunk,module-5900,modulhandbuch.pdf,34,35,2,"34,35",Computerlinguistik (integrativ),Bachelorstudium,5900,Abschlussarbeit und Forschungskolloquium,,"a: 6. Fachsemester (Sommersemester)
b: 6. Fachsemester (Sommersemester)",15.0,de,module,learning_outcomes,learning_outcomes,normal,"Quelle: modulhandbuch.pdf, Seiten 34-35
Studiengang: Computerlinguistik (integrativ), Bachelorstudium, PO 2025
Modul 5900: Abschlussarbeit und Forschungskolloquium
ECTS: 15
Abschnitt: Angestrebte Lernergebnisse und Studieninhalte
Studierende lernen aktuelle Forschungsarbeit der Computerlinguistik kennen, und lernen weiterhin selbständig wissenschaftlich zu arbeiten.",368,37,49,1,14,5900; Abschlussarbeit und Forschungskolloquium; Computerlinguistik (integrativ); Bachelorstudium; 15 ECTS; Bachelorarbeit (Pnr. 6000); Pnr. 6000; Forschungskolloquium Computerlinguistik; 5901; Seminar; 5902; Lernergebnisse; Kompetenzen; Studieninhalte,True,False,True,True,True,True,True,False,False,0-100,False,False,True,,False
modulhandbuch-po2025-5900-prerequisites,retrieval_chunk,module-5900,modulhandbuch.pdf,34,35,2,"34,35",Computerlinguistik (integrativ),Bachelorstudium,5900,Abschlussarbeit und Forschungskolloquium,,"a: 6. Fachsemester (Sommersemester)
b: 6. Fachsemester (Sommersemester)",15.0,de,module,prerequisites,prerequisites,high,"Quelle: modulhandbuch.pdf, Seiten 34-35
Studiengang: Computerlinguistik (integrativ), Bachelorstudium, PO 2025
Modul 5900: Abschlussarbeit und Forschungskolloquium
ECTS: 15
Abschnitt: Teilnahmevoraussetzungen
Formal: Alle Basis- und Aufbaumodule",245,25,33,1,15,5900; Abschlussarbeit und Forschungskolloquium; Computerlinguistik (integrativ); Bachelorstudium; 15 ECTS; Bachelorarbeit (Pnr. 6000); Pnr. 6000; Forschungskolloquium Computerlinguistik; 5901; Seminar; 5902; Teilnahmevoraussetzungen; Voraussetzungen; Formal; Inhaltlich,True,False,True,True,True,True,True,False,False,0-100,False,False,True,,False
modulhandbuch-po2025-5900-exam,retrieval_chunk,module-5900,modulhandbuch.pdf,34,35,2,"34,35",Computerlinguistik (integrativ),Bachelorstudium,5900,Abschlussarbeit und Forschungskolloquium,,"a: 6. Fachsemester (Sommersemester)
b: 6. Fachsemester (Sommersemester)",15.0,de,module,exam,exam,high,"Quelle: modulhandbuch.pdf, Seiten 34-35
Studiengang: Computerlinguistik (integrativ), Bachelorstudium, PO 2025
Modul 5900: Abschlussarbeit und Forschungskolloquium
ECTS: 15
Abschnitt: Prüfungsformen und ECTS-Vergabe
Prüfungsformen:
Bachelorarbeit (Pnr. 6000)
ECTS-Leistungspunkte für die Modulprüfung:
12 ECTS-Leistungspunkte
Voraussetzungen für die Zulassung zur Modulprüfung/Prüfung:
-keine-
Voraussetzungen für die Vergabe von ECTS-Leistungspunkten:
Aktive und erfolgreiche Mitwirkung im Forschungsseminar, bestandene Bachelorarbeit.",536,53,69,2,20,5900; Abschlussarbeit und Forschungskolloquium; Computerlinguistik (integrativ); Bachelorstudium; 15 ECTS; Bachelorarbeit (Pnr. 6000); Pnr. 6000; Forschungskolloquium Computerlinguistik; 5901; Seminar; 5902; Prüfungsformen; Pnr; Modulprüfung; Klausur; Hausarbeit; Projektarbeit; Bachelorarbeit; Mündliche Prüfung; Studienarbeit,True,False,True,True,True,True,True,False,False,0-100,False,False,True,,False
modulhandbuch-po2025-5900-table,retrieval_chunk,module-5900,modulhandbuch.pdf,34,35,2,"34,35",Computerlinguistik (integrativ),Bachelorstudium,5900,Abschlussarbeit und Forschungskolloquium,,"a: 6. Fachsemester (Sommersemester)
b: 6. Fachsemester (Sommersemester)",15.0,de,module,table,workload,normal,"Quelle: modulhandbuch.pdf, Seiten 34-35
Studiengang: Computerlinguistik (integrativ), Bachelorstudium, PO 2025
Modul 5900: Abschlussarbeit und Forschungskolloquium
ECTS: 15
Abschnitt: Modultabelle
Tabellen-ID: table-module-5900
Die Modultabelle enthält alle Feld-Wert-Angaben des Moduls, darunter ECTS, Workload, Lehrveranstaltungen, Semesterempfehlung, Häufigkeit, Inhalte, Lernergebnisse, Teilnahmevoraussetzungen, Prüfungsformen und Voraussetzungen für die Vergabe von ECTS-Leistungspunkten.",494,46,60,1,14,5900; Abschlussarbeit und Forschungskolloquium; Computerlinguistik (integrativ); Bachelorstudium; 15 ECTS; Bachelorarbeit (Pnr. 6000); Pnr. 6000; Forschungskolloquium Computerlinguistik; 5901; Seminar; 5902; Tabelle; Modultabelle; table-module-5900,True,False,True,True,True,True,True,False,False,0-100,False,False,True,,False
modulhandbuch-po2025-5900-notes,retrieval_chunk,module-5900,modulhandbuch.pdf,34,35,2,"34,35",Computerlinguistik (integrativ),Bachelorstudium,5900,Abschlussarbeit und Forschungskolloquium,,"a: 6. Fachsemester (Sommersemester)
b: 6. Fachsemester (Sommersemester)",15.0,de,module,notes,workload,normal,"Quelle: modulhandbuch.pdf, Seiten 34-35
Studiengang: Computerlinguistik (integrativ), Bachelorstudium, PO 2025
Modul 5900: Abschlussarbeit und Forschungskolloquium
ECTS: 15
Abschnitt: Sonstige Informationen
Sonstige Informationen: -keine-",238,24,32,1,13,5900; Abschlussarbeit und Forschungskolloquium; Computerlinguistik (integrativ); Bachelorstudium; 15 ECTS; Bachelorarbeit (Pnr. 6000); Pnr. 6000; Forschungskolloquium Computerlinguistik; 5901; Seminar; 5902; Sonstige Informationen; Hinweise,True,False,True,True,True,True,True,False,False,0-100,False,False,True,,False
