question_id,question,mapping_status,gold_size,gold_chunk_ids,best_score,second_best_score,top1_gap,top_chunk_ids,top_scores,gold_chunk_ranks,best_gold_rank,worst_gold_rank,mean_gold_rank,mrr,best_gold_score,worst_gold_score,best_non_gold_score,best_gold_margin,complete_gold_margin,recall_at_1,hit_at_1,all_gold_at_1,recall_at_2,hit_at_2,all_gold_at_2,recall_at_3,hit_at_3,all_gold_at_3,recall_at_5,hit_at_5,all_gold_at_5,recall_at_10,hit_at_10,all_gold_at_10
Q0001,Welche fachlichen Grundlagen soll das Studium vermitteln?,fully_answerable,1,"[""PO25CL-GEN-C01-P01-A01""]",0.7734653949737549,0.6615713834762573,0.11189401149749756,"[""PO25CL-GEN-C01-P01-A01"", ""PO25CL-GEN-C02-P09-A02"", ""PO25CL-GEN-C01-P04-A02"", ""PO25CL-GEN-C01-P01-A02"", ""PO25CL-GEN-C02-P06-U01"", ""PO25CL-GEN-C04-P31-A01"", ""PO25CL-GEN-C01-P04-A03"", ""PO25CL-GEN-C03-P15-A06"", ""PO25CL-GEN-C01-P04-A01"", ""PO25CL-GEN-C02-P07-A01""]","[0.7734653949737549, 0.6615713834762573, 0.6584502458572388, 0.6554938554763794, 0.6474571228027344, 0.6433790326118469, 0.6353211402893066, 0.6053382158279419, 0.6036843657493591, 0.598394513130188]",[1],1.0,1.0,1.0,1.0,0.7734653949737549,0.7734653949737549,0.6615713834762573,0.11189401149749756,0.11189401149749756,1.0,1.0,1.0,1.0,1.0,1.0,1.0,1.0,1.0,1.0,1.0,1.0,1.0,1.0,1.0
Q0002,Welche Art von Forschungsergebnissen soll das Studium vermitteln?,fully_answerable,1,"[""PO25CL-GEN-C01-P01-A01""]",0.7171279788017273,0.5690160989761353,0.14811187982559204,"[""PO25CL-GEN-C01-P01-A01"", ""PO25CL-GEN-C01-P04-A03"", ""PO25CL-GEN-C04-P31-A01"", ""PO25CL-GEN-C04-P31-A02"", ""PO25CL-GEN-C01-P04-A02"", ""PO25CL-GEN-C04-P28-A05"", ""PO25CL-GEN-C01-P01-A02"", ""PO25CL-GEN-C03-P15-A06"", ""PO25CL-GEN-C01-P04-A05"", ""PO25CL-GEN-C02-P06-U01""]","[0.7171279788017273, 0.5690160989761353, 0.5647335052490234, 0.563096284866333, 0.5614651441574097, 0.5579348206520081, 0.5485742688179016, 0.540321946144104, 0.5367044806480408, 0.5339565277099609]",[1],1.0,1.0,1.0,1.0,0.7171279788017273,0.7171279788017273,0.5690160989761353,0.14811187982559204,0.14811187982559204,1.0,1.0,1.0,1.0,1.0,1.0,1.0,1.0,1.0,1.0,1.0,1.0,1.0,1.0,1.0
Q0003,In der Anwendung welcher Methoden bildet das Studium aus?,fully_answerable,1,"[""PO25CL-GEN-C01-P01-A01""]",0.7392709851264954,0.6234570741653442,0.11581391096115112,"[""PO25CL-GEN-C01-P01-A01"", ""PO25CL-GEN-C02-P06-U01"", ""PO25CL-GEN-C04-P31-A01"", ""PO25CL-GEN-C01-P01-A02"", ""PO25CL-GEN-C03-P11-A05"", ""PO25CL-GEN-C02-P07-A01"", ""PO25CL-GEN-C01-P04-A02"", ""PO25CL-GEN-C02-P09-A02"", ""PO25CL-GEN-C01-P04-A03"", ""PO25CL-PLAN-INTRO""]","[0.7392709851264954, 0.6234570741653442, 0.614336371421814, 0.5890021920204163, 0.5760085582733154, 0.5730064511299133, 0.5695016384124756, 0.5680243968963623, 0.5600928664207458, 0.5587297677993774]",[1],1.0,1.0,1.0,1.0,0.7392709851264954,0.7392709851264954,0.6234570741653442,0.11581391096115112,0.11581391096115112,1.0,1.0,1.0,1.0,1.0,1.0,1.0,1.0,1.0,1.0,1.0,1.0,1.0,1.0,1.0
Q0004,Welche Form der Aneignung wissenschaftlicher Theorien sollen Studierende lernen?,fully_answerable,1,"[""PO25CL-GEN-C01-P01-A01""]",0.698951244354248,0.5025907754898071,0.19636046886444092,"[""PO25CL-GEN-C01-P01-A01"", ""PO25CL-PLAN-S01-M01"", ""PO25CL-GEN-C02-P06-U01"", ""PO25CL-PLAN-INTRO"", ""PO25CL-GEN-C01-P04-A03"", ""PO25CL-GEN-C03-P15-A06"", ""PO25CL-PLAN-S03-M03"", ""PO25CL-GEN-C02-P09-A02"", ""PO25CL-PLAN-S03-M02"", ""PO25CL-GEN-C01-P03-A03""]","[0.698951244354248, 0.5025907754898071, 0.49111807346343994, 0.48284047842025757, 0.47504761815071106, 0.46519821882247925, 0.463146448135376, 0.4551919400691986, 0.45359286665916443, 0.4482406973838806]",[1],1.0,1.0,1.0,1.0,0.698951244354248,0.698951244354248,0.5025907754898071,0.19636046886444092,0.19636046886444092,1.0,1.0,1.0,1.0,1.0,1.0,1.0,1.0,1.0,1.0,1.0,1.0,1.0,1.0,1.0
Q0005,Welche Art der Beurteilung wissenschaftlicher Methoden sollen Studierende lernen?,fully_answerable,1,"[""PO25CL-GEN-C01-P01-A01""]",0.7409316301345825,0.5859519243240356,0.15497970581054688,"[""PO25CL-GEN-C01-P01-A01"", ""PO25CL-GEN-C03-P15-A06"", ""PO25CL-GEN-C04-P28-A06"", ""PO25CL-GEN-C04-P30-U01"", ""PO25CL-GEN-C04-P31-A02"", ""PO25CL-GEN-C02-P06-U01"", ""PO25CL-GEN-C03-P14-A02"", ""PO25CL-GEN-C04-P31-A01"", ""PO25CL-GEN-C01-P05-A01"", ""PO25CL-GEN-C04-P28-A01""]","[0.7409316301345825, 0.5859519243240356, 0.5835016369819641, 0.5782470703125, 0.575268030166626, 0.5712077617645264, 0.5682003498077393, 0.5557118654251099, 0.5538517236709595, 0.5535423755645752]",[1],1.0,1.0,1.0,1.0,0.7409316301345825,0.7409316301345825,0.5859519243240356,0.15497970581054688,0.15497970581054688,1.0,1.0,1.0,1.0,1.0,1.0,1.0,1.0,1.0,1.0,1.0,1.0,1.0,1.0,1.0
Q0006,Zu welcher Arbeit auf theoretischem Gebiet sollen Studierende befähigt werden?,fully_answerable,1,"[""PO25CL-GEN-C01-P01-A01""]",0.7232442498207092,0.6001360416412354,0.12310820817947388,"[""PO25CL-GEN-C01-P01-A01"", ""PO25CL-GEN-C02-P09-A02"", ""PO25CL-GEN-C01-P04-A02"", ""PO25CL-GEN-C01-P04-A03"", ""PO25CL-GEN-C03-P15-A06"", ""PO25CL-GEN-C01-P01-A02"", ""PO25CL-PLAN-INTRO"", ""PO25CL-GEN-C04-P31-A01"", ""PO25CL-GEN-C01-P04-A01"", ""PO25CL-GEN-C03-P15-A02""]","[0.7232442498207092, 0.6001360416412354, 0.5875402688980103, 0.5863996744155884, 0.5749499797821045, 0.5673311948776245, 0.5621147155761719, 0.5599461793899536, 0.5594793558120728, 0.5547815561294556]",[1],1.0,1.0,1.0,1.0,0.7232442498207092,0.7232442498207092,0.6001360416412354,0.12310820817947388,0.12310820817947388,1.0,1.0,1.0,1.0,1.0,1.0,1.0,1.0,1.0,1.0,1.0,1.0,1.0,1.0,1.0
Q0007,Zu welcher Arbeit auf empirischem Gebiet sollen Studierende befähigt werden?,fully_answerable,1,"[""PO25CL-GEN-C01-P01-A01""]",0.7353482246398926,0.6324734091758728,0.10287481546401978,"[""PO25CL-GEN-C01-P01-A01"", ""PO25CL-GEN-C02-P09-A02"", ""PO25CL-GEN-C03-P15-A06"", ""PO25CL-GEN-C04-P31-A01"", ""PO25CL-GEN-C04-P28-A03"", ""PO25CL-GEN-C02-P06-U01"", ""PO25CL-GEN-C01-P04-A02"", ""PO25CL-GEN-C04-P28-A01"", ""PO25CL-GEN-C04-P28-A06"", ""PO25CL-PLAN-INTRO""]","[0.7353482246398926, 0.6324734091758728, 0.6171695590019226, 0.6107659339904785, 0.5999572277069092, 0.5947961807250977, 0.5920702219009399, 0.5895019173622131, 0.5893189907073975, 0.5884156227111816]",[1],1.0,1.0,1.0,1.0,0.7353482246398926,0.7353482246398926,0.6324734091758728,0.10287481546401978,0.10287481546401978,1.0,1.0,1.0,1.0,1.0,1.0,1.0,1.0,1.0,1.0,1.0,1.0,1.0,1.0,1.0
Q0008,Zu welcher Arbeit auf praktischem Gebiet sollen Studierende befähigt werden?,fully_answerable,1,"[""PO25CL-GEN-C01-P01-A01""]",0.6768829226493835,0.6485580205917358,0.028324902057647705,"[""PO25CL-GEN-C02-P09-A02"", ""PO25CL-GEN-C01-P01-A01"", ""PO25CL-GEN-C04-P31-A01"", ""PO25CL-GEN-C02-P06-U01"", ""PO25CL-GEN-C02-P07-A01"", ""PO25CL-GEN-C04-P28-A03"", ""PO25CL-GEN-C03-P15-A02"", ""PO25CL-GEN-C04-P28-A01"", ""PO25CL-GEN-C02-P09-A03"", ""PO25CL-GEN-C03-P15-A06""]","[0.6768829226493835, 0.6485580205917358, 0.6109480857849121, 0.5927833318710327, 0.5827181339263916, 0.5808650851249695, 0.5737447142601013, 0.5717470049858093, 0.5653294324874878, 0.5650004148483276]",[2],2.0,2.0,2.0,0.5,0.6485580205917358,0.6485580205917358,0.6768829226493835,-0.028324902057647705,-0.028324902057647705,0.0,0.0,0.0,1.0,1.0,1.0,1.0,1.0,1.0,1.0,1.0,1.0,1.0,1.0,1.0
Q0009,Welche Fähigkeit zur Urteilsbildung soll der Bachelorstudiengang fördern?,fully_answerable,1,"[""PO25CL-GEN-C01-P01-A01""]",0.6283458471298218,0.6206690669059753,0.0076767802238464355,"[""PO25CL-GEN-C01-P01-A02"", ""PO25CL-GEN-C03-P23-U01"", ""PO25CL-GEN-C04-P28-A09"", ""PO25CL-GEN-C03-P15-A06"", ""PO25CL-GEN-C01-P04-A02"", ""PO25CL-GEN-C01-P01-A01"", ""PO25CL-GEN-C03-P21-A03"", ""PO25CL-GEN-C04-P28-A06"", ""PO25CL-GEN-C03-P22-U01"", ""PO25CL-PLAN-S02-PBB""]","[0.6283458471298218, 0.6206690669059753, 0.6124999523162842, 0.6092672348022461, 0.5985493659973145, 0.5951848030090332, 0.5935032963752747, 0.5851662158966064, 0.5789827108383179, 0.5774228572845459]",[6],6.0,6.0,6.0,0.16666666666666666,0.5951848030090332,0.5951848030090332,0.6283458471298218,-0.033161044120788574,-0.033161044120788574,0.0,0.0,0.0,0.0,0.0,0.0,0.0,0.0,0.0,0.0,0.0,0.0,1.0,1.0,1.0
Q0010,Welche Ausdrucksfähigkeit soll der Bachelorstudiengang fördern?,fully_answerable,1,"[""PO25CL-GEN-C01-P01-A01""]",0.6599640846252441,0.6486257314682007,0.011338353157043457,"[""PO25CL-GEN-C01-P04-A02"", ""PO25CL-PLAN-S02-PBB"", ""PO25CL-PLAN-S05-PBB"", ""PO25CL-PLAN-S04-PBB"", ""PO25CL-PLAN-S03-PBB"", ""PO25CL-PLAN-S01-PBB"", ""PO25CL-PLAN-S06-PBB"", ""PO25CL-GEN-C03-P15-A02"", ""PO25CL-APP-R06"", ""PO25CL-GEN-C02-P09-A02""]","[0.6599640846252441, 0.6486257314682007, 0.641670823097229, 0.640276312828064, 0.6395783424377441, 0.6372531652450562, 0.6316370964050293, 0.6107758283615112, 0.5820587277412415, 0.5756055116653442]",[41],41.0,41.0,41.0,0.024390243902439025,0.52777099609375,0.52777099609375,0.6599640846252441,-0.13219308853149414,-0.13219308853149414,0.0,0.0,0.0,0.0,0.0,0.0,0.0,0.0,0.0,0.0,0.0,0.0,0.0,0.0,0.0
Q0011,Welche Kommunikationsfähigkeit soll der Bachelorstudiengang fördern?,fully_answerable,1,"[""PO25CL-GEN-C01-P01-A01""]",0.5939401388168335,0.5935055017471313,0.00043463706970214844,"[""PO25CL-GEN-C01-P04-A02"", ""PO25CL-PLAN-S02-PBB"", ""PO25CL-PLAN-S05-PBB"", ""PO25CL-PLAN-S03-PBB"", ""PO25CL-PLAN-S01-PBB"", ""PO25CL-PLAN-S04-PBB"", ""PO25CL-PLAN-S06-PBB"", ""PO25CL-PLAN-S04-M05"", ""PO25CL-PLAN-S06-M02"", ""PO25CL-GEN-C01-P04-A03""]","[0.5939401388168335, 0.5935055017471313, 0.5844085216522217, 0.583405613899231, 0.5833698511123657, 0.5812450647354126, 0.5782362818717957, 0.559036374092102, 0.5503082871437073, 0.5444647073745728]",[36],36.0,36.0,36.0,0.027777777777777776,0.48656582832336426,0.48656582832336426,0.5939401388168335,-0.10737431049346924,-0.10737431049346924,0.0,0.0,0.0,0.0,0.0,0.0,0.0,0.0,0.0,0.0,0.0,0.0,0.0,0.0,0.0
Q0012,Welche Teamfähigkeit soll der Bachelorstudiengang fördern?,fully_answerable,1,"[""PO25CL-GEN-C01-P01-A01""]",0.6111754179000854,0.5807727575302124,0.030402660369873047,"[""PO25CL-GEN-C01-P04-A02"", ""PO25CL-GEN-C03-P15-A08"", ""PO25CL-GEN-C03-P15-A02"", ""PO25CL-GEN-C01-P01-A02"", ""PO25CL-GEN-C03-P15-A06"", ""PO25CL-GEN-C01-P04-A01"", ""PO25CL-PLAN-S02-PBB"", ""PO25CL-GEN-C04-P28-A09"", ""PO25CL-PLAN-S05-PBB"", ""PO25CL-PLAN-S03-PBB""]","[0.6111754179000854, 0.5807727575302124, 0.575804591178894, 0.5674875378608704, 0.5611463785171509, 0.5509521961212158, 0.5485453605651855, 0.5475854873657227, 0.5454460978507996, 0.5448346138000488]",[25],25.0,25.0,25.0,0.04,0.49337655305862427,0.49337655305862427,0.6111754179000854,-0.11779886484146118,-0.11779886484146118,0.0,0.0,0.0,0.0,0.0,0.0,0.0,0.0,0.0,0.0,0.0,0.0,0.0,0.0,0.0
Q0013,Wann wird die Bachelorprüfung abgelegt?,fully_answerable,1,"[""PO25CL-GEN-C01-P01-A02""]",0.704572319984436,0.6775658130645752,0.02700650691986084,"[""PO25CL-GEN-C03-P21-A02"", ""PO25CL-GEN-C01-P03-A01"", ""PO25CL-GEN-C03-P21-A03"", ""PO25CL-GEN-C03-P16-A03"", ""PO25CL-GEN-C03-P15-A05"", ""PO25CL-GEN-C03-P15-A04"", ""PO25CL-GEN-C03-P15-A01"", ""PO25CL-GEN-C03-P20-A04"", ""PO25CL-GEN-C03-P21-A01"", ""PO25CL-GEN-C03-P11-A09""]","[0.704572319984436, 0.6775658130645752, 0.6582239270210266, 0.6462156772613525, 0.6101586222648621, 0.6096233129501343, 0.6072863340377808, 0.5831817388534546, 0.5813794136047363, 0.5770282745361328]",[34],34.0,34.0,34.0,0.029411764705882353,0.48606008291244507,0.48606008291244507,0.704572319984436,-0.21851223707199097,-0.21851223707199097,0.0,0.0,0.0,0.0,0.0,0.0,0.0,0.0,0.0,0.0,0.0,0.0,0.0,0.0,0.0
Q0014,Als welche Art von Prüfung wird die Bachelorprüfung bezeichnet?,fully_answerable,1,"[""PO25CL-GEN-C01-P01-A02""]",0.7834615111351013,0.7394897937774658,0.0439717173576355,"[""PO25CL-GEN-C03-P10-U01"", ""PO25CL-GEN-C03-P21-A03"", ""PO25CL-GEN-C01-P01-A02"", ""PO25CL-GEN-C03-P22-U01"", ""PO25CL-GEN-C03-P15-A02"", ""PO25CL-GEN-C03-P21-A02"", ""PO25CL-GEN-C03-P21-A01"", ""PO25CL-GEN-C03-P15-A01"", ""PO25CL-GEN-C03-P23-U01"", ""PO25CL-GEN-C01-P04-A02""]","[0.7834615111351013, 0.7394897937774658, 0.6664832830429077, 0.6383416652679443, 0.6347182989120483, 0.634192705154419, 0.630739152431488, 0.6106060147285461, 0.5997467041015625, 0.5854452848434448]",[3],3.0,3.0,3.0,0.3333333333333333,0.6664832830429077,0.6664832830429077,0.7834615111351013,-0.1169782280921936,-0.1169782280921936,0.0,0.0,0.0,0.0,0.0,0.0,1.0,1.0,1.0,1.0,1.0,1.0,1.0,1.0,1.0
Q0015,Wofür steht die Abkürzung LP in der Prüfungsordnung?,fully_answerable,1,"[""PO25CL-GEN-C01-P02-A01""]",0.6506317853927612,0.6399041414260864,0.010727643966674805,"[""PO25CL-GEN-C03-P14-A02"", ""PO25CL-GEN-C03-P19-A08"", ""PO25CL-GEN-C03-P18-A02"", ""PO25CL-GEN-C03-P18-A08"", ""PO25CL-GEN-C03-P11-A05"", ""PO25CL-GEN-C04-P28-A06"", ""PO25CL-GEN-C03-P11-A07"", ""PO25CL-GEN-C03-P19-A02"", ""PO25CL-GEN-C03-P11-A04"", ""PO25CL-GEN-C04-P28-A08""]","[0.6506317853927612, 0.6399041414260864, 0.6190210580825806, 0.6144022941589355, 0.6071748733520508, 0.6069052219390869, 0.5972859263420105, 0.5953285694122314, 0.5877556800842285, 0.5846986174583435]",[56],56.0,56.0,56.0,0.017857142857142856,0.5119454860687256,0.5119454860687256,0.6506317853927612,-0.13868629932403564,-0.13868629932403564,0.0,0.0,0.0,0.0,0.0,0.0,0.0,0.0,0.0,0.0,0.0,0.0,0.0,0.0,0.0
Q0016,Welchem durchschnittlichen Arbeitsaufwand entspricht ein ECTS-Leistungspunkt?,fully_answerable,1,"[""PO25CL-GEN-C01-P02-A01""]",0.7214826345443726,0.6864616870880127,0.03502094745635986,"[""PO25CL-GEN-C01-P02-A01"", ""PO25CL-GEN-C01-P03-A05"", ""PO25CL-GEN-C03-P21-A01"", ""PO25CL-GEN-C01-P03-A04"", ""PO25CL-GEN-C01-P02-A03"", ""PO25CL-GEN-C01-P02-A02"", ""PO25CL-GEN-C04-P28-A09"", ""PO25CL-GEN-C03-P18-A06"", ""PO25CL-GEN-C01-P03-A02"", ""PO25CL-GEN-C03-P18-A05""]","[0.7214826345443726, 0.6864616870880127, 0.6269422173500061, 0.6184989809989929, 0.6030726432800293, 0.5772255659103394, 0.5592705011367798, 0.5554783344268799, 0.5194506645202637, 0.5188570022583008]",[1],1.0,1.0,1.0,1.0,0.7214826345443726,0.7214826345443726,0.6864616870880127,0.03502094745635986,0.03502094745635986,1.0,1.0,1.0,1.0,1.0,1.0,1.0,1.0,1.0,1.0,1.0,1.0,1.0,1.0,1.0
Q0017,Wodurch muss der Erfolg einer mit ECTS-Leistungspunkten bewerteten Arbeit nachgewiesen werden?,fully_answerable,1,"[""PO25CL-GEN-C01-P02-A01""]",0.745796799659729,0.7269269824028015,0.01886981725692749,"[""PO25CL-GEN-C01-P02-A03"", ""PO25CL-GEN-C01-P02-A01"", ""PO25CL-GEN-C04-P28-A09"", ""PO25CL-GEN-C01-P02-A02"", ""PO25CL-GEN-C01-P03-A05"", ""PO25CL-GEN-C03-P18-A08"", ""PO25CL-GEN-C03-P18-A01"", ""PO25CL-GEN-C04-P31-A02"", ""PO25CL-GEN-C04-P28-A06"", ""PO25CL-GEN-C04-P28-A05""]","[0.745796799659729, 0.7269269824028015, 0.6729105710983276, 0.6632622480392456, 0.6486903429031372, 0.625298023223877, 0.6225005388259888, 0.6063920259475708, 0.6052300930023193, 0.6026904582977295]",[2],2.0,2.0,2.0,0.5,0.7269269824028015,0.7269269824028015,0.745796799659729,-0.01886981725692749,-0.01886981725692749,0.0,0.0,0.0,1.0,1.0,1.0,1.0,1.0,1.0,1.0,1.0,1.0,1.0,1.0,1.0
Q0018,In welcher Art von Kreditpunktesystem werden Studienleistungen dokumentiert?,fully_answerable,1,"[""PO25CL-GEN-C01-P02-A02""]",0.7176229357719421,0.5319236516952515,0.18569928407669067,"[""PO25CL-GEN-C01-P02-A02"", ""PO25CL-GEN-C04-P31-A02"", ""PO25CL-GEN-C04-P28-A01"", ""PO25CL-GEN-C01-P02-A01"", ""PO25CL-GEN-C03-P18-A08"", ""PO25CL-GEN-C03-P11-A05"", ""PO25CL-GEN-C04-P31-A01"", ""PO25CL-GEN-C04-P28-A05"", ""PO25CL-GEN-C04-P28-A04"", ""PO25CL-GEN-C03-P14-A07""]","[0.7176229357719421, 0.5319236516952515, 0.5273991227149963, 0.5093874931335449, 0.49832883477211, 0.4952385723590851, 0.4931495785713196, 0.49141907691955566, 0.4879651665687561, 0.4874448776245117]",[1],1.0,1.0,1.0,1.0,0.7176229357719421,0.7176229357719421,0.5319236516952515,0.18569928407669067,0.18569928407669067,1.0,1.0,1.0,1.0,1.0,1.0,1.0,1.0,1.0,1.0,1.0,1.0,1.0,1.0,1.0
Q0019,Mit welcher Einheit werden Prüfungsleistungen im Kreditpunktesystem dokumentiert?,fully_answerable,1,"[""PO25CL-GEN-C01-P02-A02""]",0.6931546926498413,0.6017073392868042,0.09144735336303711,"[""PO25CL-GEN-C01-P02-A02"", ""PO25CL-GEN-C03-P18-A08"", ""PO25CL-GEN-C03-P14-A02"", ""PO25CL-GEN-C03-P11-A04"", ""PO25CL-GEN-C03-P11-A05"", ""PO25CL-GEN-C01-P02-A01"", ""PO25CL-GEN-C04-P28-A08"", ""PO25CL-GEN-C04-P31-A02"", ""PO25CL-GEN-C04-P28-A06"", ""PO25CL-GEN-C03-P18-A07""]","[0.6931546926498413, 0.6017073392868042, 0.5507426261901855, 0.5462080240249634, 0.5349587202072144, 0.5340947508811951, 0.5324074625968933, 0.5277550220489502, 0.5239202976226807, 0.5180916786193848]",[1],1.0,1.0,1.0,1.0,0.6931546926498413,0.6931546926498413,0.6017073392868042,0.09144735336303711,0.09144735336303711,1.0,1.0,1.0,1.0,1.0,1.0,1.0,1.0,1.0,1.0,1.0,1.0,1.0,1.0,1.0
Q0020,Wann werden ECTS-Leistungspunkte gutgeschrieben?,fully_answerable,1,"[""PO25CL-GEN-C01-P02-A03""]",0.7450491786003113,0.7310665249824524,0.013982653617858887,"[""PO25CL-GEN-C01-P02-A03"", ""PO25CL-GEN-C01-P02-A01"", ""PO25CL-GEN-C01-P02-A02"", ""PO25CL-GEN-C01-P03-A05"", ""PO25CL-GEN-C03-P18-A08"", ""PO25CL-GEN-C01-P03-A04"", ""PO25CL-GEN-C03-P21-A01"", ""PO25CL-GEN-C03-P11-A09"", ""PO25CL-GEN-C01-P03-A02"", ""PO25CL-GEN-C03-P19-A01""]","[0.7450491786003113, 0.7310665249824524, 0.6938292980194092, 0.6402403116226196, 0.5992751717567444, 0.597888708114624, 0.583936333656311, 0.5711110830307007, 0.565792977809906, 0.5474069118499756]",[1],1.0,1.0,1.0,1.0,0.7450491786003113,0.7450491786003113,0.7310665249824524,0.013982653617858887,0.013982653617858887,1.0,1.0,1.0,1.0,1.0,1.0,1.0,1.0,1.0,1.0,1.0,1.0,1.0,1.0,1.0
Q0021,Werden Prüfungsleistungen im akkumulierenden Kreditpunktesystem dokumentiert?,fully_answerable,1,"[""PO25CL-GEN-C01-P02-A02""]",0.6680716276168823,0.5692213773727417,0.09885025024414062,"[""PO25CL-GEN-C01-P02-A02"", ""PO25CL-GEN-C03-P18-A08"", ""PO25CL-GEN-C01-P02-A01"", ""PO25CL-GEN-C03-P19-A08"", ""PO25CL-GEN-C03-P14-A02"", ""PO25CL-GEN-C03-P18-A02"", ""PO25CL-GEN-C04-P26-U01"", ""PO25CL-GEN-C03-P11-A04"", ""PO25CL-GEN-C03-P19-A07"", ""PO25CL-GEN-C03-P19-A05""]","[0.6680716276168823, 0.5692213773727417, 0.5301867127418518, 0.5187968611717224, 0.518476128578186, 0.5110340118408203, 0.49942532181739807, 0.49097955226898193, 0.4850519001483917, 0.4846413731575012]",[1],1.0,1.0,1.0,1.0,0.6680716276168823,0.6680716276168823,0.5692213773727417,0.09885025024414062,0.09885025024414062,1.0,1.0,1.0,1.0,1.0,1.0,1.0,1.0,1.0,1.0,1.0,1.0,1.0,1.0,1.0
Q0022,Wie viele Studienjahre beträgt die reguläre Regelstudienzeit?,fully_answerable,1,"[""PO25CL-GEN-C01-P03-A01""]",0.7223483324050903,0.709871768951416,0.012476563453674316,"[""PO25CL-GEN-C01-P03-A01"", ""PO25CL-GEN-C01-P03-A02"", ""PO25CL-GEN-C03-P14-A10"", ""PO25CL-GEN-C03-P11-A09"", ""PO25CL-GEN-C02-P09-A01"", ""PO25CL-GEN-C03-P19-A01"", ""PO25CL-GEN-C01-P03-A04"", ""PO25CL-GEN-C01-P03-A05"", ""PO25CL-GEN-C03-P19-A07"", ""PO25CL-GEN-C03-P21-A02""]","[0.7223483324050903, 0.709871768951416, 0.6338223218917847, 0.6286097764968872, 0.6077179312705994, 0.6051400899887085, 0.59766685962677, 0.595425009727478, 0.5944247841835022, 0.5863791108131409]",[1],1.0,1.0,1.0,1.0,0.7223483324050903,0.7223483324050903,0.709871768951416,0.012476563453674316,0.012476563453674316,1.0,1.0,1.0,1.0,1.0,1.0,1.0,1.0,1.0,1.0,1.0,1.0,1.0,1.0,1.0
Q0023,Wie viele Studienjahre kann die Regelstudienzeit ausnahmsweise betragen?,fully_answerable,1,"[""PO25CL-GEN-C01-P03-A01""]",0.7668311595916748,0.7324038743972778,0.03442728519439697,"[""PO25CL-GEN-C01-P03-A01"", ""PO25CL-GEN-C01-P03-A02"", ""PO25CL-GEN-C03-P14-A10"", ""PO25CL-GEN-C02-P09-A01"", ""PO25CL-GEN-C03-P11-A09"", ""PO25CL-GEN-C03-P19-A01"", ""PO25CL-GEN-C01-P03-A04"", ""PO25CL-GEN-C03-P21-A02"", ""PO25CL-GEN-C03-P14-A04"", ""PO25CL-GEN-C03-P12-A02""]","[0.7668311595916748, 0.7324038743972778, 0.705518901348114, 0.6619426012039185, 0.655137836933136, 0.6417479515075684, 0.6326206922531128, 0.6317272782325745, 0.6288678646087646, 0.6283277869224548]",[1],1.0,1.0,1.0,1.0,0.7668311595916748,0.7668311595916748,0.7324038743972778,0.03442728519439697,0.03442728519439697,1.0,1.0,1.0,1.0,1.0,1.0,1.0,1.0,1.0,1.0,1.0,1.0,1.0,1.0,1.0
Q0024,Wo werden Ausnahmen von der Regelstudienzeit beschrieben?,fully_answerable,1,"[""PO25CL-GEN-C01-P03-A01""]",0.660162091255188,0.6488832235336304,0.011278867721557617,"[""PO25CL-GEN-C03-P11-A04"", ""PO25CL-GEN-C02-P07-A03"", ""PO25CL-GEN-C03-P11-A02"", ""PO25CL-GEN-C03-P19-A02"", ""PO25CL-GEN-C03-P11-A01"", ""PO25CL-GEN-C03-P17-A03"", ""PO25CL-GEN-C03-P20-A04"", ""PO25CL-GEN-C02-P07-A01"", ""PO25CL-GEN-C03-P19-A08"", ""PO25CL-GEN-C03-P19-A05""]","[0.660162091255188, 0.6488832235336304, 0.6417903900146484, 0.6375629305839539, 0.6319589614868164, 0.6237115859985352, 0.6167169809341431, 0.6086875796318054, 0.6054797768592834, 0.6037694215774536]",[49],49.0,49.0,49.0,0.02040816326530612,0.5120673179626465,0.5120673179626465,0.660162091255188,-0.1480947732925415,-0.1480947732925415,0.0,0.0,0.0,0.0,0.0,0.0,0.0,0.0,0.0,0.0,0.0,0.0,0.0,0.0,0.0
Q0025,Aus wie vielen Semestern besteht ein Studienjahr?,fully_answerable,1,"[""PO25CL-GEN-C01-P03-A01""]",0.6462730765342712,0.6391379833221436,0.0071350932121276855,"[""PO25CL-GEN-C01-P03-A01"", ""PO25CL-PLAN-S03-SUM"", ""PO25CL-PLAN-S01-SUM"", ""PO25CL-PLAN-S04-SUM"", ""PO25CL-PLAN-S02-SUM"", ""PO25CL-PLAN-S05-SUM"", ""PO25CL-GEN-C01-P03-A02"", ""PO25CL-PLAN-S06-SUM"", ""PO25CL-GEN-C03-P21-A01"", ""PO25CL-GEN-C03-P21-A02""]","[0.6462730765342712, 0.6391379833221436, 0.6386815309524536, 0.6362038254737854, 0.6329330205917358, 0.6266160011291504, 0.6207655668258667, 0.6161587238311768, 0.6077021956443787, 0.568433403968811]",[1],1.0,1.0,1.0,1.0,0.6462730765342712,0.6462730765342712,0.6391379833221436,0.0071350932121276855,0.0071350932121276855,1.0,1.0,1.0,1.0,1.0,1.0,1.0,1.0,1.0,1.0,1.0,1.0,1.0,1.0,1.0
Q0026,Auf wie viele Arbeitsstunden pro Semester ist der Bachelorstudiengang ausgelegt?,fully_answerable,1,"[""PO25CL-GEN-C01-P03-A01""]",0.7324835062026978,0.6660993695259094,0.06638413667678833,"[""PO25CL-GEN-C01-P03-A01"", ""PO25CL-GEN-C03-P15-A10"", ""PO25CL-GEN-C03-P21-A01"", ""PO25CL-GEN-C01-P03-A05"", ""PO25CL-GEN-C03-P15-A01"", ""PO25CL-GEN-C03-P21-A02"", ""PO25CL-GEN-C03-P18-A06"", ""PO25CL-PLAN-S06-SUM"", ""PO25CL-GEN-C01-P03-A04"", ""PO25CL-PLAN-S03-SUM""]","[0.7324835062026978, 0.6660993695259094, 0.6541198492050171, 0.6530734300613403, 0.6516838073730469, 0.647400975227356, 0.6060328483581543, 0.605116605758667, 0.6020841598510742, 0.5990040302276611]",[1],1.0,1.0,1.0,1.0,0.7324835062026978,0.7324835062026978,0.6660993695259094,0.06638413667678833,0.06638413667678833,1.0,1.0,1.0,1.0,1.0,1.0,1.0,1.0,1.0,1.0,1.0,1.0,1.0,1.0,1.0
Q0027,Wie viele ECTS-Leistungspunkte umfasst ein dreijähriges Bachelorstudium insgesamt?,fully_answerable,1,"[""PO25CL-GEN-C01-P03-A02""]",0.7335465550422668,0.7296528816223145,0.0038936734199523926,"[""PO25CL-GEN-C03-P21-A01"", ""PO25CL-GEN-C01-P03-A05"", ""PO25CL-GEN-C01-P03-A01"", ""PO25CL-GEN-C01-P03-A02"", ""PO25CL-GEN-C01-P03-A04"", ""PO25CL-GEN-C01-P02-A01"", ""PO25CL-PLAN-S03-SUM"", ""PO25CL-GEN-C03-P21-A02"", ""PO25CL-PLAN-S04-PBB"", ""PO25CL-PLAN-S04-SUM""]","[0.7335465550422668, 0.7296528816223145, 0.6818138360977173, 0.6815953254699707, 0.6506209373474121, 0.6182733774185181, 0.5994620323181152, 0.5918545722961426, 0.5829306840896606, 0.5783010721206665]",[4],4.0,4.0,4.0,0.25,0.6815953254699707,0.6815953254699707,0.7335465550422668,-0.05195122957229614,-0.05195122957229614,0.0,0.0,0.0,0.0,0.0,0.0,0.0,0.0,0.0,1.0,1.0,1.0,1.0,1.0,1.0
Q0028,Wie viele ECTS-Leistungspunkte entfallen im dreijährigen Modell auf das Kernfach?,fully_answerable,1,"[""PO25CL-GEN-C01-P03-A02""]",0.7226226329803467,0.7178064584732056,0.004816174507141113,"[""PO25CL-GEN-C01-P03-A02"", ""PO25CL-GEN-C01-P02-A03"", ""PO25CL-GEN-C01-P03-A05"", ""PO25CL-GEN-C01-P02-A01"", ""PO25CL-GEN-C01-P02-A02"", ""PO25CL-GEN-C01-P03-A04"", ""PO25CL-GEN-C03-P21-A01"", ""PO25CL-GEN-C03-P18-A08"", ""PO25CL-GEN-C01-P03-A01"", ""PO25CL-GEN-C03-P19-A01""]","[0.7226226329803467, 0.7178064584732056, 0.672538697719574, 0.6701919436454773, 0.6663588285446167, 0.6501063108444214, 0.625488817691803, 0.5740318298339844, 0.5722430944442749, 0.55930495262146]",[1],1.0,1.0,1.0,1.0,0.7226226329803467,0.7226226329803467,0.7178064584732056,0.004816174507141113,0.004816174507141113,1.0,1.0,1.0,1.0,1.0,1.0,1.0,1.0,1.0,1.0,1.0,1.0,1.0,1.0,1.0
Q0029,Wie viele ECTS-Leistungspunkte entfallen im dreijährigen Modell auf das Ergänzungsfach?,fully_answerable,1,"[""PO25CL-GEN-C01-P03-A02""]",0.7150428891181946,0.7076176404953003,0.007425248622894287,"[""PO25CL-GEN-C01-P03-A02"", ""PO25CL-GEN-C01-P02-A03"", ""PO25CL-GEN-C01-P02-A01"", ""PO25CL-GEN-C01-P03-A05"", ""PO25CL-GEN-C01-P02-A02"", ""PO25CL-GEN-C01-P03-A04"", ""PO25CL-GEN-C03-P21-A01"", ""PO25CL-GEN-C03-P18-A08"", ""PO25CL-GEN-C03-P19-A01"", ""PO25CL-GEN-C01-P03-A01""]","[0.7150428891181946, 0.7076176404953003, 0.6808105111122131, 0.6788601279258728, 0.6692212820053101, 0.6535139083862305, 0.6386669874191284, 0.577010452747345, 0.5715246200561523, 0.5652925968170166]",[1],1.0,1.0,1.0,1.0,0.7150428891181946,0.7150428891181946,0.7076176404953003,0.007425248622894287,0.007425248622894287,1.0,1.0,1.0,1.0,1.0,1.0,1.0,1.0,1.0,1.0,1.0,1.0,1.0,1.0,1.0
Q0030,Wie viele ECTS-Leistungspunkte entfallen im dreijährigen Modell auf den Profilbildungsbereich?,fully_answerable,1,"[""PO25CL-GEN-C01-P03-A02""]",0.6918365955352783,0.6740267276763916,0.01780986785888672,"[""PO25CL-GEN-C01-P03-A02"", ""PO25CL-GEN-C01-P02-A03"", ""PO25CL-GEN-C01-P03-A05"", ""PO25CL-GEN-C01-P03-A04"", ""PO25CL-GEN-C01-P02-A02"", ""PO25CL-GEN-C01-P02-A01"", ""PO25CL-GEN-C01-P05-A02"", ""PO25CL-GEN-C03-P21-A01"", ""PO25CL-GEN-C04-P31-A02"", ""PO25CL-GEN-C03-P18-A08""]","[0.6918365955352783, 0.6740267276763916, 0.6370694637298584, 0.6348869800567627, 0.6315653324127197, 0.6244748830795288, 0.6057802438735962, 0.5960793495178223, 0.5462343692779541, 0.5371814966201782]",[1],1.0,1.0,1.0,1.0,0.6918365955352783,0.6918365955352783,0.6740267276763916,0.01780986785888672,0.01780986785888672,1.0,1.0,1.0,1.0,1.0,1.0,1.0,1.0,1.0,1.0,1.0,1.0,1.0,1.0,1.0
Q0031,Wie viele ECTS-Leistungspunkte umfasst ein vierjähriges Bachelorstudium insgesamt?,fully_answerable,1,"[""PO25CL-GEN-C01-P03-A02""]",0.7868317365646362,0.72279953956604,0.06403219699859619,"[""PO25CL-GEN-C03-P21-A01"", ""PO25CL-GEN-C01-P03-A05"", ""PO25CL-GEN-C01-P03-A04"", ""PO25CL-GEN-C01-P03-A02"", ""PO25CL-GEN-C01-P03-A01"", ""PO25CL-PLAN-S04-SUM"", ""PO25CL-GEN-C01-P02-A01"", ""PO25CL-PLAN-S03-SUM"", ""PO25CL-GEN-C01-P04-A02"", ""PO25CL-GEN-C03-P21-A02""]","[0.7868317365646362, 0.72279953956604, 0.6993347406387329, 0.6854790449142456, 0.6528574824333191, 0.6279652118682861, 0.6218958497047424, 0.6169817447662354, 0.6132396459579468, 0.6079915165901184]",[4],4.0,4.0,4.0,0.25,0.6854790449142456,0.6854790449142456,0.7868317365646362,-0.10135269165039062,-0.10135269165039062,0.0,0.0,0.0,0.0,0.0,0.0,0.0,0.0,0.0,1.0,1.0,1.0,1.0,1.0,1.0
Q0032,Wie viele ECTS-Leistungspunkte entfallen im vierjährigen Modell auf das Kernfach?,fully_answerable,1,"[""PO25CL-GEN-C01-P03-A02""]",0.7217333316802979,0.695871114730835,0.02586221694946289,"[""PO25CL-GEN-C01-P03-A02"", ""PO25CL-GEN-C01-P03-A04"", ""PO25CL-GEN-C01-P02-A03"", ""PO25CL-GEN-C01-P02-A01"", ""PO25CL-GEN-C01-P03-A05"", ""PO25CL-GEN-C03-P21-A01"", ""PO25CL-GEN-C01-P02-A02"", ""PO25CL-GEN-C03-P18-A08"", ""PO25CL-GEN-C03-P19-A01"", ""PO25CL-GEN-C04-P31-A02""]","[0.7217333316802979, 0.695871114730835, 0.6857397556304932, 0.679192304611206, 0.6752911806106567, 0.6727666854858398, 0.6703460216522217, 0.5938320159912109, 0.5852987170219421, 0.573051393032074]",[1],1.0,1.0,1.0,1.0,0.7217333316802979,0.7217333316802979,0.695871114730835,0.02586221694946289,0.02586221694946289,1.0,1.0,1.0,1.0,1.0,1.0,1.0,1.0,1.0,1.0,1.0,1.0,1.0,1.0,1.0
Q0033,Wie viele ECTS-Leistungspunkte entfallen im vierjährigen Modell auf das Ergänzungsfach?,fully_answerable,1,"[""PO25CL-GEN-C01-P03-A02""]",0.7125569581985474,0.6934996843338013,0.019057273864746094,"[""PO25CL-GEN-C01-P03-A02"", ""PO25CL-GEN-C01-P03-A04"", ""PO25CL-GEN-C01-P02-A01"", ""PO25CL-GEN-C01-P03-A05"", ""PO25CL-GEN-C03-P21-A01"", ""PO25CL-GEN-C01-P02-A03"", ""PO25CL-GEN-C01-P02-A02"", ""PO25CL-GEN-C03-P18-A08"", ""PO25CL-GEN-C03-P19-A01"", ""PO25CL-GEN-C03-P18-A06""]","[0.7125569581985474, 0.6934996843338013, 0.6887953281402588, 0.6802859306335449, 0.6802781224250793, 0.6769461631774902, 0.6724498867988586, 0.5956476926803589, 0.5943368673324585, 0.5863240957260132]",[1],1.0,1.0,1.0,1.0,0.7125569581985474,0.7125569581985474,0.6934996843338013,0.019057273864746094,0.019057273864746094,1.0,1.0,1.0,1.0,1.0,1.0,1.0,1.0,1.0,1.0,1.0,1.0,1.0,1.0,1.0
Q0034,In welcher curricularen Einheit werden Lehrinhalte vermittelt?,fully_answerable,1,"[""PO25CL-GEN-C01-P03-A03""]",0.6744258999824524,0.6573157906532288,0.017110109329223633,"[""PO25CL-GEN-C02-P09-A02"", ""PO25CL-GEN-C01-P03-A03"", ""PO25CL-GEN-C02-P06-U01"", ""PO25CL-GEN-C01-P04-A02"", ""PO25CL-GEN-C02-P07-A01"", ""PO25CL-GEN-C02-P08-U01"", ""PO25CL-GEN-C04-P31-A01"", ""PO25CL-GEN-C01-P04-A01"", ""PO25CL-GEN-C01-P01-A01"", ""PO25CL-GEN-C01-P04-A03""]","[0.6744258999824524, 0.6573157906532288, 0.6555681824684143, 0.6551675796508789, 0.6500860452651978, 0.6450796127319336, 0.6269282102584839, 0.6249508857727051, 0.6107480525970459, 0.6059891581535339]",[2],2.0,2.0,2.0,0.5,0.6573157906532288,0.6573157906532288,0.6744258999824524,-0.017110109329223633,-0.017110109329223633,0.0,0.0,0.0,1.0,1.0,1.0,1.0,1.0,1.0,1.0,1.0,1.0,1.0,1.0,1.0
Q0035,Welche Lehrveranstaltungen werden in einem Modul gebündelt?,fully_answerable,1,"[""PO25CL-GEN-C01-P03-A03""]",0.8042147159576416,0.7155505418777466,0.08866417407989502,"[""PO25CL-GEN-C01-P03-A03"", ""PO25CL-GEN-C02-P07-A01"", ""PO25CL-GEN-C02-P08-U01"", ""PO25CL-GEN-C03-P11-A02"", ""PO25CL-GEN-C02-P06-U01"", ""PO25CL-GEN-C02-P09-A02"", ""PO25CL-PLAN-S03-M04"", ""PO25CL-GEN-C02-P09-A05"", ""PO25CL-APP-R07-M12"", ""PO25CL-GEN-C02-P07-A04""]","[0.8042147159576416, 0.7155505418777466, 0.7094104290008545, 0.6532391309738159, 0.6366645097732544, 0.6230485439300537, 0.6199648380279541, 0.6130871176719666, 0.6074666380882263, 0.607108473777771]",[1],1.0,1.0,1.0,1.0,0.8042147159576416,0.8042147159576416,0.7155505418777466,0.08866417407989502,0.08866417407989502,1.0,1.0,1.0,1.0,1.0,1.0,1.0,1.0,1.0,1.0,1.0,1.0,1.0,1.0,1.0
Q0036,Wie viele ECTS-Leistungspunkte umfasst ein Modul mindestens?,fully_answerable,1,"[""PO25CL-GEN-C01-P03-A03""]",0.6431949138641357,0.63671875,0.006476163864135742,"[""PO25CL-GEN-C01-P02-A02"", ""PO25CL-GEN-C01-P02-A01"", ""PO25CL-GEN-C01-P02-A03"", ""PO25CL-GEN-C01-P03-A05"", ""PO25CL-GEN-C03-P21-A01"", ""PO25CL-GEN-C01-P03-A04"", ""PO25CL-GEN-C01-P03-A02"", ""PO25CL-GEN-C01-P03-A03"", ""PO25CL-GEN-C03-P11-A01"", ""PO25CL-GEN-C03-P11-A03""]","[0.6431949138641357, 0.63671875, 0.6288129687309265, 0.6211564540863037, 0.5803388357162476, 0.5777096748352051, 0.5671451091766357, 0.5669596791267395, 0.5530287027359009, 0.5397238731384277]",[8],8.0,8.0,8.0,0.125,0.5669596791267395,0.5669596791267395,0.6431949138641357,-0.07623523473739624,-0.07623523473739624,0.0,0.0,0.0,0.0,0.0,0.0,0.0,0.0,0.0,0.0,0.0,0.0,1.0,1.0,1.0
Q0037,Mit wie vielen ECTS-Leistungspunkten wird die Bachelorarbeit bewertet?,fully_answerable,1,"[""PO25CL-GEN-C01-P03-A05""]",0.7856112718582153,0.7756618857383728,0.00994938611984253,"[""PO25CL-GEN-C01-P03-A05"", ""PO25CL-GEN-C03-P21-A01"", ""PO25CL-GEN-C04-P28-A09"", ""PO25CL-GEN-C01-P02-A01"", ""PO25CL-GEN-C03-P18-A06"", ""PO25CL-GEN-C01-P03-A04"", ""PO25CL-GEN-C03-P18-A05"", ""PO25CL-GEN-C03-P19-A01"", ""PO25CL-GEN-C03-P21-A03"", ""PO25CL-GEN-C03-P15-A10""]","[0.7856112718582153, 0.7756618857383728, 0.6936051249504089, 0.6792926788330078, 0.6512959599494934, 0.6510767936706543, 0.6310485601425171, 0.614434540271759, 0.6135931015014648, 0.6099544763565063]",[1],1.0,1.0,1.0,1.0,0.7856112718582153,0.7856112718582153,0.7756618857383728,0.00994938611984253,0.00994938611984253,1.0,1.0,1.0,1.0,1.0,1.0,1.0,1.0,1.0,1.0,1.0,1.0,1.0,1.0,1.0
Q0038,Werden im Bachelorstudium integrierte Studiengänge angeboten?,fully_answerable,1,"[""PO25CL-GEN-C01-P04-A01""]",0.7192956209182739,0.6927621364593506,0.02653348445892334,"[""PO25CL-GEN-C01-P04-A02"", ""PO25CL-GEN-C01-P04-A01"", ""PO25CL-GEN-C03-P12-A01"", ""PO25CL-GEN-C01-P04-A03"", ""PO25CL-GEN-C03-P21-A01"", ""PO25CL-GEN-C03-P22-U01"", ""PO25CL-PLAN-S02-PBB"", ""PO25CL-GEN-C03-P15-A02"", ""PO25CL-PLAN-S04-M04"", ""PO25CL-PLAN-INTRO""]","[0.7192956209182739, 0.6927621364593506, 0.5676111578941345, 0.5652137398719788, 0.5451446175575256, 0.5433224439620972, 0.5339561700820923, 0.5286835432052612, 0.5275319814682007, 0.5272466540336609]",[2],2.0,2.0,2.0,0.5,0.6927621364593506,0.6927621364593506,0.7192956209182739,-0.02653348445892334,-0.02653348445892334,0.0,0.0,0.0,1.0,1.0,1.0,1.0,1.0,1.0,1.0,1.0,1.0,1.0,1.0,1.0
Q0039,Tragen mehrere Fächer zu einem integrierten Studiengang bei?,fully_answerable,1,"[""PO25CL-GEN-C01-P04-A02""]",0.7606846690177917,0.7219660878181458,0.038718581199645996,"[""PO25CL-GEN-C01-P04-A02"", ""PO25CL-GEN-C01-P04-A01"", ""PO25CL-GEN-C01-P04-A03"", ""PO25CL-GEN-C01-P03-A03"", ""PO25CL-PLAN-INTRO"", ""PO25CL-GEN-C01-P05-A02"", ""PO25CL-GEN-C04-P28-A05"", ""PO25CL-PLAN-S04-M04"", ""PO25CL-PLAN-S05-M02"", ""PO25CL-GEN-C01-P01-A01""]","[0.7606846690177917, 0.7219660878181458, 0.6511456966400146, 0.6119688749313354, 0.5816566944122314, 0.5814076662063599, 0.5806310176849365, 0.5687680840492249, 0.5607312917709351, 0.5559643507003784]",[1],1.0,1.0,1.0,1.0,0.7606846690177917,0.7606846690177917,0.7219660878181458,0.038718581199645996,0.038718581199645996,1.0,1.0,1.0,1.0,1.0,1.0,1.0,1.0,1.0,1.0,1.0,1.0,1.0,1.0,1.0
Q0040,Kann ein integrierter Studiengang einen Profilbildungsbereich enthalten?,fully_answerable,1,"[""PO25CL-GEN-C01-P04-A02""]",0.761372447013855,0.7041482329368591,0.05722421407699585,"[""PO25CL-GEN-C01-P05-A02"", ""PO25CL-GEN-C01-P04-A02"", ""PO25CL-GEN-C01-P05-A01"", ""PO25CL-APP-R07-M17"", ""PO25CL-GEN-C01-P05-A03"", ""PO25CL-PLAN-S04-PBB"", ""PO25CL-PLAN-S02-PBB"", ""PO25CL-PLAN-S01-PBB"", ""PO25CL-GEN-C01-P04-A01"", ""PO25CL-PLAN-S05-PBB""]","[0.761372447013855, 0.7041482329368591, 0.697698712348938, 0.601026177406311, 0.5958030223846436, 0.5843876600265503, 0.5833202600479126, 0.5832126140594482, 0.58273845911026, 0.5817424058914185]",[2],2.0,2.0,2.0,0.5,0.7041482329368591,0.7041482329368591,0.761372447013855,-0.05722421407699585,-0.05722421407699585,0.0,0.0,0.0,1.0,1.0,1.0,1.0,1.0,1.0,1.0,1.0,1.0,1.0,1.0,1.0
Q0041,Welches Fach bildet den ersten Bestandteil eines Kern- und Ergänzungsfachstudiengangs?,fully_answerable,1,"[""PO25CL-GEN-C01-P04-A02""]",0.7161762714385986,0.6743268966674805,0.041849374771118164,"[""PO25CL-GEN-C01-P04-A02"", ""PO25CL-GEN-C01-P01-A01"", ""PO25CL-GEN-C01-P04-A01"", ""PO25CL-GEN-C01-P04-A03"", ""PO25CL-GEN-C02-P09-A02"", ""PO25CL-GEN-C01-P01-A02"", ""PO25CL-GEN-C04-P28-A01"", ""PO25CL-GEN-C02-P07-A01"", ""PO25CL-GEN-C01-P04-A05"", ""PO25CL-GEN-C04-P28-A02""]","[0.7161762714385986, 0.6743268966674805, 0.6659893989562988, 0.6292668581008911, 0.6116393804550171, 0.5934543609619141, 0.5894141793251038, 0.5887912511825562, 0.5872018337249756, 0.5865442752838135]",[1],1.0,1.0,1.0,1.0,0.7161762714385986,0.7161762714385986,0.6743268966674805,0.041849374771118164,0.041849374771118164,1.0,1.0,1.0,1.0,1.0,1.0,1.0,1.0,1.0,1.0,1.0,1.0,1.0,1.0,1.0
Q0042,Welches Fach bildet den zweiten fachlichen Bestandteil eines Kern- und Ergänzungsfachstudiengangs?,fully_answerable,1,"[""PO25CL-GEN-C01-P04-A02""]",0.7081030607223511,0.684006929397583,0.024096131324768066,"[""PO25CL-GEN-C01-P04-A02"", ""PO25CL-GEN-C02-P09-A02"", ""PO25CL-GEN-C01-P01-A01"", ""PO25CL-GEN-C04-P28-A01"", ""PO25CL-GEN-C02-P07-A01"", ""PO25CL-GEN-C01-P04-A01"", ""PO25CL-GEN-C01-P01-A02"", ""PO25CL-GEN-C04-P28-A02"", ""PO25CL-GEN-C03-P15-A02"", ""PO25CL-GEN-C04-P28-A03""]","[0.7081030607223511, 0.684006929397583, 0.6537148952484131, 0.6339428424835205, 0.6241493821144104, 0.6197103261947632, 0.6135218739509583, 0.6100326180458069, 0.6079381704330444, 0.6066468358039856]",[1],1.0,1.0,1.0,1.0,0.7081030607223511,0.7081030607223511,0.684006929397583,0.024096131324768066,0.024096131324768066,1.0,1.0,1.0,1.0,1.0,1.0,1.0,1.0,1.0,1.0,1.0,1.0,1.0,1.0,1.0
Q0043,Welcher Bereich gehört zusätzlich zum Kern- und Ergänzungsfachstudiengang?,fully_answerable,1,"[""PO25CL-GEN-C01-P04-A02""]",0.7414921522140503,0.6707079410552979,0.07078421115875244,"[""PO25CL-GEN-C01-P04-A02"", ""PO25CL-GEN-C01-P04-A01"", ""PO25CL-GEN-C01-P05-A02"", ""PO25CL-GEN-C04-P28-A05"", ""PO25CL-GEN-C01-P04-A03"", ""PO25CL-GEN-C04-P28-A01"", ""PO25CL-GEN-C01-P01-A01"", ""PO25CL-GEN-C02-P06-U01"", ""PO25CL-GEN-C03-P15-A02"", ""PO25CL-GEN-C02-P07-A01""]","[0.7414921522140503, 0.6707079410552979, 0.6460407972335815, 0.625480592250824, 0.6242856383323669, 0.6159740686416626, 0.613562822341919, 0.6090829968452454, 0.6074981689453125, 0.6038498878479004]",[1],1.0,1.0,1.0,1.0,0.7414921522140503,0.7414921522140503,0.6707079410552979,0.07078421115875244,0.07078421115875244,1.0,1.0,1.0,1.0,1.0,1.0,1.0,1.0,1.0,1.0,1.0,1.0,1.0,1.0,1.0
Q0044,Kann Kommunikations- und Medienwissenschaft als Ergänzungsfach gewählt werden?,fully_answerable,1,"[""PO25CL-GEN-C01-P04-A05""]",0.4742913842201233,0.4479646682739258,0.02632671594619751,"[""PO25CL-GEN-C01-P04-A05"", ""PO25CL-GEN-C01-P04-A03"", ""PO25CL-APP-R12"", ""PO25CL-PLAN-S02-PBB"", ""PO25CL-PLAN-S01-PBB"", ""PO25CL-GEN-C02-P08-U01"", ""PO25CL-PLAN-S05-PBB"", ""PO25CL-APP-R07-M12"", ""PO25CL-PLAN-S06-PBB"", ""PO25CL-PLAN-S03-PBB""]","[0.4742913842201233, 0.4479646682739258, 0.4361459016799927, 0.4021318554878235, 0.3989906311035156, 0.38983792066574097, 0.3898327350616455, 0.3895527720451355, 0.38880059123039246, 0.38721781969070435]",[1],1.0,1.0,1.0,1.0,0.4742913842201233,0.4742913842201233,0.4479646682739258,0.02632671594619751,0.02632671594619751,1.0,1.0,1.0,1.0,1.0,1.0,1.0,1.0,1.0,1.0,1.0,1.0,1.0,1.0,1.0
Q0045,Zu welcher Studiengangsform gehört Linguistik (integrativ)?,fully_answerable,1,"[""PO25CL-GEN-C01-P04-A03""]",0.6913827061653137,0.6794845461845398,0.011898159980773926,"[""PO25CL-GEN-C01-P04-A03"", ""PO25CL-APP-R07-M05"", ""PO25CL-PLAN-S01-M04"", ""PO25CL-GEN-C01-P04-A05"", ""PO25CL-APP-R07-M04"", ""PO25CL-APP-R07-M08"", ""PO25CL-PLAN-S02-M03"", ""PO25CL-PLAN-S03-M03"", ""PO25CL-APP-R11"", ""PO25CL-GEN-C01-P04-A04""]","[0.6913827061653137, 0.6794845461845398, 0.6739127039909363, 0.6720800399780273, 0.6558069586753845, 0.6474379301071167, 0.6471078395843506, 0.642952561378479, 0.6416871547698975, 0.6112812757492065]",[1],1.0,1.0,1.0,1.0,0.6913827061653137,0.6913827061653137,0.6794845461845398,0.011898159980773926,0.011898159980773926,1.0,1.0,1.0,1.0,1.0,1.0,1.0,1.0,1.0,1.0,1.0,1.0,1.0,1.0,1.0
Q0046,Zu welcher Studiengangsform gehört Philosophie (integrativ)?,fully_answerable,1,"[""PO25CL-GEN-C01-P04-A03""]",0.6466860771179199,0.6456437706947327,0.0010423064231872559,"[""PO25CL-GEN-C03-P22-U01"", ""PO25CL-FRONT-TITLE"", ""PO25CL-GEN-C01-P04-A03"", ""PO25CL-GEN-C01-P01-A01"", ""PO25CL-GEN-C01-P04-A05"", ""PO25CL-GEN-C01-P04-A02"", ""PO25CL-GEN-C01-P04-A04"", ""PO25CL-GEN-C03-P21-A04"", ""PO25CL-GEN-C01-P04-A01"", ""PO25CL-FRONT-PREAMBLE""]","[0.6466860771179199, 0.6456437706947327, 0.6322888135910034, 0.6260332465171814, 0.5483235120773315, 0.5380035638809204, 0.5373649597167969, 0.5334345698356628, 0.5236959457397461, 0.4909977912902832]",[3],3.0,3.0,3.0,0.3333333333333333,0.6322888135910034,0.6322888135910034,0.6466860771179199,-0.014397263526916504,-0.014397263526916504,0.0,0.0,0.0,0.0,0.0,0.0,1.0,1.0,1.0,1.0,1.0,1.0,1.0,1.0,1.0
Q0047,"Zu welcher Studiengangsform gehört Sozialwissenschaften – Medien, Politik, Gesellschaft?",fully_answerable,1,"[""PO25CL-GEN-C01-P04-A03""]",0.6097779273986816,0.595511794090271,0.014266133308410645,"[""PO25CL-GEN-C01-P04-A05"", ""PO25CL-GEN-C01-P04-A03"", ""PO25CL-GEN-C01-P01-A01"", ""PO25CL-GEN-C01-P04-A04"", ""PO25CL-GEN-C04-P31-A01"", ""PO25CL-GEN-C02-P06-U01"", ""PO25CL-GEN-C04-P28-A05"", ""PO25CL-GEN-C03-P15-A03"", ""PO25CL-GEN-C04-P28-A03"", ""PO25CL-FRONT-TITLE""]","[0.6097779273986816, 0.595511794090271, 0.5357106924057007, 0.42162442207336426, 0.415941059589386, 0.39959436655044556, 0.39954033493995667, 0.39685410261154175, 0.3949487805366516, 0.39049771428108215]",[2],2.0,2.0,2.0,0.5,0.595511794090271,0.595511794090271,0.6097779273986816,-0.014266133308410645,-0.014266133308410645,0.0,0.0,0.0,1.0,1.0,1.0,1.0,1.0,1.0,1.0,1.0,1.0,1.0,1.0,1.0
Q0048,Kann Anglistik und Amerikanistik als Kernfach gewählt werden?,fully_answerable,1,"[""PO25CL-GEN-C01-P04-A04""]",0.476606547832489,0.46795767545700073,0.008648872375488281,"[""PO25CL-GEN-C01-P04-A04"", ""PO25CL-GEN-C01-P04-A05"", ""PO25CL-GEN-C01-P04-A03"", ""PO25CL-GEN-C03-P15-A07"", ""PO25CL-GEN-C04-P25-A03"", ""PO25CL-GEN-C04-P28-A03"", ""PO25CL-GEN-C03-P12-A01"", ""PO25CL-GEN-C04-P28-A04"", ""PO25CL-GEN-C04-P28-A05"", ""PO25CL-APP-R12""]","[0.476606547832489, 0.46795767545700073, 0.4289238154888153, 0.4213423728942871, 0.40413111448287964, 0.39924436807632446, 0.38255923986434937, 0.35283181071281433, 0.349123477935791, 0.34851253032684326]",[1],1.0,1.0,1.0,1.0,0.476606547832489,0.476606547832489,0.46795767545700073,0.008648872375488281,0.008648872375488281,1.0,1.0,1.0,1.0,1.0,1.0,1.0,1.0,1.0,1.0,1.0,1.0,1.0,1.0,1.0
Q0049,Kann Germanistik. Sprache – Literatur – Kultur als Ergänzungsfach gewählt werden?,fully_answerable,1,"[""PO25CL-GEN-C01-P04-A04""]",0.6219852566719055,0.6160683631896973,0.005916893482208252,"[""PO25CL-GEN-C01-P04-A04"", ""PO25CL-FRONT-TITLE"", ""PO25CL-GEN-C01-P04-A05"", ""PO25CL-APP-R07-M05"", ""PO25CL-APP-R11"", ""PO25CL-FRONT-PREAMBLE"", ""PO25CL-PLAN-S02-M03"", ""PO25CL-APP-R07-M16"", ""PO25CL-PLAN-S01-M04"", ""PO25CL-APP-R07-M08""]","[0.6219852566719055, 0.6160683631896973, 0.5247523784637451, 0.49842149019241333, 0.4794050455093384, 0.47150346636772156, 0.46508604288101196, 0.45742255449295044, 0.44870567321777344, 0.44583332538604736]",[1],1.0,1.0,1.0,1.0,0.6219852566719055,0.6219852566719055,0.6160683631896973,0.005916893482208252,0.005916893482208252,1.0,1.0,1.0,1.0,1.0,1.0,1.0,1.0,1.0,1.0,1.0,1.0,1.0,1.0,1.0
Q0050,Kann Geschichte als Kernfach gewählt werden?,fully_answerable,1,"[""PO25CL-GEN-C01-P04-A04""]",0.41499635577201843,0.4142829179763794,0.0007134377956390381,"[""PO25CL-GEN-C01-P04-A05"", ""PO25CL-GEN-C01-P04-A04"", ""PO25CL-GEN-C04-P28-A03"", ""PO25CL-GEN-C02-P09-A02"", ""PO25CL-GEN-C01-P01-A01"", ""PO25CL-GEN-C01-P04-A03"", ""PO25CL-FRONT-PREAMBLE"", ""PO25CL-GEN-C02-P06-U01"", ""PO25CL-GEN-C04-P28-A01"", ""PO25CL-GEN-C04-P28-A04""]","[0.41499635577201843, 0.4142829179763794, 0.34568512439727783, 0.32339608669281006, 0.31673046946525574, 0.31509697437286377, 0.31064745783805847, 0.3092735707759857, 0.2923387885093689, 0.29045769572257996]",[2],2.0,2.0,2.0,0.5,0.4142829179763794,0.4142829179763794,0.41499635577201843,-0.0007134377956390381,-0.0007134377956390381,0.0,0.0,0.0,1.0,1.0,1.0,1.0,1.0,1.0,1.0,1.0,1.0,1.0,1.0,1.0
Q0051,Kann Jüdische Studien als Ergänzungsfach gewählt werden?,fully_answerable,1,"[""PO25CL-GEN-C01-P04-A04""]",0.5955679416656494,0.44948258996009827,0.14608535170555115,"[""PO25CL-GEN-C01-P04-A04"", ""PO25CL-FRONT-TITLE"", ""PO25CL-GEN-C03-P12-A01"", ""PO25CL-GEN-C03-P15-A07"", ""PO25CL-FRONT-PREAMBLE"", ""PO25CL-GEN-C01-P04-A02"", ""PO25CL-GEN-C03-P12-A02"", ""PO25CL-GEN-C01-P04-A05"", ""PO25CL-GEN-C01-P01-A01"", ""PO25CL-GEN-C01-P04-A01""]","[0.5955679416656494, 0.44948258996009827, 0.4444676339626312, 0.43769145011901855, 0.42631641030311584, 0.42281097173690796, 0.41240817308425903, 0.4090743064880371, 0.40575194358825684, 0.40305155515670776]",[1],1.0,1.0,1.0,1.0,0.5955679416656494,0.5955679416656494,0.44948258996009827,0.14608535170555115,0.14608535170555115,1.0,1.0,1.0,1.0,1.0,1.0,1.0,1.0,1.0,1.0,1.0,1.0,1.0,1.0,1.0
Q0052,Kann Kunstgeschichte als Kernfach gewählt werden?,fully_answerable,1,"[""PO25CL-GEN-C01-P04-A04""]",0.4101617932319641,0.40443891286849976,0.0057228803634643555,"[""PO25CL-GEN-C01-P04-A05"", ""PO25CL-GEN-C01-P04-A04"", ""PO25CL-GEN-C02-P09-A02"", ""PO25CL-FRONT-TITLE"", ""PO25CL-GEN-C03-P22-U01"", ""PO25CL-GEN-C03-P14-A09"", ""PO25CL-GEN-C01-P01-A01"", ""PO25CL-FRONT-PREAMBLE"", ""PO25CL-GEN-C02-P06-U01"", ""PO25CL-GEN-C01-P04-A03""]","[0.4101617932319641, 0.40443891286849976, 0.3599608540534973, 0.3469603955745697, 0.34251460433006287, 0.33257824182510376, 0.31411802768707275, 0.3134864270687103, 0.30640456080436707, 0.2923235297203064]",[2],2.0,2.0,2.0,0.5,0.40443891286849976,0.40443891286849976,0.4101617932319641,-0.0057228803634643555,-0.0057228803634643555,0.0,0.0,0.0,1.0,1.0,1.0,1.0,1.0,1.0,1.0,1.0,1.0,1.0,1.0,1.0
Q0053,Kann Modernes Japan als Ergänzungsfach gewählt werden?,fully_answerable,1,"[""PO25CL-GEN-C01-P04-A04""]",0.4731958210468292,0.42963045835494995,0.04356536269187927,"[""PO25CL-GEN-C01-P04-A04"", ""PO25CL-APP-R12"", ""PO25CL-GEN-C03-P15-A07"", ""PO25CL-GEN-C03-P12-A01"", ""PO25CL-PLAN-S03-M03"", ""PO25CL-GEN-C03-P11-A08"", ""PO25CL-GEN-C01-P04-A05"", ""PO25CL-GEN-C04-P28-A05"", ""PO25CL-APP-R04"", ""PO25CL-PLAN-S04-M05""]","[0.4731958210468292, 0.42963045835494995, 0.32774806022644043, 0.3106129467487335, 0.30615970492362976, 0.30449026823043823, 0.30359745025634766, 0.29907935857772827, 0.2982563376426697, 0.2947550415992737]",[1],1.0,1.0,1.0,1.0,0.4731958210468292,0.4731958210468292,0.42963045835494995,0.04356536269187927,0.04356536269187927,1.0,1.0,1.0,1.0,1.0,1.0,1.0,1.0,1.0,1.0,1.0,1.0,1.0,1.0,1.0
Q0054,Kann Philosophie als Kernfach gewählt werden?,fully_answerable,1,"[""PO25CL-GEN-C01-P04-A04""]",0.5762540698051453,0.5460737347602844,0.03018033504486084,"[""PO25CL-GEN-C03-P22-U01"", ""PO25CL-FRONT-TITLE"", ""PO25CL-GEN-C01-P01-A01"", ""PO25CL-GEN-C03-P21-A04"", ""PO25CL-GEN-C01-P04-A03"", ""PO25CL-GEN-C01-P04-A05"", ""PO25CL-GEN-C01-P04-A04"", ""PO25CL-FRONT-PREAMBLE"", ""PO25CL-GEN-C01-P01-A02"", ""PO25CL-PLAN-S01-M01""]","[0.5762540698051453, 0.5460737347602844, 0.5297504663467407, 0.46859297156333923, 0.4646468758583069, 0.4584670066833496, 0.44775187969207764, 0.4285122752189636, 0.4143705368041992, 0.401669979095459]",[7],7.0,7.0,7.0,0.14285714285714285,0.44775187969207764,0.44775187969207764,0.5762540698051453,-0.12850219011306763,-0.12850219011306763,0.0,0.0,0.0,0.0,0.0,0.0,0.0,0.0,0.0,0.0,0.0,0.0,1.0,1.0,1.0
Q0055,Darf ein Kernfach mit sich selbst als Ergänzungsfach kombiniert werden?,fully_answerable,1,"[""PO25CL-GEN-C01-P04-A05""]",0.5245233774185181,0.4787934422492981,0.04572993516921997,"[""PO25CL-GEN-C01-P04-A02"", ""PO25CL-GEN-C03-P14-A09"", ""PO25CL-GEN-C01-P04-A01"", ""PO25CL-GEN-C03-P15-A02"", ""PO25CL-GEN-C03-P19-A06"", ""PO25CL-GEN-C01-P05-A02"", ""PO25CL-GEN-C01-P05-A03"", ""PO25CL-GEN-C04-P28-A04"", ""PO25CL-GEN-C04-P28-A03"", ""PO25CL-APP-R07-M01""]","[0.5245233774185181, 0.4787934422492981, 0.47707629203796387, 0.4615405797958374, 0.44069868326187134, 0.4400075674057007, 0.43556681275367737, 0.4303017556667328, 0.4299326241016388, 0.4226178526878357]",[16],16.0,16.0,16.0,0.0625,0.4098552167415619,0.4098552167415619,0.5245233774185181,-0.11466816067695618,-0.11466816067695618,0.0,0.0,0.0,0.0,0.0,0.0,0.0,0.0,0.0,0.0,0.0,0.0,0.0,0.0,0.0
Q0056,"Als welche Fachart kann Jiddische Kultur, Sprache und Literatur gewählt werden?",fully_answerable,1,"[""PO25CL-GEN-C01-P04-A05""]",0.6599514484405518,0.5807141065597534,0.07923734188079834,"[""PO25CL-GEN-C01-P04-A05"", ""PO25CL-GEN-C01-P04-A04"", ""PO25CL-APP-R07-M05"", ""PO25CL-GEN-C01-P04-A03"", ""PO25CL-APP-R07-M04"", ""PO25CL-APP-R11"", ""PO25CL-PLAN-S02-M03"", ""PO25CL-APP-R07-M08"", ""PO25CL-APP-R07-M16"", ""PO25CL-APP-R04""]","[0.6599514484405518, 0.5807141065597534, 0.5113593339920044, 0.5043583512306213, 0.47300052642822266, 0.4401658773422241, 0.43816807866096497, 0.4358639717102051, 0.4353371858596802, 0.43353304266929626]",[1],1.0,1.0,1.0,1.0,0.6599514484405518,0.6599514484405518,0.5807141065597534,0.07923734188079834,0.07923734188079834,1.0,1.0,1.0,1.0,1.0,1.0,1.0,1.0,1.0,1.0,1.0,1.0,1.0,1.0,1.0
Q0057,Als welche Fachart kann Linguistik zusätzlich gewählt werden?,fully_answerable,1,"[""PO25CL-GEN-C01-P04-A05""]",0.6813084483146667,0.6597409844398499,0.021567463874816895,"[""PO25CL-APP-R07-M05"", ""PO25CL-APP-R07-M04"", ""PO25CL-PLAN-S01-M04"", ""PO25CL-GEN-C01-P04-A05"", ""PO25CL-PLAN-S02-M03"", ""PO25CL-APP-R11"", ""PO25CL-APP-R07-M08"", ""PO25CL-APP-R09"", ""PO25CL-PLAN-S03-M03"", ""PO25CL-APP-R04""]","[0.6813084483146667, 0.6597409844398499, 0.6577072739601135, 0.6320161819458008, 0.6303209662437439, 0.6223681569099426, 0.6196728944778442, 0.6082665920257568, 0.5939013957977295, 0.5807610154151917]",[4],4.0,4.0,4.0,0.25,0.6320161819458008,0.6320161819458008,0.6813084483146667,-0.04929226636886597,-0.04929226636886597,0.0,0.0,0.0,0.0,0.0,0.0,0.0,0.0,0.0,1.0,1.0,1.0,1.0,1.0,1.0
Q0058,Dient der Profilbildungsbereich dem Erwerb von Schlüsselqualifikationen?,fully_answerable,1,"[""PO25CL-GEN-C01-P05-A01""]",0.7386055588722229,0.6577950716018677,0.08081048727035522,"[""PO25CL-GEN-C01-P05-A01"", ""PO25CL-APP-R05"", ""PO25CL-GEN-C01-P05-A02"", ""PO25CL-GEN-C01-P05-A03"", ""PO25CL-APP-R07-M17"", ""PO25CL-GEN-C04-P28-A06"", ""PO25CL-APP-R08"", ""PO25CL-GEN-C04-P28-A05"", ""PO25CL-GEN-C04-P28-A04"", ""PO25CL-GEN-C04-P28-A07""]","[0.7386055588722229, 0.6577950716018677, 0.6399352550506592, 0.5987929105758667, 0.5381401777267456, 0.5013761520385742, 0.49012166261672974, 0.4741746783256531, 0.46983543038368225, 0.46917545795440674]",[1],1.0,1.0,1.0,1.0,0.7386055588722229,0.7386055588722229,0.6577950716018677,0.08081048727035522,0.08081048727035522,1.0,1.0,1.0,1.0,1.0,1.0,1.0,1.0,1.0,1.0,1.0,1.0,1.0,1.0,1.0
Q0059,Welche Grundlagen wissenschaftlichen Arbeitens vermittelt der Profilbildungsbereich?,fully_answerable,1,"[""PO25CL-GEN-C01-P05-A01""]",0.7860028743743896,0.7058695554733276,0.08013331890106201,"[""PO25CL-GEN-C01-P05-A01"", ""PO25CL-GEN-C01-P05-A02"", ""PO25CL-GEN-C01-P01-A01"", ""PO25CL-APP-R05"", ""PO25CL-APP-R07-M17"", ""PO25CL-GEN-C01-P05-A03"", ""PO25CL-GEN-C01-P01-A02"", ""PO25CL-GEN-C01-P04-A02"", ""PO25CL-PLAN-S05-PBB"", ""PO25CL-PLAN-S01-PBB""]","[0.7860028743743896, 0.7058695554733276, 0.6658459901809692, 0.6175105571746826, 0.5955228805541992, 0.5756509304046631, 0.5630801320075989, 0.5532225370407104, 0.5453003644943237, 0.5446414351463318]",[1],1.0,1.0,1.0,1.0,0.7860028743743896,0.7860028743743896,0.7058695554733276,0.08013331890106201,0.08013331890106201,1.0,1.0,1.0,1.0,1.0,1.0,1.0,1.0,1.0,1.0,1.0,1.0,1.0,1.0,1.0
Q0060,Welche Kompetenzen über die gewählten Fächer hinaus vermittelt der Profilbildungsbereich?,fully_answerable,1,"[""PO25CL-GEN-C01-P05-A01""]",0.8050726652145386,0.7083402872085571,0.09673237800598145,"[""PO25CL-GEN-C01-P05-A01"", ""PO25CL-GEN-C01-P05-A02"", ""PO25CL-GEN-C01-P05-A03"", ""PO25CL-APP-R05"", ""PO25CL-GEN-C04-P28-A06"", ""PO25CL-GEN-C04-P28-A09"", ""PO25CL-GEN-C02-P09-A02"", ""PO25CL-GEN-C04-P28-A05"", ""PO25CL-PLAN-S05-PBB"", ""PO25CL-APP-R07-M17""]","[0.8050726652145386, 0.7083402872085571, 0.6129835844039917, 0.6024869680404663, 0.5594635009765625, 0.5222533941268921, 0.5221068859100342, 0.520969033241272, 0.5078834295272827, 0.5044219493865967]",[1],1.0,1.0,1.0,1.0,0.8050726652145386,0.8050726652145386,0.7083402872085571,0.09673237800598145,0.09673237800598145,1.0,1.0,1.0,1.0,1.0,1.0,1.0,1.0,1.0,1.0,1.0,1.0,1.0,1.0,1.0
Q0061,Nach welchen persönlichen Neigungen können Studierende den Profilbildungsbereich gestalten?,fully_answerable,1,"[""PO25CL-GEN-C01-P05-A01""]",0.7934940457344055,0.7083065509796143,0.08518749475479126,"[""PO25CL-GEN-C01-P05-A01"", ""PO25CL-GEN-C01-P05-A02"", ""PO25CL-GEN-C01-P05-A03"", ""PO25CL-APP-R05"", ""PO25CL-PLAN-S05-PBB"", ""PO25CL-PLAN-S02-PBB"", ""PO25CL-PLAN-S04-PBB"", ""PO25CL-PLAN-S01-PBB"", ""PO25CL-PLAN-S03-PBB"", ""PO25CL-PLAN-S06-PBB""]","[0.7934940457344055, 0.7083065509796143, 0.62602698802948, 0.6080402731895447, 0.600067138671875, 0.5950303077697754, 0.5934808254241943, 0.5871282815933228, 0.5849021673202515, 0.5724362134933472]",[1],1.0,1.0,1.0,1.0,0.7934940457344055,0.7934940457344055,0.7083065509796143,0.08518749475479126,0.08518749475479126,1.0,1.0,1.0,1.0,1.0,1.0,1.0,1.0,1.0,1.0,1.0,1.0,1.0,1.0,1.0
Q0062,Nach welchen persönlichen Fähigkeiten können Studierende den Profilbildungsbereich gestalten?,fully_answerable,1,"[""PO25CL-GEN-C01-P05-A01""]",0.8096448183059692,0.6894721984863281,0.12017261981964111,"[""PO25CL-GEN-C01-P05-A01"", ""PO25CL-GEN-C01-P05-A02"", ""PO25CL-GEN-C01-P05-A03"", ""PO25CL-APP-R05"", ""PO25CL-PLAN-S05-PBB"", ""PO25CL-PLAN-S04-PBB"", ""PO25CL-PLAN-S02-PBB"", ""PO25CL-PLAN-S03-PBB"", ""PO25CL-PLAN-S01-PBB"", ""PO25CL-PLAN-S06-PBB""]","[0.8096448183059692, 0.6894721984863281, 0.6020359396934509, 0.587990403175354, 0.5867897272109985, 0.581362783908844, 0.5808606147766113, 0.5731035470962524, 0.571854293346405, 0.5615353584289551]",[1],1.0,1.0,1.0,1.0,0.8096448183059692,0.8096448183059692,0.6894721984863281,0.12017261981964111,0.12017261981964111,1.0,1.0,1.0,1.0,1.0,1.0,1.0,1.0,1.0,1.0,1.0,1.0,1.0,1.0,1.0
Q0063,Was können Studierende im Profilbildungsbereich flexibel auf die Semester verteilen?,fully_answerable,1,"[""PO25CL-GEN-C01-P05-A01""]",0.7508279085159302,0.7449860572814941,0.005841851234436035,"[""PO25CL-GEN-C01-P05-A02"", ""PO25CL-GEN-C01-P05-A01"", ""PO25CL-PLAN-S05-PBB"", ""PO25CL-PLAN-S02-PBB"", ""PO25CL-PLAN-S04-PBB"", ""PO25CL-PLAN-S01-PBB"", ""PO25CL-PLAN-S03-PBB"", ""PO25CL-PLAN-S06-PBB"", ""PO25CL-GEN-C01-P05-A03"", ""PO25CL-GEN-C01-P04-A02""]","[0.7508279085159302, 0.7449860572814941, 0.6530160903930664, 0.6529026031494141, 0.6491451859474182, 0.6473184823989868, 0.644333004951477, 0.635485053062439, 0.6224058866500854, 0.5857793092727661]",[2],2.0,2.0,2.0,0.5,0.7449860572814941,0.7449860572814941,0.7508279085159302,-0.005841851234436035,-0.005841851234436035,0.0,0.0,0.0,1.0,1.0,1.0,1.0,1.0,1.0,1.0,1.0,1.0,1.0,1.0,1.0
Q0064,Wie viele ECTS-Leistungspunkte umfasst der Profilbildungsbereich in der Regel?,fully_answerable,1,"[""PO25CL-GEN-C01-P05-A02""]",0.7009954452514648,0.6815359592437744,0.01945948600769043,"[""PO25CL-GEN-C01-P05-A02"", ""PO25CL-GEN-C01-P02-A02"", ""PO25CL-GEN-C01-P03-A05"", ""PO25CL-GEN-C01-P02-A03"", ""PO25CL-GEN-C01-P02-A01"", ""PO25CL-GEN-C03-P21-A01"", ""PO25CL-GEN-C04-P31-A02"", ""PO25CL-GEN-C01-P03-A04"", ""PO25CL-GEN-C01-P05-A01"", ""PO25CL-GEN-C01-P03-A02""]","[0.7009954452514648, 0.6815359592437744, 0.6807518005371094, 0.6729855537414551, 0.6560052633285522, 0.6325587034225464, 0.6240309476852417, 0.6212512254714966, 0.6152130365371704, 0.6150603294372559]",[1],1.0,1.0,1.0,1.0,0.7009954452514648,0.7009954452514648,0.6815359592437744,0.01945948600769043,0.01945948600769043,1.0,1.0,1.0,1.0,1.0,1.0,1.0,1.0,1.0,1.0,1.0,1.0,1.0,1.0,1.0
Q0065,In welcher Studiengangsform kann der Profilbildungsbereich reduziert werden?,fully_answerable,1,"[""PO25CL-GEN-C01-P05-A02""]",0.8119127750396729,0.7206330299377441,0.09127974510192871,"[""PO25CL-GEN-C01-P05-A02"", ""PO25CL-GEN-C01-P05-A01"", ""PO25CL-APP-R05"", ""PO25CL-PLAN-S05-PBB"", ""PO25CL-PLAN-S04-PBB"", ""PO25CL-PLAN-S02-PBB"", ""PO25CL-PLAN-S03-PBB"", ""PO25CL-PLAN-S01-PBB"", ""PO25CL-GEN-C01-P05-A03"", ""PO25CL-PLAN-S06-PBB""]","[0.8119127750396729, 0.7206330299377441, 0.599697470664978, 0.5835792422294617, 0.5829524397850037, 0.5800221562385559, 0.5779761672019958, 0.5773902535438538, 0.5736979246139526, 0.5710434317588806]",[1],1.0,1.0,1.0,1.0,0.8119127750396729,0.8119127750396729,0.7206330299377441,0.09127974510192871,0.09127974510192871,1.0,1.0,1.0,1.0,1.0,1.0,1.0,1.0,1.0,1.0,1.0,1.0,1.0,1.0,1.0
Q0066,Wo müssen Details zu einer Reduzierung des Profilbildungsbereichs angegeben werden?,fully_answerable,1,"[""PO25CL-GEN-C01-P05-A02""]",0.7450674772262573,0.6265920400619507,0.11847543716430664,"[""PO25CL-GEN-C01-P05-A02"", ""PO25CL-APP-R05"", ""PO25CL-GEN-C01-P05-A01"", ""PO25CL-GEN-C01-P05-A03"", ""PO25CL-APP-R07-M17"", ""PO25CL-PLAN-S05-PBB"", ""PO25CL-PLAN-S04-PBB"", ""PO25CL-PLAN-S03-PBB"", ""PO25CL-PLAN-S01-PBB"", ""PO25CL-PLAN-S02-PBB""]","[0.7450674772262573, 0.6265920400619507, 0.6037634611129761, 0.5373638272285461, 0.5283176898956299, 0.4051710367202759, 0.40440893173217773, 0.4013296663761139, 0.3997674584388733, 0.3965216279029846]",[1],1.0,1.0,1.0,1.0,0.7450674772262573,0.7450674772262573,0.6265920400619507,0.11847543716430664,0.11847543716430664,1.0,1.0,1.0,1.0,1.0,1.0,1.0,1.0,1.0,1.0,1.0,1.0,1.0,1.0,1.0
Q0067,Wie viele ECTS-Leistungspunkte dürfen fachwissenschaftliche Propädeutika pro Studienfach höchstens umfassen?,fully_answerable,1,"[""PO25CL-GEN-C01-P05-A02""]",0.7176705598831177,0.7144640684127808,0.003206491470336914,"[""PO25CL-GEN-C01-P03-A05"", ""PO25CL-GEN-C01-P02-A02"", ""PO25CL-GEN-C01-P02-A03"", ""PO25CL-GEN-C01-P02-A01"", ""PO25CL-GEN-C04-P28-A09"", ""PO25CL-GEN-C01-P03-A02"", ""PO25CL-GEN-C03-P21-A01"", ""PO25CL-GEN-C04-P28-A01"", ""PO25CL-GEN-C01-P03-A04"", ""PO25CL-GEN-C04-P31-A02""]","[0.7176705598831177, 0.7144640684127808, 0.6980891227722168, 0.6819392442703247, 0.6740771532058716, 0.6595035791397095, 0.6585804224014282, 0.6389380693435669, 0.6369208097457886, 0.6292814612388611]",[16],16.0,16.0,16.0,0.0625,0.585212230682373,0.585212230682373,0.7176705598831177,-0.13245832920074463,-0.13245832920074463,0.0,0.0,0.0,0.0,0.0,0.0,0.0,0.0,0.0,0.0,0.0,0.0,0.0,0.0,0.0
Q0068,Welche zentrale Einrichtung der HHU kann Angebote für den Profilbildungsbereich bereitstellen?,fully_answerable,1,"[""PO25CL-GEN-C01-P05-A02""]",0.5387243032455444,0.5290913581848145,0.00963294506072998,"[""PO25CL-GEN-C01-P05-A02"", ""PO25CL-GEN-C01-P05-A01"", ""PO25CL-GEN-C01-P05-A03"", ""PO25CL-APP-R05"", ""PO25CL-APP-R07-M17"", ""PO25CL-GEN-C03-P17-A04"", ""PO25CL-GEN-C04-P28-A05"", ""PO25CL-GEN-C04-P31-A02"", ""PO25CL-GEN-C04-P31-A01"", ""PO25CL-PLAN-S05-PBB""]","[0.5387243032455444, 0.5290913581848145, 0.49078240990638733, 0.4569477140903473, 0.452974796295166, 0.42917314171791077, 0.4137050211429596, 0.38973116874694824, 0.37741929292678833, 0.3770568370819092]",[1],1.0,1.0,1.0,1.0,0.5387243032455444,0.5387243032455444,0.5290913581848145,0.00963294506072998,0.00963294506072998,1.0,1.0,1.0,1.0,1.0,1.0,1.0,1.0,1.0,1.0,1.0,1.0,1.0,1.0,1.0
Q0069,Können Angebote zur Vorbereitung auf die Berufswelt zum Profilbildungsbereich gehören?,fully_answerable,1,"[""PO25CL-GEN-C01-P05-A02""]",0.7308759093284607,0.6638058423995972,0.06707006692886353,"[""PO25CL-GEN-C01-P05-A01"", ""PO25CL-GEN-C01-P05-A02"", ""PO25CL-GEN-C01-P05-A03"", ""PO25CL-PLAN-S05-PBB"", ""PO25CL-PLAN-S04-PBB"", ""PO25CL-PLAN-S02-PBB"", ""PO25CL-GEN-C02-P09-A02"", ""PO25CL-PLAN-S01-PBB"", ""PO25CL-PLAN-S03-PBB"", ""PO25CL-PLAN-S06-PBB""]","[0.7308759093284607, 0.6638058423995972, 0.6130300760269165, 0.5887254476547241, 0.583978533744812, 0.5830451846122742, 0.5821794271469116, 0.5791974067687988, 0.5756561756134033, 0.5655823945999146]",[2],2.0,2.0,2.0,0.5,0.6638058423995972,0.6638058423995972,0.7308759093284607,-0.06707006692886353,-0.06707006692886353,0.0,0.0,0.0,1.0,1.0,1.0,1.0,1.0,1.0,1.0,1.0,1.0,1.0,1.0,1.0
Q0070,Können Module aus nicht gewählten Fächern zum Profilbildungsbereich gehören?,fully_answerable,1,"[""PO25CL-GEN-C01-P05-A02""]",0.5651416182518005,0.5622417330741882,0.0028998851776123047,"[""PO25CL-GEN-C01-P05-A02"", ""PO25CL-APP-R07-M11"", ""PO25CL-APP-R05"", ""PO25CL-APP-R07-M17"", ""PO25CL-GEN-C03-P11-A01"", ""PO25CL-APP-R07-M13"", ""PO25CL-GEN-C03-P11-A03"", ""PO25CL-APP-R07-M10"", ""PO25CL-APP-R07-M03"", ""PO25CL-GEN-C01-P05-A03""]","[0.5651416182518005, 0.5622417330741882, 0.5466116666793823, 0.5427642464637756, 0.5336164236068726, 0.5200263857841492, 0.5146637558937073, 0.5106395483016968, 0.5089924931526184, 0.49781039357185364]",[1],1.0,1.0,1.0,1.0,0.5651416182518005,0.5651416182518005,0.5622417330741882,0.0028998851776123047,0.0028998851776123047,1.0,1.0,1.0,1.0,1.0,1.0,1.0,1.0,1.0,1.0,1.0,1.0,1.0,1.0,1.0
Q0071,Können weitere Leistungen aus dem Ergänzungsfach zum Profilbildungsbereich gehören?,fully_answerable,1,"[""PO25CL-GEN-C01-P05-A02""]",0.712300181388855,0.6874254941940308,0.02487468719482422,"[""PO25CL-GEN-C01-P05-A02"", ""PO25CL-GEN-C01-P05-A01"", ""PO25CL-GEN-C01-P05-A03"", ""PO25CL-APP-R05"", ""PO25CL-PLAN-S04-PBB"", ""PO25CL-PLAN-S05-PBB"", ""PO25CL-PLAN-S02-PBB"", ""PO25CL-PLAN-S03-PBB"", ""PO25CL-PLAN-S01-PBB"", ""PO25CL-PLAN-S06-PBB""]","[0.712300181388855, 0.6874254941940308, 0.6400364637374878, 0.5749619007110596, 0.5649025440216064, 0.5598837733268738, 0.5575281381607056, 0.5552698373794556, 0.5458613634109497, 0.5443056225776672]",[1],1.0,1.0,1.0,1.0,0.712300181388855,0.712300181388855,0.6874254941940308,0.02487468719482422,0.02487468719482422,1.0,1.0,1.0,1.0,1.0,1.0,1.0,1.0,1.0,1.0,1.0,1.0,1.0,1.0,1.0
Q0072,Kann ein fakultatives Berufsfeldpraktikum zum Profilbildungsbereich gehören?,fully_answerable,1,"[""PO25CL-GEN-C01-P05-A02""]",0.6545242071151733,0.6475246548652649,0.006999552249908447,"[""PO25CL-GEN-C01-P05-A01"", ""PO25CL-GEN-C02-P09-A02"", ""PO25CL-GEN-C01-P05-A02"", ""PO25CL-GEN-C02-P09-A04"", ""PO25CL-PLAN-S02-PBB"", ""PO25CL-PLAN-S05-PBB"", ""PO25CL-PLAN-S01-PBB"", ""PO25CL-PLAN-S04-PBB"", ""PO25CL-GEN-C02-P09-A05"", ""PO25CL-GEN-C02-P09-A03""]","[0.6545242071151733, 0.6475246548652649, 0.6389596462249756, 0.5941841006278992, 0.59079909324646, 0.590121328830719, 0.5855753421783447, 0.5855489373207092, 0.5835237503051758, 0.5832211971282959]",[3],3.0,3.0,3.0,0.3333333333333333,0.6389596462249756,0.6389596462249756,0.6545242071151733,-0.015564560890197754,-0.015564560890197754,0.0,0.0,0.0,0.0,0.0,0.0,1.0,1.0,1.0,1.0,1.0,1.0,1.0,1.0,1.0
Q0073,Wie werden Angebote des Profilbildungsbereichs angekündigt?,fully_answerable,1,"[""PO25CL-GEN-C01-P05-A03""]",0.7200352549552917,0.7101360559463501,0.00989919900894165,"[""PO25CL-GEN-C01-P05-A03"", ""PO25CL-GEN-C01-P05-A02"", ""PO25CL-GEN-C01-P05-A01"", ""PO25CL-APP-R05"", ""PO25CL-APP-R07-M17"", ""PO25CL-GEN-C04-P31-A02"", ""PO25CL-PLAN-S05-PBB"", ""PO25CL-PLAN-S04-PBB"", ""PO25CL-PLAN-S01-PBB"", ""PO25CL-PLAN-S02-PBB""]","[0.7200352549552917, 0.7101360559463501, 0.6908810138702393, 0.6055933237075806, 0.5512527823448181, 0.4784986972808838, 0.4750049114227295, 0.47419315576553345, 0.46851569414138794, 0.4675826132297516]",[1],1.0,1.0,1.0,1.0,0.7200352549552917,0.7200352549552917,0.7101360559463501,0.00989919900894165,0.00989919900894165,1.0,1.0,1.0,1.0,1.0,1.0,1.0,1.0,1.0,1.0,1.0,1.0,1.0,1.0,1.0
Q0074,In welcher Studienform ist die Lehre organisiert?,fully_answerable,1,"[""PO25CL-GEN-C02-P06-U01""]",0.7245402336120605,0.7202255725860596,0.0043146610260009766,"[""PO25CL-GEN-C02-P06-U01"", ""PO25CL-GEN-C02-P07-A01"", ""PO25CL-GEN-C01-P01-A01"", ""PO25CL-GEN-C01-P03-A03"", ""PO25CL-GEN-C04-P31-A01"", ""PO25CL-GEN-C01-P04-A03"", ""PO25CL-GEN-C02-P09-A02"", ""PO25CL-GEN-C02-P09-A05"", ""PO25CL-GEN-C01-P04-A02"", ""PO25CL-GEN-C04-P28-A02""]","[0.7245402336120605, 0.7202255725860596, 0.7093009948730469, 0.6992899179458618, 0.6759060621261597, 0.6465439200401306, 0.6426471471786499, 0.632269024848938, 0.6291176080703735, 0.6148169636726379]",[1],1.0,1.0,1.0,1.0,0.7245402336120605,0.7245402336120605,0.7202255725860596,0.0043146610260009766,0.0043146610260009766,1.0,1.0,1.0,1.0,1.0,1.0,1.0,1.0,1.0,1.0,1.0,1.0,1.0,1.0,1.0
Q0075,Müssen Studierende Pflichtveranstaltungen belegen?,fully_answerable,1,"[""PO25CL-GEN-C02-P06-U01""]",0.7582110166549683,0.7138638496398926,0.044347167015075684,"[""PO25CL-GEN-C02-P08-U01"", ""PO25CL-GEN-C02-P07-A03"", ""PO25CL-GEN-C02-P07-A01"", ""PO25CL-GEN-C02-P06-U01"", ""PO25CL-GEN-C04-P28-A03"", ""PO25CL-GEN-C04-P28-A06"", ""PO25CL-GEN-C02-P09-A05"", ""PO25CL-GEN-C04-P28-A01"", ""PO25CL-GEN-C04-P31-A01"", ""PO25CL-GEN-C04-P29-U01""]","[0.7582110166549683, 0.7138638496398926, 0.6867601871490479, 0.6845081448554993, 0.6763410568237305, 0.6575358510017395, 0.6540039777755737, 0.639317512512207, 0.6278666853904724, 0.6262500882148743]",[4],4.0,4.0,4.0,0.25,0.6845081448554993,0.6845081448554993,0.7582110166549683,-0.073702871799469,-0.073702871799469,0.0,0.0,0.0,0.0,0.0,0.0,0.0,0.0,0.0,1.0,1.0,1.0,1.0,1.0,1.0
Q0076,Müssen Studierende Wahlpflichtveranstaltungen einschließlich des Profilbildungsbereichs belegen?,fully_answerable,1,"[""PO25CL-GEN-C02-P06-U01""]",0.5955039262771606,0.5599069595336914,0.03559696674346924,"[""PO25CL-GEN-C02-P06-U01"", ""PO25CL-GEN-C01-P05-A01"", ""PO25CL-GEN-C03-P20-A03"", ""PO25CL-GEN-C01-P05-A02"", ""PO25CL-GEN-C03-P15-A06"", ""PO25CL-GEN-C02-P08-U01"", ""PO25CL-PLAN-S02-PBB"", ""PO25CL-GEN-C04-P28-A04"", ""PO25CL-PLAN-S01-PBB"", ""PO25CL-PLAN-S05-PBB""]","[0.5955039262771606, 0.5599069595336914, 0.5592987537384033, 0.5571542978286743, 0.5533305406570435, 0.5533074140548706, 0.5522133111953735, 0.5496925115585327, 0.549411416053772, 0.5487514734268188]",[1],1.0,1.0,1.0,1.0,0.5955039262771606,0.5955039262771606,0.5599069595336914,0.03559696674346924,0.03559696674346924,1.0,1.0,1.0,1.0,1.0,1.0,1.0,1.0,1.0,1.0,1.0,1.0,1.0,1.0,1.0
Q0077,Sind Studienleistungen in allen Lehrveranstaltungen obligatorisch?,fully_answerable,1,"[""PO25CL-GEN-C02-P07-A01""]",0.823963463306427,0.7591602802276611,0.06480318307876587,"[""PO25CL-GEN-C02-P07-A01"", ""PO25CL-GEN-C02-P08-U01"", ""PO25CL-GEN-C02-P07-A03"", ""PO25CL-GEN-C02-P06-U01"", ""PO25CL-GEN-C04-P28-A03"", ""PO25CL-GEN-C03-P11-A02"", ""PO25CL-GEN-C04-P28-A01"", ""PO25CL-GEN-C02-P09-A05"", ""PO25CL-GEN-C03-P12-A01"", ""PO25CL-GEN-C04-P28-A02""]","[0.823963463306427, 0.7591602802276611, 0.7448958158493042, 0.7080844640731812, 0.6730748414993286, 0.6591390371322632, 0.6575721502304077, 0.6574458479881287, 0.6508299112319946, 0.6347026824951172]",[1],1.0,1.0,1.0,1.0,0.823963463306427,0.823963463306427,0.7591602802276611,0.06480318307876587,0.06480318307876587,1.0,1.0,1.0,1.0,1.0,1.0,1.0,1.0,1.0,1.0,1.0,1.0,1.0,1.0,1.0
Q0078,Wodurch werden Studienleistungen im Sinne der Prüfungsordnung erbracht?,fully_answerable,1,"[""PO25CL-GEN-C02-P07-A01""]",0.7516602277755737,0.73405522108078,0.0176050066947937,"[""PO25CL-GEN-C04-P28-A06"", ""PO25CL-GEN-C04-P28-A03"", ""PO25CL-GEN-C04-P28-A01"", ""PO25CL-GEN-C04-P28-A08"", ""PO25CL-GEN-C02-P06-U01"", ""PO25CL-GEN-C03-P14-A02"", ""PO25CL-GEN-C04-P28-A04"", ""PO25CL-GEN-C04-P28-A05"", ""PO25CL-GEN-C02-P07-A01"", ""PO25CL-GEN-C04-P28-A02""]","[0.7516602277755737, 0.73405522108078, 0.7340515851974487, 0.718177080154419, 0.7127190232276917, 0.7109335660934448, 0.7092281579971313, 0.7078225612640381, 0.7070660591125488, 0.6941851377487183]",[9],9.0,9.0,9.0,0.1111111111111111,0.7070660591125488,0.7070660591125488,0.7516602277755737,-0.0445941686630249,-0.0445941686630249,0.0,0.0,0.0,0.0,0.0,0.0,0.0,0.0,0.0,0.0,0.0,0.0,1.0,1.0,1.0
Q0079,An welchen Inhalten sind Studienleistungen ausgerichtet?,fully_answerable,1,"[""PO25CL-GEN-C02-P07-A01""]",0.685814380645752,0.6592073440551758,0.026607036590576172,"[""PO25CL-GEN-C01-P01-A01"", ""PO25CL-GEN-C04-P31-A01"", ""PO25CL-GEN-C01-P04-A03"", ""PO25CL-GEN-C01-P04-A02"", ""PO25CL-GEN-C02-P07-A01"", ""PO25CL-GEN-C04-P31-A02"", ""PO25CL-GEN-C02-P06-U01"", ""PO25CL-GEN-C01-P04-A05"", ""PO25CL-GEN-C01-P04-A01"", ""PO25CL-PLAN-INTRO""]","[0.685814380645752, 0.6592073440551758, 0.6551969647407532, 0.6504614353179932, 0.6494361162185669, 0.6273804903030396, 0.6244025230407715, 0.6126322746276855, 0.6079505681991577, 0.5951312780380249]",[5],5.0,5.0,5.0,0.2,0.6494361162185669,0.6494361162185669,0.685814380645752,-0.03637826442718506,-0.03637826442718506,0.0,0.0,0.0,0.0,0.0,0.0,0.0,0.0,0.0,1.0,1.0,1.0,1.0,1.0,1.0
Q0080,An welchen Kompetenzen sind Studienleistungen ausgerichtet?,fully_answerable,1,"[""PO25CL-GEN-C02-P07-A01""]",0.6930584907531738,0.6760858297348022,0.016972661018371582,"[""PO25CL-GEN-C04-P31-A01"", ""PO25CL-GEN-C01-P01-A01"", ""PO25CL-GEN-C02-P09-A02"", ""PO25CL-GEN-C04-P28-A05"", ""PO25CL-GEN-C04-P28-A01"", ""PO25CL-GEN-C04-P28-A03"", ""PO25CL-GEN-C04-P28-A06"", ""PO25CL-GEN-C02-P07-A01"", ""PO25CL-GEN-C01-P01-A02"", ""PO25CL-GEN-C04-P28-A02""]","[0.6930584907531738, 0.6760858297348022, 0.6718714237213135, 0.6488662958145142, 0.6485320925712585, 0.6434574127197266, 0.63909912109375, 0.6199456453323364, 0.6136765480041504, 0.6130057573318481]",[8],8.0,8.0,8.0,0.125,0.6199456453323364,0.6199456453323364,0.6930584907531738,-0.0731128454208374,-0.0731128454208374,0.0,0.0,0.0,0.0,0.0,0.0,0.0,0.0,0.0,0.0,0.0,0.0,1.0,1.0,1.0
Q0081,Wodurch wird der Workload von Studienleistungen begrenzt?,fully_answerable,1,"[""PO25CL-GEN-C02-P07-A01""]",0.5908944606781006,0.583046555519104,0.007847905158996582,"[""PO25CL-GEN-C04-P28-A03"", ""PO25CL-GEN-C03-P18-A06"", ""PO25CL-GEN-C02-P07-A01"", ""PO25CL-GEN-C03-P15-A10"", ""PO25CL-GEN-C04-P28-A01"", ""PO25CL-GEN-C03-P19-A06"", ""PO25CL-GEN-C03-P18-A05"", ""PO25CL-PLAN-INTRO"", ""PO25CL-GEN-C02-P09-A05"", ""PO25CL-GEN-C02-P07-A03""]","[0.5908944606781006, 0.583046555519104, 0.5648716688156128, 0.5647815465927124, 0.5613831281661987, 0.5546208024024963, 0.5475659370422363, 0.5407007932662964, 0.5332744121551514, 0.530242919921875]",[3],3.0,3.0,3.0,0.3333333333333333,0.5648716688156128,0.5648716688156128,0.5908944606781006,-0.026022791862487793,-0.026022791862487793,0.0,0.0,0.0,0.0,0.0,0.0,1.0,1.0,1.0,1.0,1.0,1.0,1.0,1.0,1.0
Q0082,Werden Studienleistungen benotet?,fully_answerable,1,"[""PO25CL-GEN-C02-P07-A01""]",0.6572558879852295,0.643002450466156,0.014253437519073486,"[""PO25CL-GEN-C04-P28-A03"", ""PO25CL-GEN-C03-P19-A01"", ""PO25CL-GEN-C04-P28-A01"", ""PO25CL-GEN-C04-P28-A05"", ""PO25CL-GEN-C04-P28-A06"", ""PO25CL-GEN-C01-P04-A02"", ""PO25CL-GEN-C02-P07-A01"", ""PO25CL-GEN-C01-P04-A01"", ""PO25CL-GEN-C04-P28-A04"", ""PO25CL-GEN-C02-P07-A04""]","[0.6572558879852295, 0.643002450466156, 0.6281112432479858, 0.6252896785736084, 0.6113543510437012, 0.6073657870292664, 0.6028506755828857, 0.5986285209655762, 0.5962710380554199, 0.5900669097900391]",[7],7.0,7.0,7.0,0.14285714285714285,0.6028506755828857,0.6028506755828857,0.6572558879852295,-0.05440521240234375,-0.05440521240234375,0.0,0.0,0.0,0.0,0.0,0.0,0.0,0.0,0.0,0.0,0.0,0.0,1.0,1.0,1.0
Q0083,Können Studienleistungen als Prüfungsvoraussetzung bestimmt werden?,fully_answerable,1,"[""PO25CL-GEN-C02-P07-A01""]",0.7393923997879028,0.726125180721283,0.013267219066619873,"[""PO25CL-GEN-C04-P28-A06"", ""PO25CL-GEN-C03-P15-A06"", ""PO25CL-GEN-C04-P28-A03"", ""PO25CL-GEN-C03-P18-A02"", ""PO25CL-GEN-C04-P28-A04"", ""PO25CL-GEN-C04-P28-A01"", ""PO25CL-GEN-C03-P14-A02"", ""PO25CL-GEN-C04-P28-A02"", ""PO25CL-GEN-C04-P28-A07"", ""PO25CL-GEN-C03-P11-A06""]","[0.7393923997879028, 0.726125180721283, 0.7050908207893372, 0.6977264881134033, 0.6921228170394897, 0.6918685436248779, 0.691865086555481, 0.6884597539901733, 0.6806173324584961, 0.6779742240905762]",[16],16.0,16.0,16.0,0.0625,0.6663514375686646,0.6663514375686646,0.7393923997879028,-0.07304096221923828,-0.07304096221923828,0.0,0.0,0.0,0.0,0.0,0.0,0.0,0.0,0.0,0.0,0.0,0.0,0.0,0.0,0.0
Q0084,Wo werden nähere Regelungen zu Studienleistungen getroffen?,fully_answerable,1,"[""PO25CL-GEN-C02-P07-A01""]",0.6841434836387634,0.684002161026001,0.00014132261276245117,"[""PO25CL-GEN-C02-P07-A01"", ""PO25CL-GEN-C02-P07-A03"", ""PO25CL-GEN-C04-P28-A03"", ""PO25CL-GEN-C04-P28-A01"", ""PO25CL-GEN-C03-P12-A01"", ""PO25CL-GEN-C02-P06-U01"", ""PO25CL-GEN-C04-P28-A05"", ""PO25CL-GEN-C04-P28-A04"", ""PO25CL-GEN-C03-P11-A04"", ""PO25CL-GEN-C03-P12-A02""]","[0.6841434836387634, 0.684002161026001, 0.6775424480438232, 0.6756091713905334, 0.6636287569999695, 0.6598196029663086, 0.6580882668495178, 0.6278986930847168, 0.6201975345611572, 0.6183937788009644]",[1],1.0,1.0,1.0,1.0,0.6841434836387634,0.6841434836387634,0.684002161026001,0.00014132261276245117,0.00014132261276245117,1.0,1.0,1.0,1.0,1.0,1.0,1.0,1.0,1.0,1.0,1.0,1.0,1.0,1.0,1.0
Q0085,Wo werden die konkreten Anforderungen einer Studienleistung angekündigt?,fully_answerable,1,"[""PO25CL-GEN-C02-P07-A02""]",0.7063149213790894,0.6596078872680664,0.04670703411102295,"[""PO25CL-GEN-C02-P06-U01"", ""PO25CL-GEN-C02-P07-A01"", ""PO25CL-GEN-C04-P28-A05"", ""PO25CL-GEN-C01-P01-A01"", ""PO25CL-GEN-C01-P01-A02"", ""PO25CL-GEN-C03-P11-A04"", ""PO25CL-GEN-C04-P28-A01"", ""PO25CL-GEN-C03-P15-A06"", ""PO25CL-GEN-C02-P07-A02"", ""PO25CL-GEN-C04-P31-A01""]","[0.7063149213790894, 0.6596078872680664, 0.6430001854896545, 0.6428967714309692, 0.6367965936660767, 0.6324084997177124, 0.629388689994812, 0.6291897296905518, 0.6206846237182617, 0.6193861961364746]",[9],9.0,9.0,9.0,0.1111111111111111,0.6206846237182617,0.6206846237182617,0.7063149213790894,-0.08563029766082764,-0.08563029766082764,0.0,0.0,0.0,0.0,0.0,0.0,0.0,0.0,0.0,0.0,0.0,0.0,1.0,1.0,1.0
Q0086,In welchem System werden die Anforderungen einer Studienleistung veröffentlicht?,fully_answerable,1,"[""PO25CL-GEN-C02-P07-A02""]",0.6670284271240234,0.6268340945243835,0.04019433259963989,"[""PO25CL-GEN-C02-P06-U01"", ""PO25CL-GEN-C03-P11-A04"", ""PO25CL-GEN-C02-P07-A01"", ""PO25CL-GEN-C01-P01-A01"", ""PO25CL-GEN-C02-P07-A02"", ""PO25CL-GEN-C04-P29-U01"", ""PO25CL-GEN-C04-P28-A05"", ""PO25CL-GEN-C04-P31-A01"", ""PO25CL-GEN-C01-P01-A02"", ""PO25CL-GEN-C03-P14-A02""]","[0.6670284271240234, 0.6268340945243835, 0.6264067888259888, 0.6254818439483643, 0.6105107665061951, 0.5994671583175659, 0.5988562107086182, 0.5982266664505005, 0.5938223600387573, 0.5898699760437012]",[5],5.0,5.0,5.0,0.2,0.6105107665061951,0.6105107665061951,0.6670284271240234,-0.05651766061782837,-0.05651766061782837,0.0,0.0,0.0,0.0,0.0,0.0,0.0,0.0,0.0,1.0,1.0,1.0,1.0,1.0,1.0
Q0087,Bis zu welchem Zeitpunkt müssen die Anforderungen einer Studienleistung bekannt gegeben werden?,fully_answerable,1,"[""PO25CL-GEN-C02-P07-A02""]",0.659772515296936,0.6406807899475098,0.01909172534942627,"[""PO25CL-GEN-C03-P11-A09"", ""PO25CL-GEN-C04-P26-U01"", ""PO25CL-GEN-C02-P06-U01"", ""PO25CL-GEN-C03-P14-A10"", ""PO25CL-GEN-C03-P19-A01"", ""PO25CL-GEN-C03-P11-A04"", ""PO25CL-GEN-C03-P15-A06"", ""PO25CL-GEN-C04-P28-A01"", ""PO25CL-GEN-C04-P28-A03"", ""PO25CL-GEN-C03-P11-A06""]","[0.659772515296936, 0.6406807899475098, 0.6386769413948059, 0.6349854469299316, 0.6195170879364014, 0.6145815849304199, 0.6110230088233948, 0.6071110963821411, 0.6066281795501709, 0.6005608439445496]",[16],16.0,16.0,16.0,0.0625,0.5893702507019043,0.5893702507019043,0.659772515296936,-0.07040226459503174,-0.07040226459503174,0.0,0.0,0.0,0.0,0.0,0.0,0.0,0.0,0.0,0.0,0.0,0.0,0.0,0.0,0.0
Q0088,Welche Zuordnung wird mit der Anmeldung zu einer Lehrveranstaltung verbindlich festgelegt?,fully_answerable,1,"[""PO25CL-GEN-C02-P07-A03""]",0.7744551301002502,0.7585411071777344,0.01591402292251587,"[""PO25CL-GEN-C02-P07-A03"", ""PO25CL-GEN-C02-P08-U01"", ""PO25CL-GEN-C02-P07-A01"", ""PO25CL-GEN-C02-P06-U01"", ""PO25CL-GEN-C02-P09-A05"", ""PO25CL-GEN-C03-P11-A02"", ""PO25CL-GEN-C03-P11-A04"", ""PO25CL-GEN-C04-P25-A02"", ""PO25CL-GEN-C03-P12-A01"", ""PO25CL-GEN-C04-P28-A02""]","[0.7744551301002502, 0.7585411071777344, 0.7360696196556091, 0.7262002825737, 0.6950556635856628, 0.6811423301696777, 0.6603569388389587, 0.6560887694358826, 0.6495494842529297, 0.641250729560852]",[1],1.0,1.0,1.0,1.0,0.7744551301002502,0.7744551301002502,0.7585411071777344,0.01591402292251587,0.01591402292251587,1.0,1.0,1.0,1.0,1.0,1.0,1.0,1.0,1.0,1.0,1.0,1.0,1.0,1.0,1.0
Q0089,Ist eine nachträgliche Umbuchung einer Studienleistung möglich?,fully_answerable,1,"[""PO25CL-GEN-C02-P07-A03""]",0.5704136490821838,0.5686877965927124,0.0017258524894714355,"[""PO25CL-GEN-C04-P28-A03"", ""PO25CL-PLAN-INTRO"", ""PO25CL-GEN-C01-P01-A01"", ""PO25CL-GEN-C03-P15-A06"", ""PO25CL-GEN-C03-P18-A01"", ""PO25CL-GEN-C03-P18-A06"", ""PO25CL-PLAN-S01-PBB"", ""PO25CL-GEN-C04-P28-A09"", ""PO25CL-GEN-C04-P28-A06"", ""PO25CL-PLAN-S02-PBB""]","[0.5704136490821838, 0.5686877965927124, 0.564761757850647, 0.5475373268127441, 0.5299825072288513, 0.525150716304779, 0.5243891477584839, 0.5210675597190857, 0.5193377137184143, 0.5181890726089478]",[21],21.0,21.0,21.0,0.047619047619047616,0.503746509552002,0.503746509552002,0.5704136490821838,-0.06666713953018188,-0.06666713953018188,0.0,0.0,0.0,0.0,0.0,0.0,0.0,0.0,0.0,0.0,0.0,0.0,0.0,0.0,0.0
Q0090,Bleibt die Zuordnung auch bei einer nicht bestandenen Leistung verbindlich?,fully_answerable,1,"[""PO25CL-GEN-C02-P07-A03""]",0.5730751752853394,0.5281100273132324,0.044965147972106934,"[""PO25CL-GEN-C02-P07-A03"", ""PO25CL-GEN-C03-P17-A05"", ""PO25CL-GEN-C03-P19-A08"", ""PO25CL-GEN-C03-P19-A06"", ""PO25CL-GEN-C04-P27-A01-02"", ""PO25CL-GEN-C03-P19-A09"", ""PO25CL-GEN-C03-P19-A05"", ""PO25CL-GEN-C03-P11-A01"", ""PO25CL-GEN-C03-P14-A02"", ""PO25CL-GEN-C03-P17-A02""]","[0.5730751752853394, 0.5281100273132324, 0.5259838700294495, 0.510697066783905, 0.5106517672538757, 0.5031647682189941, 0.5015991926193237, 0.49603310227394104, 0.48559507727622986, 0.483773410320282]",[1],1.0,1.0,1.0,1.0,0.5730751752853394,0.5730751752853394,0.5281100273132324,0.044965147972106934,0.044965147972106934,1.0,1.0,1.0,1.0,1.0,1.0,1.0,1.0,1.0,1.0,1.0,1.0,1.0,1.0,1.0
Q0091,Kann der fächerspezifische Anhang Ausnahmen von der verbindlichen Zuordnung vorsehen?,fully_answerable,1,"[""PO25CL-GEN-C02-P07-A03""]",0.6632503271102905,0.6342429518699646,0.029007375240325928,"[""PO25CL-GEN-C02-P07-A03"", ""PO25CL-GEN-C03-P12-A05"", ""PO25CL-GEN-C03-P11-A01"", ""PO25CL-GEN-C03-P11-A03"", ""PO25CL-GEN-C03-P11-A04"", ""PO25CL-GEN-C03-P20-A02"", ""PO25CL-GEN-C04-P25-A04"", ""PO25CL-GEN-C03-P19-A08"", ""PO25CL-GEN-C04-P25-A05"", ""PO25CL-GEN-C04-P27-A01-02""]","[0.6632503271102905, 0.6342429518699646, 0.6032384037971497, 0.5894711017608643, 0.5554472804069519, 0.5526267886161804, 0.5508838891983032, 0.5483394861221313, 0.5435277223587036, 0.5433476567268372]",[1],1.0,1.0,1.0,1.0,0.6632503271102905,0.6632503271102905,0.6342429518699646,0.029007375240325928,0.029007375240325928,1.0,1.0,1.0,1.0,1.0,1.0,1.0,1.0,1.0,1.0,1.0,1.0,1.0,1.0,1.0
Q0092,Dürfen nach erfolgreichem Abschluss eines Moduls dort weitere Studienleistungen angemeldet werden?,fully_answerable,1,"[""PO25CL-GEN-C02-P07-A04""]",0.6492377519607544,0.6263611316680908,0.022876620292663574,"[""PO25CL-GEN-C02-P07-A04"", ""PO25CL-GEN-C03-P19-A01"", ""PO25CL-GEN-C03-P12-A01"", ""PO25CL-GEN-C04-P28-A03"", ""PO25CL-GEN-C03-P12-A02"", ""PO25CL-GEN-C03-P11-A01"", ""PO25CL-GEN-C04-P28-A07"", ""PO25CL-GEN-C01-P03-A03"", ""PO25CL-GEN-C04-P28-A01"", ""PO25CL-GEN-C02-P07-A03""]","[0.6492377519607544, 0.6263611316680908, 0.6084729433059692, 0.6027765870094299, 0.5950628519058228, 0.5936801433563232, 0.5833711624145508, 0.5806808471679688, 0.5802637338638306, 0.5771958827972412]",[1],1.0,1.0,1.0,1.0,0.6492377519607544,0.6492377519607544,0.6263611316680908,0.022876620292663574,0.022876620292663574,1.0,1.0,1.0,1.0,1.0,1.0,1.0,1.0,1.0,1.0,1.0,1.0,1.0,1.0,1.0
Q0093,Kann eine Anwesenheitspflicht für ein gesamtes Modul vorgeschrieben werden?,fully_answerable,1,"[""PO25CL-GEN-C02-P08-U01""]",0.7005050778388977,0.6166753768920898,0.08382970094680786,"[""PO25CL-GEN-C02-P08-U01"", ""PO25CL-GEN-C02-P07-A03"", ""PO25CL-GEN-C03-P11-A01"", ""PO25CL-GEN-C03-P12-A01"", ""PO25CL-GEN-C03-P12-A05"", ""PO25CL-GEN-C03-P11-A03"", ""PO25CL-GEN-C02-P07-A01"", ""PO25CL-GEN-C03-P11-A04"", ""PO25CL-GEN-C04-P25-A05"", ""PO25CL-GEN-C03-P12-A04""]","[0.7005050778388977, 0.6166753768920898, 0.6117504835128784, 0.5847933888435364, 0.5616272687911987, 0.547285795211792, 0.5424867868423462, 0.5408338308334351, 0.5117709636688232, 0.5003697276115417]",[1],1.0,1.0,1.0,1.0,0.7005050778388977,0.7005050778388977,0.6166753768920898,0.08382970094680786,0.08382970094680786,1.0,1.0,1.0,1.0,1.0,1.0,1.0,1.0,1.0,1.0,1.0,1.0,1.0,1.0,1.0
Q0094,Wofür kann regelmäßige Anwesenheit erforderlich sein?,fully_answerable,1,"[""PO25CL-GEN-C02-P08-U01""]",0.533297598361969,0.36712563037872314,0.16617196798324585,"[""PO25CL-GEN-C02-P08-U01"", ""PO25CL-GEN-C04-P29-U01"", ""PO25CL-GEN-C03-P19-A01"", ""PO25CL-GEN-C02-P07-A03"", ""PO25CL-GEN-C04-P27-A01-02"", ""PO25CL-GEN-C02-P07-A02"", ""PO25CL-GEN-C03-P19-A06"", ""PO25CL-GEN-C02-P07-A01"", ""PO25CL-GEN-C01-P03-A04"", ""PO25CL-GEN-C02-P09-A03""]","[0.533297598361969, 0.36712563037872314, 0.36138445138931274, 0.3444957733154297, 0.34374988079071045, 0.3329138159751892, 0.3314332664012909, 0.3272281289100647, 0.3207577168941498, 0.31901586055755615]",[1],1.0,1.0,1.0,1.0,0.533297598361969,0.533297598361969,0.36712563037872314,0.16617196798324585,0.16617196798324585,1.0,1.0,1.0,1.0,1.0,1.0,1.0,1.0,1.0,1.0,1.0,1.0,1.0,1.0,1.0
Q0095,Gelten für E-Learning-Angebote analoge Regeln?,fully_answerable,1,"[""PO25CL-GEN-C02-P07-A05""]",0.8514313697814941,0.5424832105636597,0.3089481592178345,"[""PO25CL-GEN-C02-P07-A05"", ""PO25CL-APP-R07-M07"", ""PO25CL-APP-R08"", ""PO25CL-APP-R04"", ""PO25CL-GEN-C03-P11-A05"", ""PO25CL-GEN-C02-P07-A02"", ""PO25CL-APP-R07-M11"", ""PO25CL-GEN-C02-P07-A01"", ""PO25CL-GEN-C03-P11-A04"", ""PO25CL-APP-R01""]","[0.8514313697814941, 0.5424832105636597, 0.5380082130432129, 0.516806423664093, 0.511335551738739, 0.5085218548774719, 0.4996437132358551, 0.4974428713321686, 0.4958941340446472, 0.49449092149734497]",[1],1.0,1.0,1.0,1.0,0.8514313697814941,0.8514313697814941,0.5424832105636597,0.3089481592178345,0.3089481592178345,1.0,1.0,1.0,1.0,1.0,1.0,1.0,1.0,1.0,1.0,1.0,1.0,1.0,1.0,1.0
Q0096,Gilt eine Anwesenheitspflicht generell für Exkursionen?,fully_answerable,1,"[""PO25CL-GEN-C02-P08-U01""]",0.6765450835227966,0.6009429693222046,0.07560211420059204,"[""PO25CL-GEN-C02-P08-U01"", ""PO25CL-GEN-C02-P07-A03"", ""PO25CL-GEN-C04-P27-A01-02"", ""PO25CL-GEN-C04-P28-A06"", ""PO25CL-GEN-C03-P12-A05"", ""PO25CL-GEN-C04-P25-A05"", ""PO25CL-GEN-C03-P17-A02"", ""PO25CL-GEN-C03-P12-A01"", ""PO25CL-GEN-C03-P20-A02"", ""PO25CL-GEN-C02-P07-A01""]","[0.6765450835227966, 0.6009429693222046, 0.6006019711494446, 0.582207202911377, 0.5780897736549377, 0.577762246131897, 0.5675005316734314, 0.5588188171386719, 0.5532252788543701, 0.5517449378967285]",[1],1.0,1.0,1.0,1.0,0.6765450835227966,0.6765450835227966,0.6009429693222046,0.07560211420059204,0.07560211420059204,1.0,1.0,1.0,1.0,1.0,1.0,1.0,1.0,1.0,1.0,1.0,1.0,1.0,1.0,1.0
Q0097,Gilt eine Anwesenheitspflicht generell für Forschungsprojekte?,fully_answerable,1,"[""PO25CL-GEN-C02-P08-U01""]",0.6660659313201904,0.5849270820617676,0.08113884925842285,"[""PO25CL-GEN-C02-P08-U01"", ""PO25CL-GEN-C04-P29-U01"", ""PO25CL-GEN-C04-P28-A05"", ""PO25CL-GEN-C02-P07-A01"", ""PO25CL-GEN-C03-P14-A09"", ""PO25CL-GEN-C02-P06-U01"", ""PO25CL-GEN-C02-P07-A03"", ""PO25CL-GEN-C03-P14-A08"", ""PO25CL-GEN-C04-P31-A01"", ""PO25CL-GEN-C03-P15-A06""]","[0.6660659313201904, 0.5849270820617676, 0.5729336142539978, 0.5688250660896301, 0.563659131526947, 0.5504870414733887, 0.5453799962997437, 0.5387731194496155, 0.5326082706451416, 0.5231890678405762]",[1],1.0,1.0,1.0,1.0,0.6660659313201904,0.6660659313201904,0.5849270820617676,0.08113884925842285,0.08113884925842285,1.0,1.0,1.0,1.0,1.0,1.0,1.0,1.0,1.0,1.0,1.0,1.0,1.0,1.0,1.0
Q0098,Gilt eine Anwesenheitspflicht generell für Praktika?,fully_answerable,1,"[""PO25CL-GEN-C02-P08-U01""]",0.7241894006729126,0.6599526405334473,0.06423676013946533,"[""PO25CL-GEN-C02-P08-U01"", ""PO25CL-GEN-C02-P09-A03"", ""PO25CL-GEN-C02-P09-A05"", ""PO25CL-GEN-C02-P09-A01"", ""PO25CL-GEN-C02-P09-A04"", ""PO25CL-GEN-C02-P07-A01"", ""PO25CL-GEN-C04-P29-U01"", ""PO25CL-GEN-C02-P09-A02"", ""PO25CL-GEN-C02-P07-A03"", ""PO25CL-APP-R14""]","[0.7241894006729126, 0.6599526405334473, 0.6536625623703003, 0.5820030570030212, 0.5819152593612671, 0.5515514612197876, 0.5479847192764282, 0.5468865633010864, 0.5403085947036743, 0.5233741402626038]",[1],1.0,1.0,1.0,1.0,0.7241894006729126,0.7241894006729126,0.6599526405334473,0.06423676013946533,0.06423676013946533,1.0,1.0,1.0,1.0,1.0,1.0,1.0,1.0,1.0,1.0,1.0,1.0,1.0,1.0,1.0
Q0099,Gilt eine Anwesenheitspflicht generell für Sprachkurse?,fully_answerable,1,"[""PO25CL-GEN-C02-P08-U01""]",0.7961905598640442,0.6671845316886902,0.129006028175354,"[""PO25CL-GEN-C02-P08-U01"", ""PO25CL-GEN-C02-P07-A03"", ""PO25CL-GEN-C02-P07-A01"", ""PO25CL-GEN-C03-P12-A01"", ""PO25CL-GEN-C02-P06-U01"", ""PO25CL-GEN-C03-P11-A02"", ""PO25CL-APP-R04"", ""PO25CL-GEN-C03-P12-A02"", ""PO25CL-GEN-C04-P28-A03"", ""PO25CL-GEN-C03-P11-A08""]","[0.7961905598640442, 0.6671845316886902, 0.6541826725006104, 0.6189385652542114, 0.6009604334831238, 0.5794731378555298, 0.5693482160568237, 0.5628242492675781, 0.5585262179374695, 0.5574739575386047]",[1],1.0,1.0,1.0,1.0,0.7961905598640442,0.7961905598640442,0.6671845316886902,0.129006028175354,0.129006028175354,1.0,1.0,1.0,1.0,1.0,1.0,1.0,1.0,1.0,1.0,1.0,1.0,1.0,1.0,1.0
Q0100,Gilt eine Anwesenheitspflicht generell für Übungen?,fully_answerable,1,"[""PO25CL-GEN-C02-P08-U01""]",0.7003160715103149,0.555890679359436,0.1444253921508789,"[""PO25CL-GEN-C02-P08-U01"", ""PO25CL-GEN-C02-P07-A01"", ""PO25CL-GEN-C02-P07-A03"", ""PO25CL-GEN-C02-P09-A05"", ""PO25CL-GEN-C02-P09-A01"", ""PO25CL-GEN-C04-P27-A01-02"", ""PO25CL-GEN-C02-P09-A03"", ""PO25CL-GEN-C02-P06-U01"", ""PO25CL-GEN-C04-P28-A06"", ""PO25CL-GEN-C01-P03-A04""]","[0.7003160715103149, 0.555890679359436, 0.5551137924194336, 0.5474013090133667, 0.5337531566619873, 0.5023198127746582, 0.49591875076293945, 0.4915543496608734, 0.4763020873069763, 0.47477030754089355]",[1],1.0,1.0,1.0,1.0,0.7003160715103149,0.7003160715103149,0.555890679359436,0.1444253921508789,0.1444253921508789,1.0,1.0,1.0,1.0,1.0,1.0,1.0,1.0,1.0,1.0,1.0,1.0,1.0,1.0,1.0
Q0101,Bis zu welcher Teilnehmendenzahl können Seminare mit Anwesenheitspflicht belegt werden?,fully_answerable,1,"[""PO25CL-GEN-C02-P08-U01""]",0.7483992576599121,0.610734224319458,0.1376650333404541,"[""PO25CL-GEN-C02-P08-U01"", ""PO25CL-GEN-C02-P09-A01"", ""PO25CL-GEN-C02-P09-A05"", ""PO25CL-GEN-C02-P07-A01"", ""PO25CL-GEN-C01-P03-A03"", ""PO25CL-GEN-C03-P12-A02"", ""PO25CL-GEN-C02-P07-A03"", ""PO25CL-GEN-C04-P28-A01"", ""PO25CL-GEN-C04-P28-A03"", ""PO25CL-GEN-C01-P03-A04""]","[0.7483992576599121, 0.610734224319458, 0.6089022159576416, 0.5962948799133301, 0.591253936290741, 0.5811015367507935, 0.5783826112747192, 0.5748071074485779, 0.5706636905670166, 0.5691444873809814]",[1],1.0,1.0,1.0,1.0,0.7483992576599121,0.7483992576599121,0.610734224319458,0.1376650333404541,0.1376650333404541,1.0,1.0,1.0,1.0,1.0,1.0,1.0,1.0,1.0,1.0,1.0,1.0,1.0,1.0,1.0
Q0102,Kann für Vorlesungen eine Anwesenheitspflicht festgelegt werden?,fully_answerable,1,"[""PO25CL-GEN-C02-P08-U01""]",0.8599146008491516,0.7093404531478882,0.15057414770126343,"[""PO25CL-GEN-C02-P08-U01"", ""PO25CL-GEN-C02-P07-A03"", ""PO25CL-GEN-C02-P07-A01"", ""PO25CL-GEN-C02-P06-U01"", ""PO25CL-GEN-C02-P09-A05"", ""PO25CL-GEN-C03-P11-A02"", ""PO25CL-GEN-C04-P28-A06"", ""PO25CL-GEN-C04-P29-U01"", ""PO25CL-GEN-C04-P25-A02"", ""PO25CL-GEN-C03-P12-A02""]","[0.8599146008491516, 0.7093404531478882, 0.7039334177970886, 0.6383207440376282, 0.6220340132713318, 0.6134265661239624, 0.5945726633071899, 0.590988039970398, 0.5860817432403564, 0.5843479037284851]",[1],1.0,1.0,1.0,1.0,0.8599146008491516,0.8599146008491516,0.7093404531478882,0.15057414770126343,0.15057414770126343,1.0,1.0,1.0,1.0,1.0,1.0,1.0,1.0,1.0,1.0,1.0,1.0,1.0,1.0,1.0
Q0103,Wo muss eine Anwesenheitspflicht für andere Lehrveranstaltungsarten ausdrücklich festgelegt sein?,fully_answerable,1,"[""PO25CL-GEN-C02-P08-U01""]",0.8367085456848145,0.7357124090194702,0.10099613666534424,"[""PO25CL-GEN-C02-P08-U01"", ""PO25CL-GEN-C02-P07-A01"", ""PO25CL-GEN-C02-P07-A03"", ""PO25CL-GEN-C02-P06-U01"", ""PO25CL-GEN-C02-P09-A05"", ""PO25CL-GEN-C04-P28-A03"", ""PO25CL-GEN-C04-P28-A01"", ""PO25CL-GEN-C03-P11-A02"", ""PO25CL-GEN-C04-P28-A06"", ""PO25CL-GEN-C04-P25-A02""]","[0.8367085456848145, 0.7357124090194702, 0.7217303514480591, 0.6828674077987671, 0.6514474749565125, 0.6406519412994385, 0.6296985149383545, 0.6192110776901245, 0.6178368330001831, 0.6071488261222839]",[1],1.0,1.0,1.0,1.0,0.8367085456848145,0.8367085456848145,0.7357124090194702,0.10099613666534424,0.10099613666534424,1.0,1.0,1.0,1.0,1.0,1.0,1.0,1.0,1.0,1.0,1.0,1.0,1.0,1.0,1.0
Q0104,Welcher Anteil der Veranstaltungszeit muss für die Erfüllung der Anwesenheitspflicht besucht werden?,fully_answerable,1,"[""PO25CL-GEN-C02-P08-U01""]",0.5995450019836426,0.5884321331977844,0.011112868785858154,"[""PO25CL-GEN-C02-P08-U01"", ""PO25CL-GEN-C03-P14-A03"", ""PO25CL-GEN-C04-P26-U01"", ""PO25CL-GEN-C03-P13-A02"", ""PO25CL-GEN-C03-P15-A04"", ""PO25CL-GEN-C03-P13-A01"", ""PO25CL-GEN-C02-P07-A02"", ""PO25CL-GEN-C03-P12-A02"", ""PO25CL-GEN-C03-P11-A09"", ""PO25CL-GEN-C03-P19-A01""]","[0.5995450019836426, 0.5884321331977844, 0.5536475777626038, 0.5440897345542908, 0.5405626893043518, 0.5376408100128174, 0.5197429060935974, 0.5022157430648804, 0.5011590719223022, 0.4996839165687561]",[1],1.0,1.0,1.0,1.0,0.5995450019836426,0.5995450019836426,0.5884321331977844,0.011112868785858154,0.011112868785858154,1.0,1.0,1.0,1.0,1.0,1.0,1.0,1.0,1.0,1.0,1.0,1.0,1.0,1.0,1.0
Q0105,Auf welche Form der Beteiligung sind Seminare grundsätzlich ausgerichtet?,fully_answerable,1,"[""PO25CL-GEN-C02-P08-U01""]",0.6999543905258179,0.6520825624465942,0.04787182807922363,"[""PO25CL-GEN-C02-P08-U01"", ""PO25CL-GEN-C02-P09-A03"", ""PO25CL-GEN-C02-P09-A05"", ""PO25CL-GEN-C01-P03-A03"", ""PO25CL-GEN-C02-P07-A01"", ""PO25CL-GEN-C04-P31-A01"", ""PO25CL-GEN-C02-P09-A02"", ""PO25CL-GEN-C02-P09-A04"", ""PO25CL-GEN-C02-P06-U01"", ""PO25CL-GEN-C02-P07-A02""]","[0.6999543905258179, 0.6520825624465942, 0.6322314739227295, 0.6259026527404785, 0.6206386089324951, 0.605420708656311, 0.6015588045120239, 0.5650504231452942, 0.557482123374939, 0.5424498319625854]",[1],1.0,1.0,1.0,1.0,0.6999543905258179,0.6999543905258179,0.6520825624465942,0.04787182807922363,0.04787182807922363,1.0,1.0,1.0,1.0,1.0,1.0,1.0,1.0,1.0,1.0,1.0,1.0,1.0,1.0,1.0
Q0106,Kann eine Anwesenheitspflicht für einzelne Modulteile vorgeschrieben werden?,fully_answerable,1,"[""PO25CL-GEN-C02-P08-U01""]",0.6400856971740723,0.623064398765564,0.0170212984085083,"[""PO25CL-GEN-C02-P08-U01"", ""PO25CL-GEN-C03-P11-A01"", ""PO25CL-GEN-C02-P07-A03"", ""PO25CL-GEN-C03-P11-A03"", ""PO25CL-GEN-C03-P12-A01"", ""PO25CL-GEN-C03-P11-A04"", ""PO25CL-GEN-C03-P12-A05"", ""PO25CL-GEN-C04-P25-A05"", ""PO25CL-GEN-C02-P07-A01"", ""PO25CL-GEN-C04-P27-A01-02""]","[0.6400856971740723, 0.623064398765564, 0.6179889440536499, 0.5653057098388672, 0.5487728118896484, 0.5459118485450745, 0.539779007434845, 0.5246948003768921, 0.5186325907707214, 0.5037808418273926]",[1],1.0,1.0,1.0,1.0,0.6400856971740723,0.6400856971740723,0.623064398765564,0.0170212984085083,0.0170212984085083,1.0,1.0,1.0,1.0,1.0,1.0,1.0,1.0,1.0,1.0,1.0,1.0,1.0,1.0,1.0
Q0107,Wo sind nähere Regelungen zum obligatorischen Berufsfeldpraktikum festgelegt?,fully_answerable,1,"[""PO25CL-GEN-C02-P09-A05""]",0.6948738098144531,0.633198618888855,0.061675190925598145,"[""PO25CL-GEN-C02-P09-A05"", ""PO25CL-GEN-C02-P09-A01"", ""PO25CL-GEN-C02-P09-A02"", ""PO25CL-GEN-C02-P07-A01"", ""PO25CL-GEN-C02-P09-A04"", ""PO25CL-GEN-C02-P08-U01"", ""PO25CL-GEN-C04-P28-A01"", ""PO25CL-GEN-C03-P12-A01"", ""PO25CL-GEN-C04-P28-A03"", ""PO25CL-GEN-C02-P07-A03""]","[0.6948738098144531, 0.633198618888855, 0.6325141191482544, 0.60784912109375, 0.5923017263412476, 0.5888656377792358, 0.585790753364563, 0.5854498147964478, 0.585422933101654, 0.5747039318084717]",[1],1.0,1.0,1.0,1.0,0.6948738098144531,0.6948738098144531,0.633198618888855,0.061675190925598145,0.061675190925598145,1.0,1.0,1.0,1.0,1.0,1.0,1.0,1.0,1.0,1.0,1.0,1.0,1.0,1.0,1.0
Q0108,Wie lange dauert ein obligatorisches Berufsfeldpraktikum mindestens?,fully_answerable,1,"[""PO25CL-GEN-C02-P09-A01""]",0.8781278133392334,0.7163145542144775,0.16181325912475586,"[""PO25CL-GEN-C02-P09-A01"", ""PO25CL-GEN-C01-P03-A01"", ""PO25CL-GEN-C01-P03-A04"", ""PO25CL-GEN-C03-P15-A05"", ""PO25CL-GEN-C03-P14-A10"", ""PO25CL-GEN-C03-P14-A03"", ""PO25CL-GEN-C03-P21-A02"", ""PO25CL-GEN-C03-P15-A04"", ""PO25CL-GEN-C03-P12-A02"", ""PO25CL-GEN-C03-P13-A01""]","[0.8781278133392334, 0.7163145542144775, 0.7147614359855652, 0.6854162216186523, 0.6809086799621582, 0.6694654226303101, 0.6621744632720947, 0.6607204675674438, 0.6335774064064026, 0.6201190948486328]",[1],1.0,1.0,1.0,1.0,0.8781278133392334,0.8781278133392334,0.7163145542144775,0.16181325912475586,0.16181325912475586,1.0,1.0,1.0,1.0,1.0,1.0,1.0,1.0,1.0,1.0,1.0,1.0,1.0,1.0,1.0
Q0109,Wie lange darf ein obligatorisches Berufsfeldpraktikum höchstens dauern?,fully_answerable,1,"[""PO25CL-GEN-C02-P09-A01""]",0.8557918667793274,0.6945481896400452,0.16124367713928223,"[""PO25CL-GEN-C02-P09-A01"", ""PO25CL-GEN-C01-P03-A04"", ""PO25CL-GEN-C01-P03-A01"", ""PO25CL-GEN-C03-P15-A05"", ""PO25CL-GEN-C03-P14-A10"", ""PO25CL-GEN-C03-P14-A03"", ""PO25CL-GEN-C03-P15-A04"", ""PO25CL-GEN-C03-P21-A02"", ""PO25CL-GEN-C03-P12-A02"", ""PO25CL-GEN-C04-P25-A06""]","[0.8557918667793274, 0.6945481896400452, 0.6873871088027954, 0.674306333065033, 0.6637144088745117, 0.6480453610420227, 0.6473212242126465, 0.6290706396102905, 0.6189838647842407, 0.5990601181983948]",[1],1.0,1.0,1.0,1.0,0.8557918667793274,0.8557918667793274,0.6945481896400452,0.16124367713928223,0.16124367713928223,1.0,1.0,1.0,1.0,1.0,1.0,1.0,1.0,1.0,1.0,1.0,1.0,1.0,1.0,1.0
Q0110,Kann das obligatorische Berufsfeldpraktikum in Abschnitten absolviert werden?,fully_answerable,1,"[""PO25CL-GEN-C02-P09-A01""]",0.767020583152771,0.7024389505386353,0.06458163261413574,"[""PO25CL-GEN-C02-P09-A01"", ""PO25CL-GEN-C02-P09-A05"", ""PO25CL-GEN-C02-P09-A02"", ""PO25CL-GEN-C02-P09-A04"", ""PO25CL-GEN-C03-P15-A02"", ""PO25CL-GEN-C04-P28-A03"", ""PO25CL-GEN-C02-P07-A01"", ""PO25CL-GEN-C02-P08-U01"", ""PO25CL-GEN-C04-P28-A01"", ""PO25CL-GEN-C03-P12-A02""]","[0.767020583152771, 0.7024389505386353, 0.6836981177330017, 0.6826868057250977, 0.6637643575668335, 0.6578124761581421, 0.651983916759491, 0.6504124999046326, 0.6421958208084106, 0.6392062306404114]",[1],1.0,1.0,1.0,1.0,0.767020583152771,0.767020583152771,0.7024389505386353,0.06458163261413574,0.06458163261413574,1.0,1.0,1.0,1.0,1.0,1.0,1.0,1.0,1.0,1.0,1.0,1.0,1.0,1.0,1.0
Q0111,Können einschlägige Berufstätigkeiten auf das Berufsfeldpraktikum angerechnet werden?,fully_answerable,1,"[""PO25CL-GEN-C02-P09-A01""]",0.6616529226303101,0.5896318554878235,0.07202106714248657,"[""PO25CL-GEN-C02-P09-A02"", ""PO25CL-GEN-C04-P28-A03"", ""PO25CL-GEN-C02-P09-A05"", ""PO25CL-GEN-C02-P09-A04"", ""PO25CL-GEN-C02-P09-A01"", ""PO25CL-GEN-C03-P15-A02"", ""PO25CL-GEN-C04-P28-A01"", ""PO25CL-GEN-C02-P09-A03"", ""PO25CL-GEN-C04-P28-A05"", ""PO25CL-GEN-C03-P15-A09""]","[0.6616529226303101, 0.5896318554878235, 0.5882314443588257, 0.5827659368515015, 0.5822865962982178, 0.5501030683517456, 0.540757954120636, 0.5344333648681641, 0.5322375893592834, 0.5292898416519165]",[5],5.0,5.0,5.0,0.2,0.5822865962982178,0.5822865962982178,0.6616529226303101,-0.07936632633209229,-0.07936632633209229,0.0,0.0,0.0,0.0,0.0,0.0,0.0,0.0,0.0,1.0,1.0,1.0,1.0,1.0,1.0
Q0112,Können einschlägige Praxiserfahrungen auf das Berufsfeldpraktikum angerechnet werden?,fully_answerable,1,"[""PO25CL-GEN-C02-P09-A01""]",0.6898326873779297,0.6364949941635132,0.053337693214416504,"[""PO25CL-GEN-C02-P09-A02"", ""PO25CL-GEN-C02-P09-A01"", ""PO25CL-GEN-C02-P09-A04"", ""PO25CL-GEN-C02-P09-A05"", ""PO25CL-GEN-C02-P09-A03"", ""PO25CL-GEN-C01-P03-A04"", ""PO25CL-GEN-C04-P28-A03"", ""PO25CL-APP-R14"", ""PO25CL-GEN-C04-P28-A01"", ""PO25CL-GEN-C01-P03-A03""]","[0.6898326873779297, 0.6364949941635132, 0.6327717304229736, 0.604465126991272, 0.5928988456726074, 0.5719372630119324, 0.5241358280181885, 0.5139933228492737, 0.4987848997116089, 0.48713111877441406]",[2],2.0,2.0,2.0,0.5,0.6364949941635132,0.6364949941635132,0.6898326873779297,-0.053337693214416504,-0.053337693214416504,0.0,0.0,0.0,1.0,1.0,1.0,1.0,1.0,1.0,1.0,1.0,1.0,1.0,1.0,1.0
Q0113,Wie viele ECTS-Leistungspunkte werden für vier Wochen Berufsfeldpraktikum mindestens angerechnet?,fully_answerable,1,"[""PO25CL-GEN-C02-P09-A01""]",0.8494031429290771,0.7293999195098877,0.12000322341918945,"[""PO25CL-GEN-C01-P03-A04"", ""PO25CL-GEN-C02-P09-A01"", ""PO25CL-GEN-C01-P03-A05"", ""PO25CL-GEN-C03-P21-A01"", ""PO25CL-GEN-C01-P02-A01"", ""PO25CL-GEN-C01-P03-A02"", ""PO25CL-GEN-C01-P03-A01"", ""PO25CL-GEN-C03-P21-A02"", ""PO25CL-GEN-C03-P15-A05"", ""PO25CL-GEN-C03-P19-A01""]","[0.8494031429290771, 0.7293999195098877, 0.7190672755241394, 0.7123405933380127, 0.6899071931838989, 0.6780658960342407, 0.6667046546936035, 0.6567506790161133, 0.6527146697044373, 0.6326934099197388]",[2],2.0,2.0,2.0,0.5,0.7293999195098877,0.7293999195098877,0.8494031429290771,-0.12000322341918945,-0.12000322341918945,0.0,0.0,0.0,1.0,1.0,1.0,1.0,1.0,1.0,1.0,1.0,1.0,1.0,1.0,1.0
Q0114,Gibt das Berufsfeldpraktikum Einblick in einschlägige Berufsfelder?,fully_answerable,1,"[""PO25CL-GEN-C02-P09-A02""]",0.7216975688934326,0.5948629379272461,0.12683463096618652,"[""PO25CL-GEN-C02-P09-A02"", ""PO25CL-GEN-C02-P09-A04"", ""PO25CL-GEN-C02-P09-A05"", ""PO25CL-GEN-C02-P09-A03"", ""PO25CL-GEN-C04-P28-A05"", ""PO25CL-GEN-C04-P28-A03"", ""PO25CL-GEN-C02-P09-A01"", ""PO25CL-GEN-C03-P15-A02"", ""PO25CL-GEN-C04-P28-A01"", ""PO25CL-APP-R14""]","[0.7216975688934326, 0.5948629379272461, 0.5797135829925537, 0.575015664100647, 0.5374057292938232, 0.5360687375068665, 0.5319744348526001, 0.5310265421867371, 0.5079764127731323, 0.5056039690971375]",[1],1.0,1.0,1.0,1.0,0.7216975688934326,0.7216975688934326,0.5948629379272461,0.12683463096618652,0.12683463096618652,1.0,1.0,1.0,1.0,1.0,1.0,1.0,1.0,1.0,1.0,1.0,1.0,1.0,1.0,1.0
Q0115,Was können Studierende im Berufsfeldpraktikum praktisch erproben?,fully_answerable,1,"[""PO25CL-GEN-C02-P09-A02""]",0.7366636991500854,0.6425994038581848,0.09406429529190063,"[""PO25CL-GEN-C02-P09-A02"", ""PO25CL-GEN-C01-P01-A01"", ""PO25CL-GEN-C01-P01-A02"", ""PO25CL-GEN-C02-P09-A04"", ""PO25CL-GEN-C02-P09-A05"", ""PO25CL-GEN-C04-P31-A01"", ""PO25CL-GEN-C03-P15-A06"", ""PO25CL-GEN-C02-P09-A03"", ""PO25CL-GEN-C02-P09-A01"", ""PO25CL-GEN-C01-P04-A02""]","[0.7366636991500854, 0.6425994038581848, 0.6335974931716919, 0.6125785112380981, 0.6117576956748962, 0.607241153717041, 0.5996749401092529, 0.5979568958282471, 0.5830813646316528, 0.5730463266372681]",[1],1.0,1.0,1.0,1.0,0.7366636991500854,0.7366636991500854,0.6425994038581848,0.09406429529190063,0.09406429529190063,1.0,1.0,1.0,1.0,1.0,1.0,1.0,1.0,1.0,1.0,1.0,1.0,1.0,1.0,1.0
Q0116,Welche Art von Fähigkeiten soll das Berufsfeldpraktikum vermitteln?,fully_answerable,1,"[""PO25CL-GEN-C02-P09-A02""]",0.7058321833610535,0.5357336401939392,0.17009854316711426,"[""PO25CL-GEN-C02-P09-A02"", ""PO25CL-GEN-C01-P05-A01"", ""PO25CL-GEN-C02-P09-A04"", ""PO25CL-GEN-C02-P09-A03"", ""PO25CL-GEN-C02-P09-A05"", ""PO25CL-GEN-C01-P01-A02"", ""PO25CL-GEN-C04-P31-A01"", ""PO25CL-GEN-C04-P28-A09"", ""PO25CL-GEN-C02-P09-A01"", ""PO25CL-GEN-C04-P28-A03""]","[0.7058321833610535, 0.5357336401939392, 0.5200647115707397, 0.5120289921760559, 0.5113488435745239, 0.5002899169921875, 0.4984018802642822, 0.4961189031600952, 0.4885847270488739, 0.48804038763046265]",[1],1.0,1.0,1.0,1.0,0.7058321833610535,0.7058321833610535,0.5357336401939392,0.17009854316711426,0.17009854316711426,1.0,1.0,1.0,1.0,1.0,1.0,1.0,1.0,1.0,1.0,1.0,1.0,1.0,1.0,1.0
Q0117,Welchen Übergang soll das Berufsfeldpraktikum erleichtern?,fully_answerable,1,"[""PO25CL-GEN-C02-P09-A02""]",0.6836453676223755,0.5414841175079346,0.14216125011444092,"[""PO25CL-GEN-C02-P09-A02"", ""PO25CL-GEN-C02-P09-A01"", ""PO25CL-GEN-C02-P09-A04"", ""PO25CL-GEN-C02-P09-A05"", ""PO25CL-GEN-C02-P09-A03"", ""PO25CL-APP-R14"", ""PO25CL-GEN-C04-P28-A03"", ""PO25CL-GEN-C01-P03-A04"", ""PO25CL-GEN-C03-P15-A02"", ""PO25CL-GEN-C01-P04-A02""]","[0.6836453676223755, 0.5414841175079346, 0.5354022979736328, 0.5287343263626099, 0.5087831020355225, 0.4800271987915039, 0.4781476557254791, 0.45632386207580566, 0.4469658434391022, 0.44189122319221497]",[1],1.0,1.0,1.0,1.0,0.6836453676223755,0.6836453676223755,0.5414841175079346,0.14216125011444092,0.14216125011444092,1.0,1.0,1.0,1.0,1.0,1.0,1.0,1.0,1.0,1.0,1.0,1.0,1.0,1.0,1.0
Q0118,Wer koordiniert die Beratung bei der Vermittlung von Praktikumsplätzen?,fully_answerable,1,"[""PO25CL-GEN-C02-P09-A03""]",0.8499289751052856,0.6382708549499512,0.21165812015533447,"[""PO25CL-GEN-C02-P09-A03"", ""PO25CL-GEN-C02-P09-A05"", ""PO25CL-GEN-C02-P09-A04"", ""PO25CL-GEN-C04-P31-A01"", ""PO25CL-APP-R14"", ""PO25CL-GEN-C03-P15-A03"", ""PO25CL-GEN-C04-P29-U01"", ""PO25CL-GEN-C02-P08-U01"", ""PO25CL-GEN-C04-P31-A02"", ""PO25CL-APP-R07-M12""]","[0.8499289751052856, 0.6382708549499512, 0.6261416077613831, 0.6142371296882629, 0.6107807755470276, 0.5696190595626831, 0.5593757033348083, 0.5539499521255493, 0.5522944927215576, 0.5359333753585815]",[1],1.0,1.0,1.0,1.0,0.8499289751052856,0.8499289751052856,0.6382708549499512,0.21165812015533447,0.21165812015533447,1.0,1.0,1.0,1.0,1.0,1.0,1.0,1.0,1.0,1.0,1.0,1.0,1.0,1.0,1.0
Q0119,Wer koordiniert die fachliche Betreuung im Praktikum?,fully_answerable,1,"[""PO25CL-GEN-C02-P09-A03""]",0.8175990581512451,0.6324640512466431,0.18513500690460205,"[""PO25CL-GEN-C02-P09-A03"", ""PO25CL-GEN-C02-P09-A04"", ""PO25CL-GEN-C02-P09-A05"", ""PO25CL-GEN-C04-P31-A01"", ""PO25CL-APP-R14"", ""PO25CL-GEN-C04-P29-U01"", ""PO25CL-GEN-C02-P09-A02"", ""PO25CL-GEN-C03-P15-A03"", ""PO25CL-GEN-C04-P25-A02"", ""PO25CL-GEN-C01-P03-A04""]","[0.8175990581512451, 0.6324640512466431, 0.6091324090957642, 0.5832242965698242, 0.5738932490348816, 0.5633214712142944, 0.5428811311721802, 0.524712860584259, 0.5040696859359741, 0.5026158690452576]",[1],1.0,1.0,1.0,1.0,0.8175990581512451,0.8175990581512451,0.6324640512466431,0.18513500690460205,0.18513500690460205,1.0,1.0,1.0,1.0,1.0,1.0,1.0,1.0,1.0,1.0,1.0,1.0,1.0,1.0,1.0
Q0120,Mit welchem Dokument wird das Berufsfeldpraktikum abgeschlossen?,fully_answerable,1,"[""PO25CL-GEN-C02-P09-A04""]",0.768648087978363,0.6931399703025818,0.07550811767578125,"[""PO25CL-GEN-C02-P09-A04"", ""PO25CL-GEN-C02-P09-A02"", ""PO25CL-GEN-C03-P21-A02"", ""PO25CL-GEN-C02-P09-A01"", ""PO25CL-GEN-C03-P21-A03"", ""PO25CL-GEN-C02-P09-A05"", ""PO25CL-GEN-C03-P15-A02"", ""PO25CL-GEN-C03-P19-A01"", ""PO25CL-GEN-C01-P03-A05"", ""PO25CL-GEN-C03-P16-A01""]","[0.768648087978363, 0.6931399703025818, 0.6620470881462097, 0.6471929550170898, 0.6377977132797241, 0.6376754641532898, 0.6336963176727295, 0.6295149326324463, 0.6217629909515381, 0.6194816827774048]",[1],1.0,1.0,1.0,1.0,0.768648087978363,0.768648087978363,0.6931399703025818,0.07550811767578125,0.07550811767578125,1.0,1.0,1.0,1.0,1.0,1.0,1.0,1.0,1.0,1.0,1.0,1.0,1.0,1.0,1.0
Q0121,Aus welcher Art von Prüfungen besteht die Bachelorprüfung?,fully_answerable,1,"[""PO25CL-GEN-C03-P10-U01""]",0.8103959560394287,0.7088280916213989,0.10156786441802979,"[""PO25CL-GEN-C03-P10-U01"", ""PO25CL-GEN-C03-P21-A03"", ""PO25CL-GEN-C01-P01-A02"", ""PO25CL-GEN-C03-P21-A01"", ""PO25CL-GEN-C03-P21-A02"", ""PO25CL-GEN-C03-P15-A02"", ""PO25CL-GEN-C03-P22-U01"", ""PO25CL-GEN-C03-P15-A01"", ""PO25CL-GEN-C01-P04-A02"", ""PO25CL-GEN-C03-P19-A01""]","[0.8103959560394287, 0.7088280916213989, 0.6595229506492615, 0.6522330045700073, 0.640230655670166, 0.6375647783279419, 0.6225683093070984, 0.6176965236663818, 0.613105833530426, 0.6052992343902588]",[1],1.0,1.0,1.0,1.0,0.8103959560394287,0.8103959560394287,0.7088280916213989,0.10156786441802979,0.10156786441802979,1.0,1.0,1.0,1.0,1.0,1.0,1.0,1.0,1.0,1.0,1.0,1.0,1.0,1.0,1.0
Q0122,Welche Abschlussarbeit gehört zur Bachelorprüfung?,fully_answerable,1,"[""PO25CL-GEN-C03-P10-U01""]",0.7114591598510742,0.7005455493927002,0.010913610458374023,"[""PO25CL-GEN-C03-P21-A03"", ""PO25CL-GEN-C03-P10-U01"", ""PO25CL-GEN-C03-P21-A01"", ""PO25CL-GEN-C03-P22-U01"", ""PO25CL-GEN-C03-P15-A02"", ""PO25CL-GEN-C01-P01-A02"", ""PO25CL-GEN-C03-P15-A01"", ""PO25CL-GEN-C01-P04-A02"", ""PO25CL-GEN-C03-P21-A02"", ""PO25CL-PLAN-S02-PBB""]","[0.7114591598510742, 0.7005455493927002, 0.6605782508850098, 0.6549911499023438, 0.6452561616897583, 0.6398344039916992, 0.6382354497909546, 0.6373001337051392, 0.6220961809158325, 0.6101220846176147]",[2],2.0,2.0,2.0,0.5,0.7005455493927002,0.7005455493927002,0.7114591598510742,-0.010913610458374023,-0.010913610458374023,0.0,0.0,0.0,1.0,1.0,1.0,1.0,1.0,1.0,1.0,1.0,1.0,1.0,1.0,1.0
Q0123,"Wo ist festgelegt, welche Modulprüfungen zur Bachelorprüfung gehören?",fully_answerable,1,"[""PO25CL-GEN-C03-P10-U01""]",0.8010538220405579,0.7449553608894348,0.05609846115112305,"[""PO25CL-GEN-C03-P10-U01"", ""PO25CL-GEN-C03-P21-A03"", ""PO25CL-GEN-C03-P12-A01"", ""PO25CL-GEN-C03-P15-A02"", ""PO25CL-GEN-C03-P19-A01"", ""PO25CL-GEN-C01-P01-A02"", ""PO25CL-GEN-C03-P21-A02"", ""PO25CL-GEN-C03-P21-A01"", ""PO25CL-GEN-C04-P28-A07"", ""PO25CL-GEN-C04-P28-A04""]","[0.8010538220405579, 0.7449553608894348, 0.7326091527938843, 0.7275214195251465, 0.695264458656311, 0.6865052580833435, 0.6847268342971802, 0.6804962158203125, 0.6688488721847534, 0.6628307104110718]",[1],1.0,1.0,1.0,1.0,0.8010538220405579,0.8010538220405579,0.7449553608894348,0.05609846115112305,0.05609846115112305,1.0,1.0,1.0,1.0,1.0,1.0,1.0,1.0,1.0,1.0,1.0,1.0,1.0,1.0,1.0
Q0124,Auf welche Ziele beziehen sich Modulprüfungen?,fully_answerable,1,"[""PO25CL-GEN-C03-P11-A01""]",0.7710573673248291,0.7476260662078857,0.02343130111694336,"[""PO25CL-GEN-C03-P11-A01"", ""PO25CL-GEN-C03-P11-A05"", ""PO25CL-GEN-C03-P11-A07"", ""PO25CL-GEN-C03-P14-A08"", ""PO25CL-GEN-C03-P11-A03"", ""PO25CL-GEN-C03-P11-A06"", ""PO25CL-GEN-C03-P11-A04"", ""PO25CL-GEN-C03-P14-A02"", ""PO25CL-GEN-C03-P14-A09"", ""PO25CL-GEN-C03-P14-A01""]","[0.7710573673248291, 0.7476260662078857, 0.7132383584976196, 0.7067711353302002, 0.7043747901916504, 0.6820688247680664, 0.6818563342094421, 0.6795556545257568, 0.6715352535247803, 0.6585326194763184]",[1],1.0,1.0,1.0,1.0,0.7710573673248291,0.7710573673248291,0.7476260662078857,0.02343130111694336,0.02343130111694336,1.0,1.0,1.0,1.0,1.0,1.0,1.0,1.0,1.0,1.0,1.0,1.0,1.0,1.0,1.0
Q0125,Auf wie viele Lehrveranstaltungen können Modulprüfungen exemplarisch Bezug nehmen?,fully_answerable,1,"[""PO25CL-GEN-C03-P11-A01""]",0.7471997737884521,0.7150247097015381,0.03217506408691406,"[""PO25CL-GEN-C01-P03-A03"", ""PO25CL-GEN-C02-P07-A01"", ""PO25CL-GEN-C03-P11-A01"", ""PO25CL-GEN-C03-P11-A02"", ""PO25CL-GEN-C03-P19-A01"", ""PO25CL-GEN-C04-P28-A01"", ""PO25CL-GEN-C04-P28-A03"", ""PO25CL-GEN-C04-P28-A02"", ""PO25CL-GEN-C03-P12-A02"", ""PO25CL-GEN-C03-P11-A04""]","[0.7471997737884521, 0.7150247097015381, 0.7132775783538818, 0.7030686140060425, 0.7003903388977051, 0.6865276098251343, 0.6835052371025085, 0.6815966367721558, 0.6806647777557373, 0.6742253303527832]",[3],3.0,3.0,3.0,0.3333333333333333,0.7132775783538818,0.7132775783538818,0.7471997737884521,-0.03392219543457031,-0.03392219543457031,0.0,0.0,0.0,0.0,0.0,0.0,1.0,1.0,1.0,1.0,1.0,1.0,1.0,1.0,1.0
Q0126,Auf wie viele Themenschwerpunkte können Modulprüfungen exemplarisch Bezug nehmen?,fully_answerable,1,"[""PO25CL-GEN-C03-P11-A01""]",0.7988076210021973,0.7577164769172668,0.04109114408493042,"[""PO25CL-GEN-C03-P11-A01"", ""PO25CL-GEN-C03-P11-A05"", ""PO25CL-GEN-C03-P14-A08"", ""PO25CL-GEN-C03-P14-A01"", ""PO25CL-GEN-C03-P11-A06"", ""PO25CL-GEN-C03-P11-A03"", ""PO25CL-GEN-C03-P14-A02"", ""PO25CL-GEN-C03-P18-A02"", ""PO25CL-GEN-C03-P11-A04"", ""PO25CL-GEN-C03-P14-A09""]","[0.7988076210021973, 0.7577164769172668, 0.7419791221618652, 0.7328400611877441, 0.7317452430725098, 0.7189492583274841, 0.718658447265625, 0.7139859199523926, 0.6939944624900818, 0.6916590929031372]",[1],1.0,1.0,1.0,1.0,0.7988076210021973,0.7988076210021973,0.7577164769172668,0.04109114408493042,0.04109114408493042,1.0,1.0,1.0,1.0,1.0,1.0,1.0,1.0,1.0,1.0,1.0,1.0,1.0,1.0,1.0
Q0127,Ist eine nachträgliche Umbuchung einer Modulprüfung möglich?,fully_answerable,1,"[""PO25CL-GEN-C03-P11-A01""]",0.7316708564758301,0.6978144645690918,0.03385639190673828,"[""PO25CL-GEN-C03-P11-A01"", ""PO25CL-GEN-C03-P11-A05"", ""PO25CL-GEN-C03-P14-A02"", ""PO25CL-GEN-C03-P11-A03"", ""PO25CL-GEN-C03-P11-A06"", ""PO25CL-GEN-C03-P19-A05"", ""PO25CL-GEN-C03-P18-A04"", ""PO25CL-GEN-C03-P11-A04"", ""PO25CL-GEN-C03-P18-A02"", ""PO25CL-GEN-C03-P11-A07""]","[0.7316708564758301, 0.6978144645690918, 0.696967601776123, 0.696318507194519, 0.6744309663772583, 0.6609235405921936, 0.6410391330718994, 0.6399564743041992, 0.6380045413970947, 0.627668023109436]",[1],1.0,1.0,1.0,1.0,0.7316708564758301,0.7316708564758301,0.6978144645690918,0.03385639190673828,0.03385639190673828,1.0,1.0,1.0,1.0,1.0,1.0,1.0,1.0,1.0,1.0,1.0,1.0,1.0,1.0,1.0
Q0128,Bleibt die Zuordnung einer Modulprüfung bei Nichtbestehen verbindlich?,fully_answerable,1,"[""PO25CL-GEN-C03-P11-A01""]",0.7585660219192505,0.7450904846191406,0.013475537300109863,"[""PO25CL-GEN-C03-P12-A05"", ""PO25CL-GEN-C03-P11-A01"", ""PO25CL-GEN-C03-P11-A04"", ""PO25CL-GEN-C02-P07-A03"", ""PO25CL-GEN-C03-P20-A02"", ""PO25CL-GEN-C03-P14-A02"", ""PO25CL-GEN-C03-P11-A03"", ""PO25CL-GEN-C03-P19-A04"", ""PO25CL-GEN-C03-P11-A07"", ""PO25CL-GEN-C04-P25-A05""]","[0.7585660219192505, 0.7450904846191406, 0.7027735710144043, 0.6829590797424316, 0.6746926307678223, 0.6722167730331421, 0.6718289256095886, 0.6715907454490662, 0.6695683002471924, 0.6680189967155457]",[2],2.0,2.0,2.0,0.5,0.7450904846191406,0.7450904846191406,0.7585660219192505,-0.013475537300109863,-0.013475537300109863,0.0,0.0,0.0,1.0,1.0,1.0,1.0,1.0,1.0,1.0,1.0,1.0,1.0,1.0,1.0
Q0129,Welche Wahl haben Studierende bei einer lehrveranstaltungsbezogenen Modulprüfung?,fully_answerable,1,"[""PO25CL-GEN-C03-P11-A02""]",0.7256715297698975,0.711292028427124,0.014379501342773438,"[""PO25CL-GEN-C02-P06-U01"", ""PO25CL-GEN-C03-P11-A02"", ""PO25CL-GEN-C02-P07-A03"", ""PO25CL-GEN-C04-P28-A06"", ""PO25CL-GEN-C02-P07-A01"", ""PO25CL-GEN-C02-P08-U01"", ""PO25CL-GEN-C04-P28-A02"", ""PO25CL-GEN-C03-P11-A04"", ""PO25CL-GEN-C04-P31-A01"", ""PO25CL-GEN-C03-P12-A01""]","[0.7256715297698975, 0.711292028427124, 0.7023887038230896, 0.6998664140701294, 0.6992772817611694, 0.6840687990188599, 0.6833004951477051, 0.6638042330741882, 0.6612457633018494, 0.6482910513877869]",[2],2.0,2.0,2.0,0.5,0.711292028427124,0.711292028427124,0.7256715297698975,-0.014379501342773438,-0.014379501342773438,0.0,0.0,0.0,1.0,1.0,1.0,1.0,1.0,1.0,1.0,1.0,1.0,1.0,1.0,1.0
Q0130,Wie viele Modulprüfungen sind einem Modul grundsätzlich zugeordnet?,fully_answerable,1,"[""PO25CL-GEN-C03-P11-A03""]",0.8005130290985107,0.7353596091270447,0.06515341997146606,"[""PO25CL-GEN-C03-P11-A03"", ""PO25CL-GEN-C03-P11-A01"", ""PO25CL-GEN-C03-P18-A04"", ""PO25CL-GEN-C03-P11-A05"", ""PO25CL-GEN-C01-P03-A03"", ""PO25CL-GEN-C03-P11-A06"", ""PO25CL-APP-R07-M01"", ""PO25CL-GEN-C03-P11-A07"", ""PO25CL-APP-R07-M03"", ""PO25CL-APP-R07-M10""]","[0.8005130290985107, 0.7353596091270447, 0.6962693929672241, 0.6277965307235718, 0.62291419506073, 0.6134819984436035, 0.6019550561904907, 0.598592221736908, 0.5970925092697144, 0.5894725918769836]",[1],1.0,1.0,1.0,1.0,0.8005130290985107,0.8005130290985107,0.7353596091270447,0.06515341997146606,0.06515341997146606,1.0,1.0,1.0,1.0,1.0,1.0,1.0,1.0,1.0,1.0,1.0,1.0,1.0,1.0,1.0
Q0131,Können einem Modul in begründeten Ausnahmefällen mehrere Modulprüfungen zugeordnet werden?,fully_answerable,1,"[""PO25CL-GEN-C03-P11-A03""]",0.879122257232666,0.8373309373855591,0.041791319847106934,"[""PO25CL-GEN-C03-P11-A03"", ""PO25CL-GEN-C03-P11-A01"", ""PO25CL-GEN-C03-P18-A04"", ""PO25CL-GEN-C03-P11-A04"", ""PO25CL-GEN-C03-P11-A05"", ""PO25CL-GEN-C03-P19-A05"", ""PO25CL-GEN-C03-P12-A05"", ""PO25CL-GEN-C03-P11-A06"", ""PO25CL-GEN-C03-P11-A02"", ""PO25CL-GEN-C02-P07-A03""]","[0.879122257232666, 0.8373309373855591, 0.6982254981994629, 0.6624187231063843, 0.634687066078186, 0.6323145627975464, 0.6312506794929504, 0.6134589910507202, 0.610645055770874, 0.6027464270591736]",[1],1.0,1.0,1.0,1.0,0.879122257232666,0.879122257232666,0.8373309373855591,0.041791319847106934,0.041791319847106934,1.0,1.0,1.0,1.0,1.0,1.0,1.0,1.0,1.0,1.0,1.0,1.0,1.0,1.0,1.0
Q0132,Ist für jede Modulprüfung eine gesonderte Meldung erforderlich?,fully_answerable,1,"[""PO25CL-GEN-C03-P11-A04""]",0.7620534896850586,0.6919469833374023,0.07010650634765625,"[""PO25CL-GEN-C03-P11-A04"", ""PO25CL-GEN-C03-P11-A01"", ""PO25CL-GEN-C03-P14-A01"", ""PO25CL-GEN-C03-P18-A02"", ""PO25CL-GEN-C03-P19-A05"", ""PO25CL-GEN-C03-P14-A02"", ""PO25CL-GEN-C03-P11-A03"", ""PO25CL-GEN-C03-P11-A05"", ""PO25CL-GEN-C03-P11-A07"", ""PO25CL-GEN-C04-P25-A05""]","[0.7620534896850586, 0.6919469833374023, 0.685604989528656, 0.6637011766433716, 0.6636302471160889, 0.6598803997039795, 0.6594316959381104, 0.6406363844871521, 0.6404284834861755, 0.6380012035369873]",[1],1.0,1.0,1.0,1.0,0.7620534896850586,0.7620534896850586,0.6919469833374023,0.07010650634765625,0.07010650634765625,1.0,1.0,1.0,1.0,1.0,1.0,1.0,1.0,1.0,1.0,1.0,1.0,1.0,1.0,1.0
Q0133,Nach welchem Paragraphen richten sich die Zulassungsvoraussetzungen für Modulprüfungen?,fully_answerable,1,"[""PO25CL-GEN-C03-P11-A04""]",0.8069340586662292,0.7720312476158142,0.03490281105041504,"[""PO25CL-GEN-C03-P11-A01"", ""PO25CL-GEN-C03-P11-A06"", ""PO25CL-GEN-C03-P11-A05"", ""PO25CL-GEN-C03-P14-A01"", ""PO25CL-GEN-C03-P11-A07"", ""PO25CL-GEN-C03-P11-A04"", ""PO25CL-GEN-C03-P14-A02"", ""PO25CL-GEN-C03-P11-A03"", ""PO25CL-GEN-C03-P12-A01"", ""PO25CL-GEN-C03-P14-A08""]","[0.8069340586662292, 0.7720312476158142, 0.7649422883987427, 0.7644704580307007, 0.7611384391784668, 0.759650707244873, 0.7539064288139343, 0.7487350702285767, 0.7413675785064697, 0.725779116153717]",[6],6.0,6.0,6.0,0.16666666666666666,0.759650707244873,0.759650707244873,0.8069340586662292,-0.0472833514213562,-0.0472833514213562,0.0,0.0,0.0,0.0,0.0,0.0,0.0,0.0,0.0,0.0,0.0,0.0,1.0,1.0,1.0
Q0134,Wo werden die Meldetermine für Modulprüfungen elektronisch bekannt gegeben?,fully_answerable,1,"[""PO25CL-GEN-C03-P11-A04""]",0.6485940217971802,0.642289400100708,0.006304621696472168,"[""PO25CL-GEN-C03-P11-A05"", ""PO25CL-GEN-C03-P14-A02"", ""PO25CL-GEN-C03-P11-A04"", ""PO25CL-GEN-C03-P12-A03"", ""PO25CL-GEN-C03-P17-A04"", ""PO25CL-GEN-C03-P15-A03"", ""PO25CL-GEN-C04-P31-A02"", ""PO25CL-APP-R08"", ""PO25CL-GEN-C03-P14-A01"", ""PO25CL-APP-R07-M17""]","[0.6485940217971802, 0.642289400100708, 0.6387312412261963, 0.6269117593765259, 0.5673533082008362, 0.549491286277771, 0.5418272614479065, 0.51900315284729, 0.5189467668533325, 0.5159519910812378]",[3],3.0,3.0,3.0,0.3333333333333333,0.6387312412261963,0.6387312412261963,0.6485940217971802,-0.009862780570983887,-0.009862780570983887,0.0,0.0,0.0,0.0,0.0,0.0,1.0,1.0,1.0,1.0,1.0,1.0,1.0,1.0,1.0
Q0135,Wo werden die Meldetermine zusätzlich zur elektronischen Bekanntgabe mitgeteilt?,fully_answerable,1,"[""PO25CL-GEN-C03-P11-A04""]",0.4047089219093323,0.4011871814727783,0.003521740436553955,"[""PO25CL-GEN-C02-P07-A02"", ""PO25CL-GEN-C03-P17-A04"", ""PO25CL-GEN-C03-P16-A01"", ""PO25CL-APP-R12"", ""PO25CL-GEN-C03-P12-A03"", ""PO25CL-APP-R03"", ""PO25CL-GEN-C03-P15-A03"", ""PO25CL-GEN-C03-P11-A04"", ""PO25CL-APP-R07-M17"", ""PO25CL-GEN-C03-P14-A02""]","[0.4047089219093323, 0.4011871814727783, 0.38781625032424927, 0.37072211503982544, 0.3683844208717346, 0.3645575940608978, 0.36315447092056274, 0.35872602462768555, 0.35476160049438477, 0.3545072674751282]",[8],8.0,8.0,8.0,0.125,0.35872602462768555,0.35872602462768555,0.4047089219093323,-0.04598289728164673,-0.04598289728164673,0.0,0.0,0.0,0.0,0.0,0.0,0.0,0.0,0.0,0.0,0.0,0.0,1.0,1.0,1.0
Q0136,In welchem Paragraphen ist die Abmeldung von Prüfungen geregelt?,fully_answerable,1,"[""PO25CL-GEN-C03-P11-A04""]",0.759722113609314,0.7461843490600586,0.013537764549255371,"[""PO25CL-GEN-C03-P14-A01"", ""PO25CL-GEN-C03-P14-A02"", ""PO25CL-GEN-C03-P19-A02"", ""PO25CL-GEN-C03-P19-A08"", ""PO25CL-GEN-C04-P28-A06"", ""PO25CL-GEN-C03-P18-A02"", ""PO25CL-GEN-C03-P11-A05"", ""PO25CL-GEN-C03-P11-A06"", ""PO25CL-GEN-C03-P11-A04"", ""PO25CL-GEN-C03-P18-A08""]","[0.759722113609314, 0.7461843490600586, 0.7380396127700806, 0.7303149700164795, 0.7254428267478943, 0.7182353138923645, 0.7174094915390015, 0.7133263349533081, 0.7026517391204834, 0.7003734111785889]",[9],9.0,9.0,9.0,0.1111111111111111,0.7026517391204834,0.7026517391204834,0.759722113609314,-0.057070374488830566,-0.057070374488830566,0.0,0.0,0.0,0.0,0.0,0.0,0.0,0.0,0.0,0.0,0.0,0.0,1.0,1.0,1.0
Q0137,Kann eine Modulprüfung als Klausur erfolgen?,fully_answerable,1,"[""PO25CL-GEN-C03-P11-A05""]",0.7724339365959167,0.7694094181060791,0.0030245184898376465,"[""PO25CL-GEN-C03-P11-A06"", ""PO25CL-GEN-C03-P11-A05"", ""PO25CL-GEN-C03-P11-A01"", ""PO25CL-GEN-C03-P14-A02"", ""PO25CL-GEN-C03-P11-A07"", ""PO25CL-GEN-C03-P11-A04"", ""PO25CL-GEN-C03-P13-A01"", ""PO25CL-GEN-C03-P11-A03"", ""PO25CL-GEN-C04-P25-A05"", ""PO25CL-GEN-C03-P12-A04""]","[0.7724339365959167, 0.7694094181060791, 0.7594684958457947, 0.7419161796569824, 0.7269523739814758, 0.7230867147445679, 0.7021613121032715, 0.6992847323417664, 0.6968393325805664, 0.6958231925964355]",[2],2.0,2.0,2.0,0.5,0.7694094181060791,0.7694094181060791,0.7724339365959167,-0.0030245184898376465,-0.0030245184898376465,0.0,0.0,0.0,1.0,1.0,1.0,1.0,1.0,1.0,1.0,1.0,1.0,1.0,1.0,1.0
Q0138,Kann eine Modulprüfung in elektronischer Klausurform erfolgen?,fully_answerable,1,"[""PO25CL-GEN-C03-P11-A05""]",0.7467340230941772,0.736844003200531,0.00989001989364624,"[""PO25CL-GEN-C03-P11-A05"", ""PO25CL-GEN-C03-P14-A02"", ""PO25CL-GEN-C03-P11-A04"", ""PO25CL-GEN-C03-P12-A03"", ""PO25CL-GEN-C03-P11-A06"", ""PO25CL-GEN-C03-P11-A01"", ""PO25CL-GEN-C03-P11-A03"", ""PO25CL-APP-R09"", ""PO25CL-GEN-C03-P14-A01"", ""PO25CL-APP-R08""]","[0.7467340230941772, 0.736844003200531, 0.669026255607605, 0.6537264585494995, 0.6201754212379456, 0.6121716499328613, 0.6024510264396667, 0.5820261836051941, 0.5667932033538818, 0.5662378072738647]",[1],1.0,1.0,1.0,1.0,0.7467340230941772,0.7467340230941772,0.736844003200531,0.00989001989364624,0.00989001989364624,1.0,1.0,1.0,1.0,1.0,1.0,1.0,1.0,1.0,1.0,1.0,1.0,1.0,1.0,1.0
Q0139,Kann eine Modulprüfung als mündliche Prüfung erfolgen?,fully_answerable,1,"[""PO25CL-GEN-C03-P11-A05""]",0.7902789115905762,0.7836984395980835,0.006580471992492676,"[""PO25CL-GEN-C03-P11-A06"", ""PO25CL-GEN-C03-P11-A05"", ""PO25CL-APP-R09"", ""PO25CL-GEN-C03-P13-A01"", ""PO25CL-GEN-C03-P14-A02"", ""PO25CL-GEN-C03-P14-A01"", ""PO25CL-GEN-C03-P11-A01"", ""PO25CL-GEN-C04-P25-A05"", ""PO25CL-GEN-C03-P20-A01"", ""PO25CL-GEN-C03-P18-A02""]","[0.7902789115905762, 0.7836984395980835, 0.7563339471817017, 0.7181463837623596, 0.6918410062789917, 0.681866466999054, 0.6705382466316223, 0.6557713150978088, 0.6445891261100769, 0.6443166136741638]",[2],2.0,2.0,2.0,0.5,0.7836984395980835,0.7836984395980835,0.7902789115905762,-0.006580471992492676,-0.006580471992492676,0.0,0.0,0.0,1.0,1.0,1.0,1.0,1.0,1.0,1.0,1.0,1.0,1.0,1.0,1.0
Q0140,Kann eine Modulprüfung als Studienarbeit erfolgen?,fully_answerable,1,"[""PO25CL-GEN-C03-P11-A05""]",0.7760663032531738,0.7623341083526611,0.013732194900512695,"[""PO25CL-GEN-C03-P11-A06"", ""PO25CL-GEN-C03-P11-A05"", ""PO25CL-GEN-C03-P11-A01"", ""PO25CL-GEN-C03-P14-A08"", ""PO25CL-GEN-C03-P15-A06"", ""PO25CL-GEN-C03-P12-A01"", ""PO25CL-GEN-C04-P28-A07"", ""PO25CL-GEN-C04-P28-A06"", ""PO25CL-GEN-C03-P11-A04"", ""PO25CL-GEN-C03-P14-A02""]","[0.7760663032531738, 0.7623341083526611, 0.733280599117279, 0.7006278038024902, 0.6997411251068115, 0.6994541883468628, 0.698519766330719, 0.6879111528396606, 0.6870430111885071, 0.6854829788208008]",[2],2.0,2.0,2.0,0.5,0.7623341083526611,0.7623341083526611,0.7760663032531738,-0.013732194900512695,-0.013732194900512695,0.0,0.0,0.0,1.0,1.0,1.0,1.0,1.0,1.0,1.0,1.0,1.0,1.0,1.0,1.0
Q0141,Kann eine Modulprüfung als Hausarbeit erfolgen?,fully_answerable,1,"[""PO25CL-GEN-C03-P11-A05""]",0.7649177312850952,0.7032047510147095,0.06171298027038574,"[""PO25CL-GEN-C03-P11-A06"", ""PO25CL-GEN-C03-P11-A05"", ""PO25CL-GEN-C03-P14-A08"", ""PO25CL-GEN-C03-P14-A05"", ""PO25CL-GEN-C03-P14-A09"", ""PO25CL-GEN-C03-P13-A01"", ""PO25CL-GEN-C03-P14-A01"", ""PO25CL-GEN-C03-P14-A02"", ""PO25CL-GEN-C03-P11-A01"", ""PO25CL-GEN-C04-P25-A05""]","[0.7649177312850952, 0.7032047510147095, 0.669695258140564, 0.6696285009384155, 0.6351049542427063, 0.6151429414749146, 0.6092125177383423, 0.6012052893638611, 0.5944015979766846, 0.5845096111297607]",[2],2.0,2.0,2.0,0.5,0.7032047510147095,0.7032047510147095,0.7649177312850952,-0.06171298027038574,-0.06171298027038574,0.0,0.0,0.0,1.0,1.0,1.0,1.0,1.0,1.0,1.0,1.0,1.0,1.0,1.0,1.0
Q0142,Kann eine Modulprüfung als Portfolio erfolgen?,fully_answerable,1,"[""PO25CL-GEN-C03-P11-A05""]",0.7470812797546387,0.6065480709075928,0.1405332088470459,"[""PO25CL-GEN-C03-P14-A07"", ""PO25CL-GEN-C03-P11-A01"", ""PO25CL-GEN-C03-P11-A05"", ""PO25CL-GEN-C03-P11-A07"", ""PO25CL-GEN-C03-P11-A03"", ""PO25CL-GEN-C03-P14-A09"", ""PO25CL-GEN-C03-P11-A06"", ""PO25CL-GEN-C03-P12-A04"", ""PO25CL-GEN-C03-P14-A02"", ""PO25CL-GEN-C03-P18-A02""]","[0.7470812797546387, 0.6065480709075928, 0.5832580327987671, 0.5821715593338013, 0.5692950487136841, 0.5574609041213989, 0.5514503717422485, 0.5505074262619019, 0.539870023727417, 0.5234684348106384]",[3],3.0,3.0,3.0,0.3333333333333333,0.5832580327987671,0.5832580327987671,0.7470812797546387,-0.16382324695587158,-0.16382324695587158,0.0,0.0,0.0,0.0,0.0,0.0,1.0,1.0,1.0,1.0,1.0,1.0,1.0,1.0,1.0
Q0143,Kann eine Modulprüfung als Projektarbeit erfolgen?,fully_answerable,1,"[""PO25CL-GEN-C03-P11-A05""]",0.750922679901123,0.7469820976257324,0.003940582275390625,"[""PO25CL-GEN-C03-P11-A05"", ""PO25CL-GEN-C03-P14-A08"", ""PO25CL-GEN-C03-P14-A09"", ""PO25CL-GEN-C03-P11-A01"", ""PO25CL-GEN-C03-P11-A06"", ""PO25CL-GEN-C03-P14-A06"", ""PO25CL-GEN-C03-P14-A01"", ""PO25CL-GEN-C03-P11-A07"", ""PO25CL-GEN-C03-P14-A02"", ""PO25CL-GEN-C03-P11-A03""]","[0.750922679901123, 0.7469820976257324, 0.7195359468460083, 0.6910088062286377, 0.6852487325668335, 0.660008430480957, 0.6471353769302368, 0.6405229568481445, 0.6270856261253357, 0.6080948114395142]",[1],1.0,1.0,1.0,1.0,0.750922679901123,0.750922679901123,0.7469820976257324,0.003940582275390625,0.003940582275390625,1.0,1.0,1.0,1.0,1.0,1.0,1.0,1.0,1.0,1.0,1.0,1.0,1.0,1.0,1.0
Q0144,Wie viele Modulabschlussprüfungen müssen mindestens als Hausarbeit oder Studienarbeit abgelegt werden?,fully_answerable,1,"[""PO25CL-GEN-C03-P11-A06""]",0.7657314538955688,0.6925533413887024,0.07317811250686646,"[""PO25CL-GEN-C03-P11-A06"", ""PO25CL-GEN-C03-P14-A05"", ""PO25CL-GEN-C03-P19-A01"", ""PO25CL-GEN-C03-P11-A05"", ""PO25CL-GEN-C03-P14-A08"", ""PO25CL-GEN-C04-P28-A09"", ""PO25CL-GEN-C03-P14-A06"", ""PO25CL-GEN-C03-P11-A01"", ""PO25CL-GEN-C03-P13-A01"", ""PO25CL-GEN-C03-P18-A06""]","[0.7657314538955688, 0.6925533413887024, 0.6848478317260742, 0.6804678440093994, 0.670911431312561, 0.6663782000541687, 0.6656607389450073, 0.6592553853988647, 0.6588032841682434, 0.6576910018920898]",[1],1.0,1.0,1.0,1.0,0.7657314538955688,0.7657314538955688,0.6925533413887024,0.07317811250686646,0.07317811250686646,1.0,1.0,1.0,1.0,1.0,1.0,1.0,1.0,1.0,1.0,1.0,1.0,1.0,1.0,1.0
Q0145,Wie viele Modulabschlussprüfungen müssen mindestens als mündliche Prüfung abgelegt werden?,fully_answerable,1,"[""PO25CL-GEN-C03-P11-A06""]",0.7841641902923584,0.7528597116470337,0.03130447864532471,"[""PO25CL-GEN-C03-P11-A06"", ""PO25CL-GEN-C03-P13-A01"", ""PO25CL-GEN-C03-P11-A05"", ""PO25CL-GEN-C03-P14-A04"", ""PO25CL-GEN-C03-P14-A06"", ""PO25CL-GEN-C03-P14-A01"", ""PO25CL-GEN-C03-P11-A01"", ""PO25CL-GEN-C03-P14-A02"", ""PO25CL-GEN-C03-P13-A02"", ""PO25CL-GEN-C03-P11-A04""]","[0.7841641902923584, 0.7528597116470337, 0.7253947257995605, 0.6902048587799072, 0.6791042685508728, 0.6757760643959045, 0.6721463799476624, 0.6693124771118164, 0.6643518209457397, 0.6614516973495483]",[1],1.0,1.0,1.0,1.0,0.7841641902923584,0.7841641902923584,0.7528597116470337,0.03130447864532471,0.03130447864532471,1.0,1.0,1.0,1.0,1.0,1.0,1.0,1.0,1.0,1.0,1.0,1.0,1.0,1.0,1.0
Q0146,Innerhalb welcher Frist muss die Bewertung einer Prüfung bekannt gegeben werden?,fully_answerable,1,"[""PO25CL-GEN-C03-P11-A09""]",0.7594565153121948,0.7585921883583069,0.0008643269538879395,"[""PO25CL-GEN-C04-P26-U01"", ""PO25CL-GEN-C03-P11-A09"", ""PO25CL-GEN-C03-P13-A01"", ""PO25CL-GEN-C03-P11-A07"", ""PO25CL-GEN-C03-P11-A06"", ""PO25CL-GEN-C03-P13-A02"", ""PO25CL-GEN-C03-P17-A01"", ""PO25CL-GEN-C03-P18-A02"", ""PO25CL-GEN-C03-P19-A07"", ""PO25CL-GEN-C03-P11-A04""]","[0.7594565153121948, 0.7585921883583069, 0.7560949921607971, 0.6959519386291504, 0.6876858472824097, 0.6839843392372131, 0.6817879676818848, 0.6760440468788147, 0.6745989322662354, 0.6683164834976196]",[2],2.0,2.0,2.0,0.5,0.7585921883583069,0.7585921883583069,0.7594565153121948,-0.0008643269538879395,-0.0008643269538879395,0.0,0.0,0.0,1.0,1.0,1.0,1.0,1.0,1.0,1.0,1.0,1.0,1.0,1.0,1.0
Q0147,In welcher Sprache werden Prüfungen in der Regel abgenommen?,fully_answerable,1,"[""PO25CL-GEN-C03-P11-A08""]",0.7912096977233887,0.6119998693466187,0.17920982837677002,"[""PO25CL-GEN-C03-P11-A08"", ""PO25CL-APP-R09"", ""PO25CL-APP-R11"", ""PO25CL-APP-R08"", ""PO25CL-APP-R04"", ""PO25CL-APP-R06"", ""PO25CL-GEN-C03-P19-A08"", ""PO25CL-GEN-C03-P11-A06"", ""PO25CL-GEN-C03-P15-A07"", ""PO25CL-GEN-C03-P11-A05""]","[0.7912096977233887, 0.6119998693466187, 0.6045417785644531, 0.5969427227973938, 0.5471848249435425, 0.5452994704246521, 0.5360399484634399, 0.5346370339393616, 0.5303412079811096, 0.5273429155349731]",[1],1.0,1.0,1.0,1.0,0.7912096977233887,0.7912096977233887,0.6119998693466187,0.17920982837677002,0.17920982837677002,1.0,1.0,1.0,1.0,1.0,1.0,1.0,1.0,1.0,1.0,1.0,1.0,1.0,1.0,1.0
Q0148,Unter welcher Voraussetzung kann eine Prüfung in einer anderen Sprache abgenommen werden?,fully_answerable,1,"[""PO25CL-GEN-C03-P11-A08""]",0.7938883304595947,0.6584017276763916,0.13548660278320312,"[""PO25CL-GEN-C03-P11-A08"", ""PO25CL-APP-R09"", ""PO25CL-APP-R08"", ""PO25CL-GEN-C03-P12-A01"", ""PO25CL-APP-R11"", ""PO25CL-GEN-C03-P11-A06"", ""PO25CL-GEN-C03-P15-A07"", ""PO25CL-GEN-C03-P11-A05"", ""PO25CL-GEN-C03-P12-A05"", ""PO25CL-GEN-C03-P20-A02""]","[0.7938883304595947, 0.6584017276763916, 0.6111860275268555, 0.6103613376617432, 0.5902023911476135, 0.5868971347808838, 0.5838406682014465, 0.5791171789169312, 0.5760879516601562, 0.5641821622848511]",[1],1.0,1.0,1.0,1.0,0.7938883304595947,0.7938883304595947,0.6584017276763916,0.13548660278320312,0.13548660278320312,1.0,1.0,1.0,1.0,1.0,1.0,1.0,1.0,1.0,1.0,1.0,1.0,1.0,1.0,1.0
Q0149,Welche Einschreibung ist grundsätzlich für die Zulassung zu einer Modulprüfung erforderlich?,fully_answerable,1,"[""PO25CL-GEN-C03-P12-A01""]",0.7576982378959656,0.7439963817596436,0.013701856136322021,"[""PO25CL-GEN-C03-P11-A07"", ""PO25CL-GEN-C03-P11-A01"", ""PO25CL-GEN-C03-P12-A04"", ""PO25CL-GEN-C03-P12-A01"", ""PO25CL-GEN-C03-P11-A04"", ""PO25CL-GEN-C03-P14-A02"", ""PO25CL-GEN-C03-P11-A05"", ""PO25CL-GEN-C03-P12-A05"", ""PO25CL-GEN-C03-P11-A06"", ""PO25CL-GEN-C03-P11-A03""]","[0.7576982378959656, 0.7439963817596436, 0.74070143699646, 0.7257649898529053, 0.725559651851654, 0.7192269563674927, 0.7183189392089844, 0.7177006006240845, 0.7133557796478271, 0.6859408617019653]",[4],4.0,4.0,4.0,0.25,0.7257649898529053,0.7257649898529053,0.7576982378959656,-0.0319332480430603,-0.0319332480430603,0.0,0.0,0.0,0.0,0.0,0.0,0.0,0.0,0.0,1.0,1.0,1.0,1.0,1.0,1.0
Q0150,Können zugelassene Zweithörerinnen und Zweithörer an Modulprüfungen teilnehmen?,fully_answerable,1,"[""PO25CL-GEN-C03-P12-A01""]",0.7375824451446533,0.7119343280792236,0.025648117065429688,"[""PO25CL-GEN-C03-P12-A01"", ""PO25CL-GEN-C03-P12-A05"", ""PO25CL-GEN-C03-P11-A01"", ""PO25CL-GEN-C03-P12-A02"", ""PO25CL-GEN-C04-P28-A07"", ""PO25CL-GEN-C02-P07-A03"", ""PO25CL-GEN-C03-P11-A04"", ""PO25CL-GEN-C04-P28-A06"", ""PO25CL-GEN-C04-P28-A09"", ""PO25CL-GEN-C03-P11-A07""]","[0.7375824451446533, 0.7119343280792236, 0.674583375453949, 0.6656317710876465, 0.6469799280166626, 0.6379787921905518, 0.6298236846923828, 0.6186347007751465, 0.6098634004592896, 0.6061620116233826]",[1],1.0,1.0,1.0,1.0,0.7375824451446533,0.7375824451446533,0.7119343280792236,0.025648117065429688,0.025648117065429688,1.0,1.0,1.0,1.0,1.0,1.0,1.0,1.0,1.0,1.0,1.0,1.0,1.0,1.0,1.0
Q0151,Müssen die fachbezogenen Voraussetzungen des fächerspezifischen Anhangs erfüllt sein?,fully_answerable,1,"[""PO25CL-GEN-C03-P12-A01""]",0.5497189164161682,0.5457907319068909,0.003928184509277344,"[""PO25CL-GEN-C03-P14-A02"", ""PO25CL-GEN-C02-P07-A03"", ""PO25CL-GEN-C03-P15-A06"", ""PO25CL-GEN-C04-P27-A01-02"", ""PO25CL-GEN-C04-P25-A05"", ""PO25CL-GEN-C03-P11-A01"", ""PO25CL-GEN-C04-P28-A03"", ""PO25CL-GEN-C03-P15-A08"", ""PO25CL-GEN-C04-P28-A06"", ""PO25CL-GEN-C03-P14-A09""]","[0.5497189164161682, 0.5457907319068909, 0.5440313816070557, 0.5410733222961426, 0.5401812195777893, 0.5372297167778015, 0.5336561799049377, 0.5204274654388428, 0.5201225876808167, 0.5167369246482849]",[18],18.0,18.0,18.0,0.05555555555555555,0.49646931886672974,0.49646931886672974,0.5497189164161682,-0.05324959754943848,-0.05324959754943848,0.0,0.0,0.0,0.0,0.0,0.0,0.0,0.0,0.0,0.0,0.0,0.0,0.0,0.0,0.0
Q0152,Welche ausländischen Studierenden sind von der Einschreibungsverpflichtung ausgenommen?,fully_answerable,1,"[""PO25CL-GEN-C03-P12-A01""]",0.6850134134292603,0.5877282619476318,0.09728515148162842,"[""PO25CL-GEN-C03-P12-A01"", ""PO25CL-GEN-C03-P12-A05"", ""PO25CL-GEN-C03-P20-A02"", ""PO25CL-GEN-C02-P07-A03"", ""PO25CL-APP-R12"", ""PO25CL-GEN-C03-P15-A07"", ""PO25CL-GEN-C04-P28-A05"", ""PO25CL-GEN-C04-P28-A03"", ""PO25CL-GEN-C03-P20-A03"", ""PO25CL-GEN-C03-P19-A01""]","[0.6850134134292603, 0.5877282619476318, 0.5387395620346069, 0.5368022918701172, 0.5257714986801147, 0.5169888734817505, 0.5079100728034973, 0.49433308839797974, 0.49263590574264526, 0.4924178123474121]",[1],1.0,1.0,1.0,1.0,0.6850134134292603,0.6850134134292603,0.5877282619476318,0.09728515148162842,0.09728515148162842,1.0,1.0,1.0,1.0,1.0,1.0,1.0,1.0,1.0,1.0,1.0,1.0,1.0,1.0,1.0
Q0153,Welche Zugangsprüfung ermöglicht beruflich Qualifizierten die Zulassung zu Modulprüfungen?,fully_answerable,1,"[""PO25CL-GEN-C03-P12-A02""]",0.6955682039260864,0.6631382703781128,0.03242993354797363,"[""PO25CL-GEN-C03-P12-A01"", ""PO25CL-GEN-C04-P28-A06"", ""PO25CL-GEN-C04-P28-A07"", ""PO25CL-GEN-C04-P28-A05"", ""PO25CL-GEN-C03-P12-A02"", ""PO25CL-GEN-C04-P25-A05"", ""PO25CL-GEN-C04-P28-A09"", ""PO25CL-GEN-C03-P12-A05"", ""PO25CL-GEN-C03-P14-A02"", ""PO25CL-GEN-C04-P28-A01""]","[0.6955682039260864, 0.6631382703781128, 0.6625673770904541, 0.6535426378250122, 0.6498280763626099, 0.6485000848770142, 0.6363707184791565, 0.6322267055511475, 0.622234582901001, 0.6150290369987488]",[5],5.0,5.0,5.0,0.2,0.6498280763626099,0.6498280763626099,0.6955682039260864,-0.04574012756347656,-0.04574012756347656,0.0,0.0,0.0,0.0,0.0,0.0,0.0,0.0,0.0,1.0,1.0,1.0,1.0,1.0,1.0
Q0154,Wie lange dauert die Klausurarbeit der Zugangsprüfung?,fully_answerable,1,"[""PO25CL-GEN-C03-P12-A02""]",0.7607545852661133,0.7146905660629272,0.046064019203186035,"[""PO25CL-GEN-C03-P13-A01"", ""PO25CL-GEN-C03-P14-A03"", ""PO25CL-GEN-C03-P14-A10"", ""PO25CL-GEN-C03-P13-A02"", ""PO25CL-GEN-C03-P11-A09"", ""PO25CL-GEN-C03-P12-A02"", ""PO25CL-GEN-C03-P15-A04"", ""PO25CL-GEN-C03-P17-A01"", ""PO25CL-GEN-C04-P25-A06"", ""PO25CL-GEN-C03-P19-A07""]","[0.7607545852661133, 0.7146905660629272, 0.6524720191955566, 0.6418912410736084, 0.6415905356407166, 0.6155318021774292, 0.6122657060623169, 0.6110191345214844, 0.5942386984825134, 0.5923288464546204]",[6],6.0,6.0,6.0,0.16666666666666666,0.6155318021774292,0.6155318021774292,0.7607545852661133,-0.14522278308868408,-0.14522278308868408,0.0,0.0,0.0,0.0,0.0,0.0,0.0,0.0,0.0,0.0,0.0,0.0,1.0,1.0,1.0
Q0155,Wie lange dauert der mündliche Teil der Zugangsprüfung mindestens?,fully_answerable,1,"[""PO25CL-GEN-C03-P12-A02""]",0.8187586069107056,0.7168355584144592,0.10192304849624634,"[""PO25CL-GEN-C03-P13-A01"", ""PO25CL-GEN-C03-P14-A03"", ""PO25CL-GEN-C03-P14-A10"", ""PO25CL-GEN-C03-P14-A04"", ""PO25CL-GEN-C03-P13-A02"", ""PO25CL-GEN-C03-P17-A01"", ""PO25CL-GEN-C03-P12-A02"", ""PO25CL-GEN-C03-P11-A09"", ""PO25CL-GEN-C03-P15-A04"", ""PO25CL-GEN-C03-P21-A02""]","[0.8187586069107056, 0.7168355584144592, 0.7131832838058472, 0.6928470134735107, 0.6679423451423645, 0.6466306447982788, 0.6414085626602173, 0.6414060592651367, 0.6252610087394714, 0.6211901903152466]",[7],7.0,7.0,7.0,0.14285714285714285,0.6414085626602173,0.6414085626602173,0.8187586069107056,-0.17735004425048828,-0.17735004425048828,0.0,0.0,0.0,0.0,0.0,0.0,0.0,0.0,0.0,0.0,0.0,0.0,1.0,1.0,1.0
Q0156,Wie lange dauert der mündliche Teil der Zugangsprüfung höchstens?,fully_answerable,1,"[""PO25CL-GEN-C03-P12-A02""]",0.7962197065353394,0.7053530216217041,0.09086668491363525,"[""PO25CL-GEN-C03-P13-A01"", ""PO25CL-GEN-C03-P14-A03"", ""PO25CL-GEN-C03-P14-A10"", ""PO25CL-GEN-C03-P14-A04"", ""PO25CL-GEN-C03-P13-A02"", ""PO25CL-GEN-C03-P12-A02"", ""PO25CL-GEN-C03-P17-A01"", ""PO25CL-GEN-C03-P11-A09"", ""PO25CL-GEN-C03-P19-A01"", ""PO25CL-GEN-C03-P14-A06""]","[0.7962197065353394, 0.7053530216217041, 0.70229172706604, 0.6899967193603516, 0.6431797742843628, 0.6372182965278625, 0.6320267915725708, 0.6241999864578247, 0.6163408160209656, 0.6148015260696411]",[6],6.0,6.0,6.0,0.16666666666666666,0.6372182965278625,0.6372182965278625,0.7962197065353394,-0.1590014100074768,-0.1590014100074768,0.0,0.0,0.0,0.0,0.0,0.0,0.0,0.0,0.0,0.0,0.0,0.0,1.0,1.0,1.0
Q0157,Welche Mindestbewertung muss jede Teilleistung der Zugangsprüfung erreichen?,fully_answerable,1,"[""PO25CL-GEN-C03-P12-A02""]",0.691666305065155,0.6801925897598267,0.01147371530532837,"[""PO25CL-GEN-C03-P14-A02"", ""PO25CL-GEN-C03-P18-A02"", ""PO25CL-GEN-C03-P18-A08"", ""PO25CL-GEN-C04-P25-A05"", ""PO25CL-GEN-C03-P11-A04"", ""PO25CL-GEN-C03-P18-A01"", ""PO25CL-GEN-C03-P13-A01"", ""PO25CL-GEN-C03-P19-A08"", ""PO25CL-GEN-C03-P11-A05"", ""PO25CL-GEN-C04-P28-A06""]","[0.691666305065155, 0.6801925897598267, 0.6628551483154297, 0.6406058669090271, 0.629246711730957, 0.6263730525970459, 0.6205143928527832, 0.613430380821228, 0.6117753386497498, 0.6116735935211182]",[45],45.0,45.0,45.0,0.022222222222222223,0.5251806378364563,0.5251806378364563,0.691666305065155,-0.16648566722869873,-0.16648566722869873,0.0,0.0,0.0,0.0,0.0,0.0,0.0,0.0,0.0,0.0,0.0,0.0,0.0,0.0,0.0
Q0158,Wie wird die Gesamtnote der Zugangsprüfung berechnet?,fully_answerable,1,"[""PO25CL-GEN-C03-P12-A02""]",0.6619001030921936,0.6361585855484009,0.025741517543792725,"[""PO25CL-GEN-C03-P18-A08"", ""PO25CL-GEN-C03-P14-A02"", ""PO25CL-GEN-C03-P18-A02"", ""PO25CL-GEN-C03-P18-A07"", ""PO25CL-GEN-C03-P13-A01"", ""PO25CL-GEN-C03-P19-A08"", ""PO25CL-GEN-C03-P11-A04"", ""PO25CL-GEN-C01-P02-A02"", ""PO25CL-GEN-C04-P31-A02"", ""PO25CL-GEN-C04-P28-A06""]","[0.6619001030921936, 0.6361585855484009, 0.6005744338035583, 0.5938433408737183, 0.5785638689994812, 0.5744338035583496, 0.5537503957748413, 0.5476725101470947, 0.5450730919837952, 0.5434578657150269]",[31],31.0,31.0,31.0,0.03225806451612903,0.48452305793762207,0.48452305793762207,0.6619001030921936,-0.17737704515457153,-0.17737704515457153,0.0,0.0,0.0,0.0,0.0,0.0,0.0,0.0,0.0,0.0,0.0,0.0,0.0,0.0,0.0
Q0159,Wie viele Semester dauert das Probestudium?,fully_answerable,1,"[""PO25CL-GEN-C03-P12-A02""]",0.7214200496673584,0.6844115853309631,0.037008464336395264,"[""PO25CL-GEN-C01-P03-A01"", ""PO25CL-GEN-C03-P11-A09"", ""PO25CL-GEN-C01-P03-A02"", ""PO25CL-GEN-C03-P14-A04"", ""PO25CL-GEN-C03-P19-A01"", ""PO25CL-GEN-C03-P21-A02"", ""PO25CL-GEN-C03-P21-A01"", ""PO25CL-GEN-C03-P13-A01"", ""PO25CL-GEN-C03-P14-A10"", ""PO25CL-GEN-C03-P13-A02""]","[0.7214200496673584, 0.6844115853309631, 0.6680430173873901, 0.6679421067237854, 0.6674535274505615, 0.6672123074531555, 0.6554523706436157, 0.6548843383789062, 0.6547049283981323, 0.6195143461227417]",[15],15.0,15.0,15.0,0.06666666666666667,0.6064652800559998,0.6064652800559998,0.7214200496673584,-0.11495476961135864,-0.11495476961135864,0.0,0.0,0.0,0.0,0.0,0.0,0.0,0.0,0.0,0.0,0.0,0.0,0.0,0.0,0.0
Q0160,An wen ist der Antrag zur Zugangsprüfung zu richten?,fully_answerable,1,"[""PO25CL-GEN-C03-P12-A02""]",0.6209386587142944,0.5908564329147339,0.030082225799560547,"[""PO25CL-GEN-C03-P12-A04"", ""PO25CL-GEN-C04-P25-A05"", ""PO25CL-GEN-C03-P14-A02"", ""PO25CL-GEN-C03-P15-A03"", ""PO25CL-GEN-C04-P25-A01"", ""PO25CL-GEN-C03-P19-A04"", ""PO25CL-GEN-C04-P25-A04"", ""PO25CL-GEN-C04-P24-A04"", ""PO25CL-GEN-C04-P27-A03"", ""PO25CL-GEN-C03-P11-A07""]","[0.6209386587142944, 0.5908564329147339, 0.5586860179901123, 0.5579798221588135, 0.5433750152587891, 0.543269157409668, 0.5404136180877686, 0.5283684730529785, 0.528130054473877, 0.5270968675613403]",[48],48.0,48.0,48.0,0.020833333333333332,0.41828635334968567,0.41828635334968567,0.6209386587142944,-0.20265230536460876,-0.20265230536460876,0.0,0.0,0.0,0.0,0.0,0.0,0.0,0.0,0.0,0.0,0.0,0.0,0.0,0.0,0.0
Q0161,Über welches System wird der Zulassungsantrag zu Modulprüfungen gestellt?,fully_answerable,1,"[""PO25CL-GEN-C03-P12-A03""]",0.7064658403396606,0.7045772075653076,0.0018886327743530273,"[""PO25CL-GEN-C03-P12-A04"", ""PO25CL-GEN-C03-P11-A04"", ""PO25CL-GEN-C03-P14-A02"", ""PO25CL-GEN-C03-P11-A01"", ""PO25CL-GEN-C03-P11-A07"", ""PO25CL-GEN-C03-P12-A03"", ""PO25CL-GEN-C03-P11-A03"", ""PO25CL-GEN-C03-P11-A05"", ""PO25CL-GEN-C03-P11-A06"", ""PO25CL-GEN-C03-P12-A01""]","[0.7064658403396606, 0.7045772075653076, 0.6922657489776611, 0.6908190250396729, 0.6745774745941162, 0.6736172437667847, 0.6718932390213013, 0.6680569648742676, 0.6284234523773193, 0.6197433471679688]",[6],6.0,6.0,6.0,0.16666666666666666,0.6736172437667847,0.6736172437667847,0.7064658403396606,-0.03284859657287598,-0.03284859657287598,0.0,0.0,0.0,0.0,0.0,0.0,0.0,0.0,0.0,0.0,0.0,0.0,1.0,1.0,1.0
Q0162,Wer entscheidet über die Zulassung zu einer Modulprüfung?,fully_answerable,1,"[""PO25CL-GEN-C03-P12-A04""]",0.7816290855407715,0.7327038049697876,0.04892528057098389,"[""PO25CL-GEN-C03-P12-A04"", ""PO25CL-GEN-C03-P11-A07"", ""PO25CL-GEN-C03-P12-A01"", ""PO25CL-GEN-C03-P11-A04"", ""PO25CL-GEN-C03-P12-A05"", ""PO25CL-GEN-C03-P14-A02"", ""PO25CL-GEN-C03-P11-A01"", ""PO25CL-GEN-C03-P16-A02"", ""PO25CL-GEN-C04-P25-A05"", ""PO25CL-GEN-C03-P20-A02""]","[0.7816290855407715, 0.7327038049697876, 0.6990545988082886, 0.6910348534584045, 0.6865299344062805, 0.6812359690666199, 0.6620187759399414, 0.6584221124649048, 0.6520299315452576, 0.646543025970459]",[1],1.0,1.0,1.0,1.0,0.7816290855407715,0.7816290855407715,0.7327038049697876,0.04892528057098389,0.04892528057098389,1.0,1.0,1.0,1.0,1.0,1.0,1.0,1.0,1.0,1.0,1.0,1.0,1.0,1.0,1.0
Q0163,Kann die Stellvertretung des Prüfungsausschussvorsitzes über die Zulassung entscheiden?,fully_answerable,1,"[""PO25CL-GEN-C03-P12-A04""]",0.7893819808959961,0.7599602937698364,0.029421687126159668,"[""PO25CL-GEN-C03-P12-A04"", ""PO25CL-GEN-C04-P24-A03"", ""PO25CL-GEN-C03-P17-A06"", ""PO25CL-GEN-C03-P19-A04"", ""PO25CL-GEN-C04-P24-A02"", ""PO25CL-GEN-C04-P24-A06"", ""PO25CL-GEN-C04-P24-A04"", ""PO25CL-GEN-C04-P24-A05"", ""PO25CL-GEN-C04-P24-A01"", ""PO25CL-GEN-C04-P26-U01""]","[0.7893819808959961, 0.7599602937698364, 0.7243024110794067, 0.7227044105529785, 0.7158123254776001, 0.7049066424369812, 0.6991572976112366, 0.6948779225349426, 0.6839789152145386, 0.6752286553382874]",[1],1.0,1.0,1.0,1.0,0.7893819808959961,0.7893819808959961,0.7599602937698364,0.029421687126159668,0.029421687126159668,1.0,1.0,1.0,1.0,1.0,1.0,1.0,1.0,1.0,1.0,1.0,1.0,1.0,1.0,1.0
Q0164,Darf die Zulassung bei fehlenden allgemeinen Voraussetzungen abgelehnt werden?,fully_answerable,1,"[""PO25CL-GEN-C03-P12-A05""]",0.730525016784668,0.6462922096252441,0.08423280715942383,"[""PO25CL-GEN-C03-P12-A05"", ""PO25CL-GEN-C03-P20-A02"", ""PO25CL-GEN-C04-P27-A01-02"", ""PO25CL-GEN-C03-P17-A02"", ""PO25CL-GEN-C02-P07-A03"", ""PO25CL-GEN-C03-P19-A09"", ""PO25CL-GEN-C03-P17-A05"", ""PO25CL-GEN-C03-P12-A01"", ""PO25CL-GEN-C03-P20-A01"", ""PO25CL-GEN-C04-P28-A07""]","[0.730525016784668, 0.6462922096252441, 0.6303297281265259, 0.5960725545883179, 0.5944994688034058, 0.5874450206756592, 0.582100510597229, 0.5736694931983948, 0.5620945692062378, 0.5457673072814941]",[1],1.0,1.0,1.0,1.0,0.730525016784668,0.730525016784668,0.6462922096252441,0.08423280715942383,0.08423280715942383,1.0,1.0,1.0,1.0,1.0,1.0,1.0,1.0,1.0,1.0,1.0,1.0,1.0,1.0,1.0
Q0165,Darf die Zulassung bei fehlenden fächerspezifischen Bedingungen abgelehnt werden?,fully_answerable,1,"[""PO25CL-GEN-C03-P12-A05""]",0.7265614867210388,0.6051062345504761,0.12145525217056274,"[""PO25CL-GEN-C03-P12-A05"", ""PO25CL-GEN-C03-P20-A02"", ""PO25CL-GEN-C04-P27-A01-02"", ""PO25CL-GEN-C03-P17-A02"", ""PO25CL-GEN-C02-P07-A03"", ""PO25CL-GEN-C03-P19-A09"", ""PO25CL-GEN-C03-P12-A01"", ""PO25CL-GEN-C03-P17-A05"", ""PO25CL-GEN-C04-P28-A07"", ""PO25CL-GEN-C03-P20-A01""]","[0.7265614867210388, 0.6051062345504761, 0.5981098413467407, 0.5735129117965698, 0.569655179977417, 0.5624999403953552, 0.5617351531982422, 0.5362334251403809, 0.5361424088478088, 0.5296640396118164]",[1],1.0,1.0,1.0,1.0,0.7265614867210388,0.7265614867210388,0.6051062345504761,0.12145525217056274,0.12145525217056274,1.0,1.0,1.0,1.0,1.0,1.0,1.0,1.0,1.0,1.0,1.0,1.0,1.0,1.0,1.0
Q0166,Darf die Zulassung nach endgültigem Nichtbestehen desselben Studiengangs abgelehnt werden?,fully_answerable,1,"[""PO25CL-GEN-C03-P12-A05""]",0.7339818477630615,0.707636833190918,0.026345014572143555,"[""PO25CL-GEN-C03-P12-A05"", ""PO25CL-GEN-C03-P19-A10"", ""PO25CL-GEN-C03-P20-A02"", ""PO25CL-GEN-C03-P19-A09"", ""PO25CL-GEN-C03-P12-A01"", ""PO25CL-GEN-C03-P23-U01"", ""PO25CL-GEN-C03-P20-A01"", ""PO25CL-GEN-C03-P20-A04"", ""PO25CL-GEN-C04-P28-A07"", ""PO25CL-GEN-C02-P07-A03""]","[0.7339818477630615, 0.707636833190918, 0.6761614680290222, 0.6750099062919617, 0.6744289994239807, 0.6474910974502563, 0.6401317119598389, 0.6398420333862305, 0.630946934223175, 0.6235936880111694]",[1],1.0,1.0,1.0,1.0,0.7339818477630615,0.7339818477630615,0.707636833190918,0.026345014572143555,0.026345014572143555,1.0,1.0,1.0,1.0,1.0,1.0,1.0,1.0,1.0,1.0,1.0,1.0,1.0,1.0,1.0
Q0167,Wie lange dauert eine mündliche Einzelprüfung mindestens?,fully_answerable,1,"[""PO25CL-GEN-C03-P13-A01""]",0.8278175592422485,0.7591015100479126,0.06871604919433594,"[""PO25CL-GEN-C03-P13-A01"", ""PO25CL-GEN-C03-P14-A10"", ""PO25CL-GEN-C03-P14-A04"", ""PO25CL-GEN-C03-P14-A03"", ""PO25CL-GEN-C03-P13-A02"", ""PO25CL-GEN-C01-P03-A01"", ""PO25CL-GEN-C03-P14-A06"", ""PO25CL-GEN-C03-P21-A02"", ""PO25CL-GEN-C03-P11-A09"", ""PO25CL-GEN-C03-P19-A07""]","[0.8278175592422485, 0.7591015100479126, 0.7353399991989136, 0.7080831527709961, 0.6891135573387146, 0.6728149652481079, 0.6692218780517578, 0.6652002930641174, 0.6611133813858032, 0.6441131234169006]",[1],1.0,1.0,1.0,1.0,0.8278175592422485,0.8278175592422485,0.7591015100479126,0.06871604919433594,0.06871604919433594,1.0,1.0,1.0,1.0,1.0,1.0,1.0,1.0,1.0,1.0,1.0,1.0,1.0,1.0,1.0
Q0168,Wie lange dauert eine mündliche Einzelprüfung höchstens?,fully_answerable,1,"[""PO25CL-GEN-C03-P13-A01""]",0.8194945454597473,0.7603216171264648,0.05917292833328247,"[""PO25CL-GEN-C03-P13-A01"", ""PO25CL-GEN-C03-P14-A10"", ""PO25CL-GEN-C03-P14-A04"", ""PO25CL-GEN-C03-P14-A03"", ""PO25CL-GEN-C03-P13-A02"", ""PO25CL-GEN-C01-P03-A01"", ""PO25CL-GEN-C03-P14-A06"", ""PO25CL-GEN-C03-P21-A02"", ""PO25CL-GEN-C03-P11-A09"", ""PO25CL-GEN-C03-P19-A07""]","[0.8194945454597473, 0.7603216171264648, 0.739688515663147, 0.7187780141830444, 0.6823277473449707, 0.6780256032943726, 0.6732885837554932, 0.6653984785079956, 0.6596410274505615, 0.645368754863739]",[1],1.0,1.0,1.0,1.0,0.8194945454597473,0.8194945454597473,0.7603216171264648,0.05917292833328247,0.05917292833328247,1.0,1.0,1.0,1.0,1.0,1.0,1.0,1.0,1.0,1.0,1.0,1.0,1.0,1.0,1.0
Q0169,In welcher Prüfungsform wird eine mündliche Prüfung grundsätzlich abgelegt?,fully_answerable,1,"[""PO25CL-GEN-C03-P13-A01""]",0.7336006164550781,0.729414701461792,0.004185914993286133,"[""PO25CL-APP-R09"", ""PO25CL-GEN-C03-P11-A05"", ""PO25CL-GEN-C03-P11-A06"", ""PO25CL-GEN-C03-P13-A01"", ""PO25CL-GEN-C03-P14-A02"", ""PO25CL-GEN-C03-P19-A08"", ""PO25CL-GEN-C03-P14-A01"", ""PO25CL-GEN-C04-P25-A05"", ""PO25CL-GEN-C03-P10-U01"", ""PO25CL-GEN-C04-P28-A06""]","[0.7336006164550781, 0.729414701461792, 0.724412202835083, 0.7025866508483887, 0.6678906679153442, 0.6472639441490173, 0.6403228044509888, 0.635467529296875, 0.6354426145553589, 0.6282329559326172]",[4],4.0,4.0,4.0,0.25,0.7025866508483887,0.7025866508483887,0.7336006164550781,-0.031013965606689453,-0.031013965606689453,0.0,0.0,0.0,0.0,0.0,0.0,0.0,0.0,0.0,1.0,1.0,1.0,1.0,1.0,1.0
Q0170,Vor wie vielen Prüferinnen oder Prüfern wird eine mündliche Einzelprüfung abgelegt?,fully_answerable,1,"[""PO25CL-GEN-C03-P13-A01""]",0.748724639415741,0.6621262431144714,0.08659839630126953,"[""PO25CL-GEN-C03-P13-A01"", ""PO25CL-GEN-C04-P25-A05"", ""PO25CL-GEN-C03-P13-A02"", ""PO25CL-GEN-C03-P11-A06"", ""PO25CL-GEN-C03-P19-A08"", ""PO25CL-GEN-C03-P11-A05"", ""PO25CL-GEN-C03-P14-A02"", ""PO25CL-GEN-C03-P14-A04"", ""PO25CL-GEN-C03-P14-A06"", ""PO25CL-GEN-C03-P17-A01""]","[0.748724639415741, 0.6621262431144714, 0.6532013416290283, 0.6513841152191162, 0.6494012475013733, 0.6450463533401489, 0.6449693441390991, 0.6377061605453491, 0.6312846541404724, 0.6305755376815796]",[1],1.0,1.0,1.0,1.0,0.748724639415741,0.748724639415741,0.6621262431144714,0.08659839630126953,0.08659839630126953,1.0,1.0,1.0,1.0,1.0,1.0,1.0,1.0,1.0,1.0,1.0,1.0,1.0,1.0,1.0
Q0171,Welche weitere sachkundige Person muss bei einer mündlichen Einzelprüfung anwesend sein?,fully_answerable,1,"[""PO25CL-GEN-C03-P13-A01""]",0.6285530924797058,0.6162030696868896,0.012350022792816162,"[""PO25CL-GEN-C04-P25-A05"", ""PO25CL-GEN-C04-P25-A03"", ""PO25CL-APP-R09"", ""PO25CL-GEN-C03-P20-A03"", ""PO25CL-GEN-C03-P15-A06"", ""PO25CL-GEN-C04-P28-A06"", ""PO25CL-GEN-C03-P13-A01"", ""PO25CL-GEN-C04-P25-A02"", ""PO25CL-GEN-C04-P27-A01-02"", ""PO25CL-GEN-C03-P15-A03""]","[0.6285530924797058, 0.6162030696868896, 0.5863931179046631, 0.5837221741676331, 0.5635095238685608, 0.5563568472862244, 0.5506299734115601, 0.5480600595474243, 0.5480329990386963, 0.5471105575561523]",[7],7.0,7.0,7.0,0.14285714285714285,0.5506299734115601,0.5506299734115601,0.6285530924797058,-0.07792311906814575,-0.07792311906814575,0.0,0.0,0.0,0.0,0.0,0.0,0.0,0.0,0.0,0.0,0.0,0.0,1.0,1.0,1.0
Q0172,Wer führt in der Regel das Protokoll einer mündlichen Prüfung?,fully_answerable,1,"[""PO25CL-GEN-C03-P13-A01""]",0.6798301935195923,0.6716963648796082,0.00813382863998413,"[""PO25CL-GEN-C03-P13-A01"", ""PO25CL-GEN-C03-P11-A05"", ""PO25CL-APP-R09"", ""PO25CL-GEN-C04-P25-A05"", ""PO25CL-GEN-C03-P11-A06"", ""PO25CL-GEN-C04-P25-A02"", ""PO25CL-GEN-C03-P19-A08"", ""PO25CL-GEN-C03-P17-A01"", ""PO25CL-GEN-C03-P15-A03"", ""PO25CL-GEN-C03-P14-A02""]","[0.6798301935195923, 0.6716963648796082, 0.6645855903625488, 0.6495622992515564, 0.6160730123519897, 0.6077160835266113, 0.6007511615753174, 0.5984941124916077, 0.5951269268989563, 0.5911552906036377]",[1],1.0,1.0,1.0,1.0,0.6798301935195923,0.6798301935195923,0.6716963648796082,0.00813382863998413,0.00813382863998413,1.0,1.0,1.0,1.0,1.0,1.0,1.0,1.0,1.0,1.0,1.0,1.0,1.0,1.0,1.0
Q0173,Was wird im Protokoll zu den Prüfungsgegenständen festgehalten?,fully_answerable,1,"[""PO25CL-GEN-C03-P13-A01""]",0.7726238965988159,0.7299814820289612,0.042642414569854736,"[""PO25CL-GEN-C04-P26-U01"", ""PO25CL-GEN-C03-P13-A01"", ""PO25CL-GEN-C03-P11-A04"", ""PO25CL-GEN-C03-P11-A07"", ""PO25CL-GEN-C03-P11-A09"", ""PO25CL-GEN-C03-P19-A08"", ""PO25CL-GEN-C03-P17-A03"", ""PO25CL-GEN-C03-P17-A01"", ""PO25CL-GEN-C03-P11-A05"", ""PO25CL-GEN-C03-P19-A02""]","[0.7726238965988159, 0.7299814820289612, 0.7296113967895508, 0.7267638444900513, 0.7159994840621948, 0.7143750190734863, 0.7087662816047668, 0.699346125125885, 0.6976054906845093, 0.688970685005188]",[2],2.0,2.0,2.0,0.5,0.7299814820289612,0.7299814820289612,0.7726238965988159,-0.042642414569854736,-0.042642414569854736,0.0,0.0,0.0,1.0,1.0,1.0,1.0,1.0,1.0,1.0,1.0,1.0,1.0,1.0,1.0
Q0174,Was wird im Protokoll zu den Prüfungsergebnissen festgehalten?,fully_answerable,1,"[""PO25CL-GEN-C03-P13-A01""]",0.7231894135475159,0.7150672078132629,0.00812220573425293,"[""PO25CL-GEN-C03-P11-A09"", ""PO25CL-GEN-C03-P13-A01"", ""PO25CL-GEN-C03-P19-A08"", ""PO25CL-GEN-C04-P26-U01"", ""PO25CL-GEN-C03-P19-A07"", ""PO25CL-GEN-C03-P19-A02"", ""PO25CL-GEN-C03-P14-A02"", ""PO25CL-GEN-C03-P11-A04"", ""PO25CL-GEN-C03-P17-A03"", ""PO25CL-GEN-C03-P17-A01""]","[0.7231894135475159, 0.7150672078132629, 0.7146172523498535, 0.7056643962860107, 0.6971983909606934, 0.6886910796165466, 0.6876382827758789, 0.6847166419029236, 0.6839615702629089, 0.6838364601135254]",[2],2.0,2.0,2.0,0.5,0.7150672078132629,0.7150672078132629,0.7231894135475159,-0.00812220573425293,-0.00812220573425293,0.0,0.0,0.0,1.0,1.0,1.0,1.0,1.0,1.0,1.0,1.0,1.0,1.0,1.0,1.0
Q0175,Wen hört die prüfende Person vor der Festsetzung der Note?,fully_answerable,1,"[""PO25CL-GEN-C03-P13-A01""]",0.5703340768814087,0.5479209423065186,0.022413134574890137,"[""PO25CL-GEN-C03-P17-A06"", ""PO25CL-GEN-C03-P19-A04"", ""PO25CL-GEN-C04-P25-A05"", ""PO25CL-GEN-C03-P17-A03"", ""PO25CL-GEN-C03-P12-A04"", ""PO25CL-GEN-C03-P20-A03"", ""PO25CL-GEN-C03-P20-A02"", ""PO25CL-GEN-C03-P17-A01"", ""PO25CL-GEN-C03-P20-A01"", ""PO25CL-GEN-C03-P14-A02""]","[0.5703340768814087, 0.5479209423065186, 0.5309292078018188, 0.5282897353172302, 0.5249387621879578, 0.5100845098495483, 0.5068274736404419, 0.502312958240509, 0.5022754073143005, 0.5003435611724854]",[24],24.0,24.0,24.0,0.041666666666666664,0.45885294675827026,0.45885294675827026,0.5703340768814087,-0.11148113012313843,-0.11148113012313843,0.0,0.0,0.0,0.0,0.0,0.0,0.0,0.0,0.0,0.0,0.0,0.0,0.0,0.0,0.0
Q0176,Wann wird die Bewertung einer mündlichen Prüfung bekannt gegeben?,fully_answerable,1,"[""PO25CL-GEN-C03-P13-A01""]",0.7552754878997803,0.6974893808364868,0.05778610706329346,"[""PO25CL-GEN-C03-P13-A01"", ""PO25CL-GEN-C03-P11-A09"", ""PO25CL-GEN-C03-P14-A10"", ""PO25CL-GEN-C03-P17-A01"", ""PO25CL-GEN-C03-P11-A06"", ""PO25CL-GEN-C03-P19-A07"", ""PO25CL-GEN-C03-P20-A04"", ""PO25CL-GEN-C03-P14-A04"", ""PO25CL-GEN-C03-P11-A05"", ""PO25CL-GEN-C03-P16-A03""]","[0.7552754878997803, 0.6974893808364868, 0.6793535947799683, 0.6764654517173767, 0.651161789894104, 0.6363807916641235, 0.6277978420257568, 0.6249285936355591, 0.6062521934509277, 0.6062368750572205]",[1],1.0,1.0,1.0,1.0,0.7552754878997803,0.7552754878997803,0.6974893808364868,0.05778610706329346,0.05778610706329346,1.0,1.0,1.0,1.0,1.0,1.0,1.0,1.0,1.0,1.0,1.0,1.0,1.0,1.0,1.0
Q0177,Wessen Einvernehmen ist für eine mündliche Gruppenprüfung erforderlich?,fully_answerable,1,"[""PO25CL-GEN-C03-P13-A02""]",0.6577733755111694,0.6413501501083374,0.01642322540283203,"[""PO25CL-GEN-C04-P25-A05"", ""PO25CL-GEN-C03-P12-A04"", ""PO25CL-GEN-C04-P25-A02"", ""PO25CL-GEN-C03-P15-A03"", ""PO25CL-GEN-C03-P19-A04"", ""PO25CL-GEN-C03-P14-A08"", ""PO25CL-GEN-C04-P28-A08"", ""PO25CL-GEN-C04-P24-A03"", ""PO25CL-GEN-C04-P24-A01"", ""PO25CL-GEN-C03-P11-A05""]","[0.6577733755111694, 0.6413501501083374, 0.6210982799530029, 0.6152994632720947, 0.6075261831283569, 0.6058982610702515, 0.596827507019043, 0.5937561988830566, 0.5927550792694092, 0.5892847776412964]",[35],35.0,35.0,35.0,0.02857142857142857,0.5325299501419067,0.5325299501419067,0.6577733755111694,-0.1252434253692627,-0.1252434253692627,0.0,0.0,0.0,0.0,0.0,0.0,0.0,0.0,0.0,0.0,0.0,0.0,0.0,0.0,0.0
Q0178,Wie viele Personen dürfen höchstens an einer mündlichen Gruppenprüfung teilnehmen?,fully_answerable,1,"[""PO25CL-GEN-C03-P13-A02""]",0.6090967655181885,0.5822262763977051,0.0268704891204834,"[""PO25CL-GEN-C03-P13-A02"", ""PO25CL-GEN-C03-P13-A01"", ""PO25CL-GEN-C03-P14-A04"", ""PO25CL-GEN-C03-P15-A10"", ""PO25CL-GEN-C04-P25-A05"", ""PO25CL-GEN-C03-P19-A05"", ""PO25CL-APP-R06"", ""PO25CL-GEN-C03-P11-A06"", ""PO25CL-GEN-C03-P17-A01"", ""PO25CL-GEN-C03-P19-A01""]","[0.6090967655181885, 0.5822262763977051, 0.5656115412712097, 0.5622975826263428, 0.5459582805633545, 0.5447297096252441, 0.5369275808334351, 0.5347636938095093, 0.5326392650604248, 0.5323938131332397]",[1],1.0,1.0,1.0,1.0,0.6090967655181885,0.6090967655181885,0.5822262763977051,0.0268704891204834,0.0268704891204834,1.0,1.0,1.0,1.0,1.0,1.0,1.0,1.0,1.0,1.0,1.0,1.0,1.0,1.0,1.0
Q0179,Wie lange dauert eine mündliche Gruppenprüfung pro Person mindestens?,fully_answerable,1,"[""PO25CL-GEN-C03-P13-A02""]",0.7821206450462341,0.7384401559829712,0.04368048906326294,"[""PO25CL-GEN-C03-P13-A01"", ""PO25CL-GEN-C03-P13-A02"", ""PO25CL-GEN-C03-P14-A04"", ""PO25CL-GEN-C03-P14-A03"", ""PO25CL-GEN-C03-P14-A10"", ""PO25CL-GEN-C03-P14-A06"", ""PO25CL-GEN-C03-P11-A09"", ""PO25CL-GEN-C03-P17-A01"", ""PO25CL-GEN-C03-P15-A04"", ""PO25CL-GEN-C01-P03-A01""]","[0.7821206450462341, 0.7384401559829712, 0.6946057677268982, 0.6940293312072754, 0.6806424856185913, 0.6405370831489563, 0.6252056360244751, 0.6127095818519592, 0.5996159911155701, 0.5894337892532349]",[2],2.0,2.0,2.0,0.5,0.7384401559829712,0.7384401559829712,0.7821206450462341,-0.04368048906326294,-0.04368048906326294,0.0,0.0,0.0,1.0,1.0,1.0,1.0,1.0,1.0,1.0,1.0,1.0,1.0,1.0,1.0
Q0180,Wie lange dauert eine mündliche Gruppenprüfung pro Person höchstens?,fully_answerable,1,"[""PO25CL-GEN-C03-P13-A02""]",0.756117045879364,0.7132018804550171,0.042915165424346924,"[""PO25CL-GEN-C03-P13-A01"", ""PO25CL-GEN-C03-P13-A02"", ""PO25CL-GEN-C03-P14-A04"", ""PO25CL-GEN-C03-P14-A03"", ""PO25CL-GEN-C03-P14-A10"", ""PO25CL-GEN-C03-P14-A06"", ""PO25CL-GEN-C03-P11-A09"", ""PO25CL-GEN-C03-P17-A01"", ""PO25CL-GEN-C03-P15-A04"", ""PO25CL-GEN-C03-P15-A10""]","[0.756117045879364, 0.7132018804550171, 0.6879293918609619, 0.6845788955688477, 0.667075514793396, 0.6297879219055176, 0.6077877283096313, 0.5965290069580078, 0.5853692293167114, 0.5844613313674927]",[2],2.0,2.0,2.0,0.5,0.7132018804550171,0.7132018804550171,0.756117045879364,-0.042915165424346924,-0.042915165424346924,0.0,0.0,0.0,1.0,1.0,1.0,1.0,1.0,1.0,1.0,1.0,1.0,1.0,1.0,1.0
Q0181,Kann eine schriftliche Modulprüfung als dokumentierter Einzelbericht ausgestaltet werden?,fully_answerable,1,"[""PO25CL-GEN-C03-P14-A01""]",0.7770271301269531,0.6936975121498108,0.08332961797714233,"[""PO25CL-GEN-C03-P14-A01"", ""PO25CL-GEN-C03-P14-A09"", ""PO25CL-GEN-C03-P14-A02"", ""PO25CL-GEN-C03-P11-A05"", ""PO25CL-GEN-C03-P14-A08"", ""PO25CL-GEN-C03-P17-A03"", ""PO25CL-GEN-C03-P11-A04"", ""PO25CL-GEN-C03-P18-A02"", ""PO25CL-GEN-C03-P19-A04"", ""PO25CL-GEN-C03-P14-A06""]","[0.7770271301269531, 0.6936975121498108, 0.6757066249847412, 0.658519446849823, 0.6578336358070374, 0.6508917212486267, 0.6369386911392212, 0.624195396900177, 0.6188209056854248, 0.6172679662704468]",[1],1.0,1.0,1.0,1.0,0.7770271301269531,0.7770271301269531,0.6936975121498108,0.08332961797714233,0.08332961797714233,1.0,1.0,1.0,1.0,1.0,1.0,1.0,1.0,1.0,1.0,1.0,1.0,1.0,1.0,1.0
Q0182,Dürfen Klausuren Multiple-Choice-Aufgaben enthalten?,fully_answerable,1,"[""PO25CL-GEN-C03-P14-A01""]",0.5942110419273376,0.5441449880599976,0.05006605386734009,"[""PO25CL-GEN-C03-P14-A01"", ""PO25CL-GEN-C03-P12-A04"", ""PO25CL-GEN-C03-P11-A07"", ""PO25CL-GEN-C03-P14-A09"", ""PO25CL-GEN-C03-P14-A08"", ""PO25CL-GEN-C04-P24-A03"", ""PO25CL-GEN-C03-P17-A06"", ""PO25CL-GEN-C03-P19-A08"", ""PO25CL-GEN-C03-P11-A04"", ""PO25CL-GEN-C03-P14-A02""]","[0.5942110419273376, 0.5441449880599976, 0.5306228995323181, 0.5155984163284302, 0.5020977258682251, 0.4968353807926178, 0.49592259526252747, 0.4903724789619446, 0.4895904064178467, 0.48679471015930176]",[1],1.0,1.0,1.0,1.0,0.5942110419273376,0.5942110419273376,0.5441449880599976,0.05006605386734009,0.05006605386734009,1.0,1.0,1.0,1.0,1.0,1.0,1.0,1.0,1.0,1.0,1.0,1.0,1.0,1.0,1.0
Q0183,Was muss bei elektronischen Prüfungsverfahren hinsichtlich der Authentizität der Ergebnisse sichergestellt werden?,fully_answerable,1,"[""PO25CL-GEN-C03-P14-A02""]",0.8494689464569092,0.643509030342102,0.20595991611480713,"[""PO25CL-GEN-C03-P14-A02"", ""PO25CL-GEN-C03-P11-A05"", ""PO25CL-GEN-C03-P11-A04"", ""PO25CL-GEN-C03-P17-A05"", ""PO25CL-GEN-C04-P25-A05"", ""PO25CL-GEN-C03-P19-A08"", ""PO25CL-GEN-C03-P18-A08"", ""PO25CL-GEN-C04-P28-A06"", ""PO25CL-GEN-C03-P12-A03"", ""PO25CL-GEN-C03-P18-A02""]","[0.8494689464569092, 0.643509030342102, 0.6174170970916748, 0.6034574508666992, 0.5907762050628662, 0.5833866596221924, 0.5703586339950562, 0.5607193112373352, 0.5574316382408142, 0.5463817715644836]",[1],1.0,1.0,1.0,1.0,0.8494689464569092,0.8494689464569092,0.643509030342102,0.20595991611480713,0.20595991611480713,1.0,1.0,1.0,1.0,1.0,1.0,1.0,1.0,1.0,1.0,1.0,1.0,1.0,1.0,1.0
Q0184,Muss bei elektronischen Prüfungsverfahren die Integrität der Prüfungsergebnisse sichergestellt werden?,fully_answerable,1,"[""PO25CL-GEN-C03-P14-A02""]",0.8521193861961365,0.6488122940063477,0.20330709218978882,"[""PO25CL-GEN-C03-P14-A02"", ""PO25CL-GEN-C03-P17-A05"", ""PO25CL-GEN-C03-P11-A05"", ""PO25CL-GEN-C03-P11-A04"", ""PO25CL-GEN-C03-P19-A08"", ""PO25CL-GEN-C04-P25-A05"", ""PO25CL-GEN-C04-P28-A06"", ""PO25CL-GEN-C03-P18-A08"", ""PO25CL-GEN-C03-P18-A02"", ""PO25CL-GEN-C03-P12-A03""]","[0.8521193861961365, 0.6488122940063477, 0.644824743270874, 0.6342787742614746, 0.6325771808624268, 0.6036756634712219, 0.5866075158119202, 0.5782409906387329, 0.5763380527496338, 0.5733630657196045]",[1],1.0,1.0,1.0,1.0,0.8521193861961365,0.8521193861961365,0.6488122940063477,0.20330709218978882,0.20330709218978882,1.0,1.0,1.0,1.0,1.0,1.0,1.0,1.0,1.0,1.0,1.0,1.0,1.0,1.0,1.0
Q0185,Wer legt die Bestehensgrenze einer Multiple-Choice-Klausur fest?,fully_answerable,1,"[""PO25CL-GEN-C03-P14-A02""]",0.5164318680763245,0.494657039642334,0.02177482843399048,"[""PO25CL-GEN-C03-P12-A04"", ""PO25CL-GEN-C04-P24-A03"", ""PO25CL-GEN-C04-P27-A01-02"", ""PO25CL-GEN-C03-P11-A07"", ""PO25CL-GEN-C03-P20-A03"", ""PO25CL-GEN-C03-P19-A08"", ""PO25CL-GEN-C04-P25-A03"", ""PO25CL-GEN-C04-P25-A04"", ""PO25CL-GEN-C03-P16-A02"", ""PO25CL-GEN-C04-P25-A02""]","[0.5164318680763245, 0.494657039642334, 0.4874925911426544, 0.48346441984176636, 0.46138811111450195, 0.4498409032821655, 0.4467402398586273, 0.4441319406032562, 0.44172656536102295, 0.4277423024177551]",[11],11.0,11.0,11.0,0.09090909090909091,0.4262394607067108,0.4262394607067108,0.5164318680763245,-0.09019240736961365,-0.09019240736961365,0.0,0.0,0.0,0.0,0.0,0.0,0.0,0.0,0.0,0.0,0.0,0.0,0.0,0.0,0.0
Q0186,In welcher Form wird die Bestehensgrenze einer Multiple-Choice-Klausur angegeben?,fully_answerable,1,"[""PO25CL-GEN-C03-P14-A02""]",0.540479302406311,0.5309203863143921,0.009558916091918945,"[""PO25CL-GEN-C03-P11-A07"", ""PO25CL-GEN-C03-P12-A04"", ""PO25CL-GEN-C03-P19-A08"", ""PO25CL-GEN-C04-P24-A03"", ""PO25CL-GEN-C03-P18-A02"", ""PO25CL-GEN-C03-P14-A02"", ""PO25CL-GEN-C03-P11-A04"", ""PO25CL-GEN-C04-P27-A01-02"", ""PO25CL-GEN-C04-P26-U01"", ""PO25CL-GEN-C03-P20-A03""]","[0.540479302406311, 0.5309203863143921, 0.4907881021499634, 0.47616881132125854, 0.4737023115158081, 0.4682890772819519, 0.46726828813552856, 0.4660187363624573, 0.464889258146286, 0.46462178230285645]",[6],6.0,6.0,6.0,0.16666666666666666,0.4682890772819519,0.4682890772819519,0.540479302406311,-0.07219022512435913,-0.07219022512435913,0.0,0.0,0.0,0.0,0.0,0.0,0.0,0.0,0.0,0.0,0.0,0.0,1.0,1.0,1.0
Q0187,Wird bei der Festlegung der Multiple-Choice-Bestehensgrenze der Mittelwert der erzielten Leistungen berücksichtigt?,fully_answerable,1,"[""PO25CL-GEN-C03-P14-A02""]",0.5828473567962646,0.5349317193031311,0.047915637493133545,"[""PO25CL-GEN-C03-P18-A01"", ""PO25CL-GEN-C04-P28-A05"", ""PO25CL-GEN-C03-P18-A02"", ""PO25CL-GEN-C04-P28-A09"", ""PO25CL-GEN-C03-P18-A08"", ""PO25CL-GEN-C03-P14-A02"", ""PO25CL-GEN-C03-P18-A06"", ""PO25CL-GEN-C03-P18-A03"", ""PO25CL-GEN-C04-P27-A01-02"", ""PO25CL-GEN-C03-P18-A05""]","[0.5828473567962646, 0.5349317193031311, 0.534045398235321, 0.5269677639007568, 0.5233227014541626, 0.5218338370323181, 0.5204432606697083, 0.5174939632415771, 0.5134677886962891, 0.5106778144836426]",[6],6.0,6.0,6.0,0.16666666666666666,0.5218338370323181,0.5218338370323181,0.5828473567962646,-0.06101351976394653,-0.06101351976394653,0.0,0.0,0.0,0.0,0.0,0.0,0.0,0.0,0.0,0.0,0.0,0.0,1.0,1.0,1.0
Q0188,Wie lange dauert eine Klausur in der Regel?,fully_answerable,1,"[""PO25CL-GEN-C03-P14-A03""]",0.7587981224060059,0.6997115612030029,0.05908656120300293,"[""PO25CL-GEN-C03-P14-A03"", ""PO25CL-GEN-C03-P13-A01"", ""PO25CL-GEN-C03-P14-A10"", ""PO25CL-GEN-C01-P03-A01"", ""PO25CL-GEN-C03-P15-A04"", ""PO25CL-GEN-C03-P14-A04"", ""PO25CL-GEN-C02-P09-A01"", ""PO25CL-GEN-C03-P13-A02"", ""PO25CL-GEN-C03-P11-A09"", ""PO25CL-GEN-C03-P14-A06""]","[0.7587981224060059, 0.6997115612030029, 0.6735504865646362, 0.6310948133468628, 0.6220369338989258, 0.6205043792724609, 0.599056601524353, 0.5946229100227356, 0.5916849374771118, 0.5652197599411011]",[1],1.0,1.0,1.0,1.0,0.7587981224060059,0.7587981224060059,0.6997115612030029,0.05908656120300293,0.05908656120300293,1.0,1.0,1.0,1.0,1.0,1.0,1.0,1.0,1.0,1.0,1.0,1.0,1.0,1.0,1.0
Q0189,Auf welche Höchstdauer kann eine Klausur ausnahmsweise verlängert werden?,fully_answerable,1,"[""PO25CL-GEN-C03-P14-A03""]",0.6461678743362427,0.5828496217727661,0.06331825256347656,"[""PO25CL-GEN-C03-P14-A03"", ""PO25CL-GEN-C03-P15-A04"", ""PO25CL-GEN-C04-P26-U01"", ""PO25CL-GEN-C04-P25-A06"", ""PO25CL-GEN-C03-P14-A10"", ""PO25CL-GEN-C03-P13-A01"", ""PO25CL-GEN-C03-P19-A07"", ""PO25CL-GEN-C01-P03-A01"", ""PO25CL-GEN-C01-P03-A04"", ""PO25CL-GEN-C03-P15-A05""]","[0.6461678743362427, 0.5828496217727661, 0.5714987516403198, 0.566188395023346, 0.5592738389968872, 0.5514745712280273, 0.5218598246574402, 0.5130782127380371, 0.5047474503517151, 0.50389564037323]",[1],1.0,1.0,1.0,1.0,0.6461678743362427,0.6461678743362427,0.5828496217727661,0.06331825256347656,0.06331825256347656,1.0,1.0,1.0,1.0,1.0,1.0,1.0,1.0,1.0,1.0,1.0,1.0,1.0,1.0,1.0
Q0190,Auf welche Mindestdauer kann eine Klausur ausnahmsweise verkürzt werden?,fully_answerable,1,"[""PO25CL-GEN-C03-P14-A03""]",0.7273443937301636,0.6262951493263245,0.10104924440383911,"[""PO25CL-GEN-C03-P14-A03"", ""PO25CL-GEN-C03-P13-A01"", ""PO25CL-GEN-C03-P15-A04"", ""PO25CL-GEN-C04-P26-U01"", ""PO25CL-GEN-C03-P14-A10"", ""PO25CL-GEN-C04-P25-A06"", ""PO25CL-GEN-C03-P13-A02"", ""PO25CL-GEN-C03-P17-A01"", ""PO25CL-GEN-C03-P14-A04"", ""PO25CL-GEN-C03-P15-A05""]","[0.7273443937301636, 0.6262951493263245, 0.6257932186126709, 0.5951365232467651, 0.59206223487854, 0.5483746528625488, 0.5429086685180664, 0.5421531796455383, 0.5331348776817322, 0.5313981175422668]",[1],1.0,1.0,1.0,1.0,0.7273443937301636,0.7273443937301636,0.6262951493263245,0.10104924440383911,0.10104924440383911,1.0,1.0,1.0,1.0,1.0,1.0,1.0,1.0,1.0,1.0,1.0,1.0,1.0,1.0,1.0
Q0191,Wer bewertet eine Klausur?,fully_answerable,1,"[""PO25CL-GEN-C03-P14-A03""]",0.6152987480163574,0.5745166540145874,0.04078209400177002,"[""PO25CL-GEN-C03-P12-A04"", ""PO25CL-GEN-C03-P19-A04"", ""PO25CL-GEN-C04-P25-A02"", ""PO25CL-GEN-C03-P14-A02"", ""PO25CL-GEN-C04-P28-A08"", ""PO25CL-GEN-C03-P16-A02"", ""PO25CL-GEN-C04-P24-A02"", ""PO25CL-GEN-C04-P25-A05"", ""PO25CL-GEN-C03-P15-A03"", ""PO25CL-GEN-C04-P24-A03""]","[0.6152987480163574, 0.5745166540145874, 0.5740474462509155, 0.5717020034790039, 0.5636293888092041, 0.5628805160522461, 0.562329113483429, 0.5619617700576782, 0.5566269755363464, 0.5549783706665039]",[106],106.0,106.0,106.0,0.009433962264150943,0.33003419637680054,0.33003419637680054,0.6152987480163574,-0.2852645516395569,-0.2852645516395569,0.0,0.0,0.0,0.0,0.0,0.0,0.0,0.0,0.0,0.0,0.0,0.0,0.0,0.0,0.0
Q0192,Bis wann muss die Bewertung einer Klausur bekannt gegeben werden?,fully_answerable,1,"[""PO25CL-GEN-C03-P14-A03""]",0.7089371681213379,0.7083359956741333,0.0006011724472045898,"[""PO25CL-GEN-C04-P26-U01"", ""PO25CL-GEN-C03-P11-A09"", ""PO25CL-GEN-C03-P17-A03"", ""PO25CL-GEN-C03-P17-A01"", ""PO25CL-GEN-C03-P13-A01"", ""PO25CL-GEN-C03-P19-A07"", ""PO25CL-GEN-C03-P11-A07"", ""PO25CL-GEN-C03-P20-A04"", ""PO25CL-GEN-C03-P12-A04"", ""PO25CL-GEN-C03-P18-A02""]","[0.7089371681213379, 0.7083359956741333, 0.6892642974853516, 0.6672293543815613, 0.6510796546936035, 0.6440421342849731, 0.6422199010848999, 0.6368539929389954, 0.6309026479721069, 0.6307163834571838]",[15],15.0,15.0,15.0,0.06666666666666667,0.6135648488998413,0.6135648488998413,0.7089371681213379,-0.09537231922149658,-0.09537231922149658,0.0,0.0,0.0,0.0,0.0,0.0,0.0,0.0,0.0,0.0,0.0,0.0,0.0,0.0,0.0
Q0193,Welcher mündliche Bestandteil gehört zu einer Studienarbeit?,fully_answerable,1,"[""PO25CL-GEN-C03-P14-A04""]",0.6616127490997314,0.6426995992660522,0.0189131498336792,"[""PO25CL-APP-R09"", ""PO25CL-GEN-C03-P14-A04"", ""PO25CL-GEN-C01-P01-A01"", ""PO25CL-GEN-C01-P04-A03"", ""PO25CL-GEN-C03-P14-A06"", ""PO25CL-GEN-C03-P11-A05"", ""PO25CL-APP-R07-M16"", ""PO25CL-APP-R08"", ""PO25CL-APP-R06"", ""PO25CL-APP-R10""]","[0.6616127490997314, 0.6426995992660522, 0.6357423067092896, 0.6032159328460693, 0.6010194420814514, 0.5755073428153992, 0.5729843974113464, 0.5722216367721558, 0.5715916156768799, 0.5701558589935303]",[2],2.0,2.0,2.0,0.5,0.6426995992660522,0.6426995992660522,0.6616127490997314,-0.0189131498336792,-0.0189131498336792,0.0,0.0,0.0,1.0,1.0,1.0,1.0,1.0,1.0,1.0,1.0,1.0,1.0,1.0,1.0
Q0194,Welcher schriftliche Bestandteil gehört zu einer Studienarbeit?,fully_answerable,1,"[""PO25CL-GEN-C03-P14-A04""]",0.6773216724395752,0.6712626814842224,0.006058990955352783,"[""PO25CL-GEN-C03-P14-A09"", ""PO25CL-GEN-C03-P14-A04"", ""PO25CL-GEN-C01-P01-A01"", ""PO25CL-GEN-C03-P14-A06"", ""PO25CL-GEN-C03-P14-A05"", ""PO25CL-GEN-C03-P14-A01"", ""PO25CL-GEN-C02-P06-U01"", ""PO25CL-GEN-C04-P31-A01"", ""PO25CL-GEN-C04-P28-A02"", ""PO25CL-GEN-C03-P14-A08""]","[0.6773216724395752, 0.6712626814842224, 0.667516827583313, 0.6667611598968506, 0.6431378126144409, 0.6276800632476807, 0.6234706044197083, 0.6134334206581116, 0.6094993352890015, 0.6037827730178833]",[2],2.0,2.0,2.0,0.5,0.6712626814842224,0.6712626814842224,0.6773216724395752,-0.006058990955352783,-0.006058990955352783,0.0,0.0,0.0,1.0,1.0,1.0,1.0,1.0,1.0,1.0,1.0,1.0,1.0,1.0,1.0
Q0195,Welche Prüfung kann die schriftliche Ausarbeitung einer Studienarbeit ersetzen?,fully_answerable,1,"[""PO25CL-GEN-C03-P14-A04""]",0.6672417521476746,0.6562546491622925,0.01098710298538208,"[""PO25CL-GEN-C03-P14-A04"", ""PO25CL-GEN-C03-P14-A01"", ""PO25CL-GEN-C03-P14-A09"", ""PO25CL-GEN-C04-P28-A06"", ""PO25CL-GEN-C03-P14-A06"", ""PO25CL-GEN-C03-P19-A08"", ""PO25CL-GEN-C03-P14-A02"", ""PO25CL-GEN-C03-P14-A05"", ""PO25CL-GEN-C03-P11-A05"", ""PO25CL-GEN-C03-P11-A06""]","[0.6672417521476746, 0.6562546491622925, 0.6462979316711426, 0.6400512456893921, 0.636633574962616, 0.6316038370132446, 0.6274079084396362, 0.6183414459228516, 0.6183398962020874, 0.6180820465087891]",[1],1.0,1.0,1.0,1.0,0.6672417521476746,0.6672417521476746,0.6562546491622925,0.01098710298538208,0.01098710298538208,1.0,1.0,1.0,1.0,1.0,1.0,1.0,1.0,1.0,1.0,1.0,1.0,1.0,1.0,1.0
Q0196,Wie lange dauert die mündliche Präsentation einer Studienarbeit mindestens?,fully_answerable,1,"[""PO25CL-GEN-C03-P14-A04""]",0.8369936943054199,0.7855632901191711,0.05143040418624878,"[""PO25CL-GEN-C03-P14-A04"", ""PO25CL-GEN-C03-P14-A10"", ""PO25CL-GEN-C03-P14-A06"", ""PO25CL-GEN-C03-P13-A01"", ""PO25CL-GEN-C03-P14-A03"", ""PO25CL-GEN-C03-P21-A02"", ""PO25CL-GEN-C03-P15-A10"", ""PO25CL-GEN-C01-P03-A01"", ""PO25CL-GEN-C03-P14-A05"", ""PO25CL-GEN-C02-P09-A01""]","[0.8369936943054199, 0.7855632901191711, 0.7741556167602539, 0.699931263923645, 0.6908646821975708, 0.6770718097686768, 0.652728796005249, 0.6389292478561401, 0.6383174657821655, 0.6378930807113647]",[1],1.0,1.0,1.0,1.0,0.8369936943054199,0.8369936943054199,0.7855632901191711,0.05143040418624878,0.05143040418624878,1.0,1.0,1.0,1.0,1.0,1.0,1.0,1.0,1.0,1.0,1.0,1.0,1.0,1.0,1.0
Q0197,Wie viele Wörter soll die schriftliche Ausarbeitung einer Studienarbeit mindestens umfassen?,fully_answerable,1,"[""PO25CL-GEN-C03-P14-A04""]",0.77693772315979,0.7498434782028198,0.027094244956970215,"[""PO25CL-GEN-C03-P14-A04"", ""PO25CL-GEN-C03-P14-A06"", ""PO25CL-GEN-C03-P15-A10"", ""PO25CL-GEN-C03-P14-A05"", ""PO25CL-GEN-C03-P14-A01"", ""PO25CL-APP-R10"", ""PO25CL-GEN-C03-P18-A07"", ""PO25CL-APP-R06"", ""PO25CL-GEN-C03-P14-A09"", ""PO25CL-GEN-C03-P21-A02""]","[0.77693772315979, 0.7498434782028198, 0.7392402291297913, 0.7351623773574829, 0.5889471173286438, 0.5716586112976074, 0.5460189580917358, 0.5454725623130798, 0.5422308444976807, 0.5393384695053101]",[1],1.0,1.0,1.0,1.0,0.77693772315979,0.77693772315979,0.7498434782028198,0.027094244956970215,0.027094244956970215,1.0,1.0,1.0,1.0,1.0,1.0,1.0,1.0,1.0,1.0,1.0,1.0,1.0,1.0,1.0
Q0198,Wie viele Wörter soll die schriftliche Ausarbeitung einer Studienarbeit höchstens umfassen?,fully_answerable,1,"[""PO25CL-GEN-C03-P14-A04""]",0.7610059976577759,0.7340118288993835,0.026994168758392334,"[""PO25CL-GEN-C03-P14-A04"", ""PO25CL-GEN-C03-P14-A06"", ""PO25CL-GEN-C03-P15-A10"", ""PO25CL-GEN-C03-P14-A05"", ""PO25CL-GEN-C03-P14-A01"", ""PO25CL-APP-R10"", ""PO25CL-APP-R06"", ""PO25CL-GEN-C03-P14-A09"", ""PO25CL-GEN-C03-P18-A06"", ""PO25CL-GEN-C01-P04-A05""]","[0.7610059976577759, 0.7340118288993835, 0.7322277426719666, 0.7208881378173828, 0.5771400928497314, 0.5706320405006409, 0.5488367676734924, 0.5442497730255127, 0.5414879322052002, 0.5391751527786255]",[1],1.0,1.0,1.0,1.0,0.7610059976577759,0.7610059976577759,0.7340118288993835,0.026994168758392334,0.026994168758392334,1.0,1.0,1.0,1.0,1.0,1.0,1.0,1.0,1.0,1.0,1.0,1.0,1.0,1.0,1.0
Q0199,Wer bewertet eine Studienarbeit?,fully_answerable,1,"[""PO25CL-GEN-C03-P14-A04""]",0.72432541847229,0.7071261405944824,0.017199277877807617,"[""PO25CL-GEN-C04-P31-A01"", ""PO25CL-GEN-C01-P01-A01"", ""PO25CL-GEN-C04-P28-A06"", ""PO25CL-GEN-C04-P31-A02"", ""PO25CL-GEN-C04-P28-A08"", ""PO25CL-GEN-C04-P29-U01"", ""PO25CL-GEN-C04-P28-A05"", ""PO25CL-GEN-C03-P16-A02"", ""PO25CL-GEN-C01-P01-A02"", ""PO25CL-GEN-C03-P15-A03""]","[0.72432541847229, 0.7071261405944824, 0.6413078308105469, 0.6306772828102112, 0.6188896894454956, 0.6151145100593567, 0.6132116317749023, 0.6085941791534424, 0.6069334745407104, 0.6017956137657166]",[45],45.0,45.0,45.0,0.022222222222222223,0.5107930898666382,0.5107930898666382,0.72432541847229,-0.21353232860565186,-0.21353232860565186,0.0,0.0,0.0,0.0,0.0,0.0,0.0,0.0,0.0,0.0,0.0,0.0,0.0,0.0,0.0
Q0200,Bis wann muss die Bewertung einer Studienarbeit bekannt gegeben werden?,fully_answerable,1,"[""PO25CL-GEN-C03-P14-A04""]",0.7437724471092224,0.691626787185669,0.05214565992355347,"[""PO25CL-GEN-C03-P11-A09"", ""PO25CL-GEN-C03-P14-A10"", ""PO25CL-GEN-C03-P20-A04"", ""PO25CL-GEN-C03-P13-A01"", ""PO25CL-GEN-C03-P18-A02"", ""PO25CL-GEN-C04-P26-U01"", ""PO25CL-GEN-C03-P16-A03"", ""PO25CL-GEN-C04-P28-A06"", ""PO25CL-GEN-C03-P19-A07"", ""PO25CL-GEN-C03-P19-A01""]","[0.7437724471092224, 0.691626787185669, 0.6597380638122559, 0.6506986618041992, 0.6452978849411011, 0.6368380784988403, 0.6344867944717407, 0.6329923272132874, 0.6319957971572876, 0.6290726661682129]",[15],15.0,15.0,15.0,0.06666666666666667,0.6152211427688599,0.6152211427688599,0.7437724471092224,-0.12855130434036255,-0.12855130434036255,0.0,0.0,0.0,0.0,0.0,0.0,0.0,0.0,0.0,0.0,0.0,0.0,0.0,0.0,0.0
Q0201,Woraus besteht eine Hausarbeit?,fully_answerable,1,"[""PO25CL-GEN-C03-P14-A05""]",0.5337055921554565,0.37804973125457764,0.1556558609008789,"[""PO25CL-GEN-C03-P14-A05"", ""PO25CL-GEN-C03-P14-A09"", ""PO25CL-GEN-C03-P14-A08"", ""PO25CL-GEN-C03-P15-A09"", ""PO25CL-GEN-C03-P11-A06"", ""PO25CL-GEN-C03-P14-A06"", ""PO25CL-GEN-C03-P11-A05"", ""PO25CL-GEN-C04-P25-A02"", ""PO25CL-GEN-C03-P15-A02"", ""PO25CL-GEN-C03-P15-A01""]","[0.5337055921554565, 0.37804973125457764, 0.33139166235923767, 0.3189981281757355, 0.31463462114334106, 0.2990015745162964, 0.2982971668243408, 0.28496819734573364, 0.2797280550003052, 0.2714760899543762]",[1],1.0,1.0,1.0,1.0,0.5337055921554565,0.5337055921554565,0.37804973125457764,0.1556558609008789,0.1556558609008789,1.0,1.0,1.0,1.0,1.0,1.0,1.0,1.0,1.0,1.0,1.0,1.0,1.0,1.0,1.0
Q0202,Wie viele Wörter soll eine Hausarbeit mindestens umfassen?,fully_answerable,1,"[""PO25CL-GEN-C03-P14-A05""]",0.7142884135246277,0.5719385147094727,0.14234989881515503,"[""PO25CL-GEN-C03-P14-A05"", ""PO25CL-GEN-C03-P15-A10"", ""PO25CL-GEN-C03-P14-A06"", ""PO25CL-GEN-C03-P14-A04"", ""PO25CL-GEN-C03-P11-A06"", ""PO25CL-GEN-C03-P14-A01"", ""PO25CL-GEN-C03-P14-A09"", ""PO25CL-GEN-C03-P14-A10"", ""PO25CL-APP-R06"", ""PO25CL-GEN-C03-P14-A08""]","[0.7142884135246277, 0.5719385147094727, 0.5482118129730225, 0.5078511238098145, 0.4480396509170532, 0.40770548582077026, 0.40653711557388306, 0.39733460545539856, 0.3946053385734558, 0.39135903120040894]",[1],1.0,1.0,1.0,1.0,0.7142884135246277,0.7142884135246277,0.5719385147094727,0.14234989881515503,0.14234989881515503,1.0,1.0,1.0,1.0,1.0,1.0,1.0,1.0,1.0,1.0,1.0,1.0,1.0,1.0,1.0
Q0203,Wie viele Wörter soll eine Hausarbeit höchstens umfassen?,fully_answerable,1,"[""PO25CL-GEN-C03-P14-A05""]",0.6980745792388916,0.5635359287261963,0.1345386505126953,"[""PO25CL-GEN-C03-P14-A05"", ""PO25CL-GEN-C03-P15-A10"", ""PO25CL-GEN-C03-P14-A06"", ""PO25CL-GEN-C03-P14-A04"", ""PO25CL-GEN-C03-P11-A06"", ""PO25CL-GEN-C03-P14-A09"", ""PO25CL-APP-R06"", ""PO25CL-GEN-C03-P14-A08"", ""PO25CL-GEN-C03-P14-A01"", ""PO25CL-APP-R10""]","[0.6980745792388916, 0.5635359287261963, 0.517411470413208, 0.47249835729599, 0.4337969422340393, 0.410705029964447, 0.39152637124061584, 0.38718488812446594, 0.38616669178009033, 0.38586801290512085]",[1],1.0,1.0,1.0,1.0,0.6980745792388916,0.6980745792388916,0.5635359287261963,0.1345386505126953,0.1345386505126953,1.0,1.0,1.0,1.0,1.0,1.0,1.0,1.0,1.0,1.0,1.0,1.0,1.0,1.0,1.0
Q0204,Wer bewertet eine Hausarbeit?,fully_answerable,1,"[""PO25CL-GEN-C03-P14-A05""]",0.616220235824585,0.5644815564155579,0.0517386794090271,"[""PO25CL-GEN-C03-P14-A05"", ""PO25CL-GEN-C03-P14-A09"", ""PO25CL-GEN-C03-P14-A08"", ""PO25CL-GEN-C04-P25-A02"", ""PO25CL-GEN-C04-P28-A08"", ""PO25CL-GEN-C03-P16-A02"", ""PO25CL-GEN-C03-P15-A03"", ""PO25CL-GEN-C03-P11-A05"", ""PO25CL-GEN-C04-P29-U01"", ""PO25CL-GEN-C03-P11-A06""]","[0.616220235824585, 0.5644815564155579, 0.5153211355209351, 0.48661673069000244, 0.4799005389213562, 0.4734145998954773, 0.47138524055480957, 0.4614136219024658, 0.46078723669052124, 0.4532025456428528]",[1],1.0,1.0,1.0,1.0,0.616220235824585,0.616220235824585,0.5644815564155579,0.0517386794090271,0.0517386794090271,1.0,1.0,1.0,1.0,1.0,1.0,1.0,1.0,1.0,1.0,1.0,1.0,1.0,1.0,1.0
Q0205,Bis wann muss die Bewertung einer Hausarbeit bekannt gegeben werden?,fully_answerable,1,"[""PO25CL-GEN-C03-P14-A05""]",0.6610375046730042,0.6392350196838379,0.02180248498916626,"[""PO25CL-GEN-C03-P14-A05"", ""PO25CL-GEN-C03-P14-A10"", ""PO25CL-GEN-C03-P11-A06"", ""PO25CL-GEN-C03-P11-A09"", ""PO25CL-GEN-C04-P26-U01"", ""PO25CL-GEN-C03-P16-A03"", ""PO25CL-GEN-C03-P14-A03"", ""PO25CL-GEN-C03-P13-A01"", ""PO25CL-GEN-C03-P17-A03"", ""PO25CL-GEN-C03-P15-A04""]","[0.6610375046730042, 0.6392350196838379, 0.6105629205703735, 0.5757201910018921, 0.5732989311218262, 0.5732015371322632, 0.5537623167037964, 0.5493288040161133, 0.5281506180763245, 0.5277701616287231]",[1],1.0,1.0,1.0,1.0,0.6610375046730042,0.6610375046730042,0.6392350196838379,0.02180248498916626,0.02180248498916626,1.0,1.0,1.0,1.0,1.0,1.0,1.0,1.0,1.0,1.0,1.0,1.0,1.0,1.0,1.0
Q0206,Was wenden Studierende in einer Projektarbeit selbstständig an?,fully_answerable,1,"[""PO25CL-GEN-C03-P14-A06""]",0.603492021560669,0.5809239745140076,0.022568047046661377,"[""PO25CL-GEN-C01-P01-A01"", ""PO25CL-GEN-C03-P14-A06"", ""PO25CL-GEN-C03-P14-A09"", ""PO25CL-GEN-C03-P14-A08"", ""PO25CL-PLAN-INTRO"", ""PO25CL-GEN-C02-P08-U01"", ""PO25CL-GEN-C01-P01-A02"", ""PO25CL-GEN-C04-P31-A01"", ""PO25CL-GEN-C02-P06-U01"", ""PO25CL-GEN-C03-P15-A06""]","[0.603492021560669, 0.5809239745140076, 0.5714704394340515, 0.5339947938919067, 0.5262099504470825, 0.5214483737945557, 0.5196808576583862, 0.5188851356506348, 0.5188673734664917, 0.5172739028930664]",[2],2.0,2.0,2.0,0.5,0.5809239745140076,0.5809239745140076,0.603492021560669,-0.022568047046661377,-0.022568047046661377,0.0,0.0,0.0,1.0,1.0,1.0,1.0,1.0,1.0,1.0,1.0,1.0,1.0,1.0,1.0
Q0207,Welcher mündliche Bestandteil gehört zu einer Projektarbeit?,fully_answerable,1,"[""PO25CL-GEN-C03-P14-A06""]",0.6445492506027222,0.5978482961654663,0.04670095443725586,"[""PO25CL-GEN-C03-P14-A06"", ""PO25CL-GEN-C03-P14-A09"", ""PO25CL-GEN-C03-P11-A05"", ""PO25CL-GEN-C03-P14-A08"", ""PO25CL-APP-R09"", ""PO25CL-APP-R07-M16"", ""PO25CL-GEN-C03-P14-A05"", ""PO25CL-APP-R07-M12"", ""PO25CL-APP-R07-M05"", ""PO25CL-GEN-C03-P14-A04""]","[0.6445492506027222, 0.5978482961654663, 0.5334854125976562, 0.5297200679779053, 0.5241769552230835, 0.5207477807998657, 0.5117816925048828, 0.502078115940094, 0.5005530714988708, 0.49460482597351074]",[1],1.0,1.0,1.0,1.0,0.6445492506027222,0.6445492506027222,0.5978482961654663,0.04670095443725586,0.04670095443725586,1.0,1.0,1.0,1.0,1.0,1.0,1.0,1.0,1.0,1.0,1.0,1.0,1.0,1.0,1.0
Q0208,Welcher schriftliche Bestandteil gehört zu einer Projektarbeit?,fully_answerable,1,"[""PO25CL-GEN-C03-P14-A06""]",0.6714504957199097,0.6641474962234497,0.007302999496459961,"[""PO25CL-GEN-C03-P14-A09"", ""PO25CL-GEN-C03-P14-A06"", ""PO25CL-GEN-C03-P14-A08"", ""PO25CL-GEN-C03-P14-A05"", ""PO25CL-GEN-C03-P14-A01"", ""PO25CL-GEN-C03-P11-A05"", ""PO25CL-APP-R07-M16"", ""PO25CL-GEN-C03-P15-A02"", ""PO25CL-APP-R07-M11"", ""PO25CL-GEN-C03-P14-A04""]","[0.6714504957199097, 0.6641474962234497, 0.597455620765686, 0.5424860715866089, 0.523002564907074, 0.5201082229614258, 0.4957611560821533, 0.4782664477825165, 0.4754849076271057, 0.47237488627433777]",[2],2.0,2.0,2.0,0.5,0.6641474962234497,0.6641474962234497,0.6714504957199097,-0.007302999496459961,-0.007302999496459961,0.0,0.0,0.0,1.0,1.0,1.0,1.0,1.0,1.0,1.0,1.0,1.0,1.0,1.0,1.0
Q0209,Kann eine Projektarbeit einen schriftlichen Test enthalten?,fully_answerable,1,"[""PO25CL-GEN-C03-P14-A06""]",0.7630668878555298,0.7385746240615845,0.024492263793945312,"[""PO25CL-GEN-C03-P14-A06"", ""PO25CL-GEN-C03-P14-A08"", ""PO25CL-GEN-C03-P14-A09"", ""PO25CL-GEN-C03-P11-A05"", ""PO25CL-GEN-C03-P14-A01"", ""PO25CL-GEN-C03-P14-A05"", ""PO25CL-GEN-C03-P11-A06"", ""PO25CL-GEN-C03-P14-A02"", ""PO25CL-GEN-C03-P15-A06"", ""PO25CL-GEN-C03-P14-A04""]","[0.7630668878555298, 0.7385746240615845, 0.7376294136047363, 0.699251651763916, 0.6796706914901733, 0.6587451696395874, 0.6474906206130981, 0.6329739093780518, 0.6279957294464111, 0.6058962345123291]",[1],1.0,1.0,1.0,1.0,0.7630668878555298,0.7630668878555298,0.7385746240615845,0.024492263793945312,0.024492263793945312,1.0,1.0,1.0,1.0,1.0,1.0,1.0,1.0,1.0,1.0,1.0,1.0,1.0,1.0,1.0
Q0210,Wie lange dauert die Präsentation einer Projektarbeit mindestens?,fully_answerable,1,"[""PO25CL-GEN-C03-P14-A06""]",0.7564557790756226,0.693661093711853,0.06279468536376953,"[""PO25CL-GEN-C03-P14-A06"", ""PO25CL-GEN-C03-P14-A10"", ""PO25CL-GEN-C03-P14-A03"", ""PO25CL-GEN-C03-P14-A04"", ""PO25CL-GEN-C03-P15-A04"", ""PO25CL-GEN-C03-P14-A05"", ""PO25CL-GEN-C03-P13-A02"", ""PO25CL-GEN-C03-P21-A02"", ""PO25CL-GEN-C03-P13-A01"", ""PO25CL-GEN-C03-P15-A05""]","[0.7564557790756226, 0.693661093711853, 0.6662036180496216, 0.6384923458099365, 0.5615798830986023, 0.5581662654876709, 0.5395510792732239, 0.5336624979972839, 0.5289363265037537, 0.5279284715652466]",[1],1.0,1.0,1.0,1.0,0.7564557790756226,0.7564557790756226,0.693661093711853,0.06279468536376953,0.06279468536376953,1.0,1.0,1.0,1.0,1.0,1.0,1.0,1.0,1.0,1.0,1.0,1.0,1.0,1.0,1.0
Q0211,Wie lange dauert die Präsentation einer Projektarbeit höchstens?,fully_answerable,1,"[""PO25CL-GEN-C03-P14-A06""]",0.7475525140762329,0.6849284172058105,0.06262409687042236,"[""PO25CL-GEN-C03-P14-A06"", ""PO25CL-GEN-C03-P14-A10"", ""PO25CL-GEN-C03-P14-A03"", ""PO25CL-GEN-C03-P14-A04"", ""PO25CL-GEN-C03-P14-A05"", ""PO25CL-GEN-C03-P15-A04"", ""PO25CL-GEN-C03-P13-A02"", ""PO25CL-GEN-C03-P21-A02"", ""PO25CL-GEN-C03-P15-A05"", ""PO25CL-GEN-C03-P13-A01""]","[0.7475525140762329, 0.6849284172058105, 0.6637053489685059, 0.6266826391220093, 0.554293155670166, 0.5474840402603149, 0.5226688385009766, 0.5221935510635376, 0.5214115381240845, 0.5127291083335876]",[1],1.0,1.0,1.0,1.0,0.7475525140762329,0.7475525140762329,0.6849284172058105,0.06262409687042236,0.06262409687042236,1.0,1.0,1.0,1.0,1.0,1.0,1.0,1.0,1.0,1.0,1.0,1.0,1.0,1.0,1.0
Q0212,Wie viele Wörter soll die schriftliche Ausarbeitung einer Projektarbeit mindestens umfassen?,fully_answerable,1,"[""PO25CL-GEN-C03-P14-A06""]",0.7711986303329468,0.6818483471870422,0.08935028314590454,"[""PO25CL-GEN-C03-P14-A06"", ""PO25CL-GEN-C03-P14-A05"", ""PO25CL-GEN-C03-P14-A04"", ""PO25CL-GEN-C03-P15-A10"", ""PO25CL-GEN-C03-P14-A09"", ""PO25CL-GEN-C03-P14-A08"", ""PO25CL-GEN-C03-P14-A01"", ""PO25CL-GEN-C03-P11-A05"", ""PO25CL-APP-R07-M16"", ""PO25CL-APP-R07-M08""]","[0.7711986303329468, 0.6818483471870422, 0.6406959295272827, 0.6262394785881042, 0.5807833671569824, 0.5474551916122437, 0.535523533821106, 0.5058629512786865, 0.47921016812324524, 0.4735003113746643]",[1],1.0,1.0,1.0,1.0,0.7711986303329468,0.7711986303329468,0.6818483471870422,0.08935028314590454,0.08935028314590454,1.0,1.0,1.0,1.0,1.0,1.0,1.0,1.0,1.0,1.0,1.0,1.0,1.0,1.0,1.0
Q0213,Wie viele Wörter soll die schriftliche Ausarbeitung einer Projektarbeit höchstens umfassen?,fully_answerable,1,"[""PO25CL-GEN-C03-P14-A06""]",0.7613937854766846,0.6723846793174744,0.0890091061592102,"[""PO25CL-GEN-C03-P14-A06"", ""PO25CL-GEN-C03-P14-A05"", ""PO25CL-GEN-C03-P14-A04"", ""PO25CL-GEN-C03-P15-A10"", ""PO25CL-GEN-C03-P14-A09"", ""PO25CL-GEN-C03-P14-A08"", ""PO25CL-GEN-C03-P14-A01"", ""PO25CL-GEN-C03-P11-A05"", ""PO25CL-APP-R07-M16"", ""PO25CL-APP-R07-M05""]","[0.7613937854766846, 0.6723846793174744, 0.6289862394332886, 0.6212976574897766, 0.590194821357727, 0.5481173396110535, 0.5326973795890808, 0.5025589466094971, 0.4817175269126892, 0.4740435481071472]",[1],1.0,1.0,1.0,1.0,0.7613937854766846,0.7613937854766846,0.6723846793174744,0.0890091061592102,0.0890091061592102,1.0,1.0,1.0,1.0,1.0,1.0,1.0,1.0,1.0,1.0,1.0,1.0,1.0,1.0,1.0
Q0214,Wie lange dauert ein schriftlicher Test innerhalb einer Projektarbeit in der Regel?,fully_answerable,1,"[""PO25CL-GEN-C03-P14-A06""]",0.8603197932243347,0.7610813975334167,0.09923839569091797,"[""PO25CL-GEN-C03-P14-A06"", ""PO25CL-GEN-C03-P14-A10"", ""PO25CL-GEN-C03-P14-A03"", ""PO25CL-GEN-C03-P14-A04"", ""PO25CL-GEN-C03-P14-A05"", ""PO25CL-GEN-C03-P13-A01"", ""PO25CL-GEN-C03-P13-A02"", ""PO25CL-GEN-C03-P11-A05"", ""PO25CL-GEN-C03-P14-A08"", ""PO25CL-GEN-C03-P11-A06""]","[0.8603197932243347, 0.7610813975334167, 0.7585024237632751, 0.7258164882659912, 0.7184653878211975, 0.7109078168869019, 0.6820899248123169, 0.6350979804992676, 0.6175873279571533, 0.6160527467727661]",[1],1.0,1.0,1.0,1.0,0.8603197932243347,0.8603197932243347,0.7610813975334167,0.09923839569091797,0.09923839569091797,1.0,1.0,1.0,1.0,1.0,1.0,1.0,1.0,1.0,1.0,1.0,1.0,1.0,1.0,1.0
Q0215,Aus wie vielen abgeschlossenen Objekten besteht ein Portfolio mindestens?,fully_answerable,1,"[""PO25CL-GEN-C03-P14-A07""]",0.5870761871337891,0.400508850812912,0.18656733632087708,"[""PO25CL-GEN-C03-P14-A07"", ""PO25CL-GEN-C03-P14-A09"", ""PO25CL-GEN-C03-P18-A05"", ""PO25CL-GEN-C01-P03-A02"", ""PO25CL-GEN-C03-P18-A08"", ""PO25CL-GEN-C01-P02-A02"", ""PO25CL-GEN-C03-P18-A06"", ""PO25CL-GEN-C03-P21-A01"", ""PO25CL-GEN-C03-P18-A07"", ""PO25CL-GEN-C01-P05-A02""]","[0.5870761871337891, 0.400508850812912, 0.3973570764064789, 0.38686084747314453, 0.383142352104187, 0.37654203176498413, 0.372223436832428, 0.3666406273841858, 0.358991801738739, 0.34846341609954834]",[1],1.0,1.0,1.0,1.0,0.5870761871337891,0.5870761871337891,0.400508850812912,0.18656733632087708,0.18656733632087708,1.0,1.0,1.0,1.0,1.0,1.0,1.0,1.0,1.0,1.0,1.0,1.0,1.0,1.0,1.0
Q0216,Kann ein Portfolio elektronisch geführt werden?,fully_answerable,1,"[""PO25CL-GEN-C03-P14-A07""]",0.6420856714248657,0.4163358807563782,0.22574979066848755,"[""PO25CL-GEN-C03-P14-A07"", ""PO25CL-GEN-C03-P16-A01"", ""PO25CL-PLAN-INTRO"", ""PO25CL-APP-R12"", ""PO25CL-GEN-C02-P07-A05"", ""PO25CL-GEN-C03-P12-A03"", ""PO25CL-GEN-C03-P11-A05"", ""PO25CL-GEN-C03-P14-A02"", ""PO25CL-APP-R03"", ""PO25CL-GEN-C01-P02-A02""]","[0.6420856714248657, 0.4163358807563782, 0.37965673208236694, 0.37262701988220215, 0.36586201190948486, 0.3495576083660126, 0.3475792407989502, 0.33879637718200684, 0.3352196216583252, 0.33008110523223877]",[1],1.0,1.0,1.0,1.0,0.6420856714248657,0.6420856714248657,0.4163358807563782,0.22574979066848755,0.22574979066848755,1.0,1.0,1.0,1.0,1.0,1.0,1.0,1.0,1.0,1.0,1.0,1.0,1.0,1.0,1.0
Q0217,Muss der individuelle Beitrag einer schriftlichen Gruppenarbeit eindeutig abgrenzbar sein?,fully_answerable,1,"[""PO25CL-GEN-C03-P14-A08""]",0.6544939875602722,0.6251415014266968,0.02935248613357544,"[""PO25CL-GEN-C03-P14-A09"", ""PO25CL-GEN-C03-P14-A08"", ""PO25CL-GEN-C03-P15-A08"", ""PO25CL-GEN-C03-P15-A10"", ""PO25CL-GEN-C03-P19-A06"", ""PO25CL-GEN-C04-P27-A01-02"", ""PO25CL-GEN-C03-P14-A01"", ""PO25CL-GEN-C03-P14-A06"", ""PO25CL-GEN-C03-P15-A06"", ""PO25CL-GEN-C02-P08-U01""]","[0.6544939875602722, 0.6251415014266968, 0.586164653301239, 0.5490318536758423, 0.5354247093200684, 0.5298177003860474, 0.5246158242225647, 0.5243624448776245, 0.5232465863227844, 0.5225582122802734]",[2],2.0,2.0,2.0,0.5,0.6251415014266968,0.6251415014266968,0.6544939875602722,-0.02935248613357544,-0.02935248613357544,0.0,0.0,0.0,1.0,1.0,1.0,1.0,1.0,1.0,1.0,1.0,1.0,1.0,1.0,1.0
Q0218,Welche Versicherung muss schriftlichen Arbeiten beigefügt werden?,fully_answerable,1,"[""PO25CL-GEN-C03-P14-A09""]",0.5712239742279053,0.5642483234405518,0.006975650787353516,"[""PO25CL-GEN-C03-P14-A09"", ""PO25CL-GEN-C03-P15-A09"", ""PO25CL-GEN-C03-P14-A02"", ""PO25CL-GEN-C03-P17-A03"", ""PO25CL-GEN-C03-P18-A08"", ""PO25CL-GEN-C03-P14-A01"", ""PO25CL-GEN-C04-P27-A03"", ""PO25CL-GEN-C04-P27-A01-02"", ""PO25CL-GEN-C03-P17-A04"", ""PO25CL-GEN-C03-P14-A08""]","[0.5712239742279053, 0.5642483234405518, 0.4953206479549408, 0.4804134964942932, 0.4752953350543976, 0.4651063084602356, 0.4607003331184387, 0.4600512385368347, 0.458527147769928, 0.45776253938674927]",[1],1.0,1.0,1.0,1.0,0.5712239742279053,0.5712239742279053,0.5642483234405518,0.006975650787353516,0.006975650787353516,1.0,1.0,1.0,1.0,1.0,1.0,1.0,1.0,1.0,1.0,1.0,1.0,1.0,1.0,1.0
Q0219,Muss die Nutzung generativer Künstlicher Intelligenz methodisch reflektiert werden?,fully_answerable,1,"[""PO25CL-GEN-C03-P14-A09""]",0.5178357362747192,0.47191596031188965,0.04591977596282959,"[""PO25CL-GEN-C03-P17-A05"", ""PO25CL-GEN-C03-P14-A09"", ""PO25CL-GEN-C01-P01-A01"", ""PO25CL-GEN-C03-P14-A02"", ""PO25CL-GEN-C03-P11-A05"", ""PO25CL-APP-R08"", ""PO25CL-GEN-C03-P15-A06"", ""PO25CL-GEN-C04-P30-U01"", ""PO25CL-APP-R09"", ""PO25CL-GEN-C01-P05-A01""]","[0.5178357362747192, 0.47191596031188965, 0.4404853582382202, 0.43565982580184937, 0.42962807416915894, 0.4169517755508423, 0.4138769507408142, 0.4026033282279968, 0.3868480324745178, 0.38133978843688965]",[2],2.0,2.0,2.0,0.5,0.47191596031188965,0.47191596031188965,0.5178357362747192,-0.04591977596282959,-0.04591977596282959,0.0,0.0,0.0,1.0,1.0,1.0,1.0,1.0,1.0,1.0,1.0,1.0,1.0,1.0,1.0
Q0220,Wie lange beträgt die Bearbeitungszeit einer Hausarbeit in der Regel?,fully_answerable,1,"[""PO25CL-GEN-C03-P14-A10""]",0.6708204746246338,0.6519625186920166,0.018857955932617188,"[""PO25CL-GEN-C03-P14-A10"", ""PO25CL-GEN-C03-P14-A05"", ""PO25CL-GEN-C03-P14-A03"", ""PO25CL-GEN-C01-P03-A01"", ""PO25CL-GEN-C03-P14-A06"", ""PO25CL-GEN-C03-P13-A01"", ""PO25CL-GEN-C01-P03-A04"", ""PO25CL-GEN-C03-P15-A04"", ""PO25CL-GEN-C03-P15-A05"", ""PO25CL-GEN-C03-P14-A04""]","[0.6708204746246338, 0.6519625186920166, 0.6433266401290894, 0.57667076587677, 0.5372930765151978, 0.5354580879211426, 0.5066417455673218, 0.4987981915473938, 0.4845546782016754, 0.4828419089317322]",[1],1.0,1.0,1.0,1.0,0.6708204746246338,0.6708204746246338,0.6519625186920166,0.018857955932617188,0.018857955932617188,1.0,1.0,1.0,1.0,1.0,1.0,1.0,1.0,1.0,1.0,1.0,1.0,1.0,1.0,1.0
Q0221,In welchem Fachsemester wird die Bachelorarbeit in der Regel angefertigt?,fully_answerable,1,"[""PO25CL-GEN-C03-P15-A01""]",0.7000174522399902,0.6977734565734863,0.0022439956665039062,"[""PO25CL-GEN-C03-P15-A01"", ""PO25CL-GEN-C03-P15-A02"", ""PO25CL-GEN-C01-P04-A02"", ""PO25CL-GEN-C03-P21-A03"", ""PO25CL-GEN-C03-P21-A01"", ""PO25CL-GEN-C01-P03-A05"", ""PO25CL-GEN-C03-P22-U01"", ""PO25CL-GEN-C04-P25-A03"", ""PO25CL-PLAN-S02-PBB"", ""PO25CL-PLAN-S01-PBB""]","[0.7000174522399902, 0.6977734565734863, 0.6394370794296265, 0.6213216781616211, 0.6209908723831177, 0.6120092868804932, 0.6043425798416138, 0.6026480197906494, 0.6008470058441162, 0.5954495668411255]",[1],1.0,1.0,1.0,1.0,0.7000174522399902,0.7000174522399902,0.6977734565734863,0.0022439956665039062,0.0022439956665039062,1.0,1.0,1.0,1.0,1.0,1.0,1.0,1.0,1.0,1.0,1.0,1.0,1.0,1.0,1.0
Q0222,Auf den Inhalt welcher Modulart bezieht sich die Bachelorarbeit in der Regel?,fully_answerable,1,"[""PO25CL-GEN-C03-P15-A02""]",0.7871935367584229,0.7219683527946472,0.06522518396377563,"[""PO25CL-GEN-C03-P15-A02"", ""PO25CL-GEN-C01-P04-A02"", ""PO25CL-GEN-C03-P15-A01"", ""PO25CL-GEN-C03-P15-A10"", ""PO25CL-PLAN-INTRO"", ""PO25CL-APP-R06"", ""PO25CL-PLAN-S02-PBB"", ""PO25CL-PLAN-S01-PBB"", ""PO25CL-PLAN-S04-PBB"", ""PO25CL-GEN-C03-P15-A09""]","[0.7871935367584229, 0.7219683527946472, 0.6720496416091919, 0.6663593053817749, 0.658747136592865, 0.6496169567108154, 0.6486274003982544, 0.6476212739944458, 0.6456130743026733, 0.6431810259819031]",[1],1.0,1.0,1.0,1.0,0.7871935367584229,0.7871935367584229,0.7219683527946472,0.06522518396377563,0.06522518396377563,1.0,1.0,1.0,1.0,1.0,1.0,1.0,1.0,1.0,1.0,1.0,1.0,1.0,1.0,1.0
Q0223,Aus welchem Fach muss das Aufbaumodul bei einem Kern- und Ergänzungsfachstudiengang stammen?,fully_answerable,1,"[""PO25CL-GEN-C03-P15-A02""]",0.6693694591522217,0.6493781805038452,0.019991278648376465,"[""PO25CL-GEN-C01-P04-A02"", ""PO25CL-GEN-C03-P15-A02"", ""PO25CL-GEN-C01-P03-A03"", ""PO25CL-GEN-C02-P06-U01"", ""PO25CL-GEN-C03-P14-A09"", ""PO25CL-GEN-C01-P04-A01"", ""PO25CL-GEN-C01-P01-A01"", ""PO25CL-GEN-C02-P07-A01"", ""PO25CL-GEN-C03-P14-A08"", ""PO25CL-GEN-C01-P05-A02""]","[0.6693694591522217, 0.6493781805038452, 0.637703537940979, 0.6176066398620605, 0.6052823066711426, 0.6010041236877441, 0.5989698171615601, 0.5956248044967651, 0.5700360536575317, 0.56707763671875]",[2],2.0,2.0,2.0,0.5,0.6493781805038452,0.6493781805038452,0.6693694591522217,-0.019991278648376465,-0.019991278648376465,0.0,0.0,0.0,1.0,1.0,1.0,1.0,1.0,1.0,1.0,1.0,1.0,1.0,1.0,1.0
Q0224,Wessen Zustimmung ist für ein Thema aus einem anderen Themenbereich erforderlich?,fully_answerable,1,"[""PO25CL-GEN-C03-P15-A02""]",0.599126935005188,0.5457251071929932,0.053401827812194824,"[""PO25CL-GEN-C03-P12-A04"", ""PO25CL-GEN-C03-P15-A03"", ""PO25CL-GEN-C04-P27-A01-02"", ""PO25CL-GEN-C04-P24-A03"", ""PO25CL-GEN-C04-P25-A02"", ""PO25CL-GEN-C04-P29-U01"", ""PO25CL-GEN-C04-P25-A03"", ""PO25CL-GEN-C04-P25-A01"", ""PO25CL-GEN-C04-P25-A05"", ""PO25CL-GEN-C03-P14-A09""]","[0.599126935005188, 0.5457251071929932, 0.5393502116203308, 0.5386297702789307, 0.517632782459259, 0.5103500485420227, 0.5100913047790527, 0.4941539764404297, 0.4933769702911377, 0.4930413067340851]",[45],45.0,45.0,45.0,0.022222222222222223,0.4062938094139099,0.4062938094139099,0.599126935005188,-0.19283312559127808,-0.19283312559127808,0.0,0.0,0.0,0.0,0.0,0.0,0.0,0.0,0.0,0.0,0.0,0.0,0.0,0.0,0.0
Q0225,Dürfen Studierende einen Themenbereich für die Bachelorarbeit vorschlagen?,fully_answerable,1,"[""PO25CL-GEN-C03-P15-A02""]",0.6890448331832886,0.6381791830062866,0.05086565017700195,"[""PO25CL-GEN-C03-P15-A02"", ""PO25CL-PLAN-S02-PBB"", ""PO25CL-GEN-C01-P04-A02"", ""PO25CL-PLAN-S05-PBB"", ""PO25CL-PLAN-S01-PBB"", ""PO25CL-PLAN-S03-PBB"", ""PO25CL-PLAN-S06-PBB"", ""PO25CL-PLAN-INTRO"", ""PO25CL-PLAN-S04-PBB"", ""PO25CL-GEN-C03-P15-A01""]","[0.6890448331832886, 0.6381791830062866, 0.6364889144897461, 0.6363078355789185, 0.6350213289260864, 0.6320126056671143, 0.631404459476471, 0.6291061043739319, 0.628340482711792, 0.6218733787536621]",[1],1.0,1.0,1.0,1.0,0.6890448331832886,0.6890448331832886,0.6381791830062866,0.05086565017700195,0.05086565017700195,1.0,1.0,1.0,1.0,1.0,1.0,1.0,1.0,1.0,1.0,1.0,1.0,1.0,1.0,1.0
Q0226,Wer bestellt die Betreuung der Bachelorarbeit?,fully_answerable,1,"[""PO25CL-GEN-C03-P15-A03""]",0.5675582885742188,0.5542954206466675,0.01326286792755127,"[""PO25CL-GEN-C03-P15-A09"", ""PO25CL-GEN-C04-P25-A03"", ""PO25CL-GEN-C03-P16-A02"", ""PO25CL-GEN-C03-P15-A03"", ""PO25CL-GEN-C03-P21-A03"", ""PO25CL-GEN-C03-P15-A01"", ""PO25CL-GEN-C03-P15-A02"", ""PO25CL-GEN-C02-P09-A05"", ""PO25CL-GEN-C02-P09-A03"", ""PO25CL-GEN-C03-P15-A08""]","[0.5675582885742188, 0.5542954206466675, 0.5374106764793396, 0.5277441143989563, 0.5214046835899353, 0.5151602625846863, 0.5066910982131958, 0.49510279297828674, 0.491951584815979, 0.48721742630004883]",[4],4.0,4.0,4.0,0.25,0.5277441143989563,0.5277441143989563,0.5675582885742188,-0.03981417417526245,-0.03981417417526245,0.0,0.0,0.0,0.0,0.0,0.0,0.0,0.0,0.0,1.0,1.0,1.0,1.0,1.0,1.0
Q0227,Wer formuliert das Thema der Bachelorarbeit?,fully_answerable,1,"[""PO25CL-GEN-C03-P15-A03""]",0.7117219567298889,0.6459152102470398,0.06580674648284912,"[""PO25CL-GEN-C03-P15-A02"", ""PO25CL-GEN-C03-P21-A03"", ""PO25CL-GEN-C03-P15-A09"", ""PO25CL-GEN-C01-P01-A02"", ""PO25CL-GEN-C01-P04-A02"", ""PO25CL-GEN-C03-P15-A01"", ""PO25CL-GEN-C03-P22-U01"", ""PO25CL-GEN-C04-P25-A03"", ""PO25CL-GEN-C03-P15-A03"", ""PO25CL-GEN-C03-P21-A04""]","[0.7117219567298889, 0.6459152102470398, 0.6453534960746765, 0.6268157362937927, 0.6249743103981018, 0.6210355758666992, 0.6194828748703003, 0.6074817180633545, 0.598686158657074, 0.5926741361618042]",[9],9.0,9.0,9.0,0.1111111111111111,0.598686158657074,0.598686158657074,0.7117219567298889,-0.11303579807281494,-0.11303579807281494,0.0,0.0,0.0,0.0,0.0,0.0,0.0,0.0,0.0,0.0,0.0,0.0,1.0,1.0,1.0
Q0228,Wer genehmigt das Thema der Bachelorarbeit?,fully_answerable,1,"[""PO25CL-GEN-C03-P15-A03""]",0.6809372901916504,0.6679245829582214,0.013012707233428955,"[""PO25CL-GEN-C03-P15-A02"", ""PO25CL-GEN-C03-P21-A03"", ""PO25CL-GEN-C03-P22-U01"", ""PO25CL-GEN-C03-P16-A02"", ""PO25CL-GEN-C04-P25-A03"", ""PO25CL-GEN-C03-P15-A09"", ""PO25CL-GEN-C03-P15-A03"", ""PO25CL-GEN-C03-P12-A01"", ""PO25CL-GEN-C01-P04-A02"", ""PO25CL-GEN-C03-P21-A04""]","[0.6809372901916504, 0.6679245829582214, 0.6335719227790833, 0.6257040500640869, 0.6246432065963745, 0.6199499368667603, 0.6180309057235718, 0.6159845590591431, 0.6116410493850708, 0.599114716053009]",[7],7.0,7.0,7.0,0.14285714285714285,0.6180309057235718,0.6180309057235718,0.6809372901916504,-0.06290638446807861,-0.06290638446807861,0.0,0.0,0.0,0.0,0.0,0.0,0.0,0.0,0.0,0.0,0.0,0.0,1.0,1.0,1.0
Q0229,In welcher Form wird das Thema der Bachelorarbeit ausgehändigt?,fully_answerable,1,"[""PO25CL-GEN-C03-P15-A03""]",0.7768530249595642,0.689509391784668,0.08734363317489624,"[""PO25CL-GEN-C03-P15-A02"", ""PO25CL-GEN-C01-P04-A02"", ""PO25CL-GEN-C03-P15-A01"", ""PO25CL-GEN-C03-P21-A03"", ""PO25CL-GEN-C03-P15-A09"", ""PO25CL-GEN-C01-P01-A02"", ""PO25CL-GEN-C03-P10-U01"", ""PO25CL-GEN-C02-P09-A02"", ""PO25CL-PLAN-INTRO"", ""PO25CL-GEN-C03-P22-U01""]","[0.7768530249595642, 0.689509391784668, 0.6887707114219666, 0.6868883371353149, 0.6622652411460876, 0.6585860252380371, 0.6555567979812622, 0.6495751142501831, 0.6398694515228271, 0.6393608450889587]",[39],39.0,39.0,39.0,0.02564102564102564,0.5676350593566895,0.5676350593566895,0.7768530249595642,-0.20921796560287476,-0.20921796560287476,0.0,0.0,0.0,0.0,0.0,0.0,0.0,0.0,0.0,0.0,0.0,0.0,0.0,0.0,0.0
Q0230,Über welches System wird das Thema der Bachelorarbeit ausgehändigt?,fully_answerable,1,"[""PO25CL-GEN-C03-P15-A03""]",0.7261630892753601,0.6465362310409546,0.07962685823440552,"[""PO25CL-GEN-C03-P15-A02"", ""PO25CL-GEN-C01-P04-A02"", ""PO25CL-GEN-C01-P01-A02"", ""PO25CL-GEN-C03-P15-A01"", ""PO25CL-GEN-C03-P15-A09"", ""PO25CL-PLAN-INTRO"", ""PO25CL-GEN-C02-P09-A02"", ""PO25CL-GEN-C03-P15-A08"", ""PO25CL-GEN-C03-P21-A03"", ""PO25CL-GEN-C03-P15-A03""]","[0.7261630892753601, 0.6465362310409546, 0.6402756571769714, 0.6358415484428406, 0.6345741748809814, 0.6294304728507996, 0.6256334185600281, 0.6121346950531006, 0.6087793111801147, 0.6049691438674927]",[10],10.0,10.0,10.0,0.1,0.6049691438674927,0.6049691438674927,0.7261630892753601,-0.12119394540786743,-0.12119394540786743,0.0,0.0,0.0,0.0,0.0,0.0,0.0,0.0,0.0,0.0,0.0,0.0,1.0,1.0,1.0
Q0231,Was muss zum Zeitpunkt der Themenausgabe dokumentiert werden?,fully_answerable,1,"[""PO25CL-GEN-C03-P15-A03""]",0.5736839771270752,0.5375711917877197,0.03611278533935547,"[""PO25CL-GEN-C03-P17-A03"", ""PO25CL-GEN-C04-P26-U01"", ""PO25CL-GEN-C03-P14-A10"", ""PO25CL-GEN-C03-P14-A03"", ""PO25CL-GEN-C03-P14-A06"", ""PO25CL-GEN-C03-P11-A04"", ""PO25CL-GEN-C03-P11-A09"", ""PO25CL-GEN-C03-P15-A04"", ""PO25CL-GEN-C03-P17-A01"", ""PO25CL-GEN-C03-P11-A07""]","[0.5736839771270752, 0.5375711917877197, 0.5217959880828857, 0.5154416561126709, 0.5025123357772827, 0.4929952919483185, 0.4893440008163452, 0.4872240126132965, 0.4855049252510071, 0.48100173473358154]",[19],19.0,19.0,19.0,0.05263157894736842,0.45671871304512024,0.45671871304512024,0.5736839771270752,-0.11696526408195496,-0.11696526408195496,0.0,0.0,0.0,0.0,0.0,0.0,0.0,0.0,0.0,0.0,0.0,0.0,0.0,0.0,0.0
Q0232,Wie lange beträgt die maximale Bearbeitungszeit der Bachelorarbeit?,fully_answerable,1,"[""PO25CL-GEN-C03-P15-A04""]",0.7739725112915039,0.6970653533935547,0.07690715789794922,"[""PO25CL-GEN-C01-P03-A01"", ""PO25CL-GEN-C03-P21-A02"", ""PO25CL-GEN-C02-P09-A01"", ""PO25CL-GEN-C03-P15-A05"", ""PO25CL-GEN-C03-P15-A10"", ""PO25CL-GEN-C01-P03-A04"", ""PO25CL-GEN-C03-P14-A10"", ""PO25CL-GEN-C03-P14-A03"", ""PO25CL-GEN-C03-P15-A04"", ""PO25CL-GEN-C01-P03-A05""]","[0.7739725112915039, 0.6970653533935547, 0.6944250464439392, 0.6890766620635986, 0.6593093872070312, 0.6580338478088379, 0.6489665508270264, 0.647969126701355, 0.6411743760108948, 0.6339749097824097]",[9],9.0,9.0,9.0,0.1111111111111111,0.6411743760108948,0.6411743760108948,0.7739725112915039,-0.13279813528060913,-0.13279813528060913,0.0,0.0,0.0,0.0,0.0,0.0,0.0,0.0,0.0,0.0,0.0,0.0,1.0,1.0,1.0
Q0233,Wie lang kann eine begründete Nachfrist für die Bachelorarbeit höchstens sein?,fully_answerable,1,"[""PO25CL-GEN-C03-P15-A04""]",0.7250211834907532,0.7143326997756958,0.010688483715057373,"[""PO25CL-GEN-C01-P03-A01"", ""PO25CL-GEN-C03-P15-A05"", ""PO25CL-GEN-C03-P15-A04"", ""PO25CL-GEN-C03-P21-A02"", ""PO25CL-GEN-C02-P09-A01"", ""PO25CL-GEN-C03-P16-A03"", ""PO25CL-GEN-C03-P15-A01"", ""PO25CL-PLAN-S06-SUM"", ""PO25CL-GEN-C03-P21-A01"", ""PO25CL-GEN-C03-P14-A10""]","[0.7250211834907532, 0.7143326997756958, 0.6673611998558044, 0.6549041271209717, 0.6415213346481323, 0.6261376142501831, 0.6258366107940674, 0.5774767994880676, 0.5761828422546387, 0.5700716376304626]",[3],3.0,3.0,3.0,0.3333333333333333,0.6673611998558044,0.6673611998558044,0.7250211834907532,-0.05765998363494873,-0.05765998363494873,0.0,0.0,0.0,0.0,0.0,0.0,1.0,1.0,1.0,1.0,1.0,1.0,1.0,1.0,1.0
Q0234,Wie lang kann die zusätzliche Nachfrist bei Erkrankung höchstens sein?,fully_answerable,1,"[""PO25CL-GEN-C03-P15-A04""]",0.5571032166481018,0.46710005402565,0.09000316262245178,"[""PO25CL-GEN-C03-P15-A04"", ""PO25CL-GEN-C03-P14-A03"", ""PO25CL-GEN-C03-P19-A07"", ""PO25CL-GEN-C03-P14-A10"", ""PO25CL-GEN-C02-P09-A01"", ""PO25CL-GEN-C03-P11-A09"", ""PO25CL-GEN-C01-P03-A01"", ""PO25CL-GEN-C03-P17-A03"", ""PO25CL-GEN-C03-P15-A05"", ""PO25CL-GEN-C01-P03-A04""]","[0.5571032166481018, 0.46710005402565, 0.45180341601371765, 0.4453556537628174, 0.4153175950050354, 0.41315001249313354, 0.4080873727798462, 0.389352023601532, 0.388429194688797, 0.38022735714912415]",[1],1.0,1.0,1.0,1.0,0.5571032166481018,0.5571032166481018,0.46710005402565,0.09000316262245178,0.09000316262245178,1.0,1.0,1.0,1.0,1.0,1.0,1.0,1.0,1.0,1.0,1.0,1.0,1.0,1.0,1.0
Q0235,Bis wann kann das Thema der Bachelorarbeit zurückgegeben werden?,fully_answerable,1,"[""PO25CL-GEN-C03-P15-A05""]",0.741701602935791,0.6433689594268799,0.09833264350891113,"[""PO25CL-GEN-C03-P15-A05"", ""PO25CL-GEN-C03-P21-A02"", ""PO25CL-GEN-C03-P21-A03"", ""PO25CL-GEN-C03-P15-A01"", ""PO25CL-GEN-C03-P19-A06"", ""PO25CL-GEN-C03-P15-A02"", ""PO25CL-GEN-C01-P03-A01"", ""PO25CL-PLAN-S02-PBB"", ""PO25CL-PLAN-S03-PBB"", ""PO25CL-PLAN-S04-PBB""]","[0.741701602935791, 0.6433689594268799, 0.6217738389968872, 0.6195679903030396, 0.6179806590080261, 0.6076639890670776, 0.5883156061172485, 0.5826336145401001, 0.580818772315979, 0.5802735090255737]",[1],1.0,1.0,1.0,1.0,0.741701602935791,0.741701602935791,0.6433689594268799,0.09833264350891113,0.09833264350891113,1.0,1.0,1.0,1.0,1.0,1.0,1.0,1.0,1.0,1.0,1.0,1.0,1.0,1.0,1.0
Q0236,Wie oft darf das Thema der Bachelorarbeit zurückgegeben werden?,fully_answerable,1,"[""PO25CL-GEN-C03-P15-A05""]",0.7531167268753052,0.6669222116470337,0.08619451522827148,"[""PO25CL-GEN-C03-P15-A05"", ""PO25CL-GEN-C03-P21-A02"", ""PO25CL-GEN-C01-P03-A01"", ""PO25CL-GEN-C03-P19-A06"", ""PO25CL-GEN-C03-P15-A01"", ""PO25CL-GEN-C03-P15-A10"", ""PO25CL-GEN-C03-P21-A01"", ""PO25CL-GEN-C02-P09-A01"", ""PO25CL-GEN-C03-P19-A01"", ""PO25CL-PLAN-S06-SUM""]","[0.7531167268753052, 0.6669222116470337, 0.6623193025588989, 0.6567511558532715, 0.654543936252594, 0.6535131335258484, 0.6337037086486816, 0.618085503578186, 0.6137585639953613, 0.6122603416442871]",[1],1.0,1.0,1.0,1.0,0.7531167268753052,0.7531167268753052,0.6669222116470337,0.08619451522827148,0.08619451522827148,1.0,1.0,1.0,1.0,1.0,1.0,1.0,1.0,1.0,1.0,1.0,1.0,1.0,1.0,1.0
Q0237,Welche Fragestellung sollen Studierende in der Bachelorarbeit selbstständig bearbeiten?,fully_answerable,1,"[""PO25CL-GEN-C03-P15-A06""]",0.6838482618331909,0.678331732749939,0.005516529083251953,"[""PO25CL-GEN-C03-P15-A02"", ""PO25CL-GEN-C03-P15-A06"", ""PO25CL-GEN-C01-P01-A02"", ""PO25CL-GEN-C03-P15-A09"", ""PO25CL-GEN-C03-P15-A08"", ""PO25CL-GEN-C03-P15-A01"", ""PO25CL-PLAN-INTRO"", ""PO25CL-GEN-C04-P25-A03"", ""PO25CL-GEN-C01-P04-A02"", ""PO25CL-GEN-C01-P01-A01""]","[0.6838482618331909, 0.678331732749939, 0.6526997089385986, 0.6217710971832275, 0.609329342842102, 0.6092875003814697, 0.601129949092865, 0.5976814031600952, 0.5861641764640808, 0.5827393531799316]",[2],2.0,2.0,2.0,0.5,0.678331732749939,0.678331732749939,0.6838482618331909,-0.005516529083251953,-0.005516529083251953,0.0,0.0,0.0,1.0,1.0,1.0,1.0,1.0,1.0,1.0,1.0,1.0,1.0,1.0,1.0
Q0238,Wie sollen die Ergebnisse der Bachelorarbeit dargestellt werden?,fully_answerable,1,"[""PO25CL-GEN-C03-P15-A06""]",0.695190966129303,0.6818382740020752,0.013352692127227783,"[""PO25CL-GEN-C03-P15-A01"", ""PO25CL-GEN-C03-P21-A01"", ""PO25CL-GEN-C03-P15-A02"", ""PO25CL-GEN-C01-P03-A05"", ""PO25CL-GEN-C03-P21-A03"", ""PO25CL-GEN-C03-P21-A02"", ""PO25CL-GEN-C01-P04-A02"", ""PO25CL-GEN-C03-P10-U01"", ""PO25CL-GEN-C03-P18-A05"", ""PO25CL-GEN-C01-P01-A02""]","[0.695190966129303, 0.6818382740020752, 0.6783463954925537, 0.6611381769180298, 0.6565380692481995, 0.6508698463439941, 0.6482557058334351, 0.6475316286087036, 0.6374688744544983, 0.6372445821762085]",[25],25.0,25.0,25.0,0.04,0.6051005721092224,0.6051005721092224,0.695190966129303,-0.09009039402008057,-0.09009039402008057,0.0,0.0,0.0,0.0,0.0,0.0,0.0,0.0,0.0,0.0,0.0,0.0,0.0,0.0,0.0
Q0239,Darf das Thema der Bachelorarbeit mit einer bereits abgelegten Abschlussprüfung deckungsgleich sein?,fully_answerable,1,"[""PO25CL-GEN-C03-P15-A06""]",0.7254420518875122,0.7220750451087952,0.003367006778717041,"[""PO25CL-GEN-C03-P15-A02"", ""PO25CL-GEN-C03-P21-A03"", ""PO25CL-GEN-C03-P15-A06"", ""PO25CL-GEN-C03-P15-A01"", ""PO25CL-GEN-C03-P10-U01"", ""PO25CL-GEN-C03-P23-U01"", ""PO25CL-GEN-C03-P21-A02"", ""PO25CL-GEN-C03-P19-A06"", ""PO25CL-GEN-C03-P21-A01"", ""PO25CL-GEN-C01-P01-A02""]","[0.7254420518875122, 0.7220750451087952, 0.6876706480979919, 0.6801496744155884, 0.6796545386314392, 0.6716972589492798, 0.6703840494155884, 0.6598531007766724, 0.651745080947876, 0.650053858757019]",[3],3.0,3.0,3.0,0.3333333333333333,0.6876706480979919,0.6876706480979919,0.7254420518875122,-0.037771403789520264,-0.037771403789520264,0.0,0.0,0.0,0.0,0.0,0.0,1.0,1.0,1.0,1.0,1.0,1.0,1.0,1.0,1.0
Q0240,Muss das Thema der Bachelorarbeit innerhalb der vorgesehenen Frist bearbeitbar sein?,fully_answerable,1,"[""PO25CL-GEN-C03-P15-A06""]",0.6977620124816895,0.6943529844284058,0.0034090280532836914,"[""PO25CL-GEN-C03-P15-A02"", ""PO25CL-GEN-C03-P15-A05"", ""PO25CL-GEN-C03-P21-A02"", ""PO25CL-GEN-C03-P15-A01"", ""PO25CL-GEN-C03-P15-A06"", ""PO25CL-GEN-C03-P21-A03"", ""PO25CL-GEN-C01-P03-A01"", ""PO25CL-GEN-C03-P16-A03"", ""PO25CL-GEN-C03-P16-A01"", ""PO25CL-GEN-C03-P15-A08""]","[0.6977620124816895, 0.6943529844284058, 0.6541002988815308, 0.6533192992210388, 0.6508413553237915, 0.6384282112121582, 0.630997896194458, 0.6197508573532104, 0.6193524599075317, 0.6184718608856201]",[5],5.0,5.0,5.0,0.2,0.6508413553237915,0.6508413553237915,0.6977620124816895,-0.04692065715789795,-0.04692065715789795,0.0,0.0,0.0,0.0,0.0,0.0,0.0,0.0,0.0,1.0,1.0,1.0,1.0,1.0,1.0
Q0241,Darf eine Bachelorarbeit grundsätzlich in englischer Sprache verfasst werden?,fully_answerable,1,"[""PO25CL-GEN-C03-P15-A07""]",0.6468769311904907,0.5399932861328125,0.10688364505767822,"[""PO25CL-GEN-C03-P15-A07"", ""PO25CL-GEN-C03-P15-A01"", ""PO25CL-GEN-C03-P15-A10"", ""PO25CL-GEN-C03-P15-A02"", ""PO25CL-GEN-C03-P16-A01"", ""PO25CL-PLAN-S02-M03"", ""PO25CL-PLAN-S03-M03"", ""PO25CL-GEN-C03-P12-A01"", ""PO25CL-APP-R04"", ""PO25CL-PLAN-S01-M04""]","[0.6468769311904907, 0.5399932861328125, 0.5352249145507812, 0.5340127944946289, 0.5298009514808655, 0.520362377166748, 0.5159980058670044, 0.5135136246681213, 0.5129737854003906, 0.510204553604126]",[1],1.0,1.0,1.0,1.0,0.6468769311904907,0.6468769311904907,0.5399932861328125,0.10688364505767822,0.10688364505767822,1.0,1.0,1.0,1.0,1.0,1.0,1.0,1.0,1.0,1.0,1.0,1.0,1.0,1.0,1.0
Q0242,In welcher Sprache muss die Bachelorarbeit im Studiengang Germanistik verfasst werden?,fully_answerable,1,"[""PO25CL-GEN-C03-P15-A07""]",0.8387729525566101,0.6460069417953491,0.192766010761261,"[""PO25CL-GEN-C03-P15-A07"", ""PO25CL-GEN-C03-P11-A08"", ""PO25CL-GEN-C01-P04-A04"", ""PO25CL-FRONT-TITLE"", ""PO25CL-GEN-C03-P21-A04"", ""PO25CL-FRONT-PREAMBLE"", ""PO25CL-GEN-C01-P04-A05"", ""PO25CL-PLAN-S02-M03"", ""PO25CL-GEN-C03-P12-A01"", ""PO25CL-PLAN-S03-M03""]","[0.8387729525566101, 0.6460069417953491, 0.6205921173095703, 0.5798138380050659, 0.5745459198951721, 0.5505105257034302, 0.5449345111846924, 0.538334846496582, 0.5309547781944275, 0.5293661952018738]",[1],1.0,1.0,1.0,1.0,0.8387729525566101,0.8387729525566101,0.6460069417953491,0.192766010761261,0.192766010761261,1.0,1.0,1.0,1.0,1.0,1.0,1.0,1.0,1.0,1.0,1.0,1.0,1.0,1.0,1.0
Q0243,In welcher Sprache muss die Bachelorarbeit im Studiengang Anglistik und Amerikanistik verfasst werden?,fully_answerable,1,"[""PO25CL-GEN-C03-P15-A07""]",0.6455568671226501,0.5545796751976013,0.09097719192504883,"[""PO25CL-GEN-C03-P15-A07"", ""PO25CL-GEN-C01-P04-A05"", ""PO25CL-GEN-C01-P04-A03"", ""PO25CL-PLAN-S02-M03"", ""PO25CL-PLAN-S01-M04"", ""PO25CL-APP-R04"", ""PO25CL-GEN-C01-P04-A04"", ""PO25CL-GEN-C03-P12-A01"", ""PO25CL-PLAN-S03-M03"", ""PO25CL-APP-R12""]","[0.6455568671226501, 0.5545796751976013, 0.5417993068695068, 0.5388094782829285, 0.5378995537757874, 0.5316179394721985, 0.5289384126663208, 0.5205674171447754, 0.5126903057098389, 0.5037046670913696]",[1],1.0,1.0,1.0,1.0,0.6455568671226501,0.6455568671226501,0.5545796751976013,0.09097719192504883,0.09097719192504883,1.0,1.0,1.0,1.0,1.0,1.0,1.0,1.0,1.0,1.0,1.0,1.0,1.0,1.0,1.0
Q0244,Wer kann weitere Ausnahmen von der vorgegebenen Sprache gestatten?,fully_answerable,1,"[""PO25CL-GEN-C03-P15-A07""]",0.5989072322845459,0.5288435220718384,0.07006371021270752,"[""PO25CL-GEN-C03-P11-A08"", ""PO25CL-APP-R11"", ""PO25CL-APP-R07-M05"", ""PO25CL-APP-R12"", ""PO25CL-APP-R09"", ""PO25CL-GEN-C03-P12-A05"", ""PO25CL-GEN-C03-P12-A01"", ""PO25CL-GEN-C01-P04-A05"", ""PO25CL-GEN-C03-P15-A07"", ""PO25CL-PLAN-S02-M03""]","[0.5989072322845459, 0.5288435220718384, 0.49868154525756836, 0.4756165146827698, 0.46076279878616333, 0.45799458026885986, 0.45432165265083313, 0.4535119831562042, 0.4531271457672119, 0.4529542922973633]",[9],9.0,9.0,9.0,0.1111111111111111,0.4531271457672119,0.4531271457672119,0.5989072322845459,-0.14578008651733398,-0.14578008651733398,0.0,0.0,0.0,0.0,0.0,0.0,0.0,0.0,0.0,0.0,0.0,0.0,1.0,1.0,1.0
Q0245,Kann die Bachelorarbeit als Gruppenarbeit zugelassen werden?,answerable_with_multiple_chunks,2,"[""PO25CL-GEN-C03-P15-A08"", ""PO25CL-GEN-C03-P15-A06""]",0.703119695186615,0.6246763467788696,0.07844334840774536,"[""PO25CL-GEN-C03-P15-A08"", ""PO25CL-GEN-C03-P15-A09"", ""PO25CL-GEN-C03-P19-A06"", ""PO25CL-GEN-C03-P15-A02"", ""PO25CL-GEN-C03-P15-A01"", ""PO25CL-GEN-C03-P15-A05"", ""PO25CL-GEN-C03-P15-A07"", ""PO25CL-GEN-C01-P04-A02"", ""PO25CL-GEN-C03-P15-A10"", ""PO25CL-GEN-C04-P25-A03""]","[0.703119695186615, 0.6246763467788696, 0.617931067943573, 0.5805212259292603, 0.559392511844635, 0.49234598875045776, 0.49205803871154785, 0.4736279845237732, 0.4708373248577118, 0.4702036678791046]","[1, 12]",1.0,12.0,6.5,1.0,0.703119695186615,0.46395260095596313,0.6246763467788696,0.07844334840774536,-0.1607237458229065,0.5,1.0,0.0,0.5,1.0,0.0,0.5,1.0,0.0,0.5,1.0,0.0,0.5,1.0,0.0
Q0246,Müssen individuelle Beiträge zu einer Bachelor-Gruppenarbeit eindeutig unterscheidbar sein?,fully_answerable,1,"[""PO25CL-GEN-C03-P15-A08""]",0.6836366653442383,0.6485188007354736,0.03511786460876465,"[""PO25CL-GEN-C03-P15-A08"", ""PO25CL-GEN-C03-P19-A06"", ""PO25CL-GEN-C03-P15-A02"", ""PO25CL-GEN-C03-P15-A09"", ""PO25CL-GEN-C03-P15-A06"", ""PO25CL-GEN-C04-P28-A09"", ""PO25CL-GEN-C04-P28-A03"", ""PO25CL-GEN-C01-P04-A02"", ""PO25CL-GEN-C04-P28-A04"", ""PO25CL-GEN-C04-P28-A05""]","[0.6836366653442383, 0.6485188007354736, 0.6328532099723816, 0.6272153258323669, 0.5830893516540527, 0.5636162757873535, 0.5633494853973389, 0.5457079410552979, 0.5401043891906738, 0.539190948009491]",[1],1.0,1.0,1.0,1.0,0.6836366653442383,0.6836366653442383,0.6485188007354736,0.03511786460876465,0.03511786460876465,1.0,1.0,1.0,1.0,1.0,1.0,1.0,1.0,1.0,1.0,1.0,1.0,1.0,1.0,1.0
Q0247,Wie viele Wörter muss eine Bachelorarbeit mindestens umfassen?,fully_answerable,1,"[""PO25CL-GEN-C03-P15-A10""]",0.7685468196868896,0.6244964599609375,0.14405035972595215,"[""PO25CL-GEN-C03-P15-A10"", ""PO25CL-APP-R06"", ""PO25CL-GEN-C03-P21-A02"", ""PO25CL-GEN-C03-P15-A01"", ""PO25CL-GEN-C03-P14-A04"", ""PO25CL-PLAN-LEGEND"", ""PO25CL-PLAN-S06-SUM"", ""PO25CL-APP-R10"", ""PO25CL-PLAN-S03-SUM"", ""PO25CL-PLAN-S04-SUM""]","[0.7685468196868896, 0.6244964599609375, 0.5901719331741333, 0.5775305032730103, 0.5670958757400513, 0.5668805241584778, 0.5652482509613037, 0.5604610443115234, 0.5585717558860779, 0.5569504499435425]",[1],1.0,1.0,1.0,1.0,0.7685468196868896,0.7685468196868896,0.6244964599609375,0.14405035972595215,0.14405035972595215,1.0,1.0,1.0,1.0,1.0,1.0,1.0,1.0,1.0,1.0,1.0,1.0,1.0,1.0,1.0
Q0248,Wie viele Wörter darf eine Bachelorarbeit höchstens umfassen?,fully_answerable,1,"[""PO25CL-GEN-C03-P15-A10""]",0.7661538124084473,0.6285155415534973,0.13763827085494995,"[""PO25CL-GEN-C03-P15-A10"", ""PO25CL-APP-R06"", ""PO25CL-GEN-C03-P15-A01"", ""PO25CL-GEN-C03-P21-A02"", ""PO25CL-PLAN-S06-SUM"", ""PO25CL-APP-R10"", ""PO25CL-PLAN-LEGEND"", ""PO25CL-PLAN-S03-SUM"", ""PO25CL-PLAN-S04-SUM"", ""PO25CL-PLAN-S05-SUM""]","[0.7661538124084473, 0.6285155415534973, 0.592547595500946, 0.5886462926864624, 0.5770500898361206, 0.5688572525978088, 0.568318784236908, 0.5682993531227112, 0.5675592422485352, 0.5665310621261597]",[1],1.0,1.0,1.0,1.0,0.7661538124084473,0.7661538124084473,0.6285155415534973,0.13763827085494995,0.13763827085494995,1.0,1.0,1.0,1.0,1.0,1.0,1.0,1.0,1.0,1.0,1.0,1.0,1.0,1.0,1.0
Q0249,In welchem Dateiformat ist die Bachelorarbeit einzureichen?,fully_answerable,1,"[""PO25CL-GEN-C03-P16-A01""]",0.6358053684234619,0.6324067115783691,0.0033986568450927734,"[""PO25CL-PLAN-S06-SUM"", ""PO25CL-GEN-C03-P15-A02"", ""PO25CL-PLAN-S02-SUM"", ""PO25CL-PLAN-S03-SUM"", ""PO25CL-PLAN-S05-SUM"", ""PO25CL-PLAN-S04-SUM"", ""PO25CL-PLAN-S01-PBB"", ""PO25CL-PLAN-S01-SUM"", ""PO25CL-PLAN-S02-PBB"", ""PO25CL-GEN-C03-P21-A03""]","[0.6358053684234619, 0.6324067115783691, 0.6278941035270691, 0.6272971630096436, 0.6270369291305542, 0.6254960298538208, 0.6247494220733643, 0.6234813928604126, 0.620011568069458, 0.6197586059570312]",[20],20.0,20.0,20.0,0.05,0.5816600322723389,0.5816600322723389,0.6358053684234619,-0.05414533615112305,-0.05414533615112305,0.0,0.0,0.0,0.0,0.0,0.0,0.0,0.0,0.0,0.0,0.0,0.0,0.0,0.0,0.0
Q0250,Bis zu welchem Zeitpunkt muss die Bachelorarbeit abgegeben werden?,fully_answerable,1,"[""PO25CL-GEN-C03-P16-A01""]",0.7096943259239197,0.7001731991767883,0.009521126747131348,"[""PO25CL-GEN-C01-P03-A01"", ""PO25CL-GEN-C03-P15-A05"", ""PO25CL-GEN-C03-P21-A02"", ""PO25CL-GEN-C03-P15-A01"", ""PO25CL-GEN-C03-P15-A04"", ""PO25CL-GEN-C02-P09-A01"", ""PO25CL-GEN-C03-P16-A03"", ""PO25CL-GEN-C03-P21-A03"", ""PO25CL-GEN-C03-P16-A01"", ""PO25CL-GEN-C03-P21-A01""]","[0.7096943259239197, 0.7001731991767883, 0.6855748891830444, 0.6535038948059082, 0.6464947462081909, 0.6429067254066467, 0.631382942199707, 0.6115964651107788, 0.5791813731193542, 0.5757206678390503]",[9],9.0,9.0,9.0,0.1111111111111111,0.5791813731193542,0.5791813731193542,0.7096943259239197,-0.13051295280456543,-0.13051295280456543,0.0,0.0,0.0,0.0,0.0,0.0,0.0,0.0,0.0,0.0,0.0,0.0,1.0,1.0,1.0
Q0251,Wie erfolgt die elektronische Abgabe der Bachelorarbeit?,fully_answerable,1,"[""PO25CL-GEN-C03-P16-A01""]",0.7354432344436646,0.6096216440200806,0.12582159042358398,"[""PO25CL-GEN-C03-P16-A01"", ""PO25CL-PLAN-INTRO"", ""PO25CL-PLAN-LEGEND"", ""PO25CL-PLAN-S01-PBB"", ""PO25CL-APP-R06"", ""PO25CL-PLAN-S02-PBB"", ""PO25CL-GEN-C03-P15-A03"", ""PO25CL-PLAN-S05-PBB"", ""PO25CL-PLAN-S05-M01"", ""PO25CL-PLAN-S03-PBB""]","[0.7354432344436646, 0.6096216440200806, 0.5890233516693115, 0.587496280670166, 0.5857827663421631, 0.5838079452514648, 0.578876256942749, 0.5770723819732666, 0.5741621255874634, 0.5737006664276123]",[1],1.0,1.0,1.0,1.0,0.7354432344436646,0.7354432344436646,0.6096216440200806,0.12582159042358398,0.12582159042358398,1.0,1.0,1.0,1.0,1.0,1.0,1.0,1.0,1.0,1.0,1.0,1.0,1.0,1.0,1.0
Q0252,Wer hält das Datum der Abgabe aktenkundig fest?,fully_answerable,1,"[""PO25CL-GEN-C03-P16-A01""]",0.4768582582473755,0.40938788652420044,0.06747037172317505,"[""PO25CL-GEN-C04-P26-U01"", ""PO25CL-GEN-C03-P15-A04"", ""PO25CL-GEN-C03-P17-A01"", ""PO25CL-GEN-C03-P17-A03"", ""PO25CL-GEN-C05-P32-U01"", ""PO25CL-GEN-C03-P11-A07"", ""PO25CL-GEN-C03-P11-A09"", ""PO25CL-GEN-C04-P25-A06"", ""PO25CL-GEN-C03-P20-A04"", ""PO25CL-GEN-C03-P13-A01""]","[0.4768582582473755, 0.40938788652420044, 0.4057081341743469, 0.396889328956604, 0.3906000852584839, 0.3885458707809448, 0.3764919638633728, 0.37353384494781494, 0.36956891417503357, 0.36825910210609436]",[12],12.0,12.0,12.0,0.08333333333333333,0.3470480442047119,0.3470480442047119,0.4768582582473755,-0.12981021404266357,-0.12981021404266357,0.0,0.0,0.0,0.0,0.0,0.0,0.0,0.0,0.0,0.0,0.0,0.0,0.0,0.0,0.0
Q0253,Mit welcher Note wird eine verspätet abgegebene Bachelorarbeit bewertet?,fully_answerable,1,"[""PO25CL-GEN-C03-P16-A01""]",0.6644158363342285,0.6596758365631104,0.004739999771118164,"[""PO25CL-GEN-C03-P21-A02"", ""PO25CL-GEN-C03-P21-A03"", ""PO25CL-GEN-C03-P18-A06"", ""PO25CL-GEN-C03-P18-A05"", ""PO25CL-GEN-C03-P16-A01"", ""PO25CL-GEN-C03-P23-U01"", ""PO25CL-GEN-C01-P03-A05"", ""PO25CL-GEN-C03-P16-A03"", ""PO25CL-GEN-C03-P15-A02"", ""PO25CL-GEN-C03-P21-A01""]","[0.6644158363342285, 0.6596758365631104, 0.6351695656776428, 0.634851336479187, 0.6254130005836487, 0.6199520230293274, 0.6155734062194824, 0.6151916980743408, 0.6120038628578186, 0.6088466644287109]",[5],5.0,5.0,5.0,0.2,0.6254130005836487,0.6254130005836487,0.6644158363342285,-0.039002835750579834,-0.039002835750579834,0.0,0.0,0.0,0.0,0.0,0.0,0.0,0.0,0.0,1.0,1.0,1.0,1.0,1.0,1.0
Q0254,Wie viele gebundene Exemplare können zusätzlich verlangt werden?,fully_answerable,1,"[""PO25CL-GEN-C03-P16-A01""]",0.4645923376083374,0.4598468244075775,0.004745513200759888,"[""PO25CL-GEN-C03-P15-A10"", ""PO25CL-GEN-C01-P03-A02"", ""PO25CL-GEN-C03-P18-A08"", ""PO25CL-GEN-C03-P18-A06"", ""PO25CL-GEN-C03-P19-A01"", ""PO25CL-GEN-C03-P14-A06"", ""PO25CL-GEN-C04-P25-A06"", ""PO25CL-GEN-C03-P11-A04"", ""PO25CL-GEN-C03-P14-A05"", ""PO25CL-GEN-C03-P14-A04""]","[0.4645923376083374, 0.4598468244075775, 0.41853034496307373, 0.41586413979530334, 0.4059680104255676, 0.403383731842041, 0.3940654993057251, 0.3861228823661804, 0.3843812942504883, 0.3839010000228882]",[117],117.0,117.0,117.0,0.008547008547008548,0.25035279989242554,0.25035279989242554,0.4645923376083374,-0.21423953771591187,-0.21423953771591187,0.0,0.0,0.0,0.0,0.0,0.0,0.0,0.0,0.0,0.0,0.0,0.0,0.0,0.0,0.0
Q0255,Bei wem sind zusätzlich verlangte gebundene Exemplare einzureichen?,fully_answerable,1,"[""PO25CL-GEN-C03-P16-A01""]",0.48559898138046265,0.46531254053115845,0.0202864408493042,"[""PO25CL-GEN-C03-P14-A09"", ""PO25CL-GEN-C04-P25-A04"", ""PO25CL-GEN-C03-P12-A04"", ""PO25CL-GEN-C03-P11-A07"", ""PO25CL-GEN-C04-P25-A05"", ""PO25CL-GEN-C04-P25-A03"", ""PO25CL-GEN-C03-P14-A08"", ""PO25CL-GEN-C03-P12-A01"", ""PO25CL-GEN-C04-P26-U01"", ""PO25CL-GEN-C04-P25-A06""]","[0.48559898138046265, 0.46531254053115845, 0.4597504138946533, 0.44313496351242065, 0.43847954273223877, 0.43111586570739746, 0.42964544892311096, 0.41648584604263306, 0.41238781809806824, 0.40884852409362793]",[97],97.0,97.0,97.0,0.010309278350515464,0.26907917857170105,0.26907917857170105,0.48559898138046265,-0.2165198028087616,-0.2165198028087616,0.0,0.0,0.0,0.0,0.0,0.0,0.0,0.0,0.0,0.0,0.0,0.0,0.0,0.0,0.0
Q0256,Von wie vielen Personen wird die Bachelorarbeit begutachtet?,fully_answerable,1,"[""PO25CL-GEN-C03-P16-A02""]",0.6204003691673279,0.6090282201766968,0.011372148990631104,"[""PO25CL-GEN-C03-P15-A10"", ""PO25CL-GEN-C03-P15-A01"", ""PO25CL-GEN-C03-P21-A01"", ""PO25CL-GEN-C03-P18-A06"", ""PO25CL-GEN-C03-P15-A02"", ""PO25CL-GEN-C01-P03-A05"", ""PO25CL-GEN-C03-P15-A09"", ""PO25CL-GEN-C03-P15-A08"", ""PO25CL-GEN-C03-P21-A03"", ""PO25CL-PLAN-S06-SUM""]","[0.6204003691673279, 0.6090282201766968, 0.6077420115470886, 0.5976303219795227, 0.5515089631080627, 0.5484715700149536, 0.5382879376411438, 0.5353192090988159, 0.5352441072463989, 0.5328720211982727]",[24],24.0,24.0,24.0,0.041666666666666664,0.4947705864906311,0.4947705864906311,0.6204003691673279,-0.12562978267669678,-0.12562978267669678,0.0,0.0,0.0,0.0,0.0,0.0,0.0,0.0,0.0,0.0,0.0,0.0,0.0,0.0,0.0
Q0257,Müssen die Gutachten unabhängig voneinander erstellt werden?,fully_answerable,1,"[""PO25CL-GEN-C03-P16-A02""]",0.44663700461387634,0.3863840103149414,0.060252994298934937,"[""PO25CL-GEN-C03-P14-A09"", ""PO25CL-GEN-C02-P07-A03"", ""PO25CL-GEN-C03-P15-A06"", ""PO25CL-GEN-C03-P19-A08"", ""PO25CL-GEN-C04-P27-A01-02"", ""PO25CL-GEN-C04-P25-A01"", ""PO25CL-GEN-C04-P28-A03"", ""PO25CL-GEN-C03-P11-A01"", ""PO25CL-GEN-C03-P14-A08"", ""PO25CL-GEN-C03-P14-A01""]","[0.44663700461387634, 0.3863840103149414, 0.38316383957862854, 0.3773840665817261, 0.3727177381515503, 0.3662952482700348, 0.3603624105453491, 0.3516155481338501, 0.34888744354248047, 0.3413770794868469]",[27],27.0,27.0,27.0,0.037037037037037035,0.3046054244041443,0.3046054244041443,0.44663700461387634,-0.14203158020973206,-0.14203158020973206,0.0,0.0,0.0,0.0,0.0,0.0,0.0,0.0,0.0,0.0,0.0,0.0,0.0,0.0,0.0
Q0258,Wer bestellt die Gutachtenden der Bachelorarbeit?,fully_answerable,1,"[""PO25CL-GEN-C03-P16-A02""]",0.562186062335968,0.5277400016784668,0.03444606065750122,"[""PO25CL-GEN-C04-P25-A03"", ""PO25CL-GEN-C03-P21-A03"", ""PO25CL-GEN-C03-P15-A01"", ""PO25CL-GEN-C03-P21-A04"", ""PO25CL-GEN-C03-P16-A02"", ""PO25CL-GEN-C03-P15-A03"", ""PO25CL-GEN-C03-P15-A09"", ""PO25CL-GEN-C03-P21-A01"", ""PO25CL-GEN-C03-P22-U01"", ""PO25CL-GEN-C03-P15-A02""]","[0.562186062335968, 0.5277400016784668, 0.5041763782501221, 0.5034633278846741, 0.49781203269958496, 0.4940018653869629, 0.49309515953063965, 0.48339009284973145, 0.47667616605758667, 0.4663147032260895]",[5],5.0,5.0,5.0,0.2,0.49781203269958496,0.49781203269958496,0.562186062335968,-0.06437402963638306,-0.06437402963638306,0.0,0.0,0.0,0.0,0.0,0.0,0.0,0.0,0.0,1.0,1.0,1.0,1.0,1.0,1.0
Q0259,Wer übernimmt das Erstgutachten der Bachelorarbeit?,fully_answerable,1,"[""PO25CL-GEN-C03-P16-A02""]",0.6060050129890442,0.5704923868179321,0.03551262617111206,"[""PO25CL-GEN-C03-P15-A01"", ""PO25CL-GEN-C04-P25-A03"", ""PO25CL-GEN-C03-P21-A03"", ""PO25CL-GEN-C03-P21-A01"", ""PO25CL-GEN-C03-P16-A02"", ""PO25CL-GEN-C03-P15-A02"", ""PO25CL-GEN-C03-P15-A09"", ""PO25CL-GEN-C01-P01-A02"", ""PO25CL-PLAN-S01-PBB"", ""PO25CL-PLAN-S05-PBB""]","[0.6060050129890442, 0.5704923868179321, 0.5647341012954712, 0.5603094696998596, 0.5598703026771545, 0.5552741289138794, 0.5546024441719055, 0.5281946659088135, 0.5277222394943237, 0.5265684127807617]",[5],5.0,5.0,5.0,0.2,0.5598703026771545,0.5598703026771545,0.6060050129890442,-0.04613471031188965,-0.04613471031188965,0.0,0.0,0.0,0.0,0.0,0.0,0.0,0.0,0.0,1.0,1.0,1.0,1.0,1.0,1.0
Q0260,Was macht die zweitbegutachtende Person bei übereinstimmender Beurteilung?,fully_answerable,1,"[""PO25CL-GEN-C03-P16-A02""]",0.5893539190292358,0.5525966882705688,0.03675723075866699,"[""PO25CL-GEN-C04-P27-A01-02"", ""PO25CL-GEN-C03-P16-A02"", ""PO25CL-GEN-C03-P19-A08"", ""PO25CL-GEN-C04-P28-A06"", ""PO25CL-GEN-C04-P28-A09"", ""PO25CL-GEN-C04-P28-A08"", ""PO25CL-GEN-C03-P14-A02"", ""PO25CL-GEN-C03-P20-A03"", ""PO25CL-GEN-C03-P17-A05"", ""PO25CL-GEN-C04-P24-A03""]","[0.5893539190292358, 0.5525966882705688, 0.5112273693084717, 0.5112089514732361, 0.5079890489578247, 0.5052577257156372, 0.5026655197143555, 0.49842002987861633, 0.4776156544685364, 0.47530364990234375]",[2],2.0,2.0,2.0,0.5,0.5525966882705688,0.5525966882705688,0.5893539190292358,-0.03675723075866699,-0.03675723075866699,0.0,0.0,0.0,1.0,1.0,1.0,1.0,1.0,1.0,1.0,1.0,1.0,1.0,1.0,1.0
Q0261,Was erstellt die zweitbegutachtende Person bei abweichender Beurteilung?,fully_answerable,1,"[""PO25CL-GEN-C03-P16-A02""]",0.5917151570320129,0.5087611675262451,0.08295398950576782,"[""PO25CL-GEN-C04-P27-A01-02"", ""PO25CL-GEN-C03-P17-A05"", ""PO25CL-GEN-C03-P20-A03"", ""PO25CL-GEN-C03-P16-A02"", ""PO25CL-GEN-C03-P20-A02"", ""PO25CL-GEN-C03-P19-A08"", ""PO25CL-GEN-C04-P28-A06"", ""PO25CL-GEN-C04-P28-A09"", ""PO25CL-GEN-C03-P20-A01"", ""PO25CL-GEN-C03-P19-A05""]","[0.5917151570320129, 0.5087611675262451, 0.5007873177528381, 0.49813830852508545, 0.4870009422302246, 0.4840344786643982, 0.47573423385620117, 0.46217668056488037, 0.4582557678222656, 0.44426602125167847]",[4],4.0,4.0,4.0,0.25,0.49813830852508545,0.49813830852508545,0.5917151570320129,-0.09357684850692749,-0.09357684850692749,0.0,0.0,0.0,0.0,0.0,0.0,0.0,0.0,0.0,1.0,1.0,1.0,1.0,1.0,1.0
Q0262,Wer kann ein ausführliches Zweitgutachten verlangen?,fully_answerable,1,"[""PO25CL-GEN-C03-P16-A02""]",0.45625782012939453,0.43749189376831055,0.018765926361083984,"[""PO25CL-GEN-C03-P20-A03"", ""PO25CL-APP-R09"", ""PO25CL-GEN-C04-P27-A01-02"", ""PO25CL-GEN-C03-P17-A03"", ""PO25CL-GEN-C03-P19-A05"", ""PO25CL-GEN-C03-P19-A08"", ""PO25CL-GEN-C04-P25-A03"", ""PO25CL-GEN-C03-P15-A06"", ""PO25CL-GEN-C03-P17-A06"", ""PO25CL-GEN-C03-P19-A04""]","[0.45625782012939453, 0.43749189376831055, 0.4250072240829468, 0.41757914423942566, 0.41156595945358276, 0.40892958641052246, 0.39927995204925537, 0.3991478979587555, 0.3933213949203491, 0.3827861547470093]",[16],16.0,16.0,16.0,0.0625,0.3700070083141327,0.3700070083141327,0.45625782012939453,-0.08625081181526184,-0.08625081181526184,0.0,0.0,0.0,0.0,0.0,0.0,0.0,0.0,0.0,0.0,0.0,0.0,0.0,0.0,0.0
Q0263,Nach welcher Vorschrift ergibt sich die Endnote der Bachelorarbeit?,fully_answerable,1,"[""PO25CL-GEN-C03-P16-A02""]",0.7042591571807861,0.6730643510818481,0.03119480609893799,"[""PO25CL-GEN-C03-P21-A03"", ""PO25CL-GEN-C03-P21-A02"", ""PO25CL-GEN-C03-P15-A02"", ""PO25CL-GEN-C03-P18-A05"", ""PO25CL-GEN-C03-P21-A01"", ""PO25CL-GEN-C01-P03-A05"", ""PO25CL-GEN-C03-P15-A10"", ""PO25CL-GEN-C03-P22-U01"", ""PO25CL-GEN-C03-P15-A01"", ""PO25CL-GEN-C03-P19-A10""]","[0.7042591571807861, 0.6730643510818481, 0.6708762049674988, 0.6607264280319214, 0.65465247631073, 0.6356043219566345, 0.6309544444084167, 0.6281057596206665, 0.624464750289917, 0.6104305982589722]",[32],32.0,32.0,32.0,0.03125,0.5577260255813599,0.5577260255813599,0.7042591571807861,-0.14653313159942627,-0.14653313159942627,0.0,0.0,0.0,0.0,0.0,0.0,0.0,0.0,0.0,0.0,0.0,0.0,0.0,0.0,0.0
Q0264,Bis wann muss die Bewertung der Bachelorarbeit mitgeteilt werden?,fully_answerable,1,"[""PO25CL-GEN-C03-P16-A03""]",0.747892439365387,0.7268012762069702,0.021091163158416748,"[""PO25CL-GEN-C03-P16-A03"", ""PO25CL-GEN-C03-P21-A02"", ""PO25CL-GEN-C03-P15-A05"", ""PO25CL-GEN-C03-P21-A03"", ""PO25CL-GEN-C03-P15-A01"", ""PO25CL-GEN-C01-P03-A01"", ""PO25CL-GEN-C03-P15-A04"", ""PO25CL-GEN-C03-P19-A01"", ""PO25CL-GEN-C03-P20-A04"", ""PO25CL-GEN-C03-P21-A01""]","[0.747892439365387, 0.7268012762069702, 0.707862377166748, 0.6895185708999634, 0.6623295545578003, 0.6555335521697998, 0.655524492263794, 0.6438772082328796, 0.6421259641647339, 0.6345679759979248]",[1],1.0,1.0,1.0,1.0,0.747892439365387,0.747892439365387,0.7268012762069702,0.021091163158416748,0.021091163158416748,1.0,1.0,1.0,1.0,1.0,1.0,1.0,1.0,1.0,1.0,1.0,1.0,1.0,1.0,1.0
Q0265,Bis wann kann man sich von einer Klausur abmelden?,fully_answerable,1,"[""PO25CL-GEN-C03-P17-A01""]",0.6244089603424072,0.5851798057556152,0.03922915458679199,"[""PO25CL-GEN-C03-P15-A04"", ""PO25CL-GEN-C03-P17-A01"", ""PO25CL-GEN-C03-P14-A03"", ""PO25CL-GEN-C03-P14-A10"", ""PO25CL-GEN-C03-P13-A01"", ""PO25CL-GEN-C03-P11-A09"", ""PO25CL-GEN-C03-P13-A02"", ""PO25CL-GEN-C04-P25-A06"", ""PO25CL-GEN-C03-P15-A05"", ""PO25CL-GEN-C04-P26-U01""]","[0.6244089603424072, 0.5851798057556152, 0.5665132999420166, 0.560706615447998, 0.5484553575515747, 0.524412214756012, 0.4930954575538635, 0.49276936054229736, 0.48984771966934204, 0.4838842749595642]",[2],2.0,2.0,2.0,0.5,0.5851798057556152,0.5851798057556152,0.6244089603424072,-0.03922915458679199,-0.03922915458679199,0.0,0.0,0.0,1.0,1.0,1.0,1.0,1.0,1.0,1.0,1.0,1.0,1.0,1.0,1.0
Q0266,Bis wann kann man sich von einer mündlichen Prüfung abmelden?,fully_answerable,1,"[""PO25CL-GEN-C03-P17-A01""]",0.7481328248977661,0.7103683948516846,0.03776443004608154,"[""PO25CL-GEN-C03-P13-A01"", ""PO25CL-GEN-C03-P14-A10"", ""PO25CL-GEN-C03-P17-A01"", ""PO25CL-GEN-C03-P11-A09"", ""PO25CL-GEN-C03-P20-A04"", ""PO25CL-GEN-C03-P14-A04"", ""PO25CL-GEN-C03-P19-A07"", ""PO25CL-GEN-C03-P15-A04"", ""PO25CL-GEN-C03-P21-A02"", ""PO25CL-GEN-C03-P13-A02""]","[0.7481328248977661, 0.7103683948516846, 0.6843866109848022, 0.6442979574203491, 0.6322294473648071, 0.6284939050674438, 0.6280566453933716, 0.625738263130188, 0.6221640110015869, 0.6109550595283508]",[3],3.0,3.0,3.0,0.3333333333333333,0.6843866109848022,0.6843866109848022,0.7481328248977661,-0.06374621391296387,-0.06374621391296387,0.0,0.0,0.0,0.0,0.0,0.0,1.0,1.0,1.0,1.0,1.0,1.0,1.0,1.0,1.0
Q0267,Was muss bei einem Rücktritt nach Ablauf der Abmeldefrist geltend gemacht werden?,fully_answerable,1,"[""PO25CL-GEN-C03-P17-A02""]",0.5896121263504028,0.5692105889320374,0.02040153741836548,"[""PO25CL-GEN-C03-P15-A04"", ""PO25CL-GEN-C03-P17-A01"", ""PO25CL-GEN-C03-P17-A02"", ""PO25CL-GEN-C04-P25-A06"", ""PO25CL-GEN-C04-P26-U01"", ""PO25CL-GEN-C03-P17-A03"", ""PO25CL-GEN-C03-P17-A06"", ""PO25CL-GEN-C03-P14-A03"", ""PO25CL-GEN-C03-P14-A10"", ""PO25CL-GEN-C03-P16-A03""]","[0.5896121263504028, 0.5692105889320374, 0.5478819012641907, 0.5452744960784912, 0.5315703749656677, 0.5271816253662109, 0.4939194917678833, 0.49353712797164917, 0.4918794333934784, 0.4837005138397217]",[3],3.0,3.0,3.0,0.3333333333333333,0.5478819012641907,0.5478819012641907,0.5896121263504028,-0.04173022508621216,-0.04173022508621216,0.0,0.0,0.0,0.0,0.0,0.0,1.0,1.0,1.0,1.0,1.0,1.0,1.0,1.0,1.0
Q0268,Welche Note erhält eine versäumte Prüfung ohne anerkannten Grund?,fully_answerable,1,"[""PO25CL-GEN-C03-P17-A02""]",0.7287606596946716,0.6990443468093872,0.029716312885284424,"[""PO25CL-GEN-C03-P20-A01"", ""PO25CL-GEN-C03-P17-A05"", ""PO25CL-GEN-C03-P20-A02"", ""PO25CL-GEN-C03-P19-A08"", ""PO25CL-GEN-C03-P18-A02"", ""PO25CL-GEN-C03-P19-A05"", ""PO25CL-GEN-C03-P17-A02"", ""PO25CL-GEN-C03-P19-A10"", ""PO25CL-GEN-C03-P19-A04"", ""PO25CL-GEN-C03-P19-A02""]","[0.7287606596946716, 0.6990443468093872, 0.6927699446678162, 0.6848806738853455, 0.6726540923118591, 0.6717134118080139, 0.6617133617401123, 0.6594836711883545, 0.6586208939552307, 0.6440109014511108]",[7],7.0,7.0,7.0,0.14285714285714285,0.6617133617401123,0.6617133617401123,0.7287606596946716,-0.06704729795455933,-0.06704729795455933,0.0,0.0,0.0,0.0,0.0,0.0,0.0,0.0,0.0,0.0,0.0,0.0,1.0,1.0,1.0
Q0269,Welche Note erhält ein Rücktritt nach Prüfungsbeginn ohne anerkannten Grund?,fully_answerable,1,"[""PO25CL-GEN-C03-P17-A02""]",0.7288895845413208,0.6972761154174805,0.03161346912384033,"[""PO25CL-GEN-C03-P17-A02"", ""PO25CL-GEN-C03-P17-A01"", ""PO25CL-GEN-C03-P20-A01"", ""PO25CL-GEN-C03-P19-A10"", ""PO25CL-GEN-C03-P17-A03"", ""PO25CL-GEN-C03-P20-A02"", ""PO25CL-GEN-C03-P19-A09"", ""PO25CL-GEN-C03-P19-A07"", ""PO25CL-GEN-C04-P28-A06"", ""PO25CL-GEN-C03-P17-A05""]","[0.7288895845413208, 0.6972761154174805, 0.6799072027206421, 0.6789642572402954, 0.6766561269760132, 0.6488028764724731, 0.6425215005874634, 0.639937162399292, 0.6359274983406067, 0.628463864326477]",[1],1.0,1.0,1.0,1.0,0.7288895845413208,0.7288895845413208,0.6972761154174805,0.03161346912384033,0.03161346912384033,1.0,1.0,1.0,1.0,1.0,1.0,1.0,1.0,1.0,1.0,1.0,1.0,1.0,1.0,1.0
Q0270,Welche Note erhält eine nicht fristgerecht erbrachte schriftliche Prüfungsleistung ohne anerkannten Grund?,fully_answerable,1,"[""PO25CL-GEN-C03-P17-A02""]",0.7139124870300293,0.7097010612487793,0.00421142578125,"[""PO25CL-GEN-C03-P19-A08"", ""PO25CL-GEN-C03-P17-A03"", ""PO25CL-GEN-C03-P14-A02"", ""PO25CL-GEN-C03-P18-A02"", ""PO25CL-GEN-C03-P17-A02"", ""PO25CL-GEN-C03-P17-A01"", ""PO25CL-GEN-C03-P20-A01"", ""PO25CL-GEN-C03-P19-A04"", ""PO25CL-GEN-C03-P19-A05"", ""PO25CL-GEN-C03-P17-A05""]","[0.7139124870300293, 0.7097010612487793, 0.6952372789382935, 0.6878552436828613, 0.6860028505325317, 0.6783173084259033, 0.673226535320282, 0.6723568439483643, 0.6615161895751953, 0.6599793434143066]",[5],5.0,5.0,5.0,0.2,0.6860028505325317,0.6860028505325317,0.7139124870300293,-0.02790963649749756,-0.02790963649749756,0.0,0.0,0.0,0.0,0.0,0.0,0.0,0.0,0.0,1.0,1.0,1.0,1.0,1.0,1.0
Q0271,Gilt Krankheit als triftiger Rücktrittsgrund?,fully_answerable,1,"[""PO25CL-GEN-C03-P17-A02""]",0.5603216290473938,0.5013793706893921,0.05894225835800171,"[""PO25CL-GEN-C03-P17-A02"", ""PO25CL-GEN-C03-P17-A03"", ""PO25CL-GEN-C04-P27-A01-02"", ""PO25CL-GEN-C03-P17-A04"", ""PO25CL-GEN-C03-P19-A06"", ""PO25CL-GEN-C03-P17-A05"", ""PO25CL-GEN-C02-P09-A04"", ""PO25CL-GEN-C03-P19-A09"", ""PO25CL-GEN-C03-P19-A05"", ""PO25CL-GEN-C03-P19-A10""]","[0.5603216290473938, 0.5013793706893921, 0.4961632490158081, 0.4323006272315979, 0.42328745126724243, 0.4157043993473053, 0.405229389667511, 0.36351969838142395, 0.3458847105503082, 0.3455800414085388]",[1],1.0,1.0,1.0,1.0,0.5603216290473938,0.5603216290473938,0.5013793706893921,0.05894225835800171,0.05894225835800171,1.0,1.0,1.0,1.0,1.0,1.0,1.0,1.0,1.0,1.0,1.0,1.0,1.0,1.0,1.0
Q0272,Gilt Mutterschutz als triftiger Rücktrittsgrund?,fully_answerable,1,"[""PO25CL-GEN-C03-P17-A02""]",0.6220773458480835,0.42743003368377686,0.19464731216430664,"[""PO25CL-GEN-C03-P17-A02"", ""PO25CL-GEN-C03-P19-A09"", ""PO25CL-GEN-C03-P19-A06"", ""PO25CL-GEN-C04-P27-A01-02"", ""PO25CL-GEN-C03-P17-A03"", ""PO25CL-GEN-C03-P19-A10"", ""PO25CL-GEN-C03-P17-A05"", ""PO25CL-GEN-C03-P20-A03"", ""PO25CL-GEN-C03-P15-A04"", ""PO25CL-GEN-C04-P25-A05""]","[0.6220773458480835, 0.42743003368377686, 0.4243294596672058, 0.40304696559906006, 0.38168787956237793, 0.37512433528900146, 0.37388843297958374, 0.373355507850647, 0.3704477846622467, 0.3630770444869995]",[1],1.0,1.0,1.0,1.0,0.6220773458480835,0.6220773458480835,0.42743003368377686,0.19464731216430664,0.19464731216430664,1.0,1.0,1.0,1.0,1.0,1.0,1.0,1.0,1.0,1.0,1.0,1.0,1.0,1.0,1.0
Q0273,Gilt Kinderbetreuung im Rahmen der Elternzeit als triftiger Rücktrittsgrund?,fully_answerable,1,"[""PO25CL-GEN-C03-P17-A02""]",0.6230001449584961,0.36716848611831665,0.25583165884017944,"[""PO25CL-GEN-C03-P17-A02"", ""PO25CL-GEN-C04-P27-A01-02"", ""PO25CL-GEN-C03-P19-A06"", ""PO25CL-GEN-C03-P19-A09"", ""PO25CL-GEN-C03-P15-A04"", ""PO25CL-GEN-C03-P17-A03"", ""PO25CL-GEN-C04-P28-A06"", ""PO25CL-GEN-C04-P25-A06"", ""PO25CL-GEN-C04-P25-A05"", ""PO25CL-GEN-C04-P25-A02""]","[0.6230001449584961, 0.36716848611831665, 0.36177897453308105, 0.34954988956451416, 0.3491266369819641, 0.3424711525440216, 0.33925503492355347, 0.33846795558929443, 0.32616347074508667, 0.3211645483970642]",[1],1.0,1.0,1.0,1.0,0.6230001449584961,0.6230001449584961,0.36716848611831665,0.25583165884017944,0.25583165884017944,1.0,1.0,1.0,1.0,1.0,1.0,1.0,1.0,1.0,1.0,1.0,1.0,1.0,1.0,1.0
Q0274,Gilt die notwendige Pflege naher Angehöriger als triftiger Rücktrittsgrund?,fully_answerable,1,"[""PO25CL-GEN-C03-P17-A02""]",0.5762963891029358,0.4600759744644165,0.11622041463851929,"[""PO25CL-GEN-C03-P17-A02"", ""PO25CL-GEN-C04-P27-A01-02"", ""PO25CL-GEN-C03-P17-A03"", ""PO25CL-GEN-C03-P19-A06"", ""PO25CL-GEN-C04-P25-A05"", ""PO25CL-GEN-C03-P19-A09"", ""PO25CL-GEN-C04-P25-A04"", ""PO25CL-GEN-C04-P25-A06"", ""PO25CL-GEN-C03-P17-A04"", ""PO25CL-GEN-C03-P15-A04""]","[0.5762963891029358, 0.4600759744644165, 0.4297243356704712, 0.4033937156200409, 0.3729788064956665, 0.3643515110015869, 0.36011746525764465, 0.3556962013244629, 0.3555517792701721, 0.34289446473121643]",[1],1.0,1.0,1.0,1.0,0.5762963891029358,0.5762963891029358,0.4600759744644165,0.11622041463851929,0.11622041463851929,1.0,1.0,1.0,1.0,1.0,1.0,1.0,1.0,1.0,1.0,1.0,1.0,1.0,1.0,1.0
Q0275,Muss eine Krankheit bei einer Prüfung den Prüfenden unverzüglich angezeigt werden?,fully_answerable,1,"[""PO25CL-GEN-C03-P17-A02""]",0.6813585758209229,0.6297589540481567,0.05159962177276611,"[""PO25CL-GEN-C03-P17-A03"", ""PO25CL-GEN-C03-P17-A02"", ""PO25CL-GEN-C04-P27-A01-02"", ""PO25CL-GEN-C03-P20-A01"", ""PO25CL-GEN-C03-P14-A02"", ""PO25CL-GEN-C03-P19-A05"", ""PO25CL-GEN-C03-P19-A02"", ""PO25CL-GEN-C03-P17-A05"", ""PO25CL-GEN-C03-P17-A01"", ""PO25CL-GEN-C03-P18-A02""]","[0.6813585758209229, 0.6297589540481567, 0.6279001235961914, 0.5855302214622498, 0.568098783493042, 0.5664824843406677, 0.565496563911438, 0.561504602432251, 0.558405339717865, 0.5489925146102905]",[2],2.0,2.0,2.0,0.5,0.6297589540481567,0.6297589540481567,0.6813585758209229,-0.05159962177276611,-0.05159962177276611,0.0,0.0,0.0,1.0,1.0,1.0,1.0,1.0,1.0,1.0,1.0,1.0,1.0,1.0,1.0
Q0276,In welcher Form müssen Rücktrittsgründe angezeigt werden?,fully_answerable,1,"[""PO25CL-GEN-C03-P17-A03""]",0.6256387233734131,0.6033631563186646,0.022275567054748535,"[""PO25CL-GEN-C03-P17-A02"", ""PO25CL-GEN-C03-P17-A03"", ""PO25CL-GEN-C03-P17-A06"", ""PO25CL-GEN-C04-P27-A01-02"", ""PO25CL-GEN-C03-P17-A05"", ""PO25CL-GEN-C03-P17-A01"", ""PO25CL-GEN-C03-P20-A02"", ""PO25CL-GEN-C04-P25-A05"", ""PO25CL-GEN-C03-P19-A09"", ""PO25CL-GEN-C04-P26-U01""]","[0.6256387233734131, 0.6033631563186646, 0.5697180032730103, 0.5551235675811768, 0.5303288102149963, 0.5237720012664795, 0.5210350751876831, 0.5183945894241333, 0.5105339884757996, 0.5036385655403137]",[2],2.0,2.0,2.0,0.5,0.6033631563186646,0.6033631563186646,0.6256387233734131,-0.022275567054748535,-0.022275567054748535,0.0,0.0,0.0,1.0,1.0,1.0,1.0,1.0,1.0,1.0,1.0,1.0,1.0,1.0,1.0
Q0277,Was muss mit den geltend gemachten Rücktrittsgründen geschehen?,fully_answerable,1,"[""PO25CL-GEN-C03-P17-A03""]",0.5594601631164551,0.5284568071365356,0.031003355979919434,"[""PO25CL-GEN-C03-P17-A02"", ""PO25CL-GEN-C03-P17-A03"", ""PO25CL-GEN-C03-P17-A06"", ""PO25CL-GEN-C03-P19-A09"", ""PO25CL-GEN-C03-P17-A01"", ""PO25CL-GEN-C03-P17-A05"", ""PO25CL-GEN-C03-P20-A02"", ""PO25CL-GEN-C04-P27-A01-02"", ""PO25CL-GEN-C04-P25-A06"", ""PO25CL-GEN-C03-P19-A06""]","[0.5594601631164551, 0.5284568071365356, 0.49679845571517944, 0.49267077445983887, 0.4705803394317627, 0.4607495665550232, 0.459744393825531, 0.45836180448532104, 0.45224690437316895, 0.4448654055595398]",[2],2.0,2.0,2.0,0.5,0.5284568071365356,0.5284568071365356,0.5594601631164551,-0.031003355979919434,-0.031003355979919434,0.0,0.0,0.0,1.0,1.0,1.0,1.0,1.0,1.0,1.0,1.0,1.0,1.0,1.0,1.0
Q0278,Welcher Nachweis ist bei Krankheit vorzulegen?,fully_answerable,1,"[""PO25CL-GEN-C03-P17-A03""]",0.49715495109558105,0.47152775526046753,0.025627195835113525,"[""PO25CL-GEN-C03-P17-A03"", ""PO25CL-GEN-C04-P27-A01-02"", ""PO25CL-GEN-C03-P17-A02"", ""PO25CL-GEN-C03-P17-A04"", ""PO25CL-GEN-C03-P19-A02"", ""PO25CL-GEN-C03-P14-A01"", ""PO25CL-GEN-C03-P20-A01"", ""PO25CL-GEN-C03-P14-A02"", ""PO25CL-GEN-C03-P17-A05"", ""PO25CL-GEN-C03-P19-A05""]","[0.49715495109558105, 0.47152775526046753, 0.40264180302619934, 0.3902292251586914, 0.3894655108451843, 0.3559974431991577, 0.3384956121444702, 0.3350280523300171, 0.3245336711406708, 0.3227457106113434]",[1],1.0,1.0,1.0,1.0,0.49715495109558105,0.49715495109558105,0.47152775526046753,0.025627195835113525,0.025627195835113525,1.0,1.0,1.0,1.0,1.0,1.0,1.0,1.0,1.0,1.0,1.0,1.0,1.0,1.0,1.0
Q0279,"Was wird festgesetzt, wenn ein Rücktrittsgrund anerkannt wird?",fully_answerable,1,"[""PO25CL-GEN-C03-P17-A03""]",0.5903192758560181,0.5803388357162476,0.009980440139770508,"[""PO25CL-GEN-C03-P17-A02"", ""PO25CL-GEN-C03-P17-A03"", ""PO25CL-GEN-C03-P17-A06"", ""PO25CL-GEN-C04-P27-A01-02"", ""PO25CL-GEN-C03-P20-A02"", ""PO25CL-GEN-C03-P17-A01"", ""PO25CL-GEN-C03-P17-A05"", ""PO25CL-GEN-C03-P19-A10"", ""PO25CL-GEN-C04-P25-A05"", ""PO25CL-GEN-C03-P19-A09""]","[0.5903192758560181, 0.5803388357162476, 0.5475022792816162, 0.5231338739395142, 0.5230833292007446, 0.5176111459732056, 0.5047481656074524, 0.5031604766845703, 0.4993883967399597, 0.4956946074962616]",[2],2.0,2.0,2.0,0.5,0.5803388357162476,0.5803388357162476,0.5903192758560181,-0.009980440139770508,-0.009980440139770508,0.0,0.0,0.0,1.0,1.0,1.0,1.0,1.0,1.0,1.0,1.0,1.0,1.0,1.0,1.0
Q0280,Was geschieht mit bereits vorliegenden Prüfungsergebnissen nach anerkanntem Rücktritt?,fully_answerable,1,"[""PO25CL-GEN-C03-P17-A03""]",0.6177841424942017,0.5918776988983154,0.02590644359588623,"[""PO25CL-GEN-C03-P17-A02"", ""PO25CL-GEN-C03-P17-A01"", ""PO25CL-GEN-C03-P17-A03"", ""PO25CL-GEN-C03-P19-A10"", ""PO25CL-GEN-C03-P19-A07"", ""PO25CL-GEN-C03-P19-A01"", ""PO25CL-GEN-C03-P20-A01"", ""PO25CL-GEN-C03-P19-A09"", ""PO25CL-GEN-C04-P28-A06"", ""PO25CL-GEN-C03-P17-A05""]","[0.6177841424942017, 0.5918776988983154, 0.5914630889892578, 0.5782403945922852, 0.573797345161438, 0.5720442533493042, 0.5710017681121826, 0.566928505897522, 0.5649489760398865, 0.5573669672012329]",[3],3.0,3.0,3.0,0.3333333333333333,0.5914630889892578,0.5914630889892578,0.6177841424942017,-0.026321053504943848,-0.026321053504943848,0.0,0.0,0.0,0.0,0.0,0.0,1.0,1.0,1.0,1.0,1.0,1.0,1.0,1.0,1.0
Q0281,Über welche Stelle sind ärztliche Atteste einzureichen?,fully_answerable,1,"[""PO25CL-GEN-C03-P17-A04""]",0.49566900730133057,0.4669349193572998,0.02873408794403076,"[""PO25CL-GEN-C04-P27-A01-02"", ""PO25CL-GEN-C03-P17-A03"", ""PO25CL-GEN-C03-P17-A04"", ""PO25CL-GEN-C04-P29-U01"", ""PO25CL-GEN-C04-P25-A05"", ""PO25CL-GEN-C04-P25-A01"", ""PO25CL-GEN-C04-P25-A02"", ""PO25CL-GEN-C04-P25-A04"", ""PO25CL-GEN-C02-P09-A03"", ""PO25CL-GEN-C04-P28-A08""]","[0.49566900730133057, 0.4669349193572998, 0.4536575675010681, 0.445726215839386, 0.4214203357696533, 0.4212791919708252, 0.4114847779273987, 0.40945112705230713, 0.4055476784706116, 0.4031120538711548]",[3],3.0,3.0,3.0,0.3333333333333333,0.4536575675010681,0.4536575675010681,0.49566900730133057,-0.04201143980026245,-0.04201143980026245,0.0,0.0,0.0,0.0,0.0,0.0,1.0,1.0,1.0,1.0,1.0,1.0,1.0,1.0,1.0
Q0282,Welche Note erhält eine durch Täuschung beeinflusste Prüfungsleistung?,fully_answerable,1,"[""PO25CL-GEN-C03-P17-A05""]",0.7325075268745422,0.6815340518951416,0.050973474979400635,"[""PO25CL-GEN-C03-P17-A05"", ""PO25CL-GEN-C03-P14-A02"", ""PO25CL-GEN-C03-P20-A01"", ""PO25CL-GEN-C03-P19-A08"", ""PO25CL-GEN-C03-P19-A05"", ""PO25CL-GEN-C03-P23-U01"", ""PO25CL-GEN-C04-P28-A06"", ""PO25CL-GEN-C03-P20-A02"", ""PO25CL-GEN-C03-P18-A02"", ""PO25CL-GEN-C03-P19-A02""]","[0.7325075268745422, 0.6815340518951416, 0.6788997650146484, 0.6668245792388916, 0.6546237468719482, 0.6427896022796631, 0.6409116983413696, 0.6402668952941895, 0.6397433876991272, 0.6208807229995728]",[1],1.0,1.0,1.0,1.0,0.7325075268745422,0.7325075268745422,0.6815340518951416,0.050973474979400635,0.050973474979400635,1.0,1.0,1.0,1.0,1.0,1.0,1.0,1.0,1.0,1.0,1.0,1.0,1.0,1.0,1.0
Q0283,Ist generative Künstliche Intelligenz in Präsenzprüfungen zulässig?,fully_answerable,1,"[""PO25CL-GEN-C03-P17-A05""]",0.6753067970275879,0.6045616865158081,0.07074511051177979,"[""PO25CL-GEN-C03-P17-A05"", ""PO25CL-GEN-C03-P14-A02"", ""PO25CL-GEN-C03-P14-A09"", ""PO25CL-GEN-C04-P28-A06"", ""PO25CL-GEN-C03-P11-A05"", ""PO25CL-APP-R08"", ""PO25CL-GEN-C04-P25-A05"", ""PO25CL-GEN-C03-P15-A06"", ""PO25CL-GEN-C04-P28-A08"", ""PO25CL-GEN-C04-P27-A01-02""]","[0.6753067970275879, 0.6045616865158081, 0.5904170274734497, 0.5687909126281738, 0.5568760633468628, 0.5472596883773804, 0.5400006175041199, 0.5369014739990234, 0.533354640007019, 0.5329025387763977]",[1],1.0,1.0,1.0,1.0,0.6753067970275879,0.6753067970275879,0.6045616865158081,0.07074511051177979,0.07074511051177979,1.0,1.0,1.0,1.0,1.0,1.0,1.0,1.0,1.0,1.0,1.0,1.0,1.0,1.0,1.0
Q0284,Gelten nicht gekennzeichnete Zitate aus Internetquellen als Täuschungsversuch?,fully_answerable,1,"[""PO25CL-GEN-C03-P17-A05""]",0.4229072332382202,0.4015766680240631,0.021330565214157104,"[""PO25CL-APP-R08"", ""PO25CL-APP-R13"", ""PO25CL-APP-R07-M16"", ""PO25CL-APP-R03"", ""PO25CL-APP-R05"", ""PO25CL-APP-R07-M05"", ""PO25CL-APP-R11"", ""PO25CL-APP-R01"", ""PO25CL-APP-R07-M12"", ""PO25CL-APP-R07-M17""]","[0.4229072332382202, 0.4015766680240631, 0.4010443091392517, 0.3908228874206543, 0.3812241554260254, 0.3754645586013794, 0.37252867221832275, 0.3721042275428772, 0.3598780930042267, 0.3558732867240906]",[29],29.0,29.0,29.0,0.034482758620689655,0.2799229621887207,0.2799229621887207,0.4229072332382202,-0.1429842710494995,-0.1429842710494995,0.0,0.0,0.0,0.0,0.0,0.0,0.0,0.0,0.0,0.0,0.0,0.0,0.0,0.0,0.0
Q0285,Kann eine störende Person nach einer Abmahnung von der Prüfung ausgeschlossen werden?,fully_answerable,1,"[""PO25CL-GEN-C03-P17-A05""]",0.6538240313529968,0.6426281929016113,0.011195838451385498,"[""PO25CL-GEN-C03-P20-A01"", ""PO25CL-GEN-C03-P17-A02"", ""PO25CL-GEN-C03-P20-A02"", ""PO25CL-GEN-C03-P17-A01"", ""PO25CL-GEN-C04-P27-A01-02"", ""PO25CL-GEN-C03-P17-A05"", ""PO25CL-GEN-C03-P12-A05"", ""PO25CL-GEN-C03-P19-A10"", ""PO25CL-GEN-C03-P19-A09"", ""PO25CL-GEN-C03-P20-A04""]","[0.6538240313529968, 0.6426281929016113, 0.6379050016403198, 0.6175364255905151, 0.598456084728241, 0.5935641527175903, 0.5915690660476685, 0.5884064435958862, 0.5552000999450684, 0.5470662713050842]",[6],6.0,6.0,6.0,0.16666666666666666,0.5935641527175903,0.5935641527175903,0.6538240313529968,-0.060259878635406494,-0.060259878635406494,0.0,0.0,0.0,0.0,0.0,0.0,0.0,0.0,0.0,0.0,0.0,0.0,1.0,1.0,1.0
Q0286,Welches Gremium überprüft auf Verlangen den Ausschluss von einer Prüfungsleistung?,fully_answerable,1,"[""PO25CL-GEN-C03-P17-A05""]",0.740623950958252,0.7395353317260742,0.0010886192321777344,"[""PO25CL-GEN-C03-P14-A02"", ""PO25CL-GEN-C03-P20-A01"", ""PO25CL-GEN-C03-P17-A05"", ""PO25CL-GEN-C04-P28-A06"", ""PO25CL-GEN-C03-P20-A02"", ""PO25CL-GEN-C04-P27-A01-02"", ""PO25CL-GEN-C03-P19-A08"", ""PO25CL-GEN-C03-P17-A02"", ""PO25CL-GEN-C04-P27-A03"", ""PO25CL-GEN-C03-P19-A04""]","[0.740623950958252, 0.7395353317260742, 0.7353835105895996, 0.7224879264831543, 0.7218272686004639, 0.7149707078933716, 0.7096642255783081, 0.7046456336975098, 0.6998646855354309, 0.6964519023895264]",[3],3.0,3.0,3.0,0.3333333333333333,0.7353835105895996,0.7353835105895996,0.740623950958252,-0.005240440368652344,-0.005240440368652344,0.0,0.0,0.0,0.0,0.0,0.0,1.0,1.0,1.0,1.0,1.0,1.0,1.0,1.0,1.0
Q0287,Welche verbale Bewertung entspricht der Note 1?,fully_answerable,1,"[""PO25CL-GEN-C03-P18-A01""]",0.6234405636787415,0.592457115650177,0.030983448028564453,"[""PO25CL-GEN-C03-P18-A02"", ""PO25CL-GEN-C03-P18-A01"", ""PO25CL-GEN-C03-P18-A07"", ""PO25CL-GEN-C03-P14-A01"", ""PO25CL-APP-R09"", ""PO25CL-GEN-C03-P18-A03"", ""PO25CL-GEN-C04-P28-A06"", ""PO25CL-GEN-C04-P28-A08"", ""PO25CL-GEN-C03-P19-A08"", ""PO25CL-GEN-C03-P19-A02""]","[0.6234405636787415, 0.592457115650177, 0.5888689756393433, 0.5739911198616028, 0.5691434741020203, 0.5661655068397522, 0.5636727809906006, 0.5556219816207886, 0.5537120699882507, 0.5419493913650513]",[2],2.0,2.0,2.0,0.5,0.592457115650177,0.592457115650177,0.6234405636787415,-0.030983448028564453,-0.030983448028564453,0.0,0.0,0.0,1.0,1.0,1.0,1.0,1.0,1.0,1.0,1.0,1.0,1.0,1.0,1.0
Q0288,Welche verbale Bewertung entspricht der Note 2?,fully_answerable,1,"[""PO25CL-GEN-C03-P18-A01""]",0.6272766590118408,0.6093692779541016,0.017907381057739258,"[""PO25CL-APP-R09"", ""PO25CL-GEN-C03-P18-A02"", ""PO25CL-GEN-C03-P18-A03"", ""PO25CL-GEN-C03-P19-A08"", ""PO25CL-GEN-C03-P18-A01"", ""PO25CL-GEN-C03-P19-A02"", ""PO25CL-GEN-C04-P28-A06"", ""PO25CL-GEN-C03-P14-A01"", ""PO25CL-GEN-C03-P18-A07"", ""PO25CL-GEN-C03-P14-A02""]","[0.6272766590118408, 0.6093692779541016, 0.5716124176979065, 0.5660748481750488, 0.5659477710723877, 0.5583893060684204, 0.557957112789154, 0.5477895736694336, 0.5420570373535156, 0.5397824048995972]",[5],5.0,5.0,5.0,0.2,0.5659477710723877,0.5659477710723877,0.6272766590118408,-0.061328887939453125,-0.061328887939453125,0.0,0.0,0.0,0.0,0.0,0.0,0.0,0.0,0.0,1.0,1.0,1.0,1.0,1.0,1.0
Q0289,Welche verbale Bewertung entspricht der Note 3?,fully_answerable,1,"[""PO25CL-GEN-C03-P18-A01""]",0.6415418386459351,0.6140338182449341,0.027508020401000977,"[""PO25CL-GEN-C03-P18-A02"", ""PO25CL-GEN-C03-P18-A07"", ""PO25CL-GEN-C03-P14-A01"", ""PO25CL-GEN-C03-P18-A01"", ""PO25CL-GEN-C04-P27-A03"", ""PO25CL-GEN-C04-P28-A06"", ""PO25CL-GEN-C03-P18-A03"", ""PO25CL-GEN-C03-P20-A03"", ""PO25CL-GEN-C03-P14-A05"", ""PO25CL-GEN-C03-P14-A02""]","[0.6415418386459351, 0.6140338182449341, 0.6049779653549194, 0.6013920903205872, 0.5802868604660034, 0.5778802633285522, 0.5718994140625, 0.5714508295059204, 0.5692968368530273, 0.5660565495491028]",[4],4.0,4.0,4.0,0.25,0.6013920903205872,0.6013920903205872,0.6415418386459351,-0.0401497483253479,-0.0401497483253479,0.0,0.0,0.0,0.0,0.0,0.0,0.0,0.0,0.0,1.0,1.0,1.0,1.0,1.0,1.0
Q0290,Welche verbale Bewertung entspricht der Note 4?,fully_answerable,1,"[""PO25CL-GEN-C03-P18-A01""]",0.6708533763885498,0.618872880935669,0.05198049545288086,"[""PO25CL-GEN-C03-P18-A02"", ""PO25CL-GEN-C03-P18-A07"", ""PO25CL-GEN-C03-P18-A01"", ""PO25CL-GEN-C04-P28-A06"", ""PO25CL-GEN-C04-P25-A05"", ""PO25CL-GEN-C04-P28-A08"", ""PO25CL-GEN-C04-P27-A03"", ""PO25CL-GEN-C03-P18-A03"", ""PO25CL-GEN-C03-P18-A08"", ""PO25CL-GEN-C03-P14-A01""]","[0.6708533763885498, 0.618872880935669, 0.6076844334602356, 0.6055822372436523, 0.5928720235824585, 0.5923347473144531, 0.5895232558250427, 0.5802626609802246, 0.5745097994804382, 0.5706362128257751]",[3],3.0,3.0,3.0,0.3333333333333333,0.6076844334602356,0.6076844334602356,0.6708533763885498,-0.06316894292831421,-0.06316894292831421,0.0,0.0,0.0,0.0,0.0,0.0,1.0,1.0,1.0,1.0,1.0,1.0,1.0,1.0,1.0
Q0291,Welche verbale Bewertung entspricht der Note 5?,fully_answerable,1,"[""PO25CL-GEN-C03-P18-A01""]",0.6356775760650635,0.6003686189651489,0.03530895709991455,"[""PO25CL-GEN-C03-P18-A02"", ""PO25CL-GEN-C03-P18-A07"", ""PO25CL-GEN-C04-P28-A06"", ""PO25CL-GEN-C03-P18-A01"", ""PO25CL-GEN-C04-P25-A05"", ""PO25CL-GEN-C04-P28-A08"", ""PO25CL-GEN-C03-P18-A03"", ""PO25CL-GEN-C03-P18-A08"", ""PO25CL-GEN-C03-P11-A06"", ""PO25CL-GEN-C04-P27-A03""]","[0.6356775760650635, 0.6003686189651489, 0.5993716716766357, 0.5944814682006836, 0.5784894227981567, 0.5721509456634521, 0.5636410713195801, 0.5519015789031982, 0.5467572212219238, 0.5456972718238831]",[4],4.0,4.0,4.0,0.25,0.5944814682006836,0.5944814682006836,0.6356775760650635,-0.04119610786437988,-0.04119610786437988,0.0,0.0,0.0,0.0,0.0,0.0,0.0,0.0,0.0,1.0,1.0,1.0,1.0,1.0,1.0
Q0292,In welchen Schritten können Zwischennoten gebildet werden?,fully_answerable,1,"[""PO25CL-GEN-C03-P18-A01""]",0.5557381510734558,0.5420151948928833,0.01372295618057251,"[""PO25CL-GEN-C03-P17-A03"", ""PO25CL-GEN-C03-P14-A01"", ""PO25CL-GEN-C03-P11-A05"", ""PO25CL-GEN-C04-P26-U01"", ""PO25CL-GEN-C03-P17-A06"", ""PO25CL-GEN-C03-P18-A08"", ""PO25CL-GEN-C01-P02-A03"", ""PO25CL-GEN-C03-P11-A06"", ""PO25CL-GEN-C03-P14-A06"", ""PO25CL-GEN-C03-P19-A01""]","[0.5557381510734558, 0.5420151948928833, 0.5407825112342834, 0.5402398109436035, 0.5361334085464478, 0.5226227045059204, 0.5089494585990906, 0.4997982382774353, 0.498407244682312, 0.49538561701774597]",[113],113.0,113.0,113.0,0.008849557522123894,0.3664585053920746,0.3664585053920746,0.5557381510734558,-0.18927964568138123,-0.18927964568138123,0.0,0.0,0.0,0.0,0.0,0.0,0.0,0.0,0.0,0.0,0.0,0.0,0.0,0.0,0.0
Q0293,"Ist die Note 0,7 zulässig?",fully_answerable,1,"[""PO25CL-GEN-C03-P18-A01""]",0.499087929725647,0.4935365617275238,0.005551367998123169,"[""PO25CL-GEN-C03-P18-A07"", ""PO25CL-GEN-C03-P18-A02"", ""PO25CL-GEN-C03-P18-A03"", ""PO25CL-GEN-C03-P19-A08"", ""PO25CL-GEN-C03-P18-A04"", ""PO25CL-GEN-C03-P19-A03"", ""PO25CL-GEN-C03-P19-A04"", ""PO25CL-GEN-C03-P18-A08"", ""PO25CL-GEN-C03-P17-A03"", ""PO25CL-GEN-C03-P19-A09""]","[0.499087929725647, 0.4935365617275238, 0.4658162593841553, 0.4441758394241333, 0.4362405240535736, 0.43339821696281433, 0.42866748571395874, 0.4248357117176056, 0.4194674491882324, 0.4182853698730469]",[19],19.0,19.0,19.0,0.05263157894736842,0.37116381525993347,0.37116381525993347,0.499087929725647,-0.1279241144657135,-0.1279241144657135,0.0,0.0,0.0,0.0,0.0,0.0,0.0,0.0,0.0,0.0,0.0,0.0,0.0,0.0,0.0
Q0294,"Ist die Note 4,3 zulässig?",fully_answerable,1,"[""PO25CL-GEN-C03-P18-A01""]",0.5938245058059692,0.5770726203918457,0.016751885414123535,"[""PO25CL-GEN-C03-P18-A02"", ""PO25CL-GEN-C03-P19-A03"", ""PO25CL-GEN-C03-P19-A04"", ""PO25CL-GEN-C03-P19-A08"", ""PO25CL-GEN-C03-P18-A07"", ""PO25CL-GEN-C03-P19-A02"", ""PO25CL-GEN-C03-P18-A08"", ""PO25CL-GEN-C03-P18-A03"", ""PO25CL-GEN-C03-P18-A04"", ""PO25CL-GEN-C03-P19-A09""]","[0.5938245058059692, 0.5770726203918457, 0.5603369474411011, 0.554474949836731, 0.5538572072982788, 0.5374307632446289, 0.5373968482017517, 0.535503625869751, 0.5248252749443054, 0.5223846435546875]",[45],45.0,45.0,45.0,0.022222222222222223,0.4377911686897278,0.4377911686897278,0.5938245058059692,-0.15603333711624146,-0.15603333711624146,0.0,0.0,0.0,0.0,0.0,0.0,0.0,0.0,0.0,0.0,0.0,0.0,0.0,0.0,0.0
Q0295,"Ist die Note 4,7 zulässig?",fully_answerable,1,"[""PO25CL-GEN-C03-P18-A01""]",0.5305801630020142,0.5226999521255493,0.007880210876464844,"[""PO25CL-GEN-C03-P18-A02"", ""PO25CL-GEN-C03-P18-A07"", ""PO25CL-GEN-C03-P18-A03"", ""PO25CL-GEN-C03-P19-A04"", ""PO25CL-GEN-C03-P18-A08"", ""PO25CL-GEN-C03-P18-A04"", ""PO25CL-GEN-C03-P19-A03"", ""PO25CL-GEN-C03-P19-A08"", ""PO25CL-GEN-C03-P20-A04"", ""PO25CL-GEN-C03-P19-A02""]","[0.5305801630020142, 0.5226999521255493, 0.48781365156173706, 0.4825217127799988, 0.4746643900871277, 0.47358790040016174, 0.4701339900493622, 0.46632885932922363, 0.46274280548095703, 0.4500702917575836]",[21],21.0,21.0,21.0,0.047619047619047616,0.4027708172798157,0.4027708172798157,0.5305801630020142,-0.1278093457221985,-0.1278093457221985,0.0,0.0,0.0,0.0,0.0,0.0,0.0,0.0,0.0,0.0,0.0,0.0,0.0,0.0,0.0
Q0296,"Ist die Note 5,3 zulässig?",fully_answerable,1,"[""PO25CL-GEN-C03-P18-A01""]",0.5858230590820312,0.5600022077560425,0.02582085132598877,"[""PO25CL-GEN-C03-P18-A02"", ""PO25CL-GEN-C03-P19-A03"", ""PO25CL-GEN-C03-P19-A04"", ""PO25CL-GEN-C03-P19-A08"", ""PO25CL-GEN-C03-P18-A07"", ""PO25CL-GEN-C03-P19-A09"", ""PO25CL-GEN-C03-P18-A08"", ""PO25CL-GEN-C03-P18-A03"", ""PO25CL-GEN-C03-P19-A02"", ""PO25CL-GEN-C03-P20-A04""]","[0.5858230590820312, 0.5600022077560425, 0.5560338497161865, 0.5458993911743164, 0.5455442070960999, 0.5351151823997498, 0.5326709747314453, 0.5311365127563477, 0.5253308415412903, 0.5245904326438904]",[38],38.0,38.0,38.0,0.02631578947368421,0.44022825360298157,0.44022825360298157,0.5858230590820312,-0.14559480547904968,-0.14559480547904968,0.0,0.0,0.0,0.0,0.0,0.0,0.0,0.0,0.0,0.0,0.0,0.0,0.0,0.0,0.0
Q0297,Welche Note ist mindestens zum Bestehen einer benoteten Prüfung erforderlich?,fully_answerable,1,"[""PO25CL-GEN-C03-P18-A02""]",0.7563586831092834,0.7192679047584534,0.03709077835083008,"[""PO25CL-GEN-C03-P18-A02"", ""PO25CL-GEN-C03-P18-A01"", ""PO25CL-GEN-C03-P18-A08"", ""PO25CL-GEN-C03-P11-A06"", ""PO25CL-GEN-C03-P14-A02"", ""PO25CL-GEN-C03-P18-A07"", ""PO25CL-GEN-C04-P28-A06"", ""PO25CL-GEN-C03-P11-A05"", ""PO25CL-GEN-C03-P14-A01"", ""PO25CL-GEN-C03-P19-A08""]","[0.7563586831092834, 0.7192679047584534, 0.7161867618560791, 0.7112641334533691, 0.7102912664413452, 0.7046874761581421, 0.6929373741149902, 0.6740618944168091, 0.6704480051994324, 0.666516900062561]",[1],1.0,1.0,1.0,1.0,0.7563586831092834,0.7563586831092834,0.7192679047584534,0.03709077835083008,0.03709077835083008,1.0,1.0,1.0,1.0,1.0,1.0,1.0,1.0,1.0,1.0,1.0,1.0,1.0,1.0,1.0
Q0298,Wann ist eine unbenotete Prüfung bestanden?,fully_answerable,1,"[""PO25CL-GEN-C03-P18-A02""]",0.6454259157180786,0.6346608400344849,0.01076507568359375,"[""PO25CL-GEN-C03-P19-A07"", ""PO25CL-GEN-C03-P20-A04"", ""PO25CL-GEN-C03-P17-A01"", ""PO25CL-GEN-C03-P20-A01"", ""PO25CL-GEN-C03-P11-A09"", ""PO25CL-GEN-C03-P19-A10"", ""PO25CL-GEN-C03-P19-A09"", ""PO25CL-GEN-C03-P20-A02"", ""PO25CL-GEN-C03-P19-A02"", ""PO25CL-GEN-C03-P17-A02""]","[0.6454259157180786, 0.6346608400344849, 0.6073424220085144, 0.6050047874450684, 0.5998648405075073, 0.5869606733322144, 0.585446298122406, 0.5803542137145996, 0.5723752975463867, 0.5714719295501709]",[17],17.0,17.0,17.0,0.058823529411764705,0.5305407047271729,0.5305407047271729,0.6454259157180786,-0.11488521099090576,-0.11488521099090576,0.0,0.0,0.0,0.0,0.0,0.0,0.0,0.0,0.0,0.0,0.0,0.0,0.0,0.0,0.0
Q0299,"Wie wird die Endnote der Bachelorarbeit bei zwei bestandenen, höchstens 2,0 auseinanderliegenden Gutachten berechnet?",fully_answerable,1,"[""PO25CL-GEN-C03-P18-A03""]",0.7358107566833496,0.7034159302711487,0.03239482641220093,"[""PO25CL-GEN-C03-P18-A06"", ""PO25CL-GEN-C03-P18-A03"", ""PO25CL-GEN-C03-P18-A05"", ""PO25CL-GEN-C03-P18-A07"", ""PO25CL-GEN-C03-P15-A10"", ""PO25CL-GEN-C01-P03-A01"", ""PO25CL-GEN-C03-P21-A02"", ""PO25CL-GEN-C03-P21-A01"", ""PO25CL-GEN-C03-P19-A06"", ""PO25CL-APP-R10""]","[0.7358107566833496, 0.7034159302711487, 0.6901170015335083, 0.654556155204773, 0.6493551731109619, 0.6379239559173584, 0.6370513439178467, 0.6330206394195557, 0.6144191026687622, 0.5997385382652283]",[2],2.0,2.0,2.0,0.5,0.7034159302711487,0.7034159302711487,0.7358107566833496,-0.03239482641220093,-0.03239482641220093,0.0,0.0,0.0,1.0,1.0,1.0,1.0,1.0,1.0,1.0,1.0,1.0,1.0,1.0,1.0
Q0300,"Welche Endnote erhält die Bachelorarbeit bei zwei Noten von 5,0?",fully_answerable,1,"[""PO25CL-GEN-C03-P18-A03""]",0.683658242225647,0.6761264801025391,0.00753176212310791,"[""PO25CL-GEN-C03-P18-A07"", ""PO25CL-GEN-C03-P18-A06"", ""PO25CL-GEN-C03-P18-A03"", ""PO25CL-GEN-C03-P18-A05"", ""PO25CL-APP-R10"", ""PO25CL-GEN-C03-P21-A02"", ""PO25CL-GEN-C03-P21-A01"", ""PO25CL-GEN-C03-P15-A10"", ""PO25CL-GEN-C03-P21-A03"", ""PO25CL-GEN-C03-P15-A01""]","[0.683658242225647, 0.6761264801025391, 0.6724166870117188, 0.6693241596221924, 0.6041824221611023, 0.5990447402000427, 0.5881138443946838, 0.5860365629196167, 0.5756788849830627, 0.565754234790802]",[3],3.0,3.0,3.0,0.3333333333333333,0.6724166870117188,0.6724166870117188,0.683658242225647,-0.011241555213928223,-0.011241555213928223,0.0,0.0,0.0,0.0,0.0,0.0,1.0,1.0,1.0,1.0,1.0,1.0,1.0,1.0,1.0
Q0301,"Wann wird bei der Bachelorarbeit ein drittes Gutachten bestellt, wenn eine Bewertung 5,0 lautet?",fully_answerable,1,"[""PO25CL-GEN-C03-P18-A03""]",0.6744594573974609,0.6616291999816895,0.012830257415771484,"[""PO25CL-GEN-C03-P16-A03"", ""PO25CL-GEN-C03-P15-A05"", ""PO25CL-GEN-C03-P20-A04"", ""PO25CL-GEN-C03-P21-A02"", ""PO25CL-GEN-C03-P15-A01"", ""PO25CL-GEN-C01-P03-A01"", ""PO25CL-GEN-C03-P15-A04"", ""PO25CL-GEN-C03-P21-A03"", ""PO25CL-GEN-C03-P18-A07"", ""PO25CL-GEN-C03-P18-A06""]","[0.6744594573974609, 0.6616291999816895, 0.6361480355262756, 0.6332791447639465, 0.6300534605979919, 0.6193692684173584, 0.61672043800354, 0.6166411638259888, 0.6088577508926392, 0.5971082448959351]",[16],16.0,16.0,16.0,0.0625,0.5652015805244446,0.5652015805244446,0.6744594573974609,-0.10925787687301636,-0.10925787687301636,0.0,0.0,0.0,0.0,0.0,0.0,0.0,0.0,0.0,0.0,0.0,0.0,0.0,0.0,0.0
Q0302,Wann wird wegen eines Abstands zwischen zwei Gutachten ein drittes Gutachten bestellt?,fully_answerable,1,"[""PO25CL-GEN-C03-P18-A03""]",0.5517710447311401,0.5088697671890259,0.04290127754211426,"[""PO25CL-GEN-C03-P15-A04"", ""PO25CL-GEN-C03-P20-A04"", ""PO25CL-GEN-C03-P19-A07"", ""PO25CL-GEN-C03-P14-A03"", ""PO25CL-GEN-C03-P11-A09"", ""PO25CL-GEN-C03-P17-A01"", ""PO25CL-GEN-C03-P13-A02"", ""PO25CL-GEN-C01-P03-A01"", ""PO25CL-GEN-C03-P16-A03"", ""PO25CL-GEN-C03-P15-A05""]","[0.5517710447311401, 0.5088697671890259, 0.5084616541862488, 0.4824424684047699, 0.48209699988365173, 0.4811599552631378, 0.4696904420852661, 0.4683195948600769, 0.46492329239845276, 0.46468108892440796]",[41],41.0,41.0,41.0,0.024390243902439025,0.35199490189552307,0.35199490189552307,0.5517710447311401,-0.19977614283561707,-0.19977614283561707,0.0,0.0,0.0,0.0,0.0,0.0,0.0,0.0,0.0,0.0,0.0,0.0,0.0,0.0,0.0
Q0303,Aus welchen Bewertungen wird nach einem dritten Gutachten die Endnote gebildet?,fully_answerable,1,"[""PO25CL-GEN-C03-P18-A03""]",0.7327044010162354,0.6287227272987366,0.10398167371749878,"[""PO25CL-GEN-C03-P18-A07"", ""PO25CL-GEN-C03-P18-A08"", ""PO25CL-GEN-C03-P18-A02"", ""PO25CL-GEN-C03-P18-A03"", ""PO25CL-GEN-C03-P19-A07"", ""PO25CL-GEN-C03-P18-A05"", ""PO25CL-GEN-C03-P19-A08"", ""PO25CL-GEN-C03-P18-A01"", ""PO25CL-GEN-C03-P14-A02"", ""PO25CL-GEN-C03-P11-A09""]","[0.7327044010162354, 0.6287227272987366, 0.6287165880203247, 0.6156595945358276, 0.6044477820396423, 0.590391993522644, 0.5857725143432617, 0.5840978622436523, 0.5644127130508423, 0.5537160038948059]",[4],4.0,4.0,4.0,0.25,0.6156595945358276,0.6156595945358276,0.7327044010162354,-0.11704480648040771,-0.11704480648040771,0.0,0.0,0.0,0.0,0.0,0.0,0.0,0.0,0.0,1.0,1.0,1.0,1.0,1.0,1.0
Q0304,Wie werden Dezimalstellen bei der Endnote der Bachelorarbeit behandelt?,fully_answerable,1,"[""PO25CL-GEN-C03-P18-A03""]",0.6892460584640503,0.6835383176803589,0.005707740783691406,"[""PO25CL-GEN-C03-P21-A02"", ""PO25CL-GEN-C03-P18-A05"", ""PO25CL-GEN-C03-P18-A06"", ""PO25CL-GEN-C03-P15-A10"", ""PO25CL-GEN-C03-P18-A07"", ""PO25CL-GEN-C03-P18-A03"", ""PO25CL-GEN-C03-P15-A05"", ""PO25CL-GEN-C03-P19-A06"", ""PO25CL-GEN-C03-P15-A01"", ""PO25CL-GEN-C03-P21-A01""]","[0.6892460584640503, 0.6835383176803589, 0.6828667521476746, 0.6731674075126648, 0.6668015718460083, 0.6551088094711304, 0.6474199891090393, 0.6452102661132812, 0.6439106464385986, 0.6414364576339722]",[6],6.0,6.0,6.0,0.16666666666666666,0.6551088094711304,0.6551088094711304,0.6892460584640503,-0.03413724899291992,-0.03413724899291992,0.0,0.0,0.0,0.0,0.0,0.0,0.0,0.0,0.0,0.0,0.0,0.0,1.0,1.0,1.0
Q0305,"Welche Endnote gilt, wenn zwei von drei Gutachten die Note 5,0 vergeben?",fully_answerable,1,"[""PO25CL-GEN-C03-P18-A03""]",0.6351654529571533,0.6280919313430786,0.007073521614074707,"[""PO25CL-GEN-C03-P18-A07"", ""PO25CL-GEN-C03-P18-A03"", ""PO25CL-GEN-C03-P19-A08"", ""PO25CL-GEN-C03-P18-A02"", ""PO25CL-GEN-C03-P18-A05"", ""PO25CL-GEN-C03-P18-A04"", ""PO25CL-GEN-C03-P18-A06"", ""PO25CL-GEN-C03-P18-A08"", ""PO25CL-GEN-C03-P19-A10"", ""PO25CL-GEN-C03-P19-A07""]","[0.6351654529571533, 0.6280919313430786, 0.546815037727356, 0.5263489484786987, 0.5181875228881836, 0.5135416984558105, 0.49882471561431885, 0.4791465997695923, 0.4786928594112396, 0.4775547385215759]",[2],2.0,2.0,2.0,0.5,0.6280919313430786,0.6280919313430786,0.6351654529571533,-0.007073521614074707,-0.007073521614074707,0.0,0.0,0.0,1.0,1.0,1.0,1.0,1.0,1.0,1.0,1.0,1.0,1.0,1.0,1.0
Q0306,Wie wird die Modulnote bei genau einer benoteten Prüfung bestimmt?,fully_answerable,1,"[""PO25CL-GEN-C03-P18-A04""]",0.7695195078849792,0.6847578287124634,0.08476167917251587,"[""PO25CL-GEN-C03-P18-A04"", ""PO25CL-GEN-C03-P18-A02"", ""PO25CL-GEN-C03-P18-A07"", ""PO25CL-GEN-C03-P18-A05"", ""PO25CL-GEN-C03-P11-A05"", ""PO25CL-GEN-C03-P11-A01"", ""PO25CL-GEN-C03-P11-A06"", ""PO25CL-GEN-C03-P11-A03"", ""PO25CL-GEN-C03-P11-A07"", ""PO25CL-GEN-C03-P19-A08""]","[0.7695195078849792, 0.6847578287124634, 0.6715237498283386, 0.6553122997283936, 0.6476149559020996, 0.6442023515701294, 0.6338918209075928, 0.624695897102356, 0.6161414384841919, 0.6150060892105103]",[1],1.0,1.0,1.0,1.0,0.7695195078849792,0.7695195078849792,0.6847578287124634,0.08476167917251587,0.08476167917251587,1.0,1.0,1.0,1.0,1.0,1.0,1.0,1.0,1.0,1.0,1.0,1.0,1.0,1.0,1.0
Q0307,Wie wird die Modulnote bei mehreren benoteten Prüfungen berechnet?,fully_answerable,1,"[""PO25CL-GEN-C03-P18-A04""]",0.7851248979568481,0.7176258563995361,0.06749904155731201,"[""PO25CL-GEN-C03-P18-A04"", ""PO25CL-GEN-C03-P18-A07"", ""PO25CL-GEN-C03-P18-A05"", ""PO25CL-GEN-C03-P18-A02"", ""PO25CL-GEN-C03-P11-A05"", ""PO25CL-GEN-C03-P11-A01"", ""PO25CL-GEN-C03-P11-A06"", ""PO25CL-GEN-C03-P19-A08"", ""PO25CL-GEN-C03-P14-A01"", ""PO25CL-GEN-C03-P19-A05""]","[0.7851248979568481, 0.7176258563995361, 0.687673807144165, 0.6816085577011108, 0.6548768877983093, 0.6541113257408142, 0.6454875469207764, 0.6428420543670654, 0.6399884223937988, 0.639076828956604]",[1],1.0,1.0,1.0,1.0,0.7851248979568481,0.7851248979568481,0.7176258563995361,0.06749904155731201,0.06749904155731201,1.0,1.0,1.0,1.0,1.0,1.0,1.0,1.0,1.0,1.0,1.0,1.0,1.0,1.0,1.0
Q0308,Wie wird die Gesamtnote eines integrierten Studiengangs grundsätzlich berechnet?,fully_answerable,1,"[""PO25CL-GEN-C03-P18-A05""]",0.6725174188613892,0.6699855327606201,0.002531886100769043,"[""PO25CL-GEN-C01-P04-A02"", ""PO25CL-GEN-C03-P18-A05"", ""PO25CL-GEN-C03-P18-A08"", ""PO25CL-GEN-C03-P18-A07"", ""PO25CL-GEN-C01-P04-A01"", ""PO25CL-GEN-C01-P02-A02"", ""PO25CL-PLAN-INTRO"", ""PO25CL-GEN-C03-P18-A06"", ""PO25CL-GEN-C03-P18-A02"", ""PO25CL-GEN-C01-P03-A03""]","[0.6725174188613892, 0.6699855327606201, 0.6581548452377319, 0.6407462358474731, 0.6297723054885864, 0.6207482814788818, 0.6077260971069336, 0.6008077263832092, 0.5932602286338806, 0.5841361880302429]",[2],2.0,2.0,2.0,0.5,0.6699855327606201,0.6699855327606201,0.6725174188613892,-0.002531886100769043,-0.002531886100769043,0.0,0.0,0.0,1.0,1.0,1.0,1.0,1.0,1.0,1.0,1.0,1.0,1.0,1.0,1.0
Q0309,Wie stark kann die Bachelorarbeit in einem integrierten Studiengang gewichtet werden?,fully_answerable,1,"[""PO25CL-GEN-C03-P18-A05""]",0.699966549873352,0.635226309299469,0.06474024057388306,"[""PO25CL-GEN-C01-P04-A02"", ""PO25CL-GEN-C03-P18-A05"", ""PO25CL-GEN-C03-P18-A06"", ""PO25CL-GEN-C01-P04-A01"", ""PO25CL-GEN-C03-P15-A02"", ""PO25CL-GEN-C01-P03-A05"", ""PO25CL-GEN-C03-P21-A01"", ""PO25CL-GEN-C03-P15-A10"", ""PO25CL-PLAN-INTRO"", ""PO25CL-PLAN-S02-PBB""]","[0.699966549873352, 0.635226309299469, 0.6265037655830383, 0.6163928508758545, 0.5884261727333069, 0.5857698917388916, 0.583878755569458, 0.5813828706741333, 0.5733453035354614, 0.564422607421875]",[2],2.0,2.0,2.0,0.5,0.635226309299469,0.635226309299469,0.699966549873352,-0.06474024057388306,-0.06474024057388306,0.0,0.0,0.0,1.0,1.0,1.0,1.0,1.0,1.0,1.0,1.0,1.0,1.0,1.0,1.0
Q0310,Welchen Anteil hat die Bachelorarbeit an der Gesamtnote eines Kern- und Ergänzungsfachstudiengangs?,fully_answerable,1,"[""PO25CL-GEN-C03-P18-A06""]",0.802692711353302,0.7246068716049194,0.07808583974838257,"[""PO25CL-GEN-C03-P18-A06"", ""PO25CL-GEN-C03-P18-A05"", ""PO25CL-GEN-C03-P15-A10"", ""PO25CL-GEN-C01-P04-A02"", ""PO25CL-GEN-C01-P03-A05"", ""PO25CL-GEN-C03-P21-A01"", ""PO25CL-GEN-C03-P15-A02"", ""PO25CL-GEN-C03-P15-A01"", ""PO25CL-GEN-C04-P28-A09"", ""PO25CL-APP-R10""]","[0.802692711353302, 0.7246068716049194, 0.7156413793563843, 0.7053515315055847, 0.6919692754745483, 0.6685328483581543, 0.6684638857841492, 0.6674583554267883, 0.6595109701156616, 0.6468707323074341]",[1],1.0,1.0,1.0,1.0,0.802692711353302,0.802692711353302,0.7246068716049194,0.07808583974838257,0.07808583974838257,1.0,1.0,1.0,1.0,1.0,1.0,1.0,1.0,1.0,1.0,1.0,1.0,1.0,1.0,1.0
Q0311,Welchen Anteil hat das Kernfach an der Gesamtnote eines Kern- und Ergänzungsfachstudiengangs?,fully_answerable,1,"[""PO25CL-GEN-C03-P18-A06""]",0.7527735233306885,0.6712265014648438,0.08154702186584473,"[""PO25CL-GEN-C03-P18-A06"", ""PO25CL-GEN-C03-P18-A07"", ""PO25CL-GEN-C03-P18-A05"", ""PO25CL-GEN-C03-P18-A08"", ""PO25CL-GEN-C03-P18-A03"", ""PO25CL-APP-R10"", ""PO25CL-GEN-C01-P05-A02"", ""PO25CL-GEN-C03-P15-A10"", ""PO25CL-GEN-C01-P04-A02"", ""PO25CL-GEN-C04-P28-A09""]","[0.7527735233306885, 0.6712265014648438, 0.6602325439453125, 0.6556992530822754, 0.6249446272850037, 0.6141782402992249, 0.6093920469284058, 0.6067105531692505, 0.6050159931182861, 0.5937591791152954]",[1],1.0,1.0,1.0,1.0,0.7527735233306885,0.7527735233306885,0.6712265014648438,0.08154702186584473,0.08154702186584473,1.0,1.0,1.0,1.0,1.0,1.0,1.0,1.0,1.0,1.0,1.0,1.0,1.0,1.0,1.0
Q0312,Welchen Anteil hat das Ergänzungsfach an der Gesamtnote eines Kern- und Ergänzungsfachstudiengangs?,fully_answerable,1,"[""PO25CL-GEN-C03-P18-A06""]",0.7743037343025208,0.6929437518119812,0.08135998249053955,"[""PO25CL-GEN-C03-P18-A06"", ""PO25CL-GEN-C03-P18-A05"", ""PO25CL-GEN-C03-P18-A07"", ""PO25CL-GEN-C03-P18-A03"", ""PO25CL-GEN-C03-P18-A08"", ""PO25CL-GEN-C01-P04-A02"", ""PO25CL-APP-R10"", ""PO25CL-GEN-C01-P05-A02"", ""PO25CL-GEN-C04-P28-A09"", ""PO25CL-GEN-C03-P15-A10""]","[0.7743037343025208, 0.6929437518119812, 0.6785290837287903, 0.6507190465927124, 0.6462661027908325, 0.6248438358306885, 0.6201716065406799, 0.6123799085617065, 0.6108883619308472, 0.6093951463699341]",[1],1.0,1.0,1.0,1.0,0.7743037343025208,0.7743037343025208,0.6929437518119812,0.08135998249053955,0.08135998249053955,1.0,1.0,1.0,1.0,1.0,1.0,1.0,1.0,1.0,1.0,1.0,1.0,1.0,1.0,1.0
Q0313,Muss die Bachelorarbeit für den Studienabschluss bestanden sein?,fully_answerable,1,"[""PO25CL-GEN-C03-P19-A01""]",0.6088132858276367,0.6002256870269775,0.00858759880065918,"[""PO25CL-GEN-C03-P15-A01"", ""PO25CL-GEN-C03-P21-A03"", ""PO25CL-GEN-C03-P15-A02"", ""PO25CL-GEN-C03-P22-U01"", ""PO25CL-PLAN-S02-PBB"", ""PO25CL-GEN-C03-P21-A01"", ""PO25CL-PLAN-S04-PBB"", ""PO25CL-PLAN-S05-PBB"", ""PO25CL-PLAN-S03-PBB"", ""PO25CL-PLAN-S01-PBB""]","[0.6088132858276367, 0.6002256870269775, 0.5893428325653076, 0.5751861333847046, 0.5696720480918884, 0.5638898015022278, 0.562423825263977, 0.5598402619361877, 0.5592391490936279, 0.558599054813385]",[30],30.0,30.0,30.0,0.03333333333333333,0.5039381980895996,0.5039381980895996,0.6088132858276367,-0.10487508773803711,-0.10487508773803711,0.0,0.0,0.0,0.0,0.0,0.0,0.0,0.0,0.0,0.0,0.0,0.0,0.0,0.0,0.0
Q0314,Müssen alle notwendigen Modulprüfungen bestanden sein?,fully_answerable,1,"[""PO25CL-GEN-C03-P19-A01""]",0.7775120139122009,0.7459850311279297,0.03152698278427124,"[""PO25CL-GEN-C03-P11-A01"", ""PO25CL-GEN-C03-P11-A06"", ""PO25CL-GEN-C03-P11-A03"", ""PO25CL-GEN-C03-P14-A02"", ""PO25CL-GEN-C03-P11-A04"", ""PO25CL-GEN-C03-P11-A07"", ""PO25CL-GEN-C03-P18-A02"", ""PO25CL-GEN-C03-P11-A05"", ""PO25CL-GEN-C03-P14-A08"", ""PO25CL-GEN-C03-P14-A01""]","[0.7775120139122009, 0.7459850311279297, 0.7334923148155212, 0.7288258075714111, 0.7113192081451416, 0.7072467803955078, 0.7056026458740234, 0.6977174282073975, 0.691555917263031, 0.6631191968917847]",[23],23.0,23.0,23.0,0.043478260869565216,0.6131304502487183,0.6131304502487183,0.7775120139122009,-0.16438156366348267,-0.16438156366348267,0.0,0.0,0.0,0.0,0.0,0.0,0.0,0.0,0.0,0.0,0.0,0.0,0.0,0.0,0.0
Q0315,Müssen alle notwendigen Studienleistungen vorliegen?,fully_answerable,1,"[""PO25CL-GEN-C03-P19-A01""]",0.6271940469741821,0.6162213087081909,0.010972738265991211,"[""PO25CL-GEN-C02-P06-U01"", ""PO25CL-GEN-C02-P07-A01"", ""PO25CL-GEN-C01-P01-A01"", ""PO25CL-GEN-C03-P15-A06"", ""PO25CL-GEN-C03-P19-A01"", ""PO25CL-GEN-C04-P28-A03"", ""PO25CL-GEN-C04-P31-A01"", ""PO25CL-GEN-C01-P01-A02"", ""PO25CL-GEN-C04-P28-A05"", ""PO25CL-GEN-C01-P04-A01""]","[0.6271940469741821, 0.6162213087081909, 0.6123625040054321, 0.6107954978942871, 0.6007217168807983, 0.5859593152999878, 0.5843578577041626, 0.5729656219482422, 0.5711348652839661, 0.5658533573150635]",[5],5.0,5.0,5.0,0.2,0.6007217168807983,0.6007217168807983,0.6271940469741821,-0.02647233009338379,-0.02647233009338379,0.0,0.0,0.0,0.0,0.0,0.0,0.0,0.0,0.0,1.0,1.0,1.0,1.0,1.0,1.0
Q0316,Muss der Nachweis vorgeschriebener Praktika vorliegen?,fully_answerable,1,"[""PO25CL-GEN-C03-P19-A01""]",0.6813341379165649,0.6790180802345276,0.0023160576820373535,"[""PO25CL-GEN-C02-P09-A05"", ""PO25CL-GEN-C02-P09-A04"", ""PO25CL-GEN-C02-P09-A03"", ""PO25CL-GEN-C02-P09-A01"", ""PO25CL-GEN-C02-P09-A02"", ""PO25CL-GEN-C02-P08-U01"", ""PO25CL-GEN-C01-P03-A04"", ""PO25CL-GEN-C03-P15-A06"", ""PO25CL-GEN-C04-P28-A06"", ""PO25CL-GEN-C02-P07-A03""]","[0.6813341379165649, 0.6790180802345276, 0.6692416667938232, 0.6124849319458008, 0.6042237281799316, 0.5909565687179565, 0.584583044052124, 0.5754321813583374, 0.5729821920394897, 0.570853590965271]",[11],11.0,11.0,11.0,0.09090909090909091,0.5677919387817383,0.5677919387817383,0.6813341379165649,-0.11354219913482666,-0.11354219913482666,0.0,0.0,0.0,0.0,0.0,0.0,0.0,0.0,0.0,0.0,0.0,0.0,0.0,0.0,0.0
Q0317,Wie viele ECTS-Leistungspunkte sind für den Abschluss eines dreijährigen Studiums erforderlich?,fully_answerable,1,"[""PO25CL-GEN-C03-P19-A01""]",0.7166951894760132,0.7109049558639526,0.005790233612060547,"[""PO25CL-GEN-C01-P03-A05"", ""PO25CL-GEN-C03-P21-A01"", ""PO25CL-GEN-C01-P03-A02"", ""PO25CL-GEN-C01-P03-A04"", ""PO25CL-GEN-C01-P03-A01"", ""PO25CL-GEN-C01-P02-A01"", ""PO25CL-GEN-C01-P02-A03"", ""PO25CL-GEN-C01-P02-A02"", ""PO25CL-GEN-C03-P19-A01"", ""PO25CL-GEN-C03-P21-A02""]","[0.7166951894760132, 0.7109049558639526, 0.707338809967041, 0.6669799089431763, 0.6661803722381592, 0.6644346714019775, 0.6526426672935486, 0.6186968088150024, 0.6093021631240845, 0.5729175209999084]",[9],9.0,9.0,9.0,0.1111111111111111,0.6093021631240845,0.6093021631240845,0.7166951894760132,-0.10739302635192871,-0.10739302635192871,0.0,0.0,0.0,0.0,0.0,0.0,0.0,0.0,0.0,0.0,0.0,0.0,1.0,1.0,1.0
Q0318,Werden Prüfungen bescheinigt?,fully_answerable,1,"[""PO25CL-GEN-C03-P19-A02""]",0.6697864532470703,0.6552459001541138,0.014540553092956543,"[""PO25CL-GEN-C03-P11-A09"", ""PO25CL-GEN-C03-P19-A07"", ""PO25CL-GEN-C03-P19-A01"", ""PO25CL-GEN-C03-P19-A02"", ""PO25CL-GEN-C03-P18-A02"", ""PO25CL-GEN-C03-P20-A04"", ""PO25CL-GEN-C03-P13-A01"", ""PO25CL-GEN-C03-P20-A01"", ""PO25CL-GEN-C04-P28-A06"", ""PO25CL-GEN-C03-P19-A10""]","[0.6697864532470703, 0.6552459001541138, 0.654960572719574, 0.641369104385376, 0.6214606165885925, 0.6204190850257874, 0.6190249919891357, 0.6147792339324951, 0.5898345708847046, 0.586670994758606]",[4],4.0,4.0,4.0,0.25,0.641369104385376,0.641369104385376,0.6697864532470703,-0.028417348861694336,-0.028417348861694336,0.0,0.0,0.0,0.0,0.0,0.0,0.0,0.0,0.0,1.0,1.0,1.0,1.0,1.0,1.0
Q0319,Kann eine bestandene Prüfung wiederholt werden?,fully_answerable,1,"[""PO25CL-GEN-C03-P19-A03""]",0.7869908809661865,0.7519505023956299,0.03504037857055664,"[""PO25CL-GEN-C03-P19-A07"", ""PO25CL-GEN-C03-P19-A05"", ""PO25CL-GEN-C03-P19-A03"", ""PO25CL-GEN-C03-P19-A08"", ""PO25CL-GEN-C03-P19-A02"", ""PO25CL-GEN-C03-P19-A09"", ""PO25CL-GEN-C03-P20-A01"", ""PO25CL-GEN-C03-P20-A04"", ""PO25CL-GEN-C03-P19-A10"", ""PO25CL-GEN-C03-P17-A01""]","[0.7869908809661865, 0.7519505023956299, 0.7297677993774414, 0.6820409297943115, 0.6779155731201172, 0.6600438952445984, 0.6454835534095764, 0.620244562625885, 0.6137562394142151, 0.6062661409378052]",[3],3.0,3.0,3.0,0.3333333333333333,0.7297677993774414,0.7297677993774414,0.7869908809661865,-0.05722308158874512,-0.05722308158874512,0.0,0.0,0.0,0.0,0.0,0.0,1.0,1.0,1.0,1.0,1.0,1.0,1.0,1.0,1.0
Q0320,In welcher Form wird über eine nicht bestandene Prüfung informiert?,fully_answerable,1,"[""PO25CL-GEN-C03-P19-A04""]",0.7467897534370422,0.7116389274597168,0.03515082597732544,"[""PO25CL-GEN-C03-P20-A01"", ""PO25CL-GEN-C03-P19-A04"", ""PO25CL-GEN-C03-P20-A02"", ""PO25CL-GEN-C03-P17-A05"", ""PO25CL-GEN-C03-P19-A08"", ""PO25CL-GEN-C03-P17-A01"", ""PO25CL-GEN-C03-P19-A05"", ""PO25CL-GEN-C03-P17-A03"", ""PO25CL-GEN-C03-P17-A02"", ""PO25CL-GEN-C03-P18-A02""]","[0.7467897534370422, 0.7116389274597168, 0.7059506177902222, 0.6940988302230835, 0.686944305896759, 0.6849689483642578, 0.6754062175750732, 0.6737536787986755, 0.6696301102638245, 0.6647499203681946]",[2],2.0,2.0,2.0,0.5,0.7116389274597168,0.7116389274597168,0.7467897534370422,-0.03515082597732544,-0.03515082597732544,0.0,0.0,0.0,1.0,1.0,1.0,1.0,1.0,1.0,1.0,1.0,1.0,1.0,1.0,1.0
Q0321,Welche Information zur Wiederholung muss der Bescheid enthalten?,fully_answerable,1,"[""PO25CL-GEN-C03-P19-A04""]",0.5703952312469482,0.5648527145385742,0.0055425167083740234,"[""PO25CL-GEN-C03-P19-A08"", ""PO25CL-GEN-C03-P17-A03"", ""PO25CL-GEN-C03-P19-A05"", ""PO25CL-GEN-C03-P19-A07"", ""PO25CL-GEN-C03-P19-A02"", ""PO25CL-GEN-C03-P19-A03"", ""PO25CL-GEN-C03-P17-A06"", ""PO25CL-GEN-C04-P26-U01"", ""PO25CL-GEN-C03-P17-A02"", ""PO25CL-GEN-C03-P17-A01""]","[0.5703952312469482, 0.5648527145385742, 0.5529488325119019, 0.5416688323020935, 0.5258173942565918, 0.49877139925956726, 0.49171513319015503, 0.4859553277492523, 0.4858723282814026, 0.48504018783569336]",[14],14.0,14.0,14.0,0.07142857142857142,0.47269755601882935,0.47269755601882935,0.5703952312469482,-0.0976976752281189,-0.0976976752281189,0.0,0.0,0.0,0.0,0.0,0.0,0.0,0.0,0.0,0.0,0.0,0.0,0.0,0.0,0.0
Q0322,Welche Belehrung muss ein Bescheid über eine nicht bestandene Prüfung enthalten?,fully_answerable,1,"[""PO25CL-GEN-C03-P19-A04""]",0.7712542414665222,0.7646556496620178,0.0065985918045043945,"[""PO25CL-GEN-C03-P20-A01"", ""PO25CL-GEN-C03-P20-A02"", ""PO25CL-GEN-C03-P17-A05"", ""PO25CL-GEN-C04-P27-A01-02"", ""PO25CL-GEN-C03-P19-A04"", ""PO25CL-GEN-C03-P19-A08"", ""PO25CL-GEN-C03-P17-A02"", ""PO25CL-GEN-C03-P18-A02"", ""PO25CL-GEN-C03-P19-A05"", ""PO25CL-GEN-C03-P14-A02""]","[0.7712542414665222, 0.7646556496620178, 0.7635384798049927, 0.7339023947715759, 0.7321182489395142, 0.7275954484939575, 0.7267712950706482, 0.7250081300735474, 0.7218687534332275, 0.7070825099945068]",[5],5.0,5.0,5.0,0.2,0.7321182489395142,0.7321182489395142,0.7712542414665222,-0.03913599252700806,-0.03913599252700806,0.0,0.0,0.0,0.0,0.0,0.0,0.0,0.0,0.0,1.0,1.0,1.0,1.0,1.0,1.0
Q0323,Wie oft kann eine nicht bestandene Modulprüfung wiederholt werden?,fully_answerable,1,"[""PO25CL-GEN-C03-P19-A05""]",0.73957759141922,0.7226041555404663,0.016973435878753662,"[""PO25CL-GEN-C03-P19-A05"", ""PO25CL-GEN-C03-P19-A07"", ""PO25CL-GEN-C03-P13-A01"", ""PO25CL-GEN-C03-P19-A08"", ""PO25CL-GEN-C03-P19-A03"", ""PO25CL-GEN-C03-P14-A03"", ""PO25CL-GEN-C03-P11-A01"", ""PO25CL-GEN-C03-P11-A09"", ""PO25CL-GEN-C03-P17-A01"", ""PO25CL-GEN-C03-P20-A04""]","[0.73957759141922, 0.7226041555404663, 0.6507409811019897, 0.6363664865493774, 0.6251096725463867, 0.616544246673584, 0.6145848631858826, 0.6056795716285706, 0.605257511138916, 0.5917172431945801]",[1],1.0,1.0,1.0,1.0,0.73957759141922,0.73957759141922,0.7226041555404663,0.016973435878753662,0.016973435878753662,1.0,1.0,1.0,1.0,1.0,1.0,1.0,1.0,1.0,1.0,1.0,1.0,1.0,1.0,1.0
Q0324,Wie oft kann eine nicht bestandene individuelle Prüfungsleistung einer Gruppenarbeit wiederholt werden?,fully_answerable,1,"[""PO25CL-GEN-C03-P19-A05""]",0.7837568521499634,0.6708168983459473,0.11293995380401611,"[""PO25CL-GEN-C03-P19-A05"", ""PO25CL-GEN-C03-P19-A06"", ""PO25CL-GEN-C03-P19-A07"", ""PO25CL-GEN-C03-P13-A02"", ""PO25CL-GEN-C03-P19-A08"", ""PO25CL-GEN-C03-P17-A05"", ""PO25CL-GEN-C03-P19-A03"", ""PO25CL-GEN-C03-P14-A08"", ""PO25CL-GEN-C03-P13-A01"", ""PO25CL-GEN-C03-P17-A01""]","[0.7837568521499634, 0.6708168983459473, 0.653274655342102, 0.6298598051071167, 0.620010495185852, 0.6022814512252808, 0.6006731986999512, 0.5888984203338623, 0.5784331560134888, 0.5773512721061707]",[1],1.0,1.0,1.0,1.0,0.7837568521499634,0.7837568521499634,0.6708168983459473,0.11293995380401611,0.11293995380401611,1.0,1.0,1.0,1.0,1.0,1.0,1.0,1.0,1.0,1.0,1.0,1.0,1.0,1.0,1.0
Q0325,Wie oft kann eine nicht bestandene Bachelorarbeit wiederholt werden?,fully_answerable,1,"[""PO25CL-GEN-C03-P19-A06""]",0.6755902767181396,0.6705275774002075,0.005062699317932129,"[""PO25CL-GEN-C03-P19-A06"", ""PO25CL-GEN-C03-P15-A05"", ""PO25CL-GEN-C01-P03-A01"", ""PO25CL-GEN-C03-P15-A01"", ""PO25CL-GEN-C03-P21-A02"", ""PO25CL-GEN-C03-P19-A01"", ""PO25CL-GEN-C03-P15-A10"", ""PO25CL-GEN-C02-P09-A01"", ""PO25CL-PLAN-S06-SUM"", ""PO25CL-GEN-C03-P21-A01""]","[0.6755902767181396, 0.6705275774002075, 0.6322859525680542, 0.6006820797920227, 0.5876930952072144, 0.576008677482605, 0.5723955631256104, 0.5721017122268677, 0.5644733905792236, 0.5589687824249268]",[1],1.0,1.0,1.0,1.0,0.6755902767181396,0.6755902767181396,0.6705275774002075,0.005062699317932129,0.005062699317932129,1.0,1.0,1.0,1.0,1.0,1.0,1.0,1.0,1.0,1.0,1.0,1.0,1.0,1.0,1.0
Q0326,Wie oft kann ein nicht bestandener individueller Teil einer Bachelor-Gruppenarbeit wiederholt werden?,fully_answerable,1,"[""PO25CL-GEN-C03-P19-A06""]",0.7506152391433716,0.6336363554000854,0.11697888374328613,"[""PO25CL-GEN-C03-P19-A06"", ""PO25CL-GEN-C03-P15-A10"", ""PO25CL-GEN-C03-P15-A05"", ""PO25CL-GEN-C03-P15-A01"", ""PO25CL-GEN-C03-P15-A08"", ""PO25CL-GEN-C03-P18-A06"", ""PO25CL-GEN-C01-P03-A01"", ""PO25CL-GEN-C03-P19-A01"", ""PO25CL-GEN-C03-P15-A02"", ""PO25CL-GEN-C01-P03-A05""]","[0.7506152391433716, 0.6336363554000854, 0.6237043142318726, 0.5863559246063232, 0.5645512342453003, 0.5557652711868286, 0.543414831161499, 0.5405458807945251, 0.5287448763847351, 0.5250054597854614]",[1],1.0,1.0,1.0,1.0,0.7506152391433716,0.7506152391433716,0.6336363554000854,0.11697888374328613,0.11697888374328613,1.0,1.0,1.0,1.0,1.0,1.0,1.0,1.0,1.0,1.0,1.0,1.0,1.0,1.0,1.0
Q0327,Wann darf bei der Wiederholung einer Bachelorarbeit das Thema zurückgegeben werden?,answerable_with_multiple_chunks,2,"[""PO25CL-GEN-C03-P19-A06"", ""PO25CL-GEN-C03-P15-A05""]",0.7494145035743713,0.6464517116546631,0.10296279191970825,"[""PO25CL-GEN-C03-P15-A05"", ""PO25CL-GEN-C03-P19-A06"", ""PO25CL-GEN-C03-P21-A02"", ""PO25CL-GEN-C01-P03-A01"", ""PO25CL-GEN-C03-P21-A03"", ""PO25CL-GEN-C03-P15-A01"", ""PO25CL-GEN-C02-P09-A01"", ""PO25CL-GEN-C03-P19-A01"", ""PO25CL-GEN-C03-P15-A02"", ""PO25CL-GEN-C03-P16-A03""]","[0.7494145035743713, 0.6464517116546631, 0.6287946701049805, 0.60008305311203, 0.5952802300453186, 0.5925235748291016, 0.5790150165557861, 0.574949324131012, 0.5701972842216492, 0.5672308206558228]","[2, 1]",1.0,2.0,1.5,1.0,0.7494145035743713,0.6464517116546631,0.6287946701049805,0.12061983346939087,0.017657041549682617,0.5,1.0,0.0,1.0,1.0,1.0,1.0,1.0,1.0,1.0,1.0,1.0,1.0,1.0,1.0
Q0328,Innerhalb welchen Zeitraums soll eine Wiederholungsprüfung abgeschlossen sein?,fully_answerable,1,"[""PO25CL-GEN-C03-P19-A07""]",0.8258985877037048,0.7262816429138184,0.09961694478988647,"[""PO25CL-GEN-C03-P19-A07"", ""PO25CL-GEN-C03-P13-A01"", ""PO25CL-GEN-C03-P11-A09"", ""PO25CL-GEN-C03-P15-A04"", ""PO25CL-GEN-C03-P14-A10"", ""PO25CL-GEN-C03-P14-A03"", ""PO25CL-GEN-C04-P26-U01"", ""PO25CL-GEN-C03-P20-A04"", ""PO25CL-GEN-C03-P17-A01"", ""PO25CL-GEN-C03-P13-A02""]","[0.8258985877037048, 0.7262816429138184, 0.7223798036575317, 0.6663636565208435, 0.660592257976532, 0.6573399901390076, 0.6570686101913452, 0.656095027923584, 0.6500139236450195, 0.6482539176940918]",[1],1.0,1.0,1.0,1.0,0.8258985877037048,0.8258985877037048,0.7262816429138184,0.09961694478988647,0.09961694478988647,1.0,1.0,1.0,1.0,1.0,1.0,1.0,1.0,1.0,1.0,1.0,1.0,1.0,1.0,1.0
Q0329,Von wie vielen Personen wird eine Wiederholungsprüfung ohne Ausgleichsmöglichkeit bewertet?,fully_answerable,1,"[""PO25CL-GEN-C03-P19-A08""]",0.7299198508262634,0.6860246062278748,0.04389524459838867,"[""PO25CL-GEN-C03-P19-A05"", ""PO25CL-GEN-C03-P19-A08"", ""PO25CL-GEN-C03-P19-A07"", ""PO25CL-GEN-C03-P18-A02"", ""PO25CL-GEN-C04-P27-A01-02"", ""PO25CL-GEN-C03-P19-A03"", ""PO25CL-GEN-C03-P19-A02"", ""PO25CL-GEN-C03-P17-A02"", ""PO25CL-GEN-C03-P20-A01"", ""PO25CL-GEN-C03-P17-A05""]","[0.7299198508262634, 0.6860246062278748, 0.6602871417999268, 0.6047848463058472, 0.6018499135971069, 0.598942756652832, 0.5954803228378296, 0.5911383032798767, 0.5886063575744629, 0.5881223678588867]",[2],2.0,2.0,2.0,0.5,0.6860246062278748,0.6860246062278748,0.7299198508262634,-0.04389524459838867,-0.04389524459838867,0.0,0.0,0.0,1.0,1.0,1.0,1.0,1.0,1.0,1.0,1.0,1.0,1.0,1.0,1.0
Q0330,Wer führt bei einer mündlichen Wiederholungsprüfung das Protokoll?,fully_answerable,1,"[""PO25CL-GEN-C03-P19-A08""]",0.6593889594078064,0.6336345672607422,0.02575439214706421,"[""PO25CL-APP-R09"", ""PO25CL-GEN-C03-P13-A01"", ""PO25CL-GEN-C03-P19-A08"", ""PO25CL-GEN-C03-P17-A01"", ""PO25CL-GEN-C03-P11-A05"", ""PO25CL-GEN-C03-P19-A07"", ""PO25CL-GEN-C03-P19-A05"", ""PO25CL-GEN-C03-P17-A03"", ""PO25CL-GEN-C03-P19-A02"", ""PO25CL-GEN-C04-P25-A05""]","[0.6593889594078064, 0.6336345672607422, 0.6256582140922546, 0.6056956052780151, 0.6041971445083618, 0.5879579186439514, 0.5826578140258789, 0.5666340589523315, 0.565666139125824, 0.5644160509109497]",[3],3.0,3.0,3.0,0.3333333333333333,0.6256582140922546,0.6256582140922546,0.6593889594078064,-0.03373074531555176,-0.03373074531555176,0.0,0.0,0.0,0.0,0.0,0.0,1.0,1.0,1.0,1.0,1.0,1.0,1.0,1.0,1.0
Q0331,Wann führt eine nicht mehr wiederholbare Bachelorarbeit zum endgültigen Nichtbestehen?,fully_answerable,1,"[""PO25CL-GEN-C03-P19-A09""]",0.6488369703292847,0.6264498829841614,0.02238708734512329,"[""PO25CL-GEN-C03-P15-A05"", ""PO25CL-GEN-C01-P03-A01"", ""PO25CL-GEN-C03-P19-A06"", ""PO25CL-GEN-C03-P15-A01"", ""PO25CL-GEN-C03-P21-A02"", ""PO25CL-GEN-C03-P19-A10"", ""PO25CL-GEN-C03-P21-A01"", ""PO25CL-GEN-C03-P19-A01"", ""PO25CL-GEN-C03-P19-A09"", ""PO25CL-GEN-C03-P15-A04""]","[0.6488369703292847, 0.6264498829841614, 0.6084417104721069, 0.5955867767333984, 0.5857735276222229, 0.556432843208313, 0.5493300557136536, 0.544126033782959, 0.5437104105949402, 0.5381397008895874]",[9],9.0,9.0,9.0,0.1111111111111111,0.5437104105949402,0.5437104105949402,0.6488369703292847,-0.10512655973434448,-0.10512655973434448,0.0,0.0,0.0,0.0,0.0,0.0,0.0,0.0,0.0,0.0,0.0,0.0,1.0,1.0,1.0
Q0332,Wann führt eine nicht mehr wiederholbare Pflichtmodulprüfung zum endgültigen Nichtbestehen?,fully_answerable,1,"[""PO25CL-GEN-C03-P19-A09""]",0.7602084875106812,0.6958222985267639,0.06438618898391724,"[""PO25CL-GEN-C03-P19-A07"", ""PO25CL-GEN-C03-P19-A09"", ""PO25CL-GEN-C04-P26-U01"", ""PO25CL-GEN-C03-P19-A05"", ""PO25CL-GEN-C03-P19-A08"", ""PO25CL-GEN-C03-P11-A01"", ""PO25CL-GEN-C03-P20-A04"", ""PO25CL-GEN-C03-P19-A10"", ""PO25CL-GEN-C03-P13-A01"", ""PO25CL-GEN-C03-P19-A03""]","[0.7602084875106812, 0.6958222985267639, 0.6895136833190918, 0.6767419576644897, 0.6564933657646179, 0.6537283658981323, 0.6506577730178833, 0.6457534432411194, 0.64291912317276, 0.6385636329650879]",[2],2.0,2.0,2.0,0.5,0.6958222985267639,0.6958222985267639,0.7602084875106812,-0.06438618898391724,-0.06438618898391724,0.0,0.0,0.0,1.0,1.0,1.0,1.0,1.0,1.0,1.0,1.0,1.0,1.0,1.0,1.0
Q0333,Wann führt eine endgültig nicht bestandene Wahlpflichtprüfung zum endgültigen Nichtbestehen?,fully_answerable,1,"[""PO25CL-GEN-C03-P19-A09""]",0.6773305535316467,0.6533308029174805,0.02399975061416626,"[""PO25CL-GEN-C03-P19-A09"", ""PO25CL-GEN-C03-P17-A01"", ""PO25CL-GEN-C03-P19-A07"", ""PO25CL-GEN-C04-P26-U01"", ""PO25CL-GEN-C03-P19-A04"", ""PO25CL-GEN-C03-P17-A02"", ""PO25CL-GEN-C03-P20-A02"", ""PO25CL-GEN-C03-P19-A10"", ""PO25CL-GEN-C03-P20-A01"", ""PO25CL-GEN-C03-P17-A06""]","[0.6773305535316467, 0.6533308029174805, 0.6349119544029236, 0.629719614982605, 0.6281846165657043, 0.6130949258804321, 0.5966631174087524, 0.5950241088867188, 0.5935935974121094, 0.5764775276184082]",[1],1.0,1.0,1.0,1.0,0.6773305535316467,0.6773305535316467,0.6533308029174805,0.02399975061416626,0.02399975061416626,1.0,1.0,1.0,1.0,1.0,1.0,1.0,1.0,1.0,1.0,1.0,1.0,1.0,1.0,1.0
Q0334,Welche Belehrung enthält der Bescheid über das endgültige Nichtbestehen?,fully_answerable,1,"[""PO25CL-GEN-C03-P19-A10""]",0.5525614023208618,0.4525734484195709,0.0999879539012909,"[""PO25CL-GEN-C03-P19-A10"", ""PO25CL-GEN-C03-P20-A03"", ""PO25CL-GEN-C03-P19-A08"", ""PO25CL-GEN-C03-P20-A02"", ""PO25CL-GEN-C03-P17-A02"", ""PO25CL-GEN-C03-P20-A01"", ""PO25CL-GEN-C03-P19-A09"", ""PO25CL-GEN-C03-P17-A03"", ""PO25CL-GEN-C03-P17-A06"", ""PO25CL-GEN-C03-P19-A04""]","[0.5525614023208618, 0.4525734484195709, 0.4431488513946533, 0.4378029704093933, 0.42802107334136963, 0.421577513217926, 0.4203002154827118, 0.4153096675872803, 0.4147026538848877, 0.41196179389953613]",[1],1.0,1.0,1.0,1.0,0.5525614023208618,0.5525614023208618,0.4525734484195709,0.0999879539012909,0.0999879539012909,1.0,1.0,1.0,1.0,1.0,1.0,1.0,1.0,1.0,1.0,1.0,1.0,1.0,1.0,1.0
Q0335,"Wer kann nachträglich Noten berichtigen, wenn eine Täuschung erst nach Ausstellung des Zeugnisses bekannt wird?",fully_answerable,1,"[""PO25CL-GEN-C03-P20-A01""]",0.5854844450950623,0.5633409023284912,0.022143542766571045,"[""PO25CL-GEN-C03-P20-A01"", ""PO25CL-GEN-C03-P20-A02"", ""PO25CL-GEN-C03-P17-A03"", ""PO25CL-GEN-C03-P17-A06"", ""PO25CL-GEN-C03-P23-U01"", ""PO25CL-GEN-C03-P20-A03"", ""PO25CL-GEN-C03-P19-A04"", ""PO25CL-GEN-C03-P17-A05"", ""PO25CL-GEN-C03-P17-A01"", ""PO25CL-GEN-C03-P19-A05""]","[0.5854844450950623, 0.5633409023284912, 0.542550802230835, 0.5234488248825073, 0.5198049545288086, 0.5139197111129761, 0.508658766746521, 0.5075266361236572, 0.48111283779144287, 0.47685739398002625]",[1],1.0,1.0,1.0,1.0,0.5854844450950623,0.5854844450950623,0.5633409023284912,0.022143542766571045,0.022143542766571045,1.0,1.0,1.0,1.0,1.0,1.0,1.0,1.0,1.0,1.0,1.0,1.0,1.0,1.0,1.0
Q0336,Kann eine Prüfung nach später entdeckter Täuschung teilweise für nicht bestanden erklärt werden?,fully_answerable,1,"[""PO25CL-GEN-C03-P20-A01""]",0.7651011943817139,0.7250258922576904,0.04007530212402344,"[""PO25CL-GEN-C03-P20-A01"", ""PO25CL-GEN-C03-P20-A02"", ""PO25CL-GEN-C03-P17-A05"", ""PO25CL-GEN-C03-P19-A05"", ""PO25CL-GEN-C03-P23-U01"", ""PO25CL-GEN-C03-P17-A02"", ""PO25CL-GEN-C03-P19-A08"", ""PO25CL-GEN-C03-P20-A04"", ""PO25CL-GEN-C03-P19-A02"", ""PO25CL-GEN-C03-P19-A07""]","[0.7651011943817139, 0.7250258922576904, 0.7186689376831055, 0.6950865983963013, 0.6847411394119263, 0.6682708263397217, 0.6578254699707031, 0.6527131795883179, 0.638046383857727, 0.6345206499099731]",[1],1.0,1.0,1.0,1.0,0.7651011943817139,0.7651011943817139,0.7250258922576904,0.04007530212402344,0.04007530212402344,1.0,1.0,1.0,1.0,1.0,1.0,1.0,1.0,1.0,1.0,1.0,1.0,1.0,1.0,1.0
Q0337,Kann eine Prüfung nach später entdeckter Täuschung vollständig für nicht bestanden erklärt werden?,fully_answerable,1,"[""PO25CL-GEN-C03-P20-A01""]",0.7433528900146484,0.7046335935592651,0.0387192964553833,"[""PO25CL-GEN-C03-P20-A01"", ""PO25CL-GEN-C03-P20-A02"", ""PO25CL-GEN-C03-P17-A05"", ""PO25CL-GEN-C03-P19-A05"", ""PO25CL-GEN-C03-P23-U01"", ""PO25CL-GEN-C03-P19-A08"", ""PO25CL-GEN-C03-P17-A02"", ""PO25CL-GEN-C03-P20-A04"", ""PO25CL-GEN-C03-P19-A07"", ""PO25CL-GEN-C03-P19-A10""]","[0.7433528900146484, 0.7046335935592651, 0.6977496147155762, 0.6691817045211792, 0.6689674854278564, 0.643251359462738, 0.6396966576576233, 0.6390177607536316, 0.630160927772522, 0.6282291412353516]",[1],1.0,1.0,1.0,1.0,0.7433528900146484,0.7433528900146484,0.7046335935592651,0.0387192964553833,0.0387192964553833,1.0,1.0,1.0,1.0,1.0,1.0,1.0,1.0,1.0,1.0,1.0,1.0,1.0,1.0,1.0
Q0338,Wie wird eine unbeabsichtigt fehlende Zulassungsvoraussetzung nach bestandener Prüfung behandelt?,fully_answerable,1,"[""PO25CL-GEN-C03-P20-A02""]",0.785753071308136,0.7753933668136597,0.010359704494476318,"[""PO25CL-GEN-C03-P20-A02"", ""PO25CL-GEN-C03-P17-A05"", ""PO25CL-GEN-C03-P20-A01"", ""PO25CL-GEN-C04-P27-A01-02"", ""PO25CL-GEN-C03-P17-A02"", ""PO25CL-GEN-C03-P12-A05"", ""PO25CL-GEN-C03-P19-A04"", ""PO25CL-GEN-C03-P19-A08"", ""PO25CL-GEN-C03-P19-A05"", ""PO25CL-GEN-C03-P17-A03""]","[0.785753071308136, 0.7753933668136597, 0.7438558340072632, 0.7279751300811768, 0.7259024977684021, 0.7192639112472534, 0.6872864961624146, 0.6800289154052734, 0.6730746030807495, 0.6711019277572632]",[1],1.0,1.0,1.0,1.0,0.785753071308136,0.785753071308136,0.7753933668136597,0.010359704494476318,0.010359704494476318,1.0,1.0,1.0,1.0,1.0,1.0,1.0,1.0,1.0,1.0,1.0,1.0,1.0,1.0,1.0
Q0339,Wer entscheidet bei vorsätzlich zu Unrecht erlangter Zulassung über die Rechtsfolgen?,fully_answerable,1,"[""PO25CL-GEN-C03-P20-A02""]",0.6254507899284363,0.6200025081634521,0.005448281764984131,"[""PO25CL-GEN-C03-P20-A02"", ""PO25CL-GEN-C04-P27-A01-02"", ""PO25CL-GEN-C03-P17-A06"", ""PO25CL-GEN-C03-P12-A04"", ""PO25CL-GEN-C03-P19-A04"", ""PO25CL-GEN-C04-P25-A05"", ""PO25CL-GEN-C03-P17-A05"", ""PO25CL-GEN-C03-P20-A03"", ""PO25CL-GEN-C03-P23-U01"", ""PO25CL-GEN-C03-P20-A01""]","[0.6254507899284363, 0.6200025081634521, 0.600436270236969, 0.5777342319488525, 0.5574915409088135, 0.54376220703125, 0.5387020111083984, 0.5324522852897644, 0.5289796590805054, 0.519978404045105]",[1],1.0,1.0,1.0,1.0,0.6254507899284363,0.6254507899284363,0.6200025081634521,0.005448281764984131,0.005448281764984131,1.0,1.0,1.0,1.0,1.0,1.0,1.0,1.0,1.0,1.0,1.0,1.0,1.0,1.0,1.0
Q0340,Welche Gelegenheit muss vor einer Entscheidung über die Ungültigkeit gegeben werden?,fully_answerable,1,"[""PO25CL-GEN-C03-P20-A03""]",0.5871865749359131,0.516299843788147,0.07088673114776611,"[""PO25CL-GEN-C03-P20-A03"", ""PO25CL-GEN-C03-P17-A05"", ""PO25CL-GEN-C04-P27-A01-02"", ""PO25CL-GEN-C03-P17-A02"", ""PO25CL-GEN-C03-P20-A02"", ""PO25CL-GEN-C03-P20-A04"", ""PO25CL-GEN-C03-P17-A06"", ""PO25CL-GEN-C03-P15-A06"", ""PO25CL-GEN-C03-P23-U01"", ""PO25CL-GEN-C03-P17-A03""]","[0.5871865749359131, 0.516299843788147, 0.4985915422439575, 0.47039657831192017, 0.46362632513046265, 0.43669402599334717, 0.4323880076408386, 0.4292904734611511, 0.4167502224445343, 0.40628311038017273]",[1],1.0,1.0,1.0,1.0,0.5871865749359131,0.5871865749359131,0.516299843788147,0.07088673114776611,0.07088673114776611,1.0,1.0,1.0,1.0,1.0,1.0,1.0,1.0,1.0,1.0,1.0,1.0,1.0,1.0,1.0
Q0341,Was geschieht mit einem unrichtigen Prüfungszeugnis?,fully_answerable,1,"[""PO25CL-GEN-C03-P20-A04""]",0.6871907711029053,0.6464048027992249,0.04078596830368042,"[""PO25CL-GEN-C03-P17-A05"", ""PO25CL-GEN-C03-P20-A01"", ""PO25CL-GEN-C03-P19-A08"", ""PO25CL-GEN-C03-P19-A05"", ""PO25CL-GEN-C03-P20-A02"", ""PO25CL-GEN-C03-P19-A02"", ""PO25CL-GEN-C03-P14-A02"", ""PO25CL-GEN-C03-P19-A03"", ""PO25CL-GEN-C03-P17-A02"", ""PO25CL-GEN-C03-P20-A04""]","[0.6871907711029053, 0.6464048027992249, 0.6387462615966797, 0.6349755525588989, 0.620945930480957, 0.6009466648101807, 0.6003513932228088, 0.5936382412910461, 0.5920920372009277, 0.5801451802253723]",[10],10.0,10.0,10.0,0.1,0.5801451802253723,0.5801451802253723,0.6871907711029053,-0.10704559087753296,-0.10704559087753296,0.0,0.0,0.0,0.0,0.0,0.0,0.0,0.0,0.0,0.0,0.0,0.0,1.0,1.0,1.0
Q0342,Kann nach dem Einzug eines unrichtigen Zeugnisses ein neues Zeugnis ausgestellt werden?,fully_answerable,1,"[""PO25CL-GEN-C03-P20-A04""]",0.5374623537063599,0.517292857170105,0.020169496536254883,"[""PO25CL-GEN-C03-P20-A01"", ""PO25CL-GEN-C03-P20-A02"", ""PO25CL-GEN-C03-P19-A05"", ""PO25CL-GEN-C03-P19-A04"", ""PO25CL-GEN-C03-P17-A03"", ""PO25CL-GEN-C03-P19-A10"", ""PO25CL-GEN-C03-P19-A02"", ""PO25CL-GEN-C03-P23-U01"", ""PO25CL-GEN-C03-P19-A03"", ""PO25CL-GEN-C03-P17-A01""]","[0.5374623537063599, 0.517292857170105, 0.46057629585266113, 0.45958220958709717, 0.45127999782562256, 0.4479236304759979, 0.4411613345146179, 0.4363400340080261, 0.43342477083206177, 0.4318145215511322]",[20],20.0,20.0,20.0,0.05,0.39507728815078735,0.39507728815078735,0.5374623537063599,-0.1423850655555725,-0.1423850655555725,0.0,0.0,0.0,0.0,0.0,0.0,0.0,0.0,0.0,0.0,0.0,0.0,0.0,0.0,0.0
Q0343,Nach wie vielen Jahren sind bestimmte Entscheidungen zur Ungültigkeit ausgeschlossen?,fully_answerable,1,"[""PO25CL-GEN-C03-P20-A04""]",0.5525499582290649,0.48011404275894165,0.07243591547012329,"[""PO25CL-GEN-C03-P20-A04"", ""PO25CL-GEN-C03-P17-A05"", ""PO25CL-GEN-C03-P17-A02"", ""PO25CL-GEN-C03-P20-A03"", ""PO25CL-GEN-C04-P27-A01-02"", ""PO25CL-GEN-C03-P19-A07"", ""PO25CL-GEN-C03-P15-A04"", ""PO25CL-GEN-C04-P28-A03"", ""PO25CL-GEN-C03-P19-A09"", ""PO25CL-GEN-C03-P19-A06""]","[0.5525499582290649, 0.48011404275894165, 0.4639595150947571, 0.4530404210090637, 0.45275169610977173, 0.4447324872016907, 0.4407593011856079, 0.42522746324539185, 0.4186801612377167, 0.41367727518081665]",[1],1.0,1.0,1.0,1.0,0.5525499582290649,0.5525499582290649,0.48011404275894165,0.07243591547012329,0.07243591547012329,1.0,1.0,1.0,1.0,1.0,1.0,1.0,1.0,1.0,1.0,1.0,1.0,1.0,1.0,1.0
Q0344,Müssen vor dem Antrag auf das Bachelorzeugnis alle Abschlussprüfungen bestanden sein?,fully_answerable,1,"[""PO25CL-GEN-C03-P21-A01""]",0.6554509401321411,0.644187867641449,0.011263072490692139,"[""PO25CL-GEN-C03-P19-A01"", ""PO25CL-GEN-C03-P21-A01"", ""PO25CL-GEN-C03-P21-A03"", ""PO25CL-GEN-C03-P19-A10"", ""PO25CL-GEN-C03-P21-A02"", ""PO25CL-GEN-C03-P15-A01"", ""PO25CL-GEN-C03-P10-U01"", ""PO25CL-GEN-C03-P20-A04"", ""PO25CL-GEN-C03-P19-A09"", ""PO25CL-GEN-C03-P19-A06""]","[0.6554509401321411, 0.644187867641449, 0.6431961059570312, 0.6310873031616211, 0.6245187520980835, 0.6206624507904053, 0.6071916818618774, 0.6063882112503052, 0.599114716053009, 0.5945955514907837]",[2],2.0,2.0,2.0,0.5,0.644187867641449,0.644187867641449,0.6554509401321411,-0.011263072490692139,-0.011263072490692139,0.0,0.0,0.0,1.0,1.0,1.0,1.0,1.0,1.0,1.0,1.0,1.0,1.0,1.0,1.0
Q0345,Bei welcher Stelle wird das Bachelorzeugnis beantragt?,fully_answerable,1,"[""PO25CL-GEN-C03-P21-A01""]",0.634689450263977,0.6324553489685059,0.0022341012954711914,"[""PO25CL-GEN-C03-P21-A03"", ""PO25CL-GEN-C03-P15-A02"", ""PO25CL-GEN-C03-P15-A01"", ""PO25CL-GEN-C03-P21-A01"", ""PO25CL-GEN-C01-P04-A02"", ""PO25CL-GEN-C03-P22-U01"", ""PO25CL-PLAN-S02-PBB"", ""PO25CL-PLAN-S04-PBB"", ""PO25CL-PLAN-S01-PBB"", ""PO25CL-PLAN-S05-PBB""]","[0.634689450263977, 0.6324553489685059, 0.596743643283844, 0.5957492589950562, 0.5947624444961548, 0.5936439037322998, 0.5896058678627014, 0.583695650100708, 0.5831198692321777, 0.5828328728675842]",[4],4.0,4.0,4.0,0.25,0.5957492589950562,0.5957492589950562,0.634689450263977,-0.0389401912689209,-0.0389401912689209,0.0,0.0,0.0,0.0,0.0,0.0,0.0,0.0,0.0,1.0,1.0,1.0,1.0,1.0,1.0
Q0346,Nach welchem Paragraphen sind die Nachweise für die Abschlussdokumente vorzulegen?,fully_answerable,1,"[""PO25CL-GEN-C03-P21-A01""]",0.6403831243515015,0.6289750337600708,0.011408090591430664,"[""PO25CL-GEN-C03-P19-A10"", ""PO25CL-GEN-C03-P14-A01"", ""PO25CL-GEN-C03-P17-A03"", ""PO25CL-GEN-C03-P19-A02"", ""PO25CL-GEN-C03-P18-A08"", ""PO25CL-GEN-C03-P19-A01"", ""PO25CL-GEN-C03-P14-A02"", ""PO25CL-GEN-C03-P21-A02"", ""PO25CL-GEN-C03-P18-A07"", ""PO25CL-GEN-C03-P19-A08""]","[0.6403831243515015, 0.6289750337600708, 0.6127035617828369, 0.6114109754562378, 0.5997230410575867, 0.59619140625, 0.5900619626045227, 0.5892925262451172, 0.5860239267349243, 0.5656245946884155]",[83],83.0,83.0,83.0,0.012048192771084338,0.4379323124885559,0.4379323124885559,0.6403831243515015,-0.20245081186294556,-0.20245081186294556,0.0,0.0,0.0,0.0,0.0,0.0,0.0,0.0,0.0,0.0,0.0,0.0,0.0,0.0,0.0
Q0347,Wie schnell soll das Bachelorzeugnis grundsätzlich ausgestellt werden?,fully_answerable,1,"[""PO25CL-GEN-C03-P21-A02""]",0.7332145571708679,0.7177128791809082,0.015501677989959717,"[""PO25CL-GEN-C03-P21-A02"", ""PO25CL-GEN-C01-P03-A01"", ""PO25CL-GEN-C03-P15-A05"", ""PO25CL-GEN-C02-P09-A01"", ""PO25CL-GEN-C03-P16-A03"", ""PO25CL-GEN-C03-P15-A04"", ""PO25CL-GEN-C03-P21-A01"", ""PO25CL-GEN-C03-P15-A01"", ""PO25CL-PLAN-S06-SUM"", ""PO25CL-PLAN-S03-SUM""]","[0.7332145571708679, 0.7177128791809082, 0.6775588989257812, 0.670921266078949, 0.6310189962387085, 0.6266012191772461, 0.6240051984786987, 0.6232600808143616, 0.5897708535194397, 0.5861282348632812]",[1],1.0,1.0,1.0,1.0,0.7332145571708679,0.7332145571708679,0.7177128791809082,0.015501677989959717,0.015501677989959717,1.0,1.0,1.0,1.0,1.0,1.0,1.0,1.0,1.0,1.0,1.0,1.0,1.0,1.0,1.0
Q0348,Innerhalb welcher Frist soll das Bachelorzeugnis möglichst ausgestellt werden?,fully_answerable,1,"[""PO25CL-GEN-C03-P21-A02""]",0.6995054483413696,0.6922342777252197,0.007271170616149902,"[""PO25CL-GEN-C01-P03-A01"", ""PO25CL-GEN-C03-P21-A02"", ""PO25CL-GEN-C03-P15-A05"", ""PO25CL-GEN-C03-P15-A04"", ""PO25CL-GEN-C02-P09-A01"", ""PO25CL-GEN-C03-P21-A03"", ""PO25CL-GEN-C03-P15-A01"", ""PO25CL-GEN-C03-P16-A03"", ""PO25CL-GEN-C03-P21-A01"", ""PO25CL-PLAN-S06-SUM""]","[0.6995054483413696, 0.6922342777252197, 0.6724289059638977, 0.6487498879432678, 0.6484304666519165, 0.6439031958580017, 0.634972095489502, 0.6283532381057739, 0.6112041473388672, 0.6110771894454956]",[2],2.0,2.0,2.0,0.5,0.6922342777252197,0.6922342777252197,0.6995054483413696,-0.007271170616149902,-0.007271170616149902,0.0,0.0,0.0,1.0,1.0,1.0,1.0,1.0,1.0,1.0,1.0,1.0,1.0,1.0,1.0
Q0349,Enthält das Bachelorzeugnis die Noten der Prüfungen?,fully_answerable,1,"[""PO25CL-GEN-C03-P21-A02""]",0.7012711763381958,0.6979255080223083,0.003345668315887451,"[""PO25CL-GEN-C03-P10-U01"", ""PO25CL-GEN-C03-P21-A02"", ""PO25CL-GEN-C03-P18-A05"", ""PO25CL-GEN-C03-P21-A01"", ""PO25CL-GEN-C03-P21-A03"", ""PO25CL-GEN-C03-P19-A01"", ""PO25CL-GEN-C04-P28-A03"", ""PO25CL-GEN-C04-P28-A09"", ""PO25CL-GEN-C03-P18-A06"", ""PO25CL-GEN-C04-P28-A04""]","[0.7012711763381958, 0.6979255080223083, 0.6929925680160522, 0.6925191879272461, 0.6913667917251587, 0.690265417098999, 0.6892540454864502, 0.6849707365036011, 0.6827586889266968, 0.6734154224395752]",[2],2.0,2.0,2.0,0.5,0.6979255080223083,0.6979255080223083,0.7012711763381958,-0.003345668315887451,-0.003345668315887451,0.0,0.0,0.0,1.0,1.0,1.0,1.0,1.0,1.0,1.0,1.0,1.0,1.0,1.0,1.0
Q0350,Welche Angabe zur Bachelorarbeit enthält das Zeugnis neben der Note?,fully_answerable,1,"[""PO25CL-GEN-C03-P21-A02""]",0.7701672315597534,0.6829396486282349,0.08722758293151855,"[""PO25CL-GEN-C03-P21-A03"", ""PO25CL-GEN-C03-P21-A02"", ""PO25CL-GEN-C03-P15-A02"", ""PO25CL-GEN-C03-P10-U01"", ""PO25CL-GEN-C03-P23-U01"", ""PO25CL-GEN-C03-P19-A01"", ""PO25CL-GEN-C04-P28-A06"", ""PO25CL-GEN-C03-P18-A05"", ""PO25CL-GEN-C03-P19-A06"", ""PO25CL-GEN-C03-P19-A10""]","[0.7701672315597534, 0.6829396486282349, 0.6694175004959106, 0.6521218419075012, 0.6490174531936646, 0.6331549286842346, 0.6290779709815979, 0.6259500980377197, 0.6249493360519409, 0.6247262358665466]",[2],2.0,2.0,2.0,0.5,0.6829396486282349,0.6829396486282349,0.7701672315597534,-0.08722758293151855,-0.08722758293151855,0.0,0.0,0.0,1.0,1.0,1.0,1.0,1.0,1.0,1.0,1.0,1.0,1.0,1.0,1.0
Q0351,Führt das Transcript of Records die zugeordneten Lehrveranstaltungen auf?,fully_answerable,1,"[""PO25CL-GEN-C03-P21-A02""]",0.5811981558799744,0.5669941902160645,0.014203965663909912,"[""PO25CL-GEN-C04-P28-A04"", ""PO25CL-GEN-C04-P28-A01"", ""PO25CL-GEN-C04-P28-A03"", ""PO25CL-GEN-C04-P28-A02"", ""PO25CL-GEN-C04-P28-A06"", ""PO25CL-GEN-C03-P21-A02"", ""PO25CL-GEN-C02-P07-A03"", ""PO25CL-GEN-C03-P11-A04"", ""PO25CL-APP-R06"", ""PO25CL-GEN-C02-P07-A01""]","[0.5811981558799744, 0.5669941902160645, 0.5620957612991333, 0.5586326122283936, 0.5509622097015381, 0.5447063446044922, 0.5444638729095459, 0.5342937707901001, 0.5329229831695557, 0.5323436260223389]",[6],6.0,6.0,6.0,0.16666666666666666,0.5447063446044922,0.5447063446044922,0.5811981558799744,-0.03649181127548218,-0.03649181127548218,0.0,0.0,0.0,0.0,0.0,0.0,0.0,0.0,0.0,0.0,0.0,0.0,1.0,1.0,1.0
Q0352,Welche Abschlussnote enthält das Bachelorzeugnis?,fully_answerable,1,"[""PO25CL-GEN-C03-P21-A02""]",0.6746528148651123,0.6516158580780029,0.023036956787109375,"[""PO25CL-GEN-C03-P21-A03"", ""PO25CL-GEN-C03-P18-A05"", ""PO25CL-GEN-C03-P21-A02"", ""PO25CL-GEN-C03-P21-A01"", ""PO25CL-GEN-C03-P22-U01"", ""PO25CL-GEN-C03-P18-A07"", ""PO25CL-GEN-C01-P04-A02"", ""PO25CL-GEN-C01-P03-A05"", ""PO25CL-PLAN-S04-PBB"", ""PO25CL-PLAN-S03-PBB""]","[0.6746528148651123, 0.6516158580780029, 0.6492566466331482, 0.6490156650543213, 0.641359806060791, 0.622050404548645, 0.6209455728530884, 0.6187593936920166, 0.6130717396736145, 0.6123663187026978]",[3],3.0,3.0,3.0,0.3333333333333333,0.6492566466331482,0.6492566466331482,0.6746528148651123,-0.02539616823196411,-0.02539616823196411,0.0,0.0,0.0,0.0,0.0,0.0,1.0,1.0,1.0,1.0,1.0,1.0,1.0,1.0,1.0
Q0353,In welcher Form werden die Noten im Zeugnis angegeben?,fully_answerable,1,"[""PO25CL-GEN-C03-P21-A02""]",0.5907987952232361,0.5889106392860413,0.0018881559371948242,"[""PO25CL-GEN-C03-P19-A02"", ""PO25CL-GEN-C03-P14-A01"", ""PO25CL-GEN-C03-P19-A04"", ""PO25CL-GEN-C03-P17-A06"", ""PO25CL-GEN-C03-P17-A03"", ""PO25CL-GEN-C03-P20-A01"", ""PO25CL-GEN-C03-P19-A08"", ""PO25CL-GEN-C04-P28-A06"", ""PO25CL-GEN-C03-P18-A08"", ""PO25CL-GEN-C04-P25-A05""]","[0.5907987952232361, 0.5889106392860413, 0.5716428160667419, 0.5675346851348877, 0.56108558177948, 0.5527009963989258, 0.5500105023384094, 0.5454627871513367, 0.5379969477653503, 0.5337026119232178]",[26],26.0,26.0,26.0,0.038461538461538464,0.48638176918029785,0.48638176918029785,0.5907987952232361,-0.10441702604293823,-0.10441702604293823,0.0,0.0,0.0,0.0,0.0,0.0,0.0,0.0,0.0,0.0,0.0,0.0,0.0,0.0,0.0
Q0354,Wird neben dem Bachelorzeugnis ein Diploma Supplement ausgehändigt?,fully_answerable,1,"[""PO25CL-GEN-C03-P21-A02""]",0.5571690201759338,0.5505318641662598,0.006637156009674072,"[""PO25CL-GEN-C03-P21-A03"", ""PO25CL-GEN-C03-P18-A05"", ""PO25CL-GEN-C03-P18-A06"", ""PO25CL-GEN-C03-P21-A02"", ""PO25CL-GEN-C01-P04-A02"", ""PO25CL-GEN-C03-P12-A01"", ""PO25CL-GEN-C03-P22-U01"", ""PO25CL-GEN-C03-P15-A02"", ""PO25CL-GEN-C03-P21-A01"", ""PO25CL-PLAN-S02-PBB""]","[0.5571690201759338, 0.5505318641662598, 0.5452361106872559, 0.5284246206283569, 0.5239370465278625, 0.518223226070404, 0.5104084014892578, 0.49949949979782104, 0.48831093311309814, 0.4860663414001465]",[4],4.0,4.0,4.0,0.25,0.5284246206283569,0.5284246206283569,0.5571690201759338,-0.028744399547576904,-0.028744399547576904,0.0,0.0,0.0,0.0,0.0,0.0,0.0,0.0,0.0,1.0,1.0,1.0,1.0,1.0,1.0
Q0355,Was beschreibt das Diploma Supplement allgemein?,fully_answerable,1,"[""PO25CL-GEN-C03-P21-A02""]",0.6010667085647583,0.5856183767318726,0.015448331832885742,"[""PO25CL-GEN-C03-P18-A05"", ""PO25CL-GEN-C01-P04-A02"", ""PO25CL-GEN-C03-P18-A06"", ""PO25CL-GEN-C01-P04-A01"", ""PO25CL-GEN-C03-P12-A01"", ""PO25CL-GEN-C03-P14-A07"", ""PO25CL-GEN-C01-P01-A02"", ""PO25CL-GEN-C03-P18-A07"", ""PO25CL-GEN-C01-P03-A05"", ""PO25CL-GEN-C03-P21-A03""]","[0.6010667085647583, 0.5856183767318726, 0.5421565771102905, 0.5297564268112183, 0.52080899477005, 0.5171657800674438, 0.5163291692733765, 0.5157890915870667, 0.5137292146682739, 0.508773922920227]",[11],11.0,11.0,11.0,0.09090909090909091,0.4945079982280731,0.4945079982280731,0.6010667085647583,-0.10655871033668518,-0.10655871033668518,0.0,0.0,0.0,0.0,0.0,0.0,0.0,0.0,0.0,0.0,0.0,0.0,0.0,0.0,0.0
Q0356,Führt das Transcript of Records die absolvierten Module auf?,fully_answerable,1,"[""PO25CL-GEN-C03-P21-A02""]",0.48689740896224976,0.4664612114429474,0.020436197519302368,"[""PO25CL-GEN-C03-P11-A01"", ""PO25CL-GEN-C03-P11-A03"", ""PO25CL-GEN-C03-P14-A01"", ""PO25CL-APP-R07-M10"", ""PO25CL-GEN-C03-P11-A04"", ""PO25CL-GEN-C01-P03-A03"", ""PO25CL-APP-R06"", ""PO25CL-APP-R07-M16"", ""PO25CL-APP-R07-M13"", ""PO25CL-PLAN-S04-M03""]","[0.48689740896224976, 0.4664612114429474, 0.44924139976501465, 0.44786161184310913, 0.44305795431137085, 0.4415544271469116, 0.4401875138282776, 0.4360610842704773, 0.4257321059703827, 0.42513197660446167]",[16],16.0,16.0,16.0,0.0625,0.40724605321884155,0.40724605321884155,0.48689740896224976,-0.0796513557434082,-0.0796513557434082,0.0,0.0,0.0,0.0,0.0,0.0,0.0,0.0,0.0,0.0,0.0,0.0,0.0,0.0,0.0
Q0357,Welche Fassung des Diploma Supplements ist zu verwenden?,fully_answerable,1,"[""PO25CL-GEN-C03-P21-A02""]",0.49310222268104553,0.48554107546806335,0.007561147212982178,"[""PO25CL-GEN-C03-P18-A05"", ""PO25CL-GEN-C01-P04-A02"", ""PO25CL-GEN-C03-P12-A01"", ""PO25CL-GEN-C03-P18-A07"", ""PO25CL-GEN-C03-P18-A06"", ""PO25CL-GEN-C03-P21-A02"", ""PO25CL-GEN-C01-P04-A01"", ""PO25CL-GEN-C01-P03-A05"", ""PO25CL-GEN-C03-P21-A03"", ""PO25CL-PLAN-S03-PBB""]","[0.49310222268104553, 0.48554107546806335, 0.4826200604438782, 0.477203369140625, 0.47659504413604736, 0.47180432081222534, 0.4679138660430908, 0.45490407943725586, 0.44019371271133423, 0.4374372959136963]",[6],6.0,6.0,6.0,0.16666666666666666,0.47180432081222534,0.47180432081222534,0.49310222268104553,-0.02129790186882019,-0.02129790186882019,0.0,0.0,0.0,0.0,0.0,0.0,0.0,0.0,0.0,0.0,0.0,0.0,1.0,1.0,1.0
Q0358,Wer unterzeichnet das Zeugnis im Auftrag des Prüfungsausschussvorsitzes?,fully_answerable,1,"[""PO25CL-GEN-C03-P21-A02""]",0.6570382714271545,0.657016396522522,2.187490463256836e-05,"[""PO25CL-GEN-C03-P17-A06"", ""PO25CL-GEN-C03-P19-A04"", ""PO25CL-GEN-C03-P12-A04"", ""PO25CL-GEN-C04-P24-A04"", ""PO25CL-GEN-C04-P24-A06"", ""PO25CL-GEN-C04-P28-A08"", ""PO25CL-GEN-C04-P24-A02"", ""PO25CL-GEN-C03-P20-A02"", ""PO25CL-GEN-C04-P24-A01"", ""PO25CL-GEN-C04-P24-A03""]","[0.6570382714271545, 0.657016396522522, 0.6438800096511841, 0.6266862154006958, 0.6080342531204224, 0.5896977186203003, 0.587202787399292, 0.5856372714042664, 0.5840898752212524, 0.5814036130905151]",[71],71.0,71.0,71.0,0.014084507042253521,0.37191450595855713,0.37191450595855713,0.6570382714271545,-0.2851237654685974,-0.2851237654685974,0.0,0.0,0.0,0.0,0.0,0.0,0.0,0.0,0.0,0.0,0.0,0.0,0.0,0.0,0.0
Q0359,Welches Leistungsdatum trägt das Zeugnis zusätzlich zum Ausstellungsdatum?,fully_answerable,1,"[""PO25CL-GEN-C03-P21-A02""]",0.5195274949073792,0.509975790977478,0.009551703929901123,"[""PO25CL-GEN-C03-P11-A09"", ""PO25CL-GEN-C03-P15-A04"", ""PO25CL-GEN-C04-P26-U01"", ""PO25CL-GEN-C03-P21-A03"", ""PO25CL-GEN-C03-P19-A07"", ""PO25CL-GEN-C03-P14-A10"", ""PO25CL-GEN-C03-P13-A01"", ""PO25CL-GEN-C03-P21-A02"", ""PO25CL-GEN-C03-P20-A04"", ""PO25CL-GEN-C03-P14-A03""]","[0.5195274949073792, 0.509975790977478, 0.506373941898346, 0.4885823726654053, 0.48260852694511414, 0.4810705780982971, 0.47213754057884216, 0.45655447244644165, 0.45467254519462585, 0.4535369277000427]",[8],8.0,8.0,8.0,0.125,0.45655447244644165,0.45655447244644165,0.5195274949073792,-0.0629730224609375,-0.0629730224609375,0.0,0.0,0.0,0.0,0.0,0.0,0.0,0.0,0.0,0.0,0.0,0.0,1.0,1.0,1.0
Q0360,Welches Dokument wird mit dem Datum des Zeugnisses zusätzlich ausgehändigt?,fully_answerable,1,"[""PO25CL-GEN-C03-P21-A03""]",0.5429188013076782,0.5391660928726196,0.0037527084350585938,"[""PO25CL-GEN-C03-P17-A03"", ""PO25CL-GEN-C03-P21-A03"", ""PO25CL-GEN-C04-P26-U01"", ""PO25CL-GEN-C03-P21-A02"", ""PO25CL-GEN-C03-P19-A07"", ""PO25CL-GEN-C03-P17-A01"", ""PO25CL-GEN-C03-P20-A04"", ""PO25CL-GEN-C03-P11-A09"", ""PO25CL-GEN-C03-P13-A01"", ""PO25CL-GEN-C03-P19-A10""]","[0.5429188013076782, 0.5391660928726196, 0.5286838412284851, 0.5218510627746582, 0.5180938243865967, 0.5111538171768188, 0.504166305065155, 0.4869452714920044, 0.48111802339553833, 0.4783250689506531]",[2],2.0,2.0,2.0,0.5,0.5391660928726196,0.5391660928726196,0.5429188013076782,-0.0037527084350585938,-0.0037527084350585938,0.0,0.0,0.0,1.0,1.0,1.0,1.0,1.0,1.0,1.0,1.0,1.0,1.0,1.0,1.0
Q0361,Welcher akademische Grad wird in der Bachelorurkunde beurkundet?,fully_answerable,1,"[""PO25CL-GEN-C03-P21-A03""]",0.6636468768119812,0.6611153483390808,0.0025315284729003906,"[""PO25CL-GEN-C03-P22-U01"", ""PO25CL-GEN-C03-P21-A03"", ""PO25CL-GEN-C03-P21-A01"", ""PO25CL-GEN-C01-P04-A02"", ""PO25CL-GEN-C01-P03-A05"", ""PO25CL-PLAN-S02-PBB"", ""PO25CL-PLAN-S04-PBB"", ""PO25CL-PLAN-S03-PBB"", ""PO25CL-PLAN-S01-PBB"", ""PO25CL-PLAN-S05-PBB""]","[0.6636468768119812, 0.6611153483390808, 0.6556228995323181, 0.640105128288269, 0.6360265612602234, 0.6306192278862, 0.6265147924423218, 0.6257808208465576, 0.6240201592445374, 0.6237457990646362]",[2],2.0,2.0,2.0,0.5,0.6611153483390808,0.6611153483390808,0.6636468768119812,-0.0025315284729003906,-0.0025315284729003906,0.0,0.0,0.0,1.0,1.0,1.0,1.0,1.0,1.0,1.0,1.0,1.0,1.0,1.0,1.0
Q0362,Wer unterzeichnet die Bachelorurkunde?,fully_answerable,1,"[""PO25CL-GEN-C03-P21-A04""]",0.5981312394142151,0.5735284090042114,0.024602830410003662,"[""PO25CL-GEN-C03-P21-A03"", ""PO25CL-GEN-C03-P21-A04"", ""PO25CL-GEN-C03-P21-A01"", ""PO25CL-GEN-C03-P22-U01"", ""PO25CL-GEN-C03-P15-A01"", ""PO25CL-GEN-C03-P16-A02"", ""PO25CL-GEN-C03-P15-A03"", ""PO25CL-GEN-C03-P21-A02"", ""PO25CL-GEN-C04-P25-A03"", ""PO25CL-GEN-C01-P01-A02""]","[0.5981312394142151, 0.5735284090042114, 0.5320178270339966, 0.5109916925430298, 0.4812389314174652, 0.47894594073295593, 0.4741288423538208, 0.4736053943634033, 0.47035133838653564, 0.47025641798973083]",[2],2.0,2.0,2.0,0.5,0.5735284090042114,0.5735284090042114,0.5981312394142151,-0.024602830410003662,-0.024602830410003662,0.0,0.0,0.0,1.0,1.0,1.0,1.0,1.0,1.0,1.0,1.0,1.0,1.0,1.0,1.0
Q0363,Mit welchem Kennzeichen der Universität wird die Bachelorurkunde versehen?,fully_answerable,1,"[""PO25CL-GEN-C03-P21-A04""]",0.6753791570663452,0.6526721715927124,0.022706985473632812,"[""PO25CL-GEN-C03-P21-A03"", ""PO25CL-GEN-C01-P04-A02"", ""PO25CL-PLAN-S04-PBB"", ""PO25CL-PLAN-S02-PBB"", ""PO25CL-GEN-C03-P21-A01"", ""PO25CL-PLAN-S03-PBB"", ""PO25CL-PLAN-S05-PBB"", ""PO25CL-PLAN-S01-PBB"", ""PO25CL-GEN-C03-P22-U01"", ""PO25CL-PLAN-S06-PBB""]","[0.6753791570663452, 0.6526721715927124, 0.646832287311554, 0.6462557315826416, 0.6456539630889893, 0.6437565088272095, 0.6410799026489258, 0.6410595774650574, 0.6406853199005127, 0.6366031169891357]",[12],12.0,12.0,12.0,0.08333333333333333,0.600447952747345,0.600447952747345,0.6753791570663452,-0.07493120431900024,-0.07493120431900024,0.0,0.0,0.0,0.0,0.0,0.0,0.0,0.0,0.0,0.0,0.0,0.0,0.0,0.0,0.0
Q0364,Welche Fakultät verleiht nach bestandener Bachelorprüfung den akademischen Grad?,fully_answerable,1,"[""PO25CL-GEN-C03-P22-U01""]",0.6698368191719055,0.66792893409729,0.0019078850746154785,"[""PO25CL-GEN-C03-P22-U01"", ""PO25CL-GEN-C01-P04-A02"", ""PO25CL-GEN-C03-P21-A03"", ""PO25CL-PLAN-S02-PBB"", ""PO25CL-GEN-C03-P21-A01"", ""PO25CL-PLAN-S01-PBB"", ""PO25CL-PLAN-S04-PBB"", ""PO25CL-PLAN-S03-PBB"", ""PO25CL-PLAN-S05-PBB"", ""PO25CL-PLAN-S06-PBB""]","[0.6698368191719055, 0.66792893409729, 0.6462758183479309, 0.641501247882843, 0.6384954452514648, 0.6367917060852051, 0.6354622840881348, 0.6350377202033997, 0.6314476728439331, 0.6307507753372192]",[1],1.0,1.0,1.0,1.0,0.6698368191719055,0.6698368191719055,0.66792893409729,0.0019078850746154785,0.0019078850746154785,1.0,1.0,1.0,1.0,1.0,1.0,1.0,1.0,1.0,1.0,1.0,1.0,1.0,1.0,1.0
Q0365,Wie lautet die Abkürzung des verliehenen Bachelorgrades?,fully_answerable,1,"[""PO25CL-GEN-C03-P22-U01""]",0.6719312071800232,0.6443179249763489,0.027613282203674316,"[""PO25CL-GEN-C03-P21-A03"", ""PO25CL-GEN-C03-P21-A01"", ""PO25CL-GEN-C03-P22-U01"", ""PO25CL-GEN-C01-P03-A05"", ""PO25CL-GEN-C01-P04-A02"", ""PO25CL-PLAN-S02-PBB"", ""PO25CL-PLAN-LEGEND"", ""PO25CL-PLAN-S01-PBB"", ""PO25CL-PLAN-S03-PBB"", ""PO25CL-PLAN-S05-PBB""]","[0.6719312071800232, 0.6443179249763489, 0.6264703273773193, 0.6038991212844849, 0.6016398668289185, 0.5991311073303223, 0.5959072113037109, 0.5926378965377808, 0.5899097323417664, 0.5880864262580872]",[3],3.0,3.0,3.0,0.3333333333333333,0.6264703273773193,0.6264703273773193,0.6719312071800232,-0.04546087980270386,-0.04546087980270386,0.0,0.0,0.0,0.0,0.0,0.0,1.0,1.0,1.0,1.0,1.0,1.0,1.0,1.0,1.0
Q0366,Kann der Bachelorgrad wegen nachträglich festgestellter Täuschung aberkannt werden?,fully_answerable,1,"[""PO25CL-GEN-C03-P23-U01""]",0.7460104823112488,0.6015387773513794,0.14447170495986938,"[""PO25CL-GEN-C03-P23-U01"", ""PO25CL-GEN-C03-P21-A03"", ""PO25CL-GEN-C03-P19-A06"", ""PO25CL-PLAN-S04-PBB"", ""PO25CL-PLAN-S02-PBB"", ""PO25CL-PLAN-S03-PBB"", ""PO25CL-PLAN-S05-PBB"", ""PO25CL-PLAN-S01-PBB"", ""PO25CL-PLAN-S06-PBB"", ""PO25CL-GEN-C04-P28-A09""]","[0.7460104823112488, 0.6015387773513794, 0.5903335809707642, 0.5855329632759094, 0.5852002501487732, 0.5816046595573425, 0.5770226716995239, 0.5768641233444214, 0.571060061454773, 0.55893474817276]",[1],1.0,1.0,1.0,1.0,0.7460104823112488,0.7460104823112488,0.6015387773513794,0.14447170495986938,0.14447170495986938,1.0,1.0,1.0,1.0,1.0,1.0,1.0,1.0,1.0,1.0,1.0,1.0,1.0,1.0,1.0
Q0367,Kann der Bachelorgrad bei irrtümlich angenommenen wesentlichen Voraussetzungen aberkannt werden?,fully_answerable,1,"[""PO25CL-GEN-C03-P23-U01""]",0.6927217841148376,0.6659274697303772,0.02679431438446045,"[""PO25CL-GEN-C03-P23-U01"", ""PO25CL-GEN-C03-P19-A06"", ""PO25CL-GEN-C03-P15-A02"", ""PO25CL-GEN-C04-P28-A03"", ""PO25CL-PLAN-S02-PBB"", ""PO25CL-PLAN-S04-PBB"", ""PO25CL-PLAN-S03-PBB"", ""PO25CL-PLAN-S05-PBB"", ""PO25CL-PLAN-S01-PBB"", ""PO25CL-GEN-C01-P04-A02""]","[0.6927217841148376, 0.6659274697303772, 0.6536754369735718, 0.650063693523407, 0.6498851776123047, 0.6418802738189697, 0.6405422687530518, 0.6395440101623535, 0.6388809680938721, 0.6336252093315125]",[1],1.0,1.0,1.0,1.0,0.6927217841148376,0.6927217841148376,0.6659274697303772,0.02679431438446045,0.02679431438446045,1.0,1.0,1.0,1.0,1.0,1.0,1.0,1.0,1.0,1.0,1.0,1.0,1.0,1.0,1.0
Q0368,Welche Vorschrift gilt bei der Aberkennung des Bachelorgrades entsprechend?,fully_answerable,1,"[""PO25CL-GEN-C03-P23-U01""]",0.7537868022918701,0.7189947366714478,0.03479206562042236,"[""PO25CL-GEN-C03-P21-A03"", ""PO25CL-GEN-C03-P23-U01"", ""PO25CL-GEN-C03-P15-A02"", ""PO25CL-GEN-C03-P12-A01"", ""PO25CL-GEN-C03-P21-A01"", ""PO25CL-GEN-C03-P22-U01"", ""PO25CL-GEN-C01-P04-A02"", ""PO25CL-GEN-C03-P15-A01"", ""PO25CL-GEN-C01-P01-A02"", ""PO25CL-GEN-C03-P10-U01""]","[0.7537868022918701, 0.7189947366714478, 0.7157288789749146, 0.6962512731552124, 0.6934678554534912, 0.6746612787246704, 0.6714516282081604, 0.6703109741210938, 0.6658602952957153, 0.6617040634155273]",[2],2.0,2.0,2.0,0.5,0.7189947366714478,0.7189947366714478,0.7537868022918701,-0.03479206562042236,-0.03479206562042236,0.0,0.0,0.0,1.0,1.0,1.0,1.0,1.0,1.0,1.0,1.0,1.0,1.0,1.0,1.0
Q0369,Wer entscheidet über die Aberkennung des Bachelorgrades?,fully_answerable,1,"[""PO25CL-GEN-C03-P23-U01""]",0.662717342376709,0.6551558971405029,0.007561445236206055,"[""PO25CL-GEN-C03-P21-A03"", ""PO25CL-GEN-C03-P23-U01"", ""PO25CL-GEN-C03-P15-A02"", ""PO25CL-GEN-C03-P21-A01"", ""PO25CL-GEN-C03-P22-U01"", ""PO25CL-PLAN-S02-PBB"", ""PO25CL-PLAN-S01-PBB"", ""PO25CL-GEN-C04-P28-A09"", ""PO25CL-PLAN-S03-PBB"", ""PO25CL-PLAN-S04-PBB""]","[0.662717342376709, 0.6551558971405029, 0.6186008453369141, 0.6149156093597412, 0.6087219715118408, 0.5966445207595825, 0.5925253629684448, 0.5900272130966187, 0.5868848562240601, 0.5868730545043945]",[2],2.0,2.0,2.0,0.5,0.6551558971405029,0.6551558971405029,0.662717342376709,-0.007561445236206055,-0.007561445236206055,0.0,0.0,0.0,1.0,1.0,1.0,1.0,1.0,1.0,1.0,1.0,1.0,1.0,1.0,1.0
Q0370,Unterliegen die Mitglieder des Prüfungsausschusses der Amtsverschwiegenheit?,fully_answerable,1,"[""PO25CL-GEN-C04-P24-A05""]",0.7691555023193359,0.754938006401062,0.014217495918273926,"[""PO25CL-GEN-C04-P24-A06"", ""PO25CL-GEN-C04-P24-A05"", ""PO25CL-GEN-C04-P24-A03"", ""PO25CL-GEN-C04-P24-A04"", ""PO25CL-GEN-C04-P24-A01"", ""PO25CL-GEN-C04-P24-A02"", ""PO25CL-GEN-C03-P12-A04"", ""PO25CL-GEN-C04-P28-A08"", ""PO25CL-GEN-C03-P19-A04"", ""PO25CL-GEN-C04-P25-A01""]","[0.7691555023193359, 0.754938006401062, 0.7485541105270386, 0.7434951663017273, 0.7294697761535645, 0.7213367223739624, 0.7078943848609924, 0.6957674026489258, 0.6949744820594788, 0.6924284100532532]",[2],2.0,2.0,2.0,0.5,0.754938006401062,0.754938006401062,0.7691555023193359,-0.014217495918273926,-0.014217495918273926,0.0,0.0,0.0,1.0,1.0,1.0,1.0,1.0,1.0,1.0,1.0,1.0,1.0,1.0,1.0
Q0371,Welche Fakultät bildet die Prüfungsausschüsse?,fully_answerable,1,"[""PO25CL-GEN-C04-P24-A01""]",0.7624677419662476,0.7514011263847351,0.011066615581512451,"[""PO25CL-GEN-C04-P24-A01"", ""PO25CL-GEN-C04-P24-A03"", ""PO25CL-GEN-C04-P24-A02"", ""PO25CL-GEN-C04-P25-A02"", ""PO25CL-GEN-C04-P29-U01"", ""PO25CL-GEN-C04-P28-A08"", ""PO25CL-GEN-C04-P24-A04"", ""PO25CL-GEN-C04-P31-A01"", ""PO25CL-GEN-C04-P24-A06"", ""PO25CL-GEN-C03-P15-A03""]","[0.7624677419662476, 0.7514011263847351, 0.6959577202796936, 0.6784701943397522, 0.6613560914993286, 0.6554828882217407, 0.6537730693817139, 0.6442352533340454, 0.6396795511245728, 0.6139444708824158]",[1],1.0,1.0,1.0,1.0,0.7624677419662476,0.7624677419662476,0.7514011263847351,0.011066615581512451,0.011066615581512451,1.0,1.0,1.0,1.0,1.0,1.0,1.0,1.0,1.0,1.0,1.0,1.0,1.0,1.0,1.0
Q0372,Welcher Prüfungsausschuss ist für die integrierten Studiengänge zuständig?,fully_answerable,1,"[""PO25CL-GEN-C04-P24-A01""]",0.750255823135376,0.7484524250030518,0.0018033981323242188,"[""PO25CL-GEN-C04-P24-A01"", ""PO25CL-GEN-C04-P24-A02"", ""PO25CL-GEN-C04-P28-A08"", ""PO25CL-GEN-C04-P24-A04"", ""PO25CL-GEN-C04-P29-U01"", ""PO25CL-GEN-C04-P24-A03"", ""PO25CL-GEN-C04-P28-A05"", ""PO25CL-GEN-C04-P31-A01"", ""PO25CL-GEN-C04-P27-A03"", ""PO25CL-GEN-C04-P25-A02""]","[0.750255823135376, 0.7484524250030518, 0.7241467237472534, 0.713255763053894, 0.7023785710334778, 0.6849212646484375, 0.6771261692047119, 0.6667977571487427, 0.6657314896583557, 0.6611067056655884]",[1],1.0,1.0,1.0,1.0,0.750255823135376,0.750255823135376,0.7484524250030518,0.0018033981323242188,0.0018033981323242188,1.0,1.0,1.0,1.0,1.0,1.0,1.0,1.0,1.0,1.0,1.0,1.0,1.0,1.0,1.0
Q0373,Ist ein Prüfungsausschuss für die Kernfächer zuständig?,fully_answerable,1,"[""PO25CL-GEN-C04-P24-A01""]",0.6123124361038208,0.5909558534622192,0.021356582641601562,"[""PO25CL-GEN-C04-P24-A02"", ""PO25CL-GEN-C04-P24-A01"", ""PO25CL-GEN-C04-P24-A05"", ""PO25CL-GEN-C04-P24-A03"", ""PO25CL-GEN-C04-P24-A04"", ""PO25CL-GEN-C04-P24-A06"", ""PO25CL-GEN-C03-P12-A04"", ""PO25CL-GEN-C04-P29-U01"", ""PO25CL-GEN-C04-P25-A02"", ""PO25CL-GEN-C04-P25-A01""]","[0.6123124361038208, 0.5909558534622192, 0.5908750295639038, 0.5907760858535767, 0.5902643203735352, 0.588604211807251, 0.5483863949775696, 0.5353822708129883, 0.5215904712677002, 0.5211204290390015]",[2],2.0,2.0,2.0,0.5,0.5909558534622192,0.5909558534622192,0.6123124361038208,-0.021356582641601562,-0.021356582641601562,0.0,0.0,0.0,1.0,1.0,1.0,1.0,1.0,1.0,1.0,1.0,1.0,1.0,1.0,1.0
Q0374,Welche Leitungsfunktion gehört einem Prüfungsausschuss an?,fully_answerable,1,"[""PO25CL-GEN-C04-P24-A01""]",0.8604919910430908,0.8337550163269043,0.026736974716186523,"[""PO25CL-GEN-C04-P24-A02"", ""PO25CL-GEN-C04-P24-A01"", ""PO25CL-GEN-C04-P24-A03"", ""PO25CL-GEN-C04-P24-A04"", ""PO25CL-GEN-C04-P29-U01"", ""PO25CL-GEN-C04-P25-A02"", ""PO25CL-GEN-C04-P24-A06"", ""PO25CL-GEN-C04-P28-A08"", ""PO25CL-GEN-C03-P12-A04"", ""PO25CL-GEN-C04-P25-A01""]","[0.8604919910430908, 0.8337550163269043, 0.7877354621887207, 0.7798103094100952, 0.768182635307312, 0.7614800930023193, 0.759901762008667, 0.7482116222381592, 0.7312927842140198, 0.7236872911453247]",[2],2.0,2.0,2.0,0.5,0.8337550163269043,0.8337550163269043,0.8604919910430908,-0.026736974716186523,-0.026736974716186523,0.0,0.0,0.0,1.0,1.0,1.0,1.0,1.0,1.0,1.0,1.0,1.0,1.0,1.0,1.0
Q0375,Wie viele stellvertretende Vorsitzende hat ein Prüfungsausschuss?,fully_answerable,1,"[""PO25CL-GEN-C04-P24-A01""]",0.7610986828804016,0.7407703399658203,0.0203283429145813,"[""PO25CL-GEN-C04-P24-A03"", ""PO25CL-GEN-C04-P24-A01"", ""PO25CL-GEN-C04-P24-A04"", ""PO25CL-GEN-C04-P24-A06"", ""PO25CL-GEN-C04-P24-A05"", ""PO25CL-GEN-C03-P12-A04"", ""PO25CL-GEN-C04-P24-A02"", ""PO25CL-GEN-C04-P25-A02"", ""PO25CL-GEN-C04-P28-A08"", ""PO25CL-GEN-C04-P25-A01""]","[0.7610986828804016, 0.7407703399658203, 0.7012104988098145, 0.6903327703475952, 0.685138463973999, 0.6843215227127075, 0.6795570254325867, 0.6503012180328369, 0.6464411020278931, 0.6393561363220215]",[2],2.0,2.0,2.0,0.5,0.7407703399658203,0.7407703399658203,0.7610986828804016,-0.0203283429145813,-0.0203283429145813,0.0,0.0,0.0,1.0,1.0,1.0,1.0,1.0,1.0,1.0,1.0,1.0,1.0,1.0,1.0
Q0376,Wie viele weitere Mitglieder gehören einem Prüfungsausschuss an?,fully_answerable,1,"[""PO25CL-GEN-C04-P24-A01""]",0.7239410877227783,0.7169550657272339,0.006986021995544434,"[""PO25CL-GEN-C04-P24-A03"", ""PO25CL-GEN-C04-P24-A01"", ""PO25CL-GEN-C04-P24-A04"", ""PO25CL-GEN-C04-P24-A06"", ""PO25CL-GEN-C04-P24-A02"", ""PO25CL-GEN-C03-P12-A04"", ""PO25CL-GEN-C04-P24-A05"", ""PO25CL-GEN-C04-P28-A08"", ""PO25CL-GEN-C04-P25-A02"", ""PO25CL-GEN-C04-P29-U01""]","[0.7239410877227783, 0.7169550657272339, 0.6946184039115906, 0.6647062301635742, 0.6541087627410889, 0.652675986289978, 0.6306749582290649, 0.6293603181838989, 0.6102386116981506, 0.5972347259521484]",[2],2.0,2.0,2.0,0.5,0.7169550657272339,0.7169550657272339,0.7239410877227783,-0.006986021995544434,-0.006986021995544434,0.0,0.0,0.0,1.0,1.0,1.0,1.0,1.0,1.0,1.0,1.0,1.0,1.0,1.0,1.0
Q0377,Wie viele Mitglieder vertreten insgesamt die Gruppe der Professorinnen und Professoren?,fully_answerable,1,"[""PO25CL-GEN-C04-P24-A01""]",0.6267737150192261,0.6135767698287964,0.013196945190429688,"[""PO25CL-GEN-C04-P25-A03"", ""PO25CL-GEN-C04-P24-A03"", ""PO25CL-GEN-C04-P31-A01"", ""PO25CL-GEN-C04-P24-A01"", ""PO25CL-GEN-C03-P15-A10"", ""PO25CL-GEN-C04-P28-A01"", ""PO25CL-GEN-C04-P25-A02"", ""PO25CL-GEN-C04-P28-A04"", ""PO25CL-GEN-C04-P28-A03"", ""PO25CL-GEN-C03-P21-A01""]","[0.6267737150192261, 0.6135767698287964, 0.5526975393295288, 0.551700234413147, 0.5287361145019531, 0.5245997905731201, 0.5241771340370178, 0.5089387893676758, 0.501499354839325, 0.49895235896110535]",[4],4.0,4.0,4.0,0.25,0.551700234413147,0.551700234413147,0.6267737150192261,-0.0750734806060791,-0.0750734806060791,0.0,0.0,0.0,0.0,0.0,0.0,0.0,0.0,0.0,1.0,1.0,1.0,1.0,1.0,1.0
Q0378,Wie viele Mitglieder kommen aus der Gruppe der wissenschaftlichen Mitarbeiterinnen und Mitarbeiter?,fully_answerable,1,"[""PO25CL-GEN-C04-P24-A01""]",0.5443053245544434,0.5247762799263,0.01952904462814331,"[""PO25CL-GEN-C04-P24-A01"", ""PO25CL-GEN-C04-P24-A03"", ""PO25CL-GEN-C04-P25-A02"", ""PO25CL-GEN-C04-P25-A03"", ""PO25CL-GEN-C04-P29-U01"", ""PO25CL-GEN-C04-P28-A08"", ""PO25CL-GEN-C04-P31-A01"", ""PO25CL-GEN-C04-P28-A05"", ""PO25CL-GEN-C03-P15-A03"", ""PO25CL-GEN-C04-P28-A01""]","[0.5443053245544434, 0.5247762799263, 0.5072622299194336, 0.504164457321167, 0.5024393796920776, 0.48813939094543457, 0.4796760082244873, 0.4736027717590332, 0.46486711502075195, 0.4638620913028717]",[1],1.0,1.0,1.0,1.0,0.5443053245544434,0.5443053245544434,0.5247762799263,0.01952904462814331,0.01952904462814331,1.0,1.0,1.0,1.0,1.0,1.0,1.0,1.0,1.0,1.0,1.0,1.0,1.0,1.0,1.0
Q0379,Wie viele Mitglieder kommen aus der Gruppe der Studierenden?,fully_answerable,1,"[""PO25CL-GEN-C04-P24-A01""]",0.4748406410217285,0.46159985661506653,0.013240784406661987,"[""PO25CL-GEN-C03-P21-A01"", ""PO25CL-GEN-C04-P31-A01"", ""PO25CL-GEN-C03-P15-A10"", ""PO25CL-GEN-C03-P18-A06"", ""PO25CL-GEN-C04-P24-A03"", ""PO25CL-APP-R06"", ""PO25CL-GEN-C04-P28-A09"", ""PO25CL-GEN-C04-P31-A02"", ""PO25CL-GEN-C02-P08-U01"", ""PO25CL-GEN-C03-P15-A03""]","[0.4748406410217285, 0.46159985661506653, 0.4596302807331085, 0.45640629529953003, 0.4506063163280487, 0.4345130920410156, 0.4317574203014374, 0.4288085699081421, 0.42764484882354736, 0.4274623990058899]",[13],13.0,13.0,13.0,0.07692307692307693,0.4132883846759796,0.4132883846759796,0.4748406410217285,-0.0615522563457489,-0.0615522563457489,0.0,0.0,0.0,0.0,0.0,0.0,0.0,0.0,0.0,0.0,0.0,0.0,0.0,0.0,0.0
Q0380,Wird für jedes Ausschussmitglied eine Stellvertretung gewählt?,fully_answerable,1,"[""PO25CL-GEN-C04-P24-A01""]",0.7841873168945312,0.6839168071746826,0.10027050971984863,"[""PO25CL-GEN-C04-P24-A03"", ""PO25CL-GEN-C03-P12-A04"", ""PO25CL-GEN-C04-P24-A05"", ""PO25CL-GEN-C04-P24-A01"", ""PO25CL-GEN-C03-P17-A06"", ""PO25CL-GEN-C04-P24-A04"", ""PO25CL-GEN-C04-P24-A02"", ""PO25CL-GEN-C04-P29-U01"", ""PO25CL-GEN-C04-P26-U01"", ""PO25CL-GEN-C04-P25-A01""]","[0.7841873168945312, 0.6839168071746826, 0.677425742149353, 0.6760024428367615, 0.6455480456352234, 0.6357630491256714, 0.629469633102417, 0.6290695667266846, 0.6027205586433411, 0.6014541983604431]",[4],4.0,4.0,4.0,0.25,0.6760024428367615,0.6760024428367615,0.7841873168945312,-0.10818487405776978,-0.10818487405776978,0.0,0.0,0.0,0.0,0.0,0.0,0.0,0.0,0.0,1.0,1.0,1.0,1.0,1.0,1.0
Q0381,Wie lange dauert die Amtszeit der studentischen Mitglieder?,fully_answerable,1,"[""PO25CL-GEN-C04-P24-A01""]",0.685031533241272,0.654700756072998,0.030330777168273926,"[""PO25CL-GEN-C01-P03-A01"", ""PO25CL-GEN-C03-P14-A10"", ""PO25CL-GEN-C03-P21-A02"", ""PO25CL-GEN-C03-P15-A04"", ""PO25CL-GEN-C03-P14-A03"", ""PO25CL-GEN-C02-P09-A01"", ""PO25CL-GEN-C03-P21-A01"", ""PO25CL-GEN-C01-P03-A04"", ""PO25CL-GEN-C04-P25-A06"", ""PO25CL-GEN-C03-P11-A09""]","[0.685031533241272, 0.654700756072998, 0.6162353754043579, 0.613692581653595, 0.6012231707572937, 0.5951669216156006, 0.5922061800956726, 0.5917551517486572, 0.5911813974380493, 0.5853373408317566]",[99],99.0,99.0,99.0,0.010101010101010102,0.3784014582633972,0.3784014582633972,0.685031533241272,-0.30663007497787476,-0.30663007497787476,0.0,0.0,0.0,0.0,0.0,0.0,0.0,0.0,0.0,0.0,0.0,0.0,0.0,0.0,0.0
Q0382,Wie lange dauert die Amtszeit der übrigen Mitglieder?,fully_answerable,1,"[""PO25CL-GEN-C04-P24-A01""]",0.6078290939331055,0.6066648960113525,0.0011641979217529297,"[""PO25CL-GEN-C03-P14-A03"", ""PO25CL-GEN-C03-P15-A04"", ""PO25CL-GEN-C04-P25-A06"", ""PO25CL-GEN-C03-P14-A10"", ""PO25CL-GEN-C04-P26-U01"", ""PO25CL-GEN-C01-P03-A01"", ""PO25CL-GEN-C03-P16-A03"", ""PO25CL-GEN-C03-P13-A02"", ""PO25CL-GEN-C03-P13-A01"", ""PO25CL-GEN-C03-P15-A05""]","[0.6078290939331055, 0.6066648960113525, 0.587932825088501, 0.5598503351211548, 0.5226659178733826, 0.5223905444145203, 0.5182263255119324, 0.4955487549304962, 0.4820713400840759, 0.48142188787460327]",[30],30.0,30.0,30.0,0.03333333333333333,0.37096893787384033,0.37096893787384033,0.6078290939331055,-0.23686015605926514,-0.23686015605926514,0.0,0.0,0.0,0.0,0.0,0.0,0.0,0.0,0.0,0.0,0.0,0.0,0.0,0.0,0.0
Q0383,Ist eine Wiederwahl in den Prüfungsausschuss zulässig?,fully_answerable,1,"[""PO25CL-GEN-C04-P24-A01""]",0.6713639497756958,0.6468898057937622,0.024474143981933594,"[""PO25CL-GEN-C03-P19-A04"", ""PO25CL-GEN-C04-P24-A03"", ""PO25CL-GEN-C03-P17-A06"", ""PO25CL-GEN-C03-P12-A04"", ""PO25CL-GEN-C04-P26-U01"", ""PO25CL-GEN-C04-P27-A01-02"", ""PO25CL-GEN-C04-P24-A05"", ""PO25CL-GEN-C03-P20-A02"", ""PO25CL-GEN-C03-P19-A09"", ""PO25CL-GEN-C04-P24-A06""]","[0.6713639497756958, 0.6468898057937622, 0.6468120813369751, 0.6377806067466736, 0.634734570980072, 0.5912085771560669, 0.5847443342208862, 0.5841072797775269, 0.5820803642272949, 0.5797408223152161]",[19],19.0,19.0,19.0,0.05263157894736842,0.5155044794082642,0.5155044794082642,0.6713639497756958,-0.15585947036743164,-0.15585947036743164,0.0,0.0,0.0,0.0,0.0,0.0,0.0,0.0,0.0,0.0,0.0,0.0,0.0,0.0,0.0
Q0384,Worauf achtet der Prüfungsausschuss bei der Anwendung der Prüfungsordnung?,fully_answerable,1,"[""PO25CL-GEN-C04-P24-A02""]",0.8851740956306458,0.8007525205612183,0.08442157506942749,"[""PO25CL-GEN-C04-P24-A02"", ""PO25CL-GEN-C04-P24-A04"", ""PO25CL-GEN-C03-P12-A04"", ""PO25CL-GEN-C04-P28-A08"", ""PO25CL-GEN-C04-P24-A06"", ""PO25CL-GEN-C04-P24-A01"", ""PO25CL-GEN-C04-P24-A03"", ""PO25CL-GEN-C04-P25-A02"", ""PO25CL-GEN-C03-P17-A06"", ""PO25CL-GEN-C04-P26-U01""]","[0.8851740956306458, 0.8007525205612183, 0.7922157049179077, 0.7887579202651978, 0.7857874035835266, 0.7552881836891174, 0.7522991895675659, 0.7517452836036682, 0.7499557733535767, 0.7452114820480347]",[1],1.0,1.0,1.0,1.0,0.8851740956306458,0.8851740956306458,0.8007525205612183,0.08442157506942749,0.08442157506942749,1.0,1.0,1.0,1.0,1.0,1.0,1.0,1.0,1.0,1.0,1.0,1.0,1.0,1.0,1.0
Q0385,Wer legt die Einzelheiten des Prüfungsverfahrens fest?,fully_answerable,1,"[""PO25CL-GEN-C04-P24-A02""]",0.7112225294113159,0.6908822059631348,0.020340323448181152,"[""PO25CL-GEN-C03-P14-A02"", ""PO25CL-GEN-C03-P11-A05"", ""PO25CL-GEN-C03-P11-A07"", ""PO25CL-GEN-C04-P24-A02"", ""PO25CL-GEN-C04-P28-A08"", ""PO25CL-GEN-C03-P12-A04"", ""PO25CL-GEN-C03-P11-A04"", ""PO25CL-GEN-C03-P19-A08"", ""PO25CL-GEN-C03-P17-A03"", ""PO25CL-GEN-C03-P13-A01""]","[0.7112225294113159, 0.6908822059631348, 0.679305911064148, 0.6721312999725342, 0.660094141960144, 0.6574320793151855, 0.6513920426368713, 0.6490340828895569, 0.6467851400375366, 0.6461780667304993]",[4],4.0,4.0,4.0,0.25,0.6721312999725342,0.6721312999725342,0.7112225294113159,-0.03909122943878174,-0.03909122943878174,0.0,0.0,0.0,0.0,0.0,0.0,0.0,0.0,0.0,1.0,1.0,1.0,1.0,1.0,1.0
Q0386,Wer sorgt für die ordnungsgemäße Durchführung der Prüfungen?,fully_answerable,1,"[""PO25CL-GEN-C04-P24-A02""]",0.768682062625885,0.7412992119789124,0.027382850646972656,"[""PO25CL-GEN-C03-P14-A02"", ""PO25CL-GEN-C04-P28-A08"", ""PO25CL-GEN-C04-P24-A02"", ""PO25CL-GEN-C04-P25-A02"", ""PO25CL-GEN-C04-P29-U01"", ""PO25CL-GEN-C04-P25-A05"", ""PO25CL-GEN-C04-P28-A06"", ""PO25CL-GEN-C04-P24-A04"", ""PO25CL-GEN-C03-P12-A04"", ""PO25CL-GEN-C03-P19-A08""]","[0.768682062625885, 0.7412992119789124, 0.7360961437225342, 0.7085274457931519, 0.7083838582038879, 0.6982764005661011, 0.6957378387451172, 0.6846389770507812, 0.6791698932647705, 0.6783012747764587]",[3],3.0,3.0,3.0,0.3333333333333333,0.7360961437225342,0.7360961437225342,0.768682062625885,-0.03258591890335083,-0.03258591890335083,0.0,0.0,0.0,0.0,0.0,0.0,1.0,1.0,1.0,1.0,1.0,1.0,1.0,1.0,1.0
Q0387,Wer entscheidet in Zweifelsfällen über die Auslegung der Prüfungsordnung?,fully_answerable,1,"[""PO25CL-GEN-C04-P24-A02""]",0.7202990055084229,0.7067290544509888,0.013569951057434082,"[""PO25CL-GEN-C03-P12-A04"", ""PO25CL-GEN-C03-P14-A02"", ""PO25CL-GEN-C04-P27-A01-02"", ""PO25CL-GEN-C03-P11-A07"", ""PO25CL-GEN-C03-P20-A02"", ""PO25CL-GEN-C03-P19-A08"", ""PO25CL-GEN-C03-P19-A04"", ""PO25CL-GEN-C03-P20-A03"", ""PO25CL-GEN-C03-P20-A01"", ""PO25CL-GEN-C03-P17-A05""]","[0.7202990055084229, 0.7067290544509888, 0.7007631063461304, 0.6969457864761353, 0.6801164150238037, 0.6790138483047485, 0.675588846206665, 0.6751063466072083, 0.6698154211044312, 0.6679099202156067]",[11],11.0,11.0,11.0,0.09090909090909091,0.6671602725982666,0.6671602725982666,0.7202990055084229,-0.05313873291015625,-0.05313873291015625,0.0,0.0,0.0,0.0,0.0,0.0,0.0,0.0,0.0,0.0,0.0,0.0,0.0,0.0,0.0
Q0388,Wer entscheidet über Widersprüche gegen Prüfungsentscheidungen?,fully_answerable,1,"[""PO25CL-GEN-C04-P24-A02""]",0.761265754699707,0.7555865049362183,0.0056792497634887695,"[""PO25CL-GEN-C03-P20-A02"", ""PO25CL-GEN-C03-P17-A05"", ""PO25CL-GEN-C04-P27-A01-02"", ""PO25CL-GEN-C03-P20-A01"", ""PO25CL-GEN-C03-P19-A04"", ""PO25CL-GEN-C03-P17-A06"", ""PO25CL-GEN-C03-P14-A02"", ""PO25CL-GEN-C03-P19-A08"", ""PO25CL-GEN-C03-P20-A03"", ""PO25CL-GEN-C03-P12-A04""]","[0.761265754699707, 0.7555865049362183, 0.7554284334182739, 0.7511787414550781, 0.7111147046089172, 0.7099097371101379, 0.704918622970581, 0.6980776786804199, 0.6979469060897827, 0.6959751844406128]",[13],13.0,13.0,13.0,0.07692307692307693,0.6607109904289246,0.6607109904289246,0.761265754699707,-0.10055476427078247,-0.10055476427078247,0.0,0.0,0.0,0.0,0.0,0.0,0.0,0.0,0.0,0.0,0.0,0.0,0.0,0.0,0.0
Q0389,Wer erledigt die Regelfälle im Prüfungsausschuss?,fully_answerable,1,"[""PO25CL-GEN-C04-P24-A02""]",0.8512195348739624,0.8059190511703491,0.04530048370361328,"[""PO25CL-GEN-C04-P24-A02"", ""PO25CL-GEN-C03-P12-A04"", ""PO25CL-GEN-C04-P24-A04"", ""PO25CL-GEN-C04-P24-A03"", ""PO25CL-GEN-C04-P24-A01"", ""PO25CL-GEN-C04-P24-A06"", ""PO25CL-GEN-C03-P17-A06"", ""PO25CL-GEN-C04-P25-A02"", ""PO25CL-GEN-C04-P28-A08"", ""PO25CL-GEN-C04-P29-U01""]","[0.8512195348739624, 0.8059190511703491, 0.7899633049964905, 0.7864223122596741, 0.7828808426856995, 0.7747809290885925, 0.7700203061103821, 0.765926718711853, 0.7631154656410217, 0.7448951005935669]",[1],1.0,1.0,1.0,1.0,0.8512195348739624,0.8512195348739624,0.8059190511703491,0.04530048370361328,0.04530048370361328,1.0,1.0,1.0,1.0,1.0,1.0,1.0,1.0,1.0,1.0,1.0,1.0,1.0,1.0,1.0
Q0390,Wie häufig berichtet der Prüfungsausschuss mindestens an den Fakultätsrat?,fully_answerable,1,"[""PO25CL-GEN-C04-P24-A02""]",0.7164771556854248,0.6532983779907227,0.06317877769470215,"[""PO25CL-GEN-C04-P24-A03"", ""PO25CL-GEN-C04-P28-A08"", ""PO25CL-GEN-C04-P24-A01"", ""PO25CL-GEN-C04-P24-A02"", ""PO25CL-GEN-C04-P24-A06"", ""PO25CL-GEN-C04-P27-A03"", ""PO25CL-GEN-C04-P24-A04"", ""PO25CL-GEN-C04-P28-A09"", ""PO25CL-GEN-C04-P29-U01"", ""PO25CL-GEN-C04-P25-A02""]","[0.7164771556854248, 0.6532983779907227, 0.6508495807647705, 0.6466928124427795, 0.6409249305725098, 0.630456268787384, 0.6229559183120728, 0.6147683262825012, 0.6115617156028748, 0.6085553765296936]",[4],4.0,4.0,4.0,0.25,0.6466928124427795,0.6466928124427795,0.7164771556854248,-0.06978434324264526,-0.06978434324264526,0.0,0.0,0.0,0.0,0.0,0.0,0.0,0.0,0.0,1.0,1.0,1.0,1.0,1.0,1.0
Q0391,Welche Leitungsperson muss für die Beschlussfähigkeit anwesend sein?,fully_answerable,1,"[""PO25CL-GEN-C04-P24-A03""]",0.6170920133590698,0.6056455969810486,0.01144641637802124,"[""PO25CL-GEN-C04-P29-U01"", ""PO25CL-GEN-C04-P25-A02"", ""PO25CL-GEN-C03-P12-A04"", ""PO25CL-GEN-C04-P25-A01"", ""PO25CL-GEN-C04-P24-A03"", ""PO25CL-GEN-C04-P25-A03"", ""PO25CL-GEN-C04-P24-A01"", ""PO25CL-GEN-C04-P25-A04"", ""PO25CL-GEN-C03-P15-A03"", ""PO25CL-GEN-C04-P25-A05""]","[0.6170920133590698, 0.6056455969810486, 0.5992659330368042, 0.5909358263015747, 0.5879316926002502, 0.5608741641044617, 0.5550048351287842, 0.5519064664840698, 0.5411156415939331, 0.5200771689414978]",[5],5.0,5.0,5.0,0.2,0.5879316926002502,0.5879316926002502,0.6170920133590698,-0.02916032075881958,-0.02916032075881958,0.0,0.0,0.0,0.0,0.0,0.0,0.0,0.0,0.0,1.0,1.0,1.0,1.0,1.0,1.0
Q0392,Mit welcher Mehrheit beschließt der Prüfungsausschuss?,fully_answerable,1,"[""PO25CL-GEN-C04-P24-A03""]",0.7689144611358643,0.6946017146110535,0.07431274652481079,"[""PO25CL-GEN-C04-P24-A03"", ""PO25CL-GEN-C03-P12-A04"", ""PO25CL-GEN-C03-P17-A06"", ""PO25CL-GEN-C04-P24-A02"", ""PO25CL-GEN-C04-P24-A04"", ""PO25CL-GEN-C04-P24-A01"", ""PO25CL-GEN-C04-P24-A06"", ""PO25CL-GEN-C03-P19-A04"", ""PO25CL-GEN-C04-P28-A08"", ""PO25CL-GEN-C04-P24-A05""]","[0.7689144611358643, 0.6946017146110535, 0.665607213973999, 0.6587276458740234, 0.6571376323699951, 0.6446698904037476, 0.6306908130645752, 0.6149170398712158, 0.6094636917114258, 0.5865082740783691]",[1],1.0,1.0,1.0,1.0,0.7689144611358643,0.7689144611358643,0.6946017146110535,0.07431274652481079,0.07431274652481079,1.0,1.0,1.0,1.0,1.0,1.0,1.0,1.0,1.0,1.0,1.0,1.0,1.0,1.0,1.0
Q0393,Wessen Stimme entscheidet bei Stimmengleichheit?,fully_answerable,1,"[""PO25CL-GEN-C04-P24-A03""]",0.5247774124145508,0.45726656913757324,0.06751084327697754,"[""PO25CL-GEN-C04-P24-A03"", ""PO25CL-GEN-C03-P12-A04"", ""PO25CL-GEN-C04-P27-A01-02"", ""PO25CL-GEN-C03-P17-A06"", ""PO25CL-GEN-C04-P28-A08"", ""PO25CL-GEN-C04-P28-A09"", ""PO25CL-GEN-C04-P25-A01"", ""PO25CL-GEN-C03-P16-A02"", ""PO25CL-GEN-C04-P25-A02"", ""PO25CL-GEN-C03-P19-A04""]","[0.5247774124145508, 0.45726656913757324, 0.4519197344779968, 0.4337998628616333, 0.4233330488204956, 0.4070669114589691, 0.39661961793899536, 0.3863062858581543, 0.385776549577713, 0.3815997540950775]",[1],1.0,1.0,1.0,1.0,0.5247774124145508,0.5247774124145508,0.45726656913757324,0.06751084327697754,0.06751084327697754,1.0,1.0,1.0,1.0,1.0,1.0,1.0,1.0,1.0,1.0,1.0,1.0,1.0,1.0,1.0
Q0394,Sind Sitzungen des Prüfungsausschusses öffentlich?,fully_answerable,1,"[""PO25CL-GEN-C04-P24-A05""]",0.7660812139511108,0.6606916189193726,0.10538959503173828,"[""PO25CL-GEN-C04-P24-A05"", ""PO25CL-GEN-C04-P24-A03"", ""PO25CL-GEN-C04-P24-A02"", ""PO25CL-GEN-C04-P24-A06"", ""PO25CL-GEN-C03-P17-A06"", ""PO25CL-GEN-C04-P24-A04"", ""PO25CL-GEN-C03-P19-A04"", ""PO25CL-GEN-C04-P24-A01"", ""PO25CL-GEN-C03-P12-A04"", ""PO25CL-GEN-C04-P26-U01""]","[0.7660812139511108, 0.6606916189193726, 0.6372162103652954, 0.6342388391494751, 0.6318627595901489, 0.6214421987533569, 0.6192137002944946, 0.6184523105621338, 0.5881866216659546, 0.5821926593780518]",[1],1.0,1.0,1.0,1.0,0.7660812139511108,0.7660812139511108,0.6606916189193726,0.10538959503173828,0.10538959503173828,1.0,1.0,1.0,1.0,1.0,1.0,1.0,1.0,1.0,1.0,1.0,1.0,1.0,1.0,1.0
Q0395,Wer stellt die Prüfungsunfähigkeit fest?,fully_answerable,1,"[""PO25CL-GEN-C04-P24-A06""]",0.7546977400779724,0.7184686064720154,0.03622913360595703,"[""PO25CL-GEN-C03-P17-A05"", ""PO25CL-GEN-C03-P20-A02"", ""PO25CL-GEN-C04-P27-A01-02"", ""PO25CL-GEN-C03-P20-A01"", ""PO25CL-GEN-C03-P19-A04"", ""PO25CL-GEN-C03-P19-A08"", ""PO25CL-GEN-C03-P17-A02"", ""PO25CL-GEN-C04-P24-A06"", ""PO25CL-GEN-C03-P19-A05"", ""PO25CL-GEN-C03-P19-A02""]","[0.7546977400779724, 0.7184686064720154, 0.7178889513015747, 0.7089772820472717, 0.6661912202835083, 0.6624774932861328, 0.6618397235870361, 0.6487262845039368, 0.6331069469451904, 0.6315369606018066]",[8],8.0,8.0,8.0,0.125,0.6487262845039368,0.6487262845039368,0.7546977400779724,-0.10597145557403564,-0.10597145557403564,0.0,0.0,0.0,0.0,0.0,0.0,0.0,0.0,0.0,0.0,0.0,0.0,1.0,1.0,1.0
Q0396,Sind Prüferinnen und Prüfer in ihrer Prüfungstätigkeit an Weisungen gebunden?,fully_answerable,1,"[""PO25CL-GEN-C04-P25-A01""]",0.7586369514465332,0.7455040216445923,0.013132929801940918,"[""PO25CL-GEN-C04-P25-A05"", ""PO25CL-GEN-C04-P25-A01"", ""PO25CL-GEN-C04-P25-A02"", ""PO25CL-GEN-C04-P28-A06"", ""PO25CL-GEN-C03-P14-A02"", ""PO25CL-GEN-C04-P25-A04"", ""PO25CL-GEN-C04-P28-A08"", ""PO25CL-GEN-C03-P16-A02"", ""PO25CL-GEN-C04-P29-U01"", ""PO25CL-GEN-C03-P19-A08""]","[0.7586369514465332, 0.7455040216445923, 0.7418915033340454, 0.7386327385902405, 0.726209282875061, 0.7157614231109619, 0.7153736352920532, 0.7077217102050781, 0.6912888884544373, 0.6688989400863647]",[2],2.0,2.0,2.0,0.5,0.7455040216445923,0.7455040216445923,0.7586369514465332,-0.013132929801940918,-0.013132929801940918,0.0,0.0,0.0,1.0,1.0,1.0,1.0,1.0,1.0,1.0,1.0,1.0,1.0,1.0,1.0
Q0397,Welcher Pflicht unterliegen Prüferinnen und Prüfer hinsichtlich vertraulicher Informationen?,fully_answerable,1,"[""PO25CL-GEN-C04-P25-A01""]",0.6929925084114075,0.6628432273864746,0.03014928102493286,"[""PO25CL-GEN-C04-P25-A05"", ""PO25CL-GEN-C04-P25-A01"", ""PO25CL-GEN-C03-P14-A02"", ""PO25CL-GEN-C04-P25-A02"", ""PO25CL-GEN-C04-P25-A04"", ""PO25CL-GEN-C04-P29-U01"", ""PO25CL-GEN-C04-P28-A06"", ""PO25CL-GEN-C04-P28-A08"", ""PO25CL-GEN-C03-P14-A09"", ""PO25CL-GEN-C04-P24-A05""]","[0.6929925084114075, 0.6628432273864746, 0.617171049118042, 0.5977448225021362, 0.5966905355453491, 0.5811482667922974, 0.5745245814323425, 0.5742049813270569, 0.5739099979400635, 0.5614284873008728]",[2],2.0,2.0,2.0,0.5,0.6628432273864746,0.6628432273864746,0.6929925084114075,-0.03014928102493286,-0.03014928102493286,0.0,0.0,0.0,1.0,1.0,1.0,1.0,1.0,1.0,1.0,1.0,1.0,1.0,1.0,1.0
Q0398,Wer ist für die Bestellung von Prüferinnen und Prüfern zuständig?,fully_answerable,1,"[""PO25CL-GEN-C04-P25-A02""]",0.7824490666389465,0.739715039730072,0.04273402690887451,"[""PO25CL-GEN-C04-P25-A02"", ""PO25CL-GEN-C04-P25-A04"", ""PO25CL-GEN-C04-P25-A01"", ""PO25CL-GEN-C04-P29-U01"", ""PO25CL-GEN-C03-P12-A04"", ""PO25CL-GEN-C04-P24-A02"", ""PO25CL-GEN-C03-P16-A02"", ""PO25CL-GEN-C04-P28-A08"", ""PO25CL-GEN-C04-P25-A05"", ""PO25CL-GEN-C04-P24-A01""]","[0.7824490666389465, 0.739715039730072, 0.7380777597427368, 0.7200972437858582, 0.7088061571121216, 0.7023906707763672, 0.6780250668525696, 0.6757637858390808, 0.6721664667129517, 0.6559755802154541]",[1],1.0,1.0,1.0,1.0,0.7824490666389465,0.7824490666389465,0.739715039730072,0.04273402690887451,0.04273402690887451,1.0,1.0,1.0,1.0,1.0,1.0,1.0,1.0,1.0,1.0,1.0,1.0,1.0,1.0,1.0
Q0399,Benötigen Lehrende einer prüfungsbezogenen Veranstaltung eine ausdrückliche Bestellung als Prüfende?,fully_answerable,1,"[""PO25CL-GEN-C04-P25-A02""]",0.7219101190567017,0.7217364311218262,0.00017368793487548828,"[""PO25CL-GEN-C03-P14-A02"", ""PO25CL-GEN-C04-P28-A06"", ""PO25CL-GEN-C04-P25-A02"", ""PO25CL-GEN-C03-P11-A05"", ""PO25CL-GEN-C03-P11-A07"", ""PO25CL-GEN-C03-P11-A04"", ""PO25CL-GEN-C03-P15-A06"", ""PO25CL-GEN-C03-P12-A04"", ""PO25CL-GEN-C04-P28-A08"", ""PO25CL-GEN-C04-P28-A02""]","[0.7219101190567017, 0.7217364311218262, 0.7064282894134521, 0.6947919726371765, 0.6896340847015381, 0.6869457960128784, 0.6850057244300842, 0.6831014752388, 0.6792905330657959, 0.6734738945960999]",[3],3.0,3.0,3.0,0.3333333333333333,0.7064282894134521,0.7064282894134521,0.7219101190567017,-0.015481829643249512,-0.015481829643249512,0.0,0.0,0.0,0.0,0.0,0.0,1.0,1.0,1.0,1.0,1.0,1.0,1.0,1.0,1.0
Q0400,Können Gutachtende für Abschlussarbeiten aus dem Kreis der Hochschullehrenden bestellt werden?,fully_answerable,1,"[""PO25CL-GEN-C04-P25-A02""]",0.6945092678070068,0.671986997127533,0.022522270679473877,"[""PO25CL-GEN-C04-P25-A03"", ""PO25CL-GEN-C04-P28-A03"", ""PO25CL-GEN-C04-P28-A01"", ""PO25CL-GEN-C04-P28-A06"", ""PO25CL-GEN-C04-P28-A04"", ""PO25CL-GEN-C04-P28-A09"", ""PO25CL-GEN-C03-P12-A01"", ""PO25CL-GEN-C04-P25-A06"", ""PO25CL-GEN-C04-P28-A05"", ""PO25CL-GEN-C04-P31-A01""]","[0.6945092678070068, 0.671986997127533, 0.6465573906898499, 0.6454731822013855, 0.637363076210022, 0.6356831789016724, 0.6190586090087891, 0.6159549951553345, 0.6116727590560913, 0.6115598678588867]",[13],13.0,13.0,13.0,0.07692307692307693,0.6034643650054932,0.6034643650054932,0.6945092678070068,-0.09104490280151367,-0.09104490280151367,0.0,0.0,0.0,0.0,0.0,0.0,0.0,0.0,0.0,0.0,0.0,0.0,0.0,0.0,0.0
Q0401,Dürfen Kandidatinnen und Kandidaten eine prüfende Person für die Bachelorarbeit vorschlagen?,fully_answerable,1,"[""PO25CL-GEN-C04-P25-A03""]",0.6458631753921509,0.6424916982650757,0.0033714771270751953,"[""PO25CL-GEN-C03-P15-A08"", ""PO25CL-GEN-C04-P25-A03"", ""PO25CL-GEN-C03-P15-A06"", ""PO25CL-GEN-C03-P15-A02"", ""PO25CL-GEN-C03-P20-A03"", ""PO25CL-GEN-C03-P15-A09"", ""PO25CL-GEN-C01-P01-A02"", ""PO25CL-GEN-C03-P21-A03"", ""PO25CL-GEN-C03-P15-A07"", ""PO25CL-GEN-C03-P16-A02""]","[0.6458631753921509, 0.6424916982650757, 0.6203057169914246, 0.6134041547775269, 0.6132358312606812, 0.5640790462493896, 0.5628048777580261, 0.5243061780929565, 0.5158423185348511, 0.5048219561576843]",[2],2.0,2.0,2.0,0.5,0.6424916982650757,0.6424916982650757,0.6458631753921509,-0.0033714771270751953,-0.0033714771270751953,0.0,0.0,0.0,1.0,1.0,1.0,1.0,1.0,1.0,1.0,1.0,1.0,1.0,1.0,1.0
Q0402,Wie soll mit Vorschlägen für Prüfende der Bachelorarbeit umgegangen werden?,fully_answerable,1,"[""PO25CL-GEN-C04-P25-A03""]",0.7160158157348633,0.7024986743927002,0.013517141342163086,"[""PO25CL-GEN-C03-P15-A02"", ""PO25CL-GEN-C03-P15-A06"", ""PO25CL-GEN-C01-P01-A02"", ""PO25CL-GEN-C03-P15-A08"", ""PO25CL-GEN-C03-P10-U01"", ""PO25CL-GEN-C03-P16-A02"", ""PO25CL-GEN-C04-P25-A03"", ""PO25CL-GEN-C03-P21-A03"", ""PO25CL-GEN-C03-P19-A01"", ""PO25CL-GEN-C03-P15-A01""]","[0.7160158157348633, 0.7024986743927002, 0.6956441402435303, 0.6832262873649597, 0.6819926500320435, 0.6550347805023193, 0.6517819166183472, 0.6507919430732727, 0.6413571238517761, 0.6411744356155396]",[7],7.0,7.0,7.0,0.14285714285714285,0.6517819166183472,0.6517819166183472,0.7160158157348633,-0.06423389911651611,-0.06423389911651611,0.0,0.0,0.0,0.0,0.0,0.0,0.0,0.0,0.0,0.0,0.0,0.0,1.0,1.0,1.0
Q0403,Muss mindestens eine prüfende Person der Bachelorarbeit hauptamtlich im Studiengang lehren?,fully_answerable,1,"[""PO25CL-GEN-C04-P25-A03""]",0.6353480815887451,0.6109745502471924,0.024373531341552734,"[""PO25CL-GEN-C04-P25-A03"", ""PO25CL-GEN-C03-P15-A01"", ""PO25CL-GEN-C03-P15-A02"", ""PO25CL-GEN-C03-P15-A06"", ""PO25CL-GEN-C04-P28-A09"", ""PO25CL-GEN-C03-P16-A02"", ""PO25CL-GEN-C04-P28-A03"", ""PO25CL-GEN-C04-P28-A01"", ""PO25CL-GEN-C01-P04-A02"", ""PO25CL-GEN-C03-P15-A08""]","[0.6353480815887451, 0.6109745502471924, 0.6103901267051697, 0.5938661694526672, 0.5883631110191345, 0.5735893845558167, 0.5732526779174805, 0.5641287565231323, 0.5604858994483948, 0.5579125881195068]",[1],1.0,1.0,1.0,1.0,0.6353480815887451,0.6353480815887451,0.6109745502471924,0.024373531341552734,0.024373531341552734,1.0,1.0,1.0,1.0,1.0,1.0,1.0,1.0,1.0,1.0,1.0,1.0,1.0,1.0,1.0
Q0404,Können auf begründeten Antrag weitere Personen zu Prüfenden bestellt werden?,fully_answerable,1,"[""PO25CL-GEN-C04-P25-A04""]",0.6453723907470703,0.642227053642273,0.0031453371047973633,"[""PO25CL-GEN-C03-P12-A04"", ""PO25CL-GEN-C04-P25-A04"", ""PO25CL-GEN-C04-P27-A01-02"", ""PO25CL-GEN-C04-P25-A06"", ""PO25CL-GEN-C03-P20-A02"", ""PO25CL-GEN-C04-P25-A05"", ""PO25CL-GEN-C03-P11-A07"", ""PO25CL-GEN-C04-P26-U01"", ""PO25CL-GEN-C03-P19-A04"", ""PO25CL-GEN-C03-P14-A02""]","[0.6453723907470703, 0.642227053642273, 0.6317154169082642, 0.6146461367607117, 0.6104631423950195, 0.6084206104278564, 0.6065957546234131, 0.5966264009475708, 0.5913224220275879, 0.5849260091781616]",[2],2.0,2.0,2.0,0.5,0.642227053642273,0.642227053642273,0.6453723907470703,-0.0031453371047973633,-0.0031453371047973633,0.0,0.0,0.0,1.0,1.0,1.0,1.0,1.0,1.0,1.0,1.0,1.0,1.0,1.0,1.0
Q0405,Wie weisen Beisitzende ihre Sachkenntnis nach?,fully_answerable,1,"[""PO25CL-GEN-C04-P25-A05""]",0.4879075884819031,0.464778333902359,0.023129254579544067,"[""PO25CL-GEN-C04-P27-A01-02"", ""PO25CL-GEN-C04-P25-A01"", ""PO25CL-GEN-C04-P25-A05"", ""PO25CL-GEN-C04-P28-A06"", ""PO25CL-GEN-C03-P14-A09"", ""PO25CL-GEN-C04-P25-A02"", ""PO25CL-GEN-C04-P28-A05"", ""PO25CL-GEN-C04-P28-A08"", ""PO25CL-GEN-C03-P20-A03"", ""PO25CL-GEN-C03-P12-A04""]","[0.4879075884819031, 0.464778333902359, 0.4622021019458771, 0.4618070125579834, 0.45435434579849243, 0.447013258934021, 0.44441255927085876, 0.43895387649536133, 0.42769646644592285, 0.41784775257110596]",[3],3.0,3.0,3.0,0.3333333333333333,0.4622021019458771,0.4622021019458771,0.4879075884819031,-0.025705486536026,-0.025705486536026,0.0,0.0,0.0,0.0,0.0,0.0,1.0,1.0,1.0,1.0,1.0,1.0,1.0,1.0,1.0
Q0406,Unterliegen Beisitzende der Verschwiegenheit?,fully_answerable,1,"[""PO25CL-GEN-C04-P25-A05""]",0.39343175292015076,0.38971710205078125,0.003714650869369507,"[""PO25CL-GEN-C04-P25-A05"", ""PO25CL-GEN-C04-P24-A05"", ""PO25CL-GEN-C03-P17-A05"", ""PO25CL-GEN-C03-P14-A09"", ""PO25CL-GEN-C04-P27-A01-02"", ""PO25CL-GEN-C03-P20-A02"", ""PO25CL-GEN-C03-P14-A02"", ""PO25CL-GEN-C04-P25-A01"", ""PO25CL-GEN-C02-P08-U01"", ""PO25CL-GEN-C03-P23-U01""]","[0.39343175292015076, 0.38971710205078125, 0.38221263885498047, 0.34118881821632385, 0.3381437063217163, 0.3337928056716919, 0.32649070024490356, 0.3207155466079712, 0.3201442360877991, 0.3125220537185669]",[1],1.0,1.0,1.0,1.0,0.39343175292015076,0.39343175292015076,0.38971710205078125,0.003714650869369507,0.003714650869369507,1.0,1.0,1.0,1.0,1.0,1.0,1.0,1.0,1.0,1.0,1.0,1.0,1.0,1.0,1.0
Q0407,Wer bestellt die Prüfenden für die Bachelorprüfung?,fully_answerable,1,"[""PO25CL-GEN-C04-P25-A06""]",0.6610721349716187,0.6609522104263306,0.00011992454528808594,"[""PO25CL-GEN-C03-P21-A03"", ""PO25CL-GEN-C03-P16-A02"", ""PO25CL-GEN-C04-P25-A03"", ""PO25CL-GEN-C03-P15-A03"", ""PO25CL-GEN-C03-P20-A03"", ""PO25CL-GEN-C03-P12-A01"", ""PO25CL-GEN-C04-P25-A02"", ""PO25CL-GEN-C04-P28-A09"", ""PO25CL-GEN-C03-P23-U01"", ""PO25CL-GEN-C03-P21-A01""]","[0.6610721349716187, 0.6609522104263306, 0.656777024269104, 0.6159523725509644, 0.6039923429489136, 0.5968958735466003, 0.5964158773422241, 0.5854339599609375, 0.5776900053024292, 0.5766564607620239]",[11],11.0,11.0,11.0,0.09090909090909091,0.5764423608779907,0.5764423608779907,0.6610721349716187,-0.08462977409362793,-0.08462977409362793,0.0,0.0,0.0,0.0,0.0,0.0,0.0,0.0,0.0,0.0,0.0,0.0,0.0,0.0,0.0
Q0408,Wer bestellt die Beisitzenden für die Bachelorprüfung?,fully_answerable,1,"[""PO25CL-GEN-C04-P25-A06""]",0.6150982975959778,0.6101479530334473,0.004950344562530518,"[""PO25CL-GEN-C03-P21-A03"", ""PO25CL-GEN-C04-P25-A03"", ""PO25CL-GEN-C03-P15-A03"", ""PO25CL-GEN-C03-P16-A02"", ""PO25CL-GEN-C03-P12-A01"", ""PO25CL-GEN-C03-P21-A01"", ""PO25CL-GEN-C03-P20-A03"", ""PO25CL-GEN-C04-P25-A02"", ""PO25CL-GEN-C03-P23-U01"", ""PO25CL-GEN-C03-P21-A04""]","[0.6150982975959778, 0.6101479530334473, 0.5760603547096252, 0.5679323077201843, 0.5584264397621155, 0.5487024188041687, 0.537583589553833, 0.5233464241027832, 0.5188713073730469, 0.5146260857582092]",[11],11.0,11.0,11.0,0.09090909090909091,0.5129116773605347,0.5129116773605347,0.6150982975959778,-0.10218662023544312,-0.10218662023544312,0.0,0.0,0.0,0.0,0.0,0.0,0.0,0.0,0.0,0.0,0.0,0.0,0.0,0.0,0.0
Q0409,Wie lange können ausgeschiedene Prüfungsberechtigte noch bestellt werden?,fully_answerable,1,"[""PO25CL-GEN-C04-P25-A06""]",0.7893725037574768,0.7458405494689941,0.043531954288482666,"[""PO25CL-GEN-C04-P25-A06"", ""PO25CL-GEN-C03-P13-A01"", ""PO25CL-GEN-C03-P15-A04"", ""PO25CL-GEN-C03-P14-A03"", ""PO25CL-GEN-C04-P26-U01"", ""PO25CL-GEN-C03-P17-A01"", ""PO25CL-GEN-C03-P13-A02"", ""PO25CL-GEN-C03-P20-A04"", ""PO25CL-GEN-C03-P11-A09"", ""PO25CL-GEN-C03-P19-A07""]","[0.7893725037574768, 0.7458405494689941, 0.7315813899040222, 0.7256214618682861, 0.7088489532470703, 0.6987990140914917, 0.697702169418335, 0.6886320114135742, 0.6871325969696045, 0.6751518249511719]",[1],1.0,1.0,1.0,1.0,0.7893725037574768,0.7893725037574768,0.7458405494689941,0.043531954288482666,0.043531954288482666,1.0,1.0,1.0,1.0,1.0,1.0,1.0,1.0,1.0,1.0,1.0,1.0,1.0,1.0,1.0
Q0410,Kann die Zweijahresfrist für ausgeschiedene Prüfungsberechtigte verlängert werden?,fully_answerable,1,"[""PO25CL-GEN-C04-P25-A06""]",0.7117829322814941,0.6939824819564819,0.017800450325012207,"[""PO25CL-GEN-C04-P25-A06"", ""PO25CL-GEN-C03-P15-A04"", ""PO25CL-GEN-C03-P14-A10"", ""PO25CL-GEN-C04-P26-U01"", ""PO25CL-GEN-C03-P20-A04"", ""PO25CL-GEN-C03-P19-A07"", ""PO25CL-GEN-C03-P14-A03"", ""PO25CL-GEN-C03-P12-A02"", ""PO25CL-GEN-C03-P13-A01"", ""PO25CL-GEN-C03-P13-A02""]","[0.7117829322814941, 0.6939824819564819, 0.6703006029129028, 0.6622645258903503, 0.6563644409179688, 0.6441524028778076, 0.6222191452980042, 0.6176152229309082, 0.6076139807701111, 0.5825880765914917]",[1],1.0,1.0,1.0,1.0,0.7117829322814941,0.7117829322814941,0.6939824819564819,0.017800450325012207,0.017800450325012207,1.0,1.0,1.0,1.0,1.0,1.0,1.0,1.0,1.0,1.0,1.0,1.0,1.0,1.0,1.0
Q0411,Wer ist für den Einsatz von Prüfenden bei Modulprüfungen zuständig?,fully_answerable,1,"[""PO25CL-GEN-C04-P25-A02""]",0.7758419513702393,0.7571930885314941,0.018648862838745117,"[""PO25CL-GEN-C03-P14-A02"", ""PO25CL-GEN-C03-P11-A05"", ""PO25CL-GEN-C03-P11-A07"", ""PO25CL-GEN-C03-P12-A04"", ""PO25CL-GEN-C03-P11-A01"", ""PO25CL-GEN-C04-P25-A05"", ""PO25CL-GEN-C03-P11-A03"", ""PO25CL-GEN-C03-P11-A04"", ""PO25CL-GEN-C03-P11-A06"", ""PO25CL-GEN-C03-P14-A08""]","[0.7758419513702393, 0.7571930885314941, 0.7350068092346191, 0.7259091138839722, 0.7175928354263306, 0.6952009797096252, 0.6925356388092041, 0.6909035444259644, 0.690459132194519, 0.6899436116218567]",[11],11.0,11.0,11.0,0.09090909090909091,0.6888608932495117,0.6888608932495117,0.7758419513702393,-0.08698105812072754,-0.08698105812072754,0.0,0.0,0.0,0.0,0.0,0.0,0.0,0.0,0.0,0.0,0.0,0.0,0.0,0.0,0.0
Q0412,Wer entscheidet über eine beantragte Verlängerung einer Prüfungsfrist?,fully_answerable,1,"[""PO25CL-GEN-C04-P26-U01""]",0.8310545682907104,0.6924779415130615,0.13857662677764893,"[""PO25CL-GEN-C04-P26-U01"", ""PO25CL-GEN-C03-P11-A07"", ""PO25CL-GEN-C04-P25-A06"", ""PO25CL-GEN-C03-P13-A01"", ""PO25CL-GEN-C03-P14-A03"", ""PO25CL-GEN-C03-P15-A04"", ""PO25CL-GEN-C03-P11-A04"", ""PO25CL-GEN-C03-P17-A01"", ""PO25CL-GEN-C03-P13-A02"", ""PO25CL-GEN-C03-P11-A09""]","[0.8310545682907104, 0.6924779415130615, 0.6863033175468445, 0.6522388458251953, 0.6437147259712219, 0.6409122943878174, 0.6404414772987366, 0.6301138401031494, 0.6233619451522827, 0.6183964014053345]",[1],1.0,1.0,1.0,1.0,0.8310545682907104,0.8310545682907104,0.6924779415130615,0.13857662677764893,0.13857662677764893,1.0,1.0,1.0,1.0,1.0,1.0,1.0,1.0,1.0,1.0,1.0,1.0,1.0,1.0,1.0
Q0413,Wer muss den Antrag auf Verlängerung einer Prüfungsfrist stellen?,fully_answerable,1,"[""PO25CL-GEN-C04-P26-U01""]",0.8227921724319458,0.6779847145080566,0.14480745792388916,"[""PO25CL-GEN-C04-P26-U01"", ""PO25CL-GEN-C04-P25-A06"", ""PO25CL-GEN-C03-P11-A07"", ""PO25CL-GEN-C03-P13-A01"", ""PO25CL-GEN-C03-P11-A04"", ""PO25CL-GEN-C03-P17-A01"", ""PO25CL-GEN-C03-P15-A04"", ""PO25CL-GEN-C03-P14-A03"", ""PO25CL-GEN-C03-P17-A03"", ""PO25CL-GEN-C03-P19-A04""]","[0.8227921724319458, 0.6779847145080566, 0.6669611930847168, 0.6328456401824951, 0.6315922737121582, 0.6297217607498169, 0.6263973712921143, 0.6263105273246765, 0.6198320388793945, 0.6096495389938354]",[1],1.0,1.0,1.0,1.0,0.8227921724319458,0.8227921724319458,0.6779847145080566,0.14480745792388916,0.14480745792388916,1.0,1.0,1.0,1.0,1.0,1.0,1.0,1.0,1.0,1.0,1.0,1.0,1.0,1.0,1.0
Q0414,Kann für die Bachelorarbeit nach § 15 Absatz 4 eine Nachfrist beantragt werden?,fully_answerable,1,"[""PO25CL-GEN-C04-P26-U01""]",0.7686933875083923,0.6939073801040649,0.07478600740432739,"[""PO25CL-GEN-C03-P15-A05"", ""PO25CL-GEN-C03-P21-A02"", ""PO25CL-GEN-C03-P19-A06"", ""PO25CL-GEN-C03-P15-A01"", ""PO25CL-GEN-C03-P21-A03"", ""PO25CL-GEN-C03-P19-A01"", ""PO25CL-GEN-C03-P15-A02"", ""PO25CL-GEN-C03-P16-A03"", ""PO25CL-GEN-C01-P03-A01"", ""PO25CL-GEN-C03-P19-A10""]","[0.7686933875083923, 0.6939073801040649, 0.6813468933105469, 0.669189453125, 0.6667694449424744, 0.6665331721305847, 0.657136857509613, 0.6554538607597351, 0.6530364155769348, 0.6520975828170776]",[44],44.0,44.0,44.0,0.022727272727272728,0.515621542930603,0.515621542930603,0.7686933875083923,-0.2530718445777893,-0.2530718445777893,0.0,0.0,0.0,0.0,0.0,0.0,0.0,0.0,0.0,0.0,0.0,0.0,0.0,0.0,0.0
Q0415,Was muss im Antrag auf Fristverlängerung glaubhaft gemacht werden?,fully_answerable,1,"[""PO25CL-GEN-C04-P26-U01""]",0.6848071813583374,0.578719437122345,0.10608774423599243,"[""PO25CL-GEN-C04-P26-U01"", ""PO25CL-GEN-C03-P15-A04"", ""PO25CL-GEN-C03-P14-A03"", ""PO25CL-GEN-C04-P25-A06"", ""PO25CL-GEN-C03-P11-A07"", ""PO25CL-GEN-C03-P14-A10"", ""PO25CL-GEN-C03-P11-A09"", ""PO25CL-GEN-C03-P17-A03"", ""PO25CL-GEN-C03-P20-A04"", ""PO25CL-GEN-C03-P17-A01""]","[0.6848071813583374, 0.578719437122345, 0.5421509742736816, 0.4880823493003845, 0.48346900939941406, 0.4795493483543396, 0.465567946434021, 0.46396225690841675, 0.45008325576782227, 0.4462199807167053]",[1],1.0,1.0,1.0,1.0,0.6848071813583374,0.6848071813583374,0.578719437122345,0.10608774423599243,0.10608774423599243,1.0,1.0,1.0,1.0,1.0,1.0,1.0,1.0,1.0,1.0,1.0,1.0,1.0,1.0,1.0
Q0416,Welcher Nachweis ist bei länger andauernder Krankheit für einen Nachteilsausgleich erforderlich?,fully_answerable,1,"[""PO25CL-GEN-C04-P27-A01-02""]",0.494985967874527,0.43003952503204346,0.06494644284248352,"[""PO25CL-GEN-C04-P27-A01-02"", ""PO25CL-GEN-C03-P17-A03"", ""PO25CL-GEN-C03-P17-A02"", ""PO25CL-GEN-C03-P19-A05"", ""PO25CL-GEN-C03-P19-A02"", ""PO25CL-GEN-C03-P19-A07"", ""PO25CL-GEN-C03-P17-A05"", ""PO25CL-GEN-C03-P19-A08"", ""PO25CL-GEN-C03-P17-A04"", ""PO25CL-GEN-C03-P18-A08""]","[0.494985967874527, 0.43003952503204346, 0.36941027641296387, 0.35512861609458923, 0.34219884872436523, 0.3280300796031952, 0.3180662989616394, 0.30624157190322876, 0.29689931869506836, 0.2957337498664856]",[1],1.0,1.0,1.0,1.0,0.494985967874527,0.494985967874527,0.43003952503204346,0.06494644284248352,0.06494644284248352,1.0,1.0,1.0,1.0,1.0,1.0,1.0,1.0,1.0,1.0,1.0,1.0,1.0,1.0,1.0
Q0417,Kann eine ständige seelische Behinderung einen Nachteilsausgleich begründen?,fully_answerable,1,"[""PO25CL-GEN-C04-P27-A01-02""]",0.605181097984314,0.4529915750026703,0.15218952298164368,"[""PO25CL-GEN-C04-P27-A01-02"", ""PO25CL-GEN-C03-P17-A05"", ""PO25CL-GEN-C03-P19-A06"", ""PO25CL-GEN-C03-P17-A02"", ""PO25CL-GEN-C03-P19-A05"", ""PO25CL-GEN-C03-P18-A06"", ""PO25CL-GEN-C03-P19-A09"", ""PO25CL-GEN-C04-P28-A09"", ""PO25CL-GEN-C02-P07-A03"", ""PO25CL-GEN-C03-P20-A02""]","[0.605181097984314, 0.4529915750026703, 0.4402378797531128, 0.4194229245185852, 0.4076586663722992, 0.40020012855529785, 0.38913288712501526, 0.3822367191314697, 0.3787716031074524, 0.3704560399055481]",[1],1.0,1.0,1.0,1.0,0.605181097984314,0.605181097984314,0.4529915750026703,0.15218952298164368,0.15218952298164368,1.0,1.0,1.0,1.0,1.0,1.0,1.0,1.0,1.0,1.0,1.0,1.0,1.0,1.0,1.0
Q0418,Kann eine ständige körperliche Behinderung einen Nachteilsausgleich begründen?,fully_answerable,1,"[""PO25CL-GEN-C04-P27-A01-02""]",0.5564484596252441,0.3790552616119385,0.17739319801330566,"[""PO25CL-GEN-C04-P27-A01-02"", ""PO25CL-GEN-C03-P19-A06"", ""PO25CL-GEN-C03-P17-A05"", ""PO25CL-GEN-C03-P18-A06"", ""PO25CL-GEN-C03-P19-A05"", ""PO25CL-GEN-C03-P17-A02"", ""PO25CL-GEN-C02-P07-A03"", ""PO25CL-GEN-C04-P28-A03"", ""PO25CL-GEN-C04-P28-A09"", ""PO25CL-GEN-C03-P18-A05""]","[0.5564484596252441, 0.3790552616119385, 0.3706071376800537, 0.3470157980918884, 0.34651660919189453, 0.33740681409835815, 0.33556604385375977, 0.3305697441101074, 0.32670360803604126, 0.324032187461853]",[1],1.0,1.0,1.0,1.0,0.5564484596252441,0.5564484596252441,0.3790552616119385,0.17739319801330566,0.17739319801330566,1.0,1.0,1.0,1.0,1.0,1.0,1.0,1.0,1.0,1.0,1.0,1.0,1.0,1.0,1.0
Q0419,Welche Art von Prüfungsleistung muss im Nachteilsausgleich ermöglicht werden?,fully_answerable,1,"[""PO25CL-GEN-C04-P27-A01-02""]",0.7087043523788452,0.7065448760986328,0.0021594762802124023,"[""PO25CL-GEN-C03-P18-A01"", ""PO25CL-GEN-C03-P14-A02"", ""PO25CL-GEN-C03-P18-A02"", ""PO25CL-GEN-C03-P19-A08"", ""PO25CL-GEN-C04-P28-A06"", ""PO25CL-GEN-C04-P27-A01-02"", ""PO25CL-GEN-C04-P28-A09"", ""PO25CL-GEN-C03-P17-A05"", ""PO25CL-GEN-C03-P19-A05"", ""PO25CL-GEN-C03-P18-A08""]","[0.7087043523788452, 0.7065448760986328, 0.7003798484802246, 0.699586033821106, 0.6980623602867126, 0.696255087852478, 0.6919397115707397, 0.6898486018180847, 0.6813677549362183, 0.6465796232223511]",[6],6.0,6.0,6.0,0.16666666666666666,0.696255087852478,0.696255087852478,0.7087043523788452,-0.012449264526367188,-0.012449264526367188,0.0,0.0,0.0,0.0,0.0,0.0,0.0,0.0,0.0,0.0,0.0,0.0,1.0,1.0,1.0
Q0420,Wer entscheidet über den Nachteilsausgleich?,fully_answerable,1,"[""PO25CL-GEN-C04-P27-A01-02""]",0.5806092619895935,0.4691031575202942,0.11150610446929932,"[""PO25CL-GEN-C04-P27-A01-02"", ""PO25CL-GEN-C03-P17-A05"", ""PO25CL-GEN-C03-P18-A01"", ""PO25CL-GEN-C04-P27-A03"", ""PO25CL-GEN-C04-P28-A06"", ""PO25CL-GEN-C03-P19-A08"", ""PO25CL-GEN-C03-P20-A03"", ""PO25CL-GEN-C04-P28-A05"", ""PO25CL-GEN-C04-P28-A09"", ""PO25CL-GEN-C03-P14-A02""]","[0.5806092619895935, 0.4691031575202942, 0.44825294613838196, 0.44546714425086975, 0.4385814666748047, 0.43431001901626587, 0.4325439929962158, 0.4318322539329529, 0.43177300691604614, 0.4286494255065918]",[1],1.0,1.0,1.0,1.0,0.5806092619895935,0.5806092619895935,0.4691031575202942,0.11150610446929932,0.11150610446929932,1.0,1.0,1.0,1.0,1.0,1.0,1.0,1.0,1.0,1.0,1.0,1.0,1.0,1.0,1.0
Q0421,Wessen Votum kann vor der Entscheidung eingeholt werden?,fully_answerable,1,"[""PO25CL-GEN-C04-P27-A01-02""]",0.6119299530982971,0.5948396921157837,0.017090260982513428,"[""PO25CL-GEN-C03-P12-A04"", ""PO25CL-GEN-C03-P17-A06"", ""PO25CL-GEN-C04-P24-A03"", ""PO25CL-GEN-C03-P19-A04"", ""PO25CL-GEN-C04-P27-A01-02"", ""PO25CL-GEN-C03-P20-A03"", ""PO25CL-GEN-C03-P11-A07"", ""PO25CL-GEN-C03-P20-A02"", ""PO25CL-GEN-C03-P17-A01"", ""PO25CL-GEN-C04-P24-A02""]","[0.6119299530982971, 0.5948396921157837, 0.557937502861023, 0.510845422744751, 0.496009886264801, 0.47014135122299194, 0.458008348941803, 0.44770312309265137, 0.43640270829200745, 0.42924538254737854]",[5],5.0,5.0,5.0,0.2,0.496009886264801,0.496009886264801,0.6119299530982971,-0.1159200668334961,-0.1159200668334961,0.0,0.0,0.0,0.0,0.0,0.0,0.0,0.0,0.0,1.0,1.0,1.0,1.0,1.0,1.0
Q0422,Bis wann muss der Antrag auf Nachteilsausgleich gestellt werden?,fully_answerable,1,"[""PO25CL-GEN-C04-P27-A01-02""]",0.5989952087402344,0.5866827964782715,0.01231241226196289,"[""PO25CL-GEN-C04-P26-U01"", ""PO25CL-GEN-C03-P15-A04"", ""PO25CL-GEN-C03-P17-A01"", ""PO25CL-GEN-C03-P20-A04"", ""PO25CL-GEN-C03-P19-A07"", ""PO25CL-GEN-C03-P17-A02"", ""PO25CL-GEN-C03-P17-A03"", ""PO25CL-GEN-C03-P19-A09"", ""PO25CL-GEN-C03-P20-A02"", ""PO25CL-GEN-C04-P27-A01-02""]","[0.5989952087402344, 0.5866827964782715, 0.5536580085754395, 0.5521159172058105, 0.5508338212966919, 0.5453959703445435, 0.5398862957954407, 0.533065676689148, 0.5316368341445923, 0.5315454602241516]",[10],10.0,10.0,10.0,0.1,0.5315454602241516,0.5315454602241516,0.5989952087402344,-0.06744974851608276,-0.06744974851608276,0.0,0.0,0.0,0.0,0.0,0.0,0.0,0.0,0.0,0.0,0.0,0.0,1.0,1.0,1.0
Q0423,Gilt der Nachteilsausgleich auch für Studienleistungen?,fully_answerable,1,"[""PO25CL-GEN-C04-P27-A01-02""]",0.6309258937835693,0.6214419603347778,0.009483933448791504,"[""PO25CL-GEN-C04-P28-A03"", ""PO25CL-GEN-C03-P18-A06"", ""PO25CL-GEN-C04-P28-A06"", ""PO25CL-GEN-C04-P28-A09"", ""PO25CL-GEN-C03-P18-A05"", ""PO25CL-GEN-C04-P28-A05"", ""PO25CL-GEN-C02-P07-A03"", ""PO25CL-GEN-C04-P28-A01"", ""PO25CL-GEN-C04-P28-A04"", ""PO25CL-GEN-C03-P18-A03""]","[0.6309258937835693, 0.6214419603347778, 0.5935045480728149, 0.5919134616851807, 0.5819203853607178, 0.5752375721931458, 0.5725480318069458, 0.5694278478622437, 0.5558825731277466, 0.5475698709487915]",[13],13.0,13.0,13.0,0.07692307692307693,0.5449490547180176,0.5449490547180176,0.6309258937835693,-0.08597683906555176,-0.08597683906555176,0.0,0.0,0.0,0.0,0.0,0.0,0.0,0.0,0.0,0.0,0.0,0.0,0.0,0.0,0.0
Q0424,Über welche Stelle wird der Antrag auf Nachteilsausgleich eingereicht?,fully_answerable,1,"[""PO25CL-GEN-C04-P27-A03""]",0.6010065674781799,0.593825101852417,0.0071814656257629395,"[""PO25CL-GEN-C04-P27-A01-02"", ""PO25CL-GEN-C04-P27-A03"", ""PO25CL-GEN-C03-P20-A02"", ""PO25CL-GEN-C03-P19-A08"", ""PO25CL-GEN-C03-P14-A02"", ""PO25CL-GEN-C03-P17-A05"", ""PO25CL-GEN-C03-P18-A02"", ""PO25CL-GEN-C04-P28-A05"", ""PO25CL-GEN-C03-P14-A09"", ""PO25CL-GEN-C03-P12-A04""]","[0.6010065674781799, 0.593825101852417, 0.5361291766166687, 0.5297095775604248, 0.5238838791847229, 0.5211507678031921, 0.513218104839325, 0.5027205348014832, 0.5022915005683899, 0.5008963346481323]",[2],2.0,2.0,2.0,0.5,0.593825101852417,0.593825101852417,0.6010065674781799,-0.0071814656257629395,-0.0071814656257629395,0.0,0.0,0.0,1.0,1.0,1.0,1.0,1.0,1.0,1.0,1.0,1.0,1.0,1.0,1.0
Q0425,Wie werden Studienzeiten im selben Studiengang an anderen deutschen wissenschaftlichen Hochschulen angerechnet?,fully_answerable,1,"[""PO25CL-GEN-C04-P28-A01""]",0.6023428440093994,0.5967487096786499,0.005594134330749512,"[""PO25CL-FRONT-PREAMBLE"", ""PO25CL-GEN-C03-P12-A02"", ""PO25CL-FRONT-TITLE"", ""PO25CL-GEN-C04-P28-A01"", ""PO25CL-GEN-C05-P32-U01"", ""PO25CL-GEN-C04-P28-A03"", ""PO25CL-GEN-C04-P28-A07"", ""PO25CL-GEN-C03-P15-A07"", ""PO25CL-GEN-C02-P07-A02"", ""PO25CL-GEN-C03-P21-A04""]","[0.6023428440093994, 0.5967487096786499, 0.5944969654083252, 0.587049126625061, 0.5612719058990479, 0.5516911745071411, 0.5484110116958618, 0.5428366661071777, 0.5407900810241699, 0.5344563722610474]",[4],4.0,4.0,4.0,0.25,0.587049126625061,0.587049126625061,0.6023428440093994,-0.015293717384338379,-0.015293717384338379,0.0,0.0,0.0,0.0,0.0,0.0,0.0,0.0,0.0,1.0,1.0,1.0,1.0,1.0,1.0
Q0426,Wie werden dort erbrachte Studienleistungen angerechnet?,fully_answerable,1,"[""PO25CL-GEN-C04-P28-A01""]",0.6516958475112915,0.6436585187911987,0.008037328720092773,"[""PO25CL-GEN-C04-P28-A05"", ""PO25CL-GEN-C04-P28-A01"", ""PO25CL-GEN-C04-P28-A03"", ""PO25CL-GEN-C03-P19-A01"", ""PO25CL-GEN-C01-P01-A01"", ""PO25CL-GEN-C04-P31-A01"", ""PO25CL-GEN-C01-P04-A02"", ""PO25CL-GEN-C04-P28-A06"", ""PO25CL-GEN-C04-P28-A09"", ""PO25CL-GEN-C01-P04-A01""]","[0.6516958475112915, 0.6436585187911987, 0.6419234275817871, 0.6392132043838501, 0.6331454515457153, 0.6329021453857422, 0.6161831021308899, 0.6142810583114624, 0.5964856147766113, 0.5911454558372498]",[2],2.0,2.0,2.0,0.5,0.6436585187911987,0.6436585187911987,0.6516958475112915,-0.008037328720092773,-0.008037328720092773,0.0,0.0,0.0,1.0,1.0,1.0,1.0,1.0,1.0,1.0,1.0,1.0,1.0,1.0,1.0
Q0427,In welchem curricularen Rahmen erfolgen Anerkennungen grundsätzlich?,fully_answerable,1,"[""PO25CL-GEN-C04-P28-A02""]",0.7290120124816895,0.680130124092102,0.0488818883895874,"[""PO25CL-GEN-C04-P28-A02"", ""PO25CL-GEN-C04-P28-A06"", ""PO25CL-GEN-C01-P05-A01"", ""PO25CL-GEN-C04-P28-A04"", ""PO25CL-GEN-C04-P28-A01"", ""PO25CL-GEN-C02-P06-U01"", ""PO25CL-GEN-C04-P28-A03"", ""PO25CL-GEN-C01-P05-A03"", ""PO25CL-GEN-C02-P07-A01"", ""PO25CL-GEN-C03-P23-U01""]","[0.7290120124816895, 0.680130124092102, 0.66126948595047, 0.6541521549224854, 0.6491098999977112, 0.6470937728881836, 0.6445913314819336, 0.6420859098434448, 0.6330149173736572, 0.6233766674995422]",[1],1.0,1.0,1.0,1.0,0.7290120124816895,0.7290120124816895,0.680130124092102,0.0488818883895874,0.0488818883895874,1.0,1.0,1.0,1.0,1.0,1.0,1.0,1.0,1.0,1.0,1.0,1.0,1.0,1.0,1.0
Q0428,Unter welcher Voraussetzung werden Studienzeiten aus anderen Studiengängen angerechnet?,fully_answerable,1,"[""PO25CL-GEN-C04-P28-A03""]",0.7089861631393433,0.7003554105758667,0.008630752563476562,"[""PO25CL-GEN-C04-P28-A01"", ""PO25CL-GEN-C01-P03-A01"", ""PO25CL-GEN-C04-P28-A03"", ""PO25CL-GEN-C03-P11-A09"", ""PO25CL-GEN-C03-P19-A01"", ""PO25CL-GEN-C03-P12-A02"", ""PO25CL-GEN-C03-P14-A10"", ""PO25CL-GEN-C01-P03-A04"", ""PO25CL-PLAN-INTRO"", ""PO25CL-GEN-C01-P03-A05""]","[0.7089861631393433, 0.7003554105758667, 0.6916293501853943, 0.6744467616081238, 0.6676199436187744, 0.6587148308753967, 0.6390804052352905, 0.6346834301948547, 0.6289763450622559, 0.6277167201042175]",[3],3.0,3.0,3.0,0.3333333333333333,0.6916293501853943,0.6916293501853943,0.7089861631393433,-0.017356812953948975,-0.017356812953948975,0.0,0.0,0.0,0.0,0.0,0.0,1.0,1.0,1.0,1.0,1.0,1.0,1.0,1.0,1.0
Q0429,Unter welcher Voraussetzung werden Leistungen von nicht wissenschaftlichen Hochschulen angerechnet?,fully_answerable,1,"[""PO25CL-GEN-C04-P28-A03""]",0.677209734916687,0.6435362100601196,0.03367352485656738,"[""PO25CL-GEN-C04-P28-A03"", ""PO25CL-GEN-C04-P28-A04"", ""PO25CL-GEN-C04-P28-A01"", ""PO25CL-GEN-C04-P28-A05"", ""PO25CL-GEN-C04-P28-A09"", ""PO25CL-GEN-C01-P01-A01"", ""PO25CL-GEN-C04-P28-A06"", ""PO25CL-PLAN-S02-PBB"", ""PO25CL-PLAN-S01-PBB"", ""PO25CL-GEN-C03-P15-A06""]","[0.677209734916687, 0.6435362100601196, 0.637414813041687, 0.5895431637763977, 0.5874159932136536, 0.5852757692337036, 0.5708364844322205, 0.5651270151138306, 0.562237560749054, 0.5620508193969727]",[1],1.0,1.0,1.0,1.0,0.677209734916687,0.677209734916687,0.6435362100601196,0.03367352485656738,0.03367352485656738,1.0,1.0,1.0,1.0,1.0,1.0,1.0,1.0,1.0,1.0,1.0,1.0,1.0,1.0,1.0
Q0430,Ist für die Anerkennung von Leistungen aus Staaten der Lissabonner Anerkennungskonvention ein Antrag erforderlich?,fully_answerable,1,"[""PO25CL-GEN-C04-P28-A03""]",0.6215819716453552,0.5618289113044739,0.05975306034088135,"[""PO25CL-GEN-C04-P28-A05"", ""PO25CL-GEN-C04-P28-A07"", ""PO25CL-GEN-C04-P28-A06"", ""PO25CL-GEN-C04-P28-A04"", ""PO25CL-GEN-C04-P28-A03"", ""PO25CL-GEN-C03-P20-A02"", ""PO25CL-GEN-C04-P28-A09"", ""PO25CL-GEN-C04-P25-A05"", ""PO25CL-GEN-C04-P28-A08"", ""PO25CL-GEN-C03-P12-A01""]","[0.6215819716453552, 0.5618289113044739, 0.5383096933364868, 0.5160671472549438, 0.5094168782234192, 0.5088951587677002, 0.5046846270561218, 0.5003928542137146, 0.4920910894870758, 0.49010545015335083]",[5],5.0,5.0,5.0,0.2,0.5094168782234192,0.5094168782234192,0.6215819716453552,-0.11216509342193604,-0.11216509342193604,0.0,0.0,0.0,0.0,0.0,0.0,0.0,0.0,0.0,1.0,1.0,1.0,1.0,1.0,1.0
Q0431,Ist für die Anerkennung von Leistungen aus weiteren Staaten ein Antrag erforderlich?,fully_answerable,1,"[""PO25CL-GEN-C04-P28-A03""]",0.6531615853309631,0.5358501672744751,0.11731141805648804,"[""PO25CL-GEN-C04-P28-A05"", ""PO25CL-GEN-C04-P28-A03"", ""PO25CL-GEN-C04-P28-A04"", ""PO25CL-GEN-C04-P28-A07"", ""PO25CL-GEN-C03-P12-A01"", ""PO25CL-GEN-C04-P28-A09"", ""PO25CL-GEN-C04-P25-A05"", ""PO25CL-GEN-C04-P28-A06"", ""PO25CL-GEN-C03-P11-A04"", ""PO25CL-GEN-C04-P28-A01""]","[0.6531615853309631, 0.5358501672744751, 0.4908785820007324, 0.47830623388290405, 0.47122108936309814, 0.4707079529762268, 0.4690276086330414, 0.46388155221939087, 0.4558027982711792, 0.453590452671051]",[2],2.0,2.0,2.0,0.5,0.5358501672744751,0.5358501672744751,0.6531615853309631,-0.11731141805648804,-0.11731141805648804,0.0,0.0,0.0,1.0,1.0,1.0,1.0,1.0,1.0,1.0,1.0,1.0,1.0,1.0,1.0
Q0432,Welche Kreditpunkte können zur Feststellung der Gleichwertigkeit herangezogen werden?,fully_answerable,1,"[""PO25CL-GEN-C04-P28-A03""]",0.5021445751190186,0.4834173321723938,0.018727242946624756,"[""PO25CL-GEN-C04-P28-A09"", ""PO25CL-GEN-C04-P28-A05"", ""PO25CL-GEN-C01-P02-A02"", ""PO25CL-GEN-C04-P28-A08"", ""PO25CL-GEN-C03-P18-A05"", ""PO25CL-GEN-C04-P28-A03"", ""PO25CL-GEN-C03-P18-A06"", ""PO25CL-GEN-C04-P27-A01-02"", ""PO25CL-GEN-C03-P19-A08"", ""PO25CL-GEN-C03-P18-A03""]","[0.5021445751190186, 0.4834173321723938, 0.48078885674476624, 0.456845223903656, 0.4284185767173767, 0.42293959856033325, 0.41790658235549927, 0.4135853052139282, 0.40652477741241455, 0.404934287071228]",[6],6.0,6.0,6.0,0.16666666666666666,0.42293959856033325,0.42293959856033325,0.5021445751190186,-0.0792049765586853,-0.0792049765586853,0.0,0.0,0.0,0.0,0.0,0.0,0.0,0.0,0.0,0.0,0.0,0.0,1.0,1.0,1.0
Q0433,"Welche Vereinbarungen sind bei ausländischen Leistungen maßgebend, wenn ECTS-Punkte nicht ausreichen?",fully_answerable,1,"[""PO25CL-GEN-C04-P28-A03""]",0.5845313668251038,0.5819647312164307,0.0025666356086730957,"[""PO25CL-GEN-C04-P28-A05"", ""PO25CL-GEN-C01-P02-A01"", ""PO25CL-GEN-C03-P12-A01"", ""PO25CL-GEN-C04-P28-A03"", ""PO25CL-GEN-C03-P19-A01"", ""PO25CL-GEN-C04-P28-A09"", ""PO25CL-GEN-C03-P20-A02"", ""PO25CL-GEN-C04-P28-A07"", ""PO25CL-GEN-C02-P07-A03"", ""PO25CL-GEN-C04-P28-A01""]","[0.5845313668251038, 0.5819647312164307, 0.567681610584259, 0.5278518199920654, 0.4907692074775696, 0.4900773763656616, 0.4794715642929077, 0.4733039140701294, 0.46803218126296997, 0.4624374806880951]",[4],4.0,4.0,4.0,0.25,0.5278518199920654,0.5278518199920654,0.5845313668251038,-0.05667954683303833,-0.05667954683303833,0.0,0.0,0.0,0.0,0.0,0.0,0.0,0.0,0.0,1.0,1.0,1.0,1.0,1.0,1.0
Q0434,Welche Stelle kann bei Zweifeln an der Gleichwertigkeit gehört werden?,fully_answerable,1,"[""PO25CL-GEN-C04-P28-A03""]",0.5087968707084656,0.496356725692749,0.012440145015716553,"[""PO25CL-GEN-C04-P28-A09"", ""PO25CL-GEN-C04-P27-A01-02"", ""PO25CL-GEN-C04-P28-A05"", ""PO25CL-GEN-C04-P28-A03"", ""PO25CL-GEN-C04-P28-A08"", ""PO25CL-GEN-C03-P20-A02"", ""PO25CL-GEN-C03-P18-A03"", ""PO25CL-GEN-C03-P19-A08"", ""PO25CL-GEN-C03-P17-A05"", ""PO25CL-GEN-C03-P15-A06""]","[0.5087968707084656, 0.496356725692749, 0.4583480954170227, 0.4481339454650879, 0.4400084912776947, 0.41032469272613525, 0.39782801270484924, 0.3960367441177368, 0.39142516255378723, 0.3910501003265381]",[4],4.0,4.0,4.0,0.25,0.4481339454650879,0.4481339454650879,0.5087968707084656,-0.060662925243377686,-0.060662925243377686,0.0,0.0,0.0,0.0,0.0,0.0,0.0,0.0,0.0,1.0,1.0,1.0,1.0,1.0,1.0
Q0435,Wie werden bestandene Einzelprüfungen im selben Studiengang an deutschen wissenschaftlichen Hochschulen angerechnet?,fully_answerable,1,"[""PO25CL-GEN-C04-P28-A04""]",0.6699457168579102,0.6280182600021362,0.041927456855773926,"[""PO25CL-GEN-C04-P28-A07"", ""PO25CL-GEN-C04-P28-A01"", ""PO25CL-FRONT-TITLE"", ""PO25CL-GEN-C04-P28-A05"", ""PO25CL-FRONT-PREAMBLE"", ""PO25CL-GEN-C03-P12-A02"", ""PO25CL-GEN-C04-P28-A04"", ""PO25CL-GEN-C03-P15-A07"", ""PO25CL-GEN-C04-P28-A03"", ""PO25CL-GEN-C03-P11-A08""]","[0.6699457168579102, 0.6280182600021362, 0.6229721307754517, 0.6185001134872437, 0.6162547469139099, 0.6145360469818115, 0.6103426814079285, 0.6034232378005981, 0.5930943489074707, 0.5901404619216919]",[7],7.0,7.0,7.0,0.14285714285714285,0.6103426814079285,0.6103426814079285,0.6699457168579102,-0.05960303544998169,-0.05960303544998169,0.0,0.0,0.0,0.0,0.0,0.0,0.0,0.0,0.0,0.0,0.0,0.0,1.0,1.0,1.0
Q0436,Wann werden Einzelprüfungen aus anderen Studiengängen von Amts wegen angerechnet?,fully_answerable,1,"[""PO25CL-GEN-C04-P28-A04""]",0.7200032472610474,0.7184041738510132,0.0015990734100341797,"[""PO25CL-GEN-C04-P28-A03"", ""PO25CL-GEN-C04-P28-A01"", ""PO25CL-GEN-C03-P11-A09"", ""PO25CL-GEN-C03-P20-A04"", ""PO25CL-GEN-C03-P19-A01"", ""PO25CL-GEN-C04-P28-A04"", ""PO25CL-GEN-C03-P19-A07"", ""PO25CL-GEN-C03-P21-A02"", ""PO25CL-GEN-C04-P28-A09"", ""PO25CL-GEN-C03-P13-A01""]","[0.7200032472610474, 0.7184041738510132, 0.7066341042518616, 0.7013379335403442, 0.6878147125244141, 0.681161642074585, 0.6751192212104797, 0.6649577617645264, 0.6648497581481934, 0.659598708152771]",[6],6.0,6.0,6.0,0.16666666666666666,0.681161642074585,0.681161642074585,0.7200032472610474,-0.0388416051864624,-0.0388416051864624,0.0,0.0,0.0,0.0,0.0,0.0,0.0,0.0,0.0,0.0,0.0,0.0,1.0,1.0,1.0
Q0437,Wie werden gleichwertige Leistungsnachweise aus staatlich anerkannten Fernstudien angerechnet?,fully_answerable,1,"[""PO25CL-GEN-C04-P28-A05""]",0.6869269013404846,0.5860568284988403,0.10087007284164429,"[""PO25CL-GEN-C04-P28-A05"", ""PO25CL-GEN-C03-P18-A01"", ""PO25CL-GEN-C04-P28-A09"", ""PO25CL-GEN-C04-P28-A03"", ""PO25CL-GEN-C03-P18-A08"", ""PO25CL-GEN-C01-P02-A02"", ""PO25CL-GEN-C04-P28-A01"", ""PO25CL-GEN-C04-P28-A08"", ""PO25CL-GEN-C04-P28-A06"", ""PO25CL-GEN-C04-P28-A04""]","[0.6869269013404846, 0.5860568284988403, 0.5781939029693604, 0.5774046182632446, 0.5684146881103516, 0.5442855358123779, 0.5428740382194519, 0.5403754711151123, 0.535921573638916, 0.5288010835647583]",[1],1.0,1.0,1.0,1.0,0.6869269013404846,0.6869269013404846,0.5860568284988403,0.10087007284164429,0.10087007284164429,1.0,1.0,1.0,1.0,1.0,1.0,1.0,1.0,1.0,1.0,1.0,1.0,1.0,1.0,1.0
Q0438,Welche gemeinsamen Beschlüsse sind bei Fernstudienleistungen zu beachten?,fully_answerable,1,"[""PO25CL-GEN-C04-P28-A05""]",0.6620939373970032,0.5913016200065613,0.0707923173904419,"[""PO25CL-GEN-C04-P28-A05"", ""PO25CL-GEN-C04-P31-A01"", ""PO25CL-GEN-C04-P31-A02"", ""PO25CL-GEN-C02-P09-A03"", ""PO25CL-GEN-C02-P06-U01"", ""PO25CL-GEN-C04-P28-A01"", ""PO25CL-GEN-C01-P01-A01"", ""PO25CL-GEN-C01-P04-A02"", ""PO25CL-GEN-C04-P28-A03"", ""PO25CL-GEN-C02-P07-A03""]","[0.6620939373970032, 0.5913016200065613, 0.5879993438720703, 0.5786784887313843, 0.5781645774841309, 0.561416745185852, 0.5613573789596558, 0.5601111054420471, 0.560100793838501, 0.5559724569320679]",[1],1.0,1.0,1.0,1.0,0.6620939373970032,0.6620939373970032,0.5913016200065613,0.0707923173904419,0.0707923173904419,1.0,1.0,1.0,1.0,1.0,1.0,1.0,1.0,1.0,1.0,1.0,1.0,1.0,1.0,1.0
Q0439,Als welche Leistungsart werden Kenntnisse aus einer Einstufungsprüfung angerechnet?,fully_answerable,1,"[""PO25CL-GEN-C04-P28-A06""]",0.6961188316345215,0.6580883264541626,0.03803050518035889,"[""PO25CL-GEN-C04-P28-A06"", ""PO25CL-GEN-C04-P28-A08"", ""PO25CL-GEN-C03-P14-A02"", ""PO25CL-GEN-C03-P18-A01"", ""PO25CL-GEN-C04-P28-A05"", ""PO25CL-GEN-C04-P28-A09"", ""PO25CL-GEN-C03-P18-A08"", ""PO25CL-GEN-C04-P31-A02"", ""PO25CL-GEN-C03-P17-A05"", ""PO25CL-GEN-C03-P14-A09""]","[0.6961188316345215, 0.6580883264541626, 0.6546452045440674, 0.6231410503387451, 0.6223013401031494, 0.6167965531349182, 0.6111698150634766, 0.6056848168373108, 0.5998526811599731, 0.5970466732978821]",[1],1.0,1.0,1.0,1.0,0.6961188316345215,0.6961188316345215,0.6580883264541626,0.03803050518035889,0.03803050518035889,1.0,1.0,1.0,1.0,1.0,1.0,1.0,1.0,1.0,1.0,1.0,1.0,1.0,1.0,1.0
Q0440,Werden Kenntnisse aus einer Einstufungsprüfung als Prüfungsleistungen angerechnet?,fully_answerable,1,"[""PO25CL-GEN-C04-P28-A06""]",0.7569053173065186,0.6775317192077637,0.07937359809875488,"[""PO25CL-GEN-C04-P28-A06"", ""PO25CL-GEN-C03-P14-A02"", ""PO25CL-GEN-C03-P17-A05"", ""PO25CL-GEN-C04-P28-A08"", ""PO25CL-GEN-C04-P28-A09"", ""PO25CL-GEN-C04-P28-A07"", ""PO25CL-GEN-C04-P28-A03"", ""PO25CL-GEN-C04-P28-A02"", ""PO25CL-GEN-C03-P18-A02"", ""PO25CL-GEN-C04-P28-A04""]","[0.7569053173065186, 0.6775317192077637, 0.6572266817092896, 0.653812050819397, 0.648834764957428, 0.6478705406188965, 0.6455031633377075, 0.643973708152771, 0.6439433693885803, 0.6437156200408936]",[1],1.0,1.0,1.0,1.0,0.7569053173065186,0.7569053173065186,0.6775317192077637,0.07937359809875488,0.07937359809875488,1.0,1.0,1.0,1.0,1.0,1.0,1.0,1.0,1.0,1.0,1.0,1.0,1.0,1.0,1.0
Q0441,Welche Wirkung haben Feststellungen im Zeugnis einer Einstufungsprüfung für den Prüfungsausschuss?,fully_answerable,1,"[""PO25CL-GEN-C04-P28-A06""]",0.7650548815727234,0.759955644607544,0.005099236965179443,"[""PO25CL-GEN-C03-P17-A06"", ""PO25CL-GEN-C04-P24-A02"", ""PO25CL-GEN-C04-P24-A06"", ""PO25CL-GEN-C04-P28-A08"", ""PO25CL-GEN-C03-P19-A04"", ""PO25CL-GEN-C04-P27-A03"", ""PO25CL-GEN-C04-P24-A04"", ""PO25CL-GEN-C03-P17-A03"", ""PO25CL-GEN-C03-P12-A04"", ""PO25CL-GEN-C03-P20-A01""]","[0.7650548815727234, 0.759955644607544, 0.7430272102355957, 0.7409336566925049, 0.731505274772644, 0.7307584285736084, 0.7194303870201111, 0.717469334602356, 0.7070328593254089, 0.6941708326339722]",[16],16.0,16.0,16.0,0.0625,0.667249858379364,0.667249858379364,0.7650548815727234,-0.09780502319335938,-0.09780502319335938,0.0,0.0,0.0,0.0,0.0,0.0,0.0,0.0,0.0,0.0,0.0,0.0,0.0,0.0,0.0
Q0442,Wann ist die Anerkennung einer externen Leistung für ein Modul ausgeschlossen?,fully_answerable,1,"[""PO25CL-GEN-C04-P28-A07""]",0.5913662314414978,0.5446591377258301,0.046707093715667725,"[""PO25CL-GEN-C03-P11-A01"", ""PO25CL-GEN-C03-P11-A03"", ""PO25CL-GEN-C04-P28-A07"", ""PO25CL-GEN-C03-P18-A04"", ""PO25CL-GEN-C03-P14-A09"", ""PO25CL-GEN-C03-P11-A05"", ""PO25CL-GEN-C03-P14-A02"", ""PO25CL-GEN-C03-P14-A08"", ""PO25CL-GEN-C03-P11-A04"", ""PO25CL-GEN-C03-P17-A05""]","[0.5913662314414978, 0.5446591377258301, 0.5357168912887573, 0.5139755010604858, 0.4648476243019104, 0.45822593569755554, 0.44791436195373535, 0.4476405382156372, 0.4464268684387207, 0.44637125730514526]",[3],3.0,3.0,3.0,0.3333333333333333,0.5357168912887573,0.5357168912887573,0.5913662314414978,-0.05564934015274048,-0.05564934015274048,0.0,0.0,0.0,0.0,0.0,0.0,1.0,1.0,1.0,1.0,1.0,1.0,1.0,1.0,1.0
Q0443,Wer ist für die Anrechnungen nach den Absätzen 1 bis 5 zuständig?,fully_answerable,1,"[""PO25CL-GEN-C04-P28-A08""]",0.5675956606864929,0.555716872215271,0.011878788471221924,"[""PO25CL-GEN-C03-P19-A08"", ""PO25CL-GEN-C03-P18-A08"", ""PO25CL-GEN-C03-P18-A07"", ""PO25CL-GEN-C04-P28-A08"", ""PO25CL-GEN-C03-P18-A02"", ""PO25CL-GEN-C03-P18-A05"", ""PO25CL-GEN-C04-P25-A02"", ""PO25CL-GEN-C04-P25-A04"", ""PO25CL-GEN-C03-P12-A04"", ""PO25CL-GEN-C03-P14-A02""]","[0.5675956606864929, 0.555716872215271, 0.539496898651123, 0.5217607021331787, 0.49269115924835205, 0.48649030923843384, 0.477814257144928, 0.4776020050048828, 0.47511518001556396, 0.47434335947036743]",[4],4.0,4.0,4.0,0.25,0.5217607021331787,0.5217607021331787,0.5675956606864929,-0.04583495855331421,-0.04583495855331421,0.0,0.0,0.0,0.0,0.0,0.0,0.0,0.0,0.0,1.0,1.0,1.0,1.0,1.0,1.0
Q0444,Wer ist vor einer Gleichwertigkeitsfeststellung anzuhören?,fully_answerable,1,"[""PO25CL-GEN-C04-P28-A08""]",0.38007429242134094,0.37561261653900146,0.0044616758823394775,"[""PO25CL-GEN-C04-P28-A08"", ""PO25CL-GEN-C04-P27-A01-02"", ""PO25CL-GEN-C04-P28-A09"", ""PO25CL-GEN-C04-P28-A05"", ""PO25CL-GEN-C04-P24-A03"", ""PO25CL-GEN-C03-P20-A02"", ""PO25CL-GEN-C03-P15-A08"", ""PO25CL-GEN-C03-P19-A08"", ""PO25CL-GEN-C03-P18-A03"", ""PO25CL-GEN-C03-P12-A04""]","[0.38007429242134094, 0.37561261653900146, 0.37508630752563477, 0.3499356508255005, 0.344607412815094, 0.3295694589614868, 0.2916005849838257, 0.29058021306991577, 0.28675025701522827, 0.28351685404777527]",[1],1.0,1.0,1.0,1.0,0.38007429242134094,0.38007429242134094,0.37561261653900146,0.0044616758823394775,0.0044616758823394775,1.0,1.0,1.0,1.0,1.0,1.0,1.0,1.0,1.0,1.0,1.0,1.0,1.0,1.0,1.0
Q0445,Bis zu welchem Anteil des Studienumfangs können außerhochschulisch erworbene Kompetenzen angerechnet werden?,fully_answerable,1,"[""PO25CL-GEN-C04-P28-A09""]",0.7130646705627441,0.6902961730957031,0.022768497467041016,"[""PO25CL-GEN-C04-P28-A09"", ""PO25CL-GEN-C03-P18-A06"", ""PO25CL-GEN-C04-P28-A03"", ""PO25CL-GEN-C04-P28-A06"", ""PO25CL-GEN-C04-P28-A01"", ""PO25CL-GEN-C04-P28-A04"", ""PO25CL-GEN-C04-P28-A05"", ""PO25CL-GEN-C03-P18-A05"", ""PO25CL-GEN-C03-P21-A01"", ""PO25CL-GEN-C01-P04-A02""]","[0.7130646705627441, 0.6902961730957031, 0.6738061904907227, 0.6528182029724121, 0.6476445198059082, 0.6250202059745789, 0.6134951114654541, 0.60831618309021, 0.6079962253570557, 0.6050800085067749]",[1],1.0,1.0,1.0,1.0,0.7130646705627441,0.7130646705627441,0.6902961730957031,0.022768497467041016,0.022768497467041016,1.0,1.0,1.0,1.0,1.0,1.0,1.0,1.0,1.0,1.0,1.0,1.0,1.0,1.0,1.0
Q0446,Wer entscheidet über die Gleichwertigkeit außerhochschulisch erworbener Kompetenzen?,fully_answerable,1,"[""PO25CL-GEN-C04-P28-A09""]",0.7185103297233582,0.6655164957046509,0.052993834018707275,"[""PO25CL-GEN-C04-P28-A09"", ""PO25CL-GEN-C04-P28-A06"", ""PO25CL-GEN-C04-P28-A03"", ""PO25CL-GEN-C04-P28-A05"", ""PO25CL-GEN-C04-P28-A04"", ""PO25CL-GEN-C04-P28-A08"", ""PO25CL-GEN-C04-P28-A01"", ""PO25CL-GEN-C03-P12-A01"", ""PO25CL-GEN-C02-P07-A03"", ""PO25CL-GEN-C03-P16-A02""]","[0.7185103297233582, 0.6655164957046509, 0.6569799780845642, 0.6202345490455627, 0.6079941391944885, 0.5814844369888306, 0.5668352246284485, 0.5499871969223022, 0.5486426949501038, 0.5478222370147705]",[1],1.0,1.0,1.0,1.0,0.7185103297233582,0.7185103297233582,0.6655164957046509,0.052993834018707275,0.052993834018707275,1.0,1.0,1.0,1.0,1.0,1.0,1.0,1.0,1.0,1.0,1.0,1.0,1.0,1.0,1.0
Q0447,"Werden gleichwertige Leistungsnachweise aus gemeinsam von Nordrhein-Westfalen, den Ländern und dem Bund entwickelten Fernstudieneinheiten von Amts wegen angerechnet?",fully_answerable,1,"[""PO25CL-GEN-C04-P28-A05""]",0.7191653251647949,0.5469849109649658,0.1721804141998291,"[""PO25CL-GEN-C04-P28-A05"", ""PO25CL-GEN-C04-P28-A03"", ""PO25CL-GEN-C04-P28-A09"", ""PO25CL-GEN-C04-P28-A07"", ""PO25CL-GEN-C04-P28-A01"", ""PO25CL-GEN-C03-P18-A08"", ""PO25CL-GEN-C03-P18-A01"", ""PO25CL-GEN-C04-P28-A04"", ""PO25CL-GEN-C01-P02-A01"", ""PO25CL-GEN-C04-P28-A08""]","[0.7191653251647949, 0.5469849109649658, 0.5287014842033386, 0.5140725374221802, 0.49876537919044495, 0.4954337775707245, 0.49447667598724365, 0.49440672993659973, 0.48082277178764343, 0.4802651107311249]",[1],1.0,1.0,1.0,1.0,0.7191653251647949,0.7191653251647949,0.5469849109649658,0.1721804141998291,0.1721804141998291,1.0,1.0,1.0,1.0,1.0,1.0,1.0,1.0,1.0,1.0,1.0,1.0,1.0,1.0,1.0
Q0448,Wer bestellt die Studiengangverantwortlichen?,fully_answerable,1,"[""PO25CL-GEN-C04-P29-U01""]",0.6649109125137329,0.6440441012382507,0.020866811275482178,"[""PO25CL-GEN-C03-P15-A03"", ""PO25CL-GEN-C04-P25-A02"", ""PO25CL-GEN-C04-P25-A03"", ""PO25CL-GEN-C04-P29-U01"", ""PO25CL-GEN-C04-P31-A01"", ""PO25CL-GEN-C04-P24-A03"", ""PO25CL-GEN-C03-P12-A04"", ""PO25CL-GEN-C04-P24-A01"", ""PO25CL-GEN-C02-P09-A03"", ""PO25CL-GEN-C03-P16-A02""]","[0.6649109125137329, 0.6440441012382507, 0.6389082670211792, 0.631324291229248, 0.6240796446800232, 0.5806882977485657, 0.5740712285041809, 0.5718028545379639, 0.5686228275299072, 0.55194091796875]",[4],4.0,4.0,4.0,0.25,0.631324291229248,0.631324291229248,0.6649109125137329,-0.03358662128448486,-0.03358662128448486,0.0,0.0,0.0,0.0,0.0,0.0,0.0,0.0,0.0,1.0,1.0,1.0,1.0,1.0,1.0
Q0449,Wie viele Studiengangverantwortliche werden je Studiengang bestellt?,fully_answerable,1,"[""PO25CL-GEN-C04-P29-U01""]",0.6671092510223389,0.6644425392150879,0.0026667118072509766,"[""PO25CL-GEN-C04-P31-A01"", ""PO25CL-GEN-C04-P28-A01"", ""PO25CL-GEN-C03-P21-A01"", ""PO25CL-GEN-C04-P29-U01"", ""PO25CL-GEN-C04-P28-A09"", ""PO25CL-GEN-C04-P28-A03"", ""PO25CL-GEN-C04-P25-A03"", ""PO25CL-GEN-C04-P28-A05"", ""PO25CL-GEN-C04-P28-A04"", ""PO25CL-GEN-C04-P28-A06""]","[0.6671092510223389, 0.6644425392150879, 0.6427499651908875, 0.6350178718566895, 0.6255490779876709, 0.6251424551010132, 0.6213424205780029, 0.6194576025009155, 0.616979718208313, 0.6157599687576294]",[4],4.0,4.0,4.0,0.25,0.6350178718566895,0.6350178718566895,0.6671092510223389,-0.032091379165649414,-0.032091379165649414,0.0,0.0,0.0,0.0,0.0,0.0,0.0,0.0,0.0,1.0,1.0,1.0,1.0,1.0,1.0
Q0450,Wird je Studiengang eine Stellvertretung bestellt?,fully_answerable,1,"[""PO25CL-GEN-C04-P29-U01""]",0.5756675004959106,0.565049946308136,0.010617554187774658,"[""PO25CL-GEN-C03-P12-A01"", ""PO25CL-PLAN-INTRO"", ""PO25CL-GEN-C02-P07-A03"", ""PO25CL-GEN-C03-P19-A01"", ""PO25CL-GEN-C04-P28-A03"", ""PO25CL-GEN-C03-P12-A02"", ""PO25CL-GEN-C03-P23-U01"", ""PO25CL-GEN-C04-P28-A06"", ""PO25CL-GEN-C03-P21-A02"", ""PO25CL-PLAN-S01-PBB""]","[0.5756675004959106, 0.565049946308136, 0.5642085075378418, 0.5447793006896973, 0.5441443920135498, 0.5420794486999512, 0.5411891341209412, 0.5389455556869507, 0.5369616746902466, 0.5346283912658691]",[31],31.0,31.0,31.0,0.03225806451612903,0.50262051820755,0.50262051820755,0.5756675004959106,-0.0730469822883606,-0.0730469822883606,0.0,0.0,0.0,0.0,0.0,0.0,0.0,0.0,0.0,0.0,0.0,0.0,0.0,0.0,0.0
Q0451,Welche Beschäftigungsdauer sollen Studiengangverantwortliche grundsätzlich haben?,fully_answerable,1,"[""PO25CL-GEN-C04-P29-U01""]",0.6712504029273987,0.6676529049873352,0.0035974979400634766,"[""PO25CL-GEN-C04-P28-A03"", ""PO25CL-GEN-C04-P28-A01"", ""PO25CL-GEN-C04-P29-U01"", ""PO25CL-GEN-C01-P03-A01"", ""PO25CL-GEN-C03-P19-A01"", ""PO25CL-GEN-C01-P03-A05"", ""PO25CL-GEN-C04-P28-A05"", ""PO25CL-GEN-C01-P03-A04"", ""PO25CL-GEN-C03-P21-A01"", ""PO25CL-GEN-C04-P25-A06""]","[0.6712504029273987, 0.6676529049873352, 0.6598029732704163, 0.6482824087142944, 0.6435875296592712, 0.6413143873214722, 0.6390032172203064, 0.6302924156188965, 0.6246519684791565, 0.6210544109344482]",[3],3.0,3.0,3.0,0.3333333333333333,0.6598029732704163,0.6598029732704163,0.6712504029273987,-0.011447429656982422,-0.011447429656982422,0.0,0.0,0.0,0.0,0.0,0.0,1.0,1.0,1.0,1.0,1.0,1.0,1.0,1.0,1.0
Q0452,Was ist vor der Einsicht in Prüfungsakten zu vereinbaren?,fully_answerable,1,"[""PO25CL-GEN-C04-P30-U01""]",0.769544243812561,0.7341151833534241,0.03542906045913696,"[""PO25CL-GEN-C03-P14-A02"", ""PO25CL-GEN-C04-P28-A06"", ""PO25CL-GEN-C03-P19-A08"", ""PO25CL-GEN-C03-P18-A02"", ""PO25CL-GEN-C04-P27-A01-02"", ""PO25CL-GEN-C04-P28-A08"", ""PO25CL-GEN-C03-P11-A07"", ""PO25CL-GEN-C03-P15-A06"", ""PO25CL-GEN-C04-P25-A05"", ""PO25CL-GEN-C03-P17-A02""]","[0.769544243812561, 0.7341151833534241, 0.7333475351333618, 0.7249734401702881, 0.722315788269043, 0.7186649441719055, 0.7127398252487183, 0.6981114149093628, 0.6964877843856812, 0.6964526176452637]",[25],25.0,25.0,25.0,0.04,0.6620863676071167,0.6620863676071167,0.769544243812561,-0.10745787620544434,-0.10745787620544434,0.0,0.0,0.0,0.0,0.0,0.0,0.0,0.0,0.0,0.0,0.0,0.0,0.0,0.0,0.0
Q0453,Bei welcher Stelle können Studierende ihre Prüfungsakten einsehen?,fully_answerable,1,"[""PO25CL-GEN-C04-P30-U01""]",0.7100886702537537,0.6829691529273987,0.02711951732635498,"[""PO25CL-GEN-C04-P30-U01"", ""PO25CL-GEN-C04-P28-A06"", ""PO25CL-GEN-C04-P28-A02"", ""PO25CL-GEN-C04-P28-A01"", ""PO25CL-GEN-C04-P31-A02"", ""PO25CL-GEN-C03-P11-A09"", ""PO25CL-GEN-C04-P28-A09"", ""PO25CL-GEN-C03-P19-A01"", ""PO25CL-GEN-C04-P28-A04"", ""PO25CL-GEN-C04-P31-A01""]","[0.7100886702537537, 0.6829691529273987, 0.6709680557250977, 0.6578652858734131, 0.6563359498977661, 0.6516991257667542, 0.6420042514801025, 0.6396665573120117, 0.6394369602203369, 0.630948007106781]",[1],1.0,1.0,1.0,1.0,0.7100886702537537,0.7100886702537537,0.6829691529273987,0.02711951732635498,0.02711951732635498,1.0,1.0,1.0,1.0,1.0,1.0,1.0,1.0,1.0,1.0,1.0,1.0,1.0,1.0,1.0
Q0454,Dürfen Studierende ihre Prüfungsakten fotografieren?,fully_answerable,1,"[""PO25CL-GEN-C04-P30-U01""]",0.754578173160553,0.5127274990081787,0.24185067415237427,"[""PO25CL-GEN-C04-P30-U01"", ""PO25CL-GEN-C04-P28-A06"", ""PO25CL-GEN-C04-P28-A02"", ""PO25CL-GEN-C04-P28-A09"", ""PO25CL-GEN-C04-P28-A04"", ""PO25CL-GEN-C03-P20-A01"", ""PO25CL-GEN-C03-P23-U01"", ""PO25CL-APP-R10"", ""PO25CL-GEN-C04-P28-A01"", ""PO25CL-GEN-C04-P31-A02""]","[0.754578173160553, 0.5127274990081787, 0.46375083923339844, 0.4421164393424988, 0.4414620101451874, 0.4403139352798462, 0.43067049980163574, 0.430635929107666, 0.42698848247528076, 0.42533349990844727]",[1],1.0,1.0,1.0,1.0,0.754578173160553,0.754578173160553,0.5127274990081787,0.24185067415237427,0.24185067415237427,1.0,1.0,1.0,1.0,1.0,1.0,1.0,1.0,1.0,1.0,1.0,1.0,1.0,1.0,1.0
Q0455,Berät die Hochschule auch Studieninteressierte?,fully_answerable,1,"[""PO25CL-GEN-C04-P31-A01""]",0.6153899431228638,0.6017118692398071,0.01367807388305664,"[""PO25CL-GEN-C04-P31-A01"", ""PO25CL-GEN-C04-P28-A03"", ""PO25CL-GEN-C04-P28-A01"", ""PO25CL-GEN-C01-P04-A02"", ""PO25CL-GEN-C04-P28-A04"", ""PO25CL-GEN-C04-P28-A05"", ""PO25CL-GEN-C01-P04-A01"", ""PO25CL-GEN-C03-P12-A01"", ""PO25CL-GEN-C04-P28-A09"", ""PO25CL-GEN-C01-P04-A03""]","[0.6153899431228638, 0.6017118692398071, 0.5696906447410583, 0.5627939701080322, 0.557228684425354, 0.5500224828720093, 0.5473240613937378, 0.546218991279602, 0.5324715375900269, 0.5266370177268982]",[1],1.0,1.0,1.0,1.0,0.6153899431228638,0.6153899431228638,0.6017118692398071,0.01367807388305664,0.01367807388305664,1.0,1.0,1.0,1.0,1.0,1.0,1.0,1.0,1.0,1.0,1.0,1.0,1.0,1.0,1.0
Q0456,Zu welchen Themen berät die Hochschule Studierende?,fully_answerable,1,"[""PO25CL-GEN-C04-P31-A01""]",0.6973089575767517,0.6524813771247864,0.04482758045196533,"[""PO25CL-GEN-C04-P31-A01"", ""PO25CL-GEN-C01-P04-A02"", ""PO25CL-GEN-C01-P01-A01"", ""PO25CL-GEN-C01-P04-A03"", ""PO25CL-GEN-C01-P04-A01"", ""PO25CL-GEN-C02-P06-U01"", ""PO25CL-GEN-C02-P09-A02"", ""PO25CL-PLAN-S02-PBB"", ""PO25CL-PLAN-S01-PBB"", ""PO25CL-PLAN-S05-PBB""]","[0.6973089575767517, 0.6524813771247864, 0.6497472524642944, 0.6456844210624695, 0.6224931478500366, 0.6062177419662476, 0.5918554663658142, 0.5906737446784973, 0.59004145860672, 0.588161826133728]",[1],1.0,1.0,1.0,1.0,0.6973089575767517,0.6973089575767517,0.6524813771247864,0.04482758045196533,0.04482758045196533,1.0,1.0,1.0,1.0,1.0,1.0,1.0,1.0,1.0,1.0,1.0,1.0,1.0,1.0,1.0
Q0457,Wer organisiert die Fachstudienberatung?,fully_answerable,1,"[""PO25CL-GEN-C04-P31-A01""]",0.7461575269699097,0.7037243843078613,0.04243314266204834,"[""PO25CL-GEN-C04-P31-A01"", ""PO25CL-GEN-C02-P09-A03"", ""PO25CL-GEN-C04-P31-A02"", ""PO25CL-GEN-C01-P01-A01"", ""PO25CL-GEN-C03-P15-A03"", ""PO25CL-GEN-C04-P29-U01"", ""PO25CL-GEN-C02-P06-U01"", ""PO25CL-GEN-C02-P09-A02"", ""PO25CL-GEN-C04-P24-A01"", ""PO25CL-GEN-C02-P09-A05""]","[0.7461575269699097, 0.7037243843078613, 0.6334030628204346, 0.5976056456565857, 0.5741057395935059, 0.5616856813430786, 0.5608370304107666, 0.5379852652549744, 0.537772536277771, 0.536044716835022]",[1],1.0,1.0,1.0,1.0,0.7461575269699097,0.7461575269699097,0.7037243843078613,0.04243314266204834,0.04243314266204834,1.0,1.0,1.0,1.0,1.0,1.0,1.0,1.0,1.0,1.0,1.0,1.0,1.0,1.0,1.0
Q0458,Welche Stelle nutzt ECTS-Statistiken für Beratungszwecke?,fully_answerable,1,"[""PO25CL-GEN-C04-P31-A02""]",0.7737064361572266,0.6712443828582764,0.1024620532989502,"[""PO25CL-GEN-C04-P31-A02"", ""PO25CL-GEN-C01-P02-A02"", ""PO25CL-GEN-C03-P18-A08"", ""PO25CL-GEN-C01-P02-A03"", ""PO25CL-GEN-C01-P02-A01"", ""PO25CL-GEN-C01-P03-A05"", ""PO25CL-GEN-C01-P03-A04"", ""PO25CL-GEN-C04-P28-A09"", ""PO25CL-GEN-C04-P27-A03"", ""PO25CL-GEN-C04-P31-A01""]","[0.7737064361572266, 0.6712443828582764, 0.6464285850524902, 0.6203406453132629, 0.5952368974685669, 0.5475696325302124, 0.5444000363349915, 0.5125141143798828, 0.49875324964523315, 0.4981326460838318]",[1],1.0,1.0,1.0,1.0,0.7737064361572266,0.7737064361572266,0.6712443828582764,0.1024620532989502,0.1024620532989502,1.0,1.0,1.0,1.0,1.0,1.0,1.0,1.0,1.0,1.0,1.0,1.0,1.0,1.0,1.0
Q0459,Welche Studierendengruppe soll mithilfe der ECTS-Statistiken auf Beratungsangebote hingewiesen werden?,fully_answerable,1,"[""PO25CL-GEN-C04-P31-A02""]",0.8545101881027222,0.64300537109375,0.21150481700897217,"[""PO25CL-GEN-C04-P31-A02"", ""PO25CL-GEN-C04-P31-A01"", ""PO25CL-GEN-C03-P18-A08"", ""PO25CL-GEN-C01-P02-A02"", ""PO25CL-GEN-C04-P27-A03"", ""PO25CL-GEN-C01-P05-A02"", ""PO25CL-GEN-C04-P28-A09"", ""PO25CL-GEN-C01-P03-A05"", ""PO25CL-PLAN-INTRO"", ""PO25CL-GEN-C03-P17-A04""]","[0.8545101881027222, 0.64300537109375, 0.637042224407196, 0.6232000589370728, 0.6163690090179443, 0.5823379755020142, 0.5777266025543213, 0.5702240467071533, 0.5693042278289795, 0.5635935664176941]",[1],1.0,1.0,1.0,1.0,0.8545101881027222,0.8545101881027222,0.64300537109375,0.21150481700897217,0.21150481700897217,1.0,1.0,1.0,1.0,1.0,1.0,1.0,1.0,1.0,1.0,1.0,1.0,1.0,1.0,1.0
Q0460,Wann tritt die Prüfungsordnung in Kraft?,fully_answerable,1,"[""PO25CL-GEN-C05-P32-U01""]",0.7329449653625488,0.7071977853775024,0.025747179985046387,"[""PO25CL-GEN-C03-P11-A09"", ""PO25CL-GEN-C03-P13-A01"", ""PO25CL-GEN-C04-P26-U01"", ""PO25CL-GEN-C03-P19-A07"", ""PO25CL-GEN-C03-P17-A01"", ""PO25CL-GEN-C03-P20-A04"", ""PO25CL-GEN-C03-P11-A07"", ""PO25CL-GEN-C03-P17-A03"", ""PO25CL-GEN-C03-P11-A04"", ""PO25CL-GEN-C03-P13-A02""]","[0.7329449653625488, 0.7071977853775024, 0.6932289600372314, 0.6736611127853394, 0.6711527705192566, 0.6546213030815125, 0.6463053822517395, 0.6234138607978821, 0.6193284392356873, 0.6093664169311523]",[84],84.0,84.0,84.0,0.011904761904761904,0.4325200021266937,0.4325200021266937,0.7329449653625488,-0.3004249632358551,-0.3004249632358551,0.0,0.0,0.0,0.0,0.0,0.0,0.0,0.0,0.0,0.0,0.0,0.0,0.0,0.0,0.0
Q0461,An welchem Datum beschloss der Fakultätsrat die Prüfungsordnung?,fully_answerable,1,"[""PO25CL-GEN-C05-P32-U01""]",0.6363109350204468,0.5996143817901611,0.036696553230285645,"[""PO25CL-GEN-C03-P11-A09"", ""PO25CL-GEN-C03-P20-A04"", ""PO25CL-GEN-C04-P26-U01"", ""PO25CL-GEN-C03-P13-A01"", ""PO25CL-GEN-C04-P25-A02"", ""PO25CL-GEN-C04-P28-A01"", ""PO25CL-GEN-C04-P28-A08"", ""PO25CL-GEN-C03-P19-A07"", ""PO25CL-GEN-C03-P17-A01"", ""PO25CL-GEN-C03-P14-A10""]","[0.6363109350204468, 0.5996143817901611, 0.5545669198036194, 0.5537716746330261, 0.5537207722663879, 0.5510976910591125, 0.5500282049179077, 0.5468769073486328, 0.5460874438285828, 0.5420171022415161]",[19],19.0,19.0,19.0,0.05263157894736842,0.5263447761535645,0.5263447761535645,0.6363109350204468,-0.10996615886688232,-0.10996615886688232,0.0,0.0,0.0,0.0,0.0,0.0,0.0,0.0,0.0,0.0,0.0,0.0,0.0,0.0,0.0
Q0462,An welchem Datum wurde die Prüfungsordnung ausgefertigt?,fully_answerable,1,"[""PO25CL-GEN-C05-P32-U01""]",0.635593831539154,0.5975847840309143,0.038009047508239746,"[""PO25CL-GEN-C03-P11-A09"", ""PO25CL-GEN-C03-P20-A04"", ""PO25CL-GEN-C03-P13-A01"", ""PO25CL-GEN-C03-P17-A01"", ""PO25CL-GEN-C03-P19-A07"", ""PO25CL-GEN-C04-P26-U01"", ""PO25CL-GEN-C03-P11-A07"", ""PO25CL-GEN-C03-P17-A03"", ""PO25CL-GEN-C03-P19-A08"", ""PO25CL-GEN-C03-P16-A03""]","[0.635593831539154, 0.5975847840309143, 0.5965700149536133, 0.5854200124740601, 0.5848826766014099, 0.5699284076690674, 0.5528335571289062, 0.5430364012718201, 0.5293402671813965, 0.5282238721847534]",[46],46.0,46.0,46.0,0.021739130434782608,0.42761439085006714,0.42761439085006714,0.635593831539154,-0.20797944068908691,-0.20797944068908691,0.0,0.0,0.0,0.0,0.0,0.0,0.0,0.0,0.0,0.0,0.0,0.0,0.0,0.0,0.0
Q0463,Als welcher Studiengangstyp ist Computerlinguistik ausgewiesen?,fully_answerable,1,"[""PO25CL-APP-R01""]",0.7618658542633057,0.7603743076324463,0.001491546630859375,"[""PO25CL-APP-R03"", ""PO25CL-APP-R01"", ""PO25CL-APP-R08"", ""PO25CL-PLAN-S01-M02"", ""PO25CL-APP-R07-M16"", ""PO25CL-APP-R06"", ""PO25CL-APP-R11"", ""PO25CL-PLAN-S01-M04"", ""PO25CL-PLAN-S05-M03"", ""PO25CL-APP-R07-M17""]","[0.7618658542633057, 0.7603743076324463, 0.757950484752655, 0.7499136924743652, 0.7414931058883667, 0.7271469235420227, 0.7131350040435791, 0.7117610573768616, 0.7117489576339722, 0.7114793062210083]",[2],2.0,2.0,2.0,0.5,0.7603743076324463,0.7603743076324463,0.7618658542633057,-0.001491546630859375,-0.001491546630859375,0.0,0.0,0.0,1.0,1.0,1.0,1.0,1.0,1.0,1.0,1.0,1.0,1.0,1.0,1.0
Q0464,In welchem Semester kann das Computerlinguistikstudium begonnen werden?,fully_answerable,1,"[""PO25CL-APP-R02""]",0.785003662109375,0.7783318758010864,0.006671786308288574,"[""PO25CL-PLAN-S01-SUM"", ""PO25CL-PLAN-S03-SUM"", ""PO25CL-PLAN-S06-SUM"", ""PO25CL-PLAN-S05-SUM"", ""PO25CL-PLAN-S01-PBB"", ""PO25CL-PLAN-S02-SUM"", ""PO25CL-PLAN-S04-SUM"", ""PO25CL-PLAN-S02-PBB"", ""PO25CL-PLAN-S03-PBB"", ""PO25CL-PLAN-S01-M02""]","[0.785003662109375, 0.7783318758010864, 0.7774091958999634, 0.7772015333175659, 0.77670818567276, 0.7751745581626892, 0.7703385353088379, 0.7666552066802979, 0.7651288509368896, 0.7630099058151245]",[40],40.0,40.0,40.0,0.025,0.6274465322494507,0.6274465322494507,0.785003662109375,-0.15755712985992432,-0.15755712985992432,0.0,0.0,0.0,0.0,0.0,0.0,0.0,0.0,0.0,0.0,0.0,0.0,0.0,0.0,0.0
Q0465,Wie viele ECTS-Leistungspunkte umfasst der Studiengang Computerlinguistik?,fully_answerable,1,"[""PO25CL-APP-R03""]",0.760084331035614,0.7533462047576904,0.006738126277923584,"[""PO25CL-PLAN-S01-PBB"", ""PO25CL-PLAN-S06-PBB"", ""PO25CL-PLAN-S05-PBB"", ""PO25CL-PLAN-S02-PBB"", ""PO25CL-PLAN-S03-PBB"", ""PO25CL-PLAN-LEGEND"", ""PO25CL-PLAN-S04-PBB"", ""PO25CL-APP-R06"", ""PO25CL-PLAN-S05-SUM"", ""PO25CL-PLAN-INTRO""]","[0.760084331035614, 0.7533462047576904, 0.7532402276992798, 0.7527901530265808, 0.7525577545166016, 0.7502648830413818, 0.7462949752807617, 0.7461305856704712, 0.743257462978363, 0.7426902055740356]",[26],26.0,26.0,26.0,0.038461538461538464,0.6879779100418091,0.6879779100418091,0.760084331035614,-0.07210642099380493,-0.07210642099380493,0.0,0.0,0.0,0.0,0.0,0.0,0.0,0.0,0.0,0.0,0.0,0.0,0.0,0.0,0.0
Q0466,Welches Englischniveau wird als notwendige Vorkenntnis verlangt?,fully_answerable,1,"[""PO25CL-APP-R04""]",0.6099467277526855,0.5017802119255066,0.10816651582717896,"[""PO25CL-APP-R04"", ""PO25CL-GEN-C03-P15-A07"", ""PO25CL-GEN-C02-P06-U01"", ""PO25CL-APP-R12"", ""PO25CL-GEN-C02-P08-U01"", ""PO25CL-GEN-C03-P11-A06"", ""PO25CL-GEN-C03-P11-A08"", ""PO25CL-GEN-C02-P07-A01"", ""PO25CL-APP-R09"", ""PO25CL-APP-R08""]","[0.6099467277526855, 0.5017802119255066, 0.4987197518348694, 0.4813731610774994, 0.4739145040512085, 0.4712146520614624, 0.46765804290771484, 0.46477362513542175, 0.4636755585670471, 0.4595285952091217]",[1],1.0,1.0,1.0,1.0,0.6099467277526855,0.6099467277526855,0.5017802119255066,0.10816651582717896,0.10816651582717896,1.0,1.0,1.0,1.0,1.0,1.0,1.0,1.0,1.0,1.0,1.0,1.0,1.0,1.0,1.0
Q0467,Welcher Dauer des Schulunterrichts wird das Englischniveau B1 gleichgesetzt?,fully_answerable,1,"[""PO25CL-APP-R04""]",0.6365596055984497,0.6146225929260254,0.021937012672424316,"[""PO25CL-GEN-C01-P03-A01"", ""PO25CL-APP-R04"", ""PO25CL-GEN-C03-P21-A02"", ""PO25CL-PLAN-LEGEND"", ""PO25CL-GEN-C03-P12-A02"", ""PO25CL-GEN-C03-P14-A10"", ""PO25CL-GEN-C01-P03-A05"", ""PO25CL-GEN-C03-P19-A01"", ""PO25CL-GEN-C03-P21-A01"", ""PO25CL-GEN-C03-P15-A01""]","[0.6365596055984497, 0.6146225929260254, 0.5868526101112366, 0.578883707523346, 0.571936845779419, 0.5687877535820007, 0.56760573387146, 0.5642770528793335, 0.5593657493591309, 0.5525995492935181]",[2],2.0,2.0,2.0,0.5,0.6146225929260254,0.6146225929260254,0.6365596055984497,-0.021937012672424316,-0.021937012672424316,0.0,0.0,0.0,1.0,1.0,1.0,1.0,1.0,1.0,1.0,1.0,1.0,1.0,1.0,1.0
Q0468,Welche Angabe macht der Anhang zu einem Propädeutikum im Profilbildungsbereich?,fully_answerable,1,"[""PO25CL-APP-R05""]",0.7279365062713623,0.721196174621582,0.0067403316497802734,"[""PO25CL-APP-R05"", ""PO25CL-GEN-C01-P05-A01"", ""PO25CL-GEN-C01-P05-A02"", ""PO25CL-GEN-C01-P05-A03"", ""PO25CL-APP-R07-M17"", ""PO25CL-PLAN-S05-PBB"", ""PO25CL-PLAN-S04-PBB"", ""PO25CL-PLAN-S02-PBB"", ""PO25CL-PLAN-S03-PBB"", ""PO25CL-PLAN-S01-PBB""]","[0.7279365062713623, 0.721196174621582, 0.6735215187072754, 0.6029508709907532, 0.522140383720398, 0.46544933319091797, 0.46127092838287354, 0.4589790999889374, 0.45460042357444763, 0.45097672939300537]",[1],1.0,1.0,1.0,1.0,0.7279365062713623,0.7279365062713623,0.721196174621582,0.0067403316497802734,0.0067403316497802734,1.0,1.0,1.0,1.0,1.0,1.0,1.0,1.0,1.0,1.0,1.0,1.0,1.0,1.0,1.0
Q0469,Wie viele Modulprüfungen sind für Computerlinguistik vorgesehen?,fully_answerable,1,"[""PO25CL-APP-R06""]",0.8048495650291443,0.7387068271636963,0.066142737865448,"[""PO25CL-APP-R06"", ""PO25CL-APP-R08"", ""PO25CL-GEN-C03-P11-A05"", ""PO25CL-APP-R09"", ""PO25CL-APP-R10"", ""PO25CL-APP-R07-M06"", ""PO25CL-APP-R07-M16"", ""PO25CL-GEN-C03-P11-A06"", ""PO25CL-APP-R07-M17"", ""PO25CL-APP-R07-M14""]","[0.8048495650291443, 0.7387068271636963, 0.7281719446182251, 0.7271524667739868, 0.7035089731216431, 0.6997382044792175, 0.691946268081665, 0.677442193031311, 0.6727069616317749, 0.6649675369262695]",[1],1.0,1.0,1.0,1.0,0.8048495650291443,0.8048495650291443,0.7387068271636963,0.066142737865448,0.066142737865448,1.0,1.0,1.0,1.0,1.0,1.0,1.0,1.0,1.0,1.0,1.0,1.0,1.0,1.0,1.0
Q0470,Wird die Bachelorarbeit zusätzlich zu den neun Modulprüfungen gezählt?,fully_answerable,1,"[""PO25CL-APP-R06""]",0.7123230695724487,0.6888556480407715,0.023467421531677246,"[""PO25CL-GEN-C03-P15-A01"", ""PO25CL-APP-R06"", ""PO25CL-GEN-C01-P03-A05"", ""PO25CL-GEN-C03-P18-A06"", ""PO25CL-GEN-C03-P10-U01"", ""PO25CL-GEN-C03-P19-A06"", ""PO25CL-GEN-C03-P21-A02"", ""PO25CL-GEN-C03-P18-A05"", ""PO25CL-GEN-C03-P15-A10"", ""PO25CL-GEN-C03-P16-A03""]","[0.7123230695724487, 0.6888556480407715, 0.682260274887085, 0.664535403251648, 0.6631031036376953, 0.6614538431167603, 0.6571824550628662, 0.6546878814697266, 0.6527475714683533, 0.6511847376823425]",[2],2.0,2.0,2.0,0.5,0.6888556480407715,0.6888556480407715,0.7123230695724487,-0.023467421531677246,-0.023467421531677246,0.0,0.0,0.0,1.0,1.0,1.0,1.0,1.0,1.0,1.0,1.0,1.0,1.0,1.0,1.0
Q0471,Welche Prüfungsform darf die zweite Wiederholung einer Modulprüfung haben?,fully_answerable,1,"[""PO25CL-APP-R09""]",0.7567452192306519,0.7385830283164978,0.018162190914154053,"[""PO25CL-GEN-C03-P19-A05"", ""PO25CL-GEN-C03-P19-A08"", ""PO25CL-GEN-C03-P19-A02"", ""PO25CL-GEN-C03-P19-A07"", ""PO25CL-GEN-C03-P11-A01"", ""PO25CL-GEN-C03-P11-A06"", ""PO25CL-GEN-C03-P11-A03"", ""PO25CL-APP-R09"", ""PO25CL-GEN-C03-P11-A04"", ""PO25CL-GEN-C03-P11-A07""]","[0.7567452192306519, 0.7385830283164978, 0.7165225744247437, 0.7059402465820312, 0.7045153379440308, 0.6919906139373779, 0.6840541362762451, 0.6794332265853882, 0.6770486831665039, 0.6723746657371521]",[8],8.0,8.0,8.0,0.125,0.6794332265853882,0.6794332265853882,0.7567452192306519,-0.07731199264526367,-0.07731199264526367,0.0,0.0,0.0,0.0,0.0,0.0,0.0,0.0,0.0,0.0,0.0,0.0,1.0,1.0,1.0
Q0472,Wie wird die Bachelorarbeit für die Gesamtnote gewichtet?,fully_answerable,1,"[""PO25CL-APP-R10""]",0.7519732713699341,0.7209584712982178,0.03101480007171631,"[""PO25CL-GEN-C03-P18-A06"", ""PO25CL-GEN-C03-P18-A05"", ""PO25CL-GEN-C03-P15-A10"", ""PO25CL-APP-R10"", ""PO25CL-GEN-C03-P21-A01"", ""PO25CL-GEN-C01-P03-A05"", ""PO25CL-GEN-C03-P15-A01"", ""PO25CL-GEN-C03-P15-A02"", ""PO25CL-GEN-C03-P21-A02"", ""PO25CL-GEN-C03-P18-A03""]","[0.7519732713699341, 0.7209584712982178, 0.658461332321167, 0.6353284120559692, 0.6279668807983398, 0.622363269329071, 0.6019715070724487, 0.5806435346603394, 0.5743445158004761, 0.5677154064178467]",[4],4.0,4.0,4.0,0.25,0.6353284120559692,0.6353284120559692,0.7519732713699341,-0.11664485931396484,-0.11664485931396484,0.0,0.0,0.0,0.0,0.0,0.0,0.0,0.0,0.0,1.0,1.0,1.0,1.0,1.0,1.0
Q0473,Wie werden die Modulprüfungen für die Gesamtnote gewichtet?,fully_answerable,1,"[""PO25CL-APP-R10""]",0.7304440140724182,0.7255018949508667,0.004942119121551514,"[""PO25CL-GEN-C03-P18-A04"", ""PO25CL-GEN-C03-P18-A02"", ""PO25CL-GEN-C03-P18-A05"", ""PO25CL-GEN-C03-P18-A07"", ""PO25CL-GEN-C03-P18-A08"", ""PO25CL-GEN-C03-P18-A06"", ""PO25CL-GEN-C03-P19-A08"", ""PO25CL-GEN-C03-P14-A02"", ""PO25CL-GEN-C03-P11-A07"", ""PO25CL-APP-R10""]","[0.7304440140724182, 0.7255018949508667, 0.7247962355613708, 0.7223473787307739, 0.7220121622085571, 0.6712173223495483, 0.6672607660293579, 0.6576577425003052, 0.6181925535202026, 0.6173414587974548]",[10],10.0,10.0,10.0,0.1,0.6173414587974548,0.6173414587974548,0.7304440140724182,-0.11310255527496338,-0.11310255527496338,0.0,0.0,0.0,0.0,0.0,0.0,0.0,0.0,0.0,0.0,0.0,0.0,1.0,1.0,1.0
Q0474,Welche Angabe enthält der Anhang zur Prüfungssprache?,fully_answerable,1,"[""PO25CL-APP-R11""]",0.7327401638031006,0.7191205024719238,0.013619661331176758,"[""PO25CL-APP-R09"", ""PO25CL-APP-R08"", ""PO25CL-GEN-C03-P11-A08"", ""PO25CL-GEN-C03-P11-A05"", ""PO25CL-APP-R11"", ""PO25CL-GEN-C04-P28-A06"", ""PO25CL-GEN-C03-P11-A06"", ""PO25CL-GEN-C03-P19-A08"", ""PO25CL-GEN-C03-P14-A02"", ""PO25CL-GEN-C03-P14-A01""]","[0.7327401638031006, 0.7191205024719238, 0.7036154866218567, 0.6967377662658691, 0.6701081395149231, 0.6666731834411621, 0.6608172655105591, 0.65761399269104, 0.6561926603317261, 0.6309053301811218]",[5],5.0,5.0,5.0,0.2,0.6701081395149231,0.6701081395149231,0.7327401638031006,-0.06263202428817749,-0.06263202428817749,0.0,0.0,0.0,0.0,0.0,0.0,0.0,0.0,0.0,1.0,1.0,1.0,1.0,1.0,1.0
Q0475,Ist ein Auslandsaufenthalt im Computerlinguistikstudium verpflichtend?,fully_answerable,1,"[""PO25CL-APP-R12""]",0.8053462505340576,0.7069592475891113,0.09838700294494629,"[""PO25CL-APP-R12"", ""PO25CL-PLAN-S01-PBB"", ""PO25CL-PLAN-S02-PBB"", ""PO25CL-PLAN-S03-PBB"", ""PO25CL-PLAN-S05-PBB"", ""PO25CL-PLAN-S06-PBB"", ""PO25CL-PLAN-S04-PBB"", ""PO25CL-PLAN-S06-M02"", ""PO25CL-PLAN-S05-SUM"", ""PO25CL-APP-R06""]","[0.8053462505340576, 0.7069592475891113, 0.7036756277084351, 0.7028789520263672, 0.7015970945358276, 0.7009016275405884, 0.6975269317626953, 0.6713767647743225, 0.6700978875160217, 0.6677491664886475]",[1],1.0,1.0,1.0,1.0,0.8053462505340576,0.8053462505340576,0.7069592475891113,0.09838700294494629,0.09838700294494629,1.0,1.0,1.0,1.0,1.0,1.0,1.0,1.0,1.0,1.0,1.0,1.0,1.0,1.0,1.0
Q0476,Für welches Semester wird ein Mobilitätsfenster genannt?,fully_answerable,1,"[""PO25CL-APP-R12""]",0.513633131980896,0.5109958648681641,0.0026372671127319336,"[""PO25CL-PLAN-S01-PBB"", ""PO25CL-PLAN-S01-SUM"", ""PO25CL-PLAN-S05-M01"", ""PO25CL-PLAN-S02-PBB"", ""PO25CL-PLAN-S03-SUM"", ""PO25CL-PLAN-S02-SUM"", ""PO25CL-PLAN-S05-SUM"", ""PO25CL-PLAN-S03-PBB"", ""PO25CL-PLAN-S04-SUM"", ""PO25CL-PLAN-S06-PBB""]","[0.513633131980896, 0.5109958648681641, 0.5093403458595276, 0.5087207555770874, 0.5082805156707764, 0.507154107093811, 0.506798267364502, 0.5061702728271484, 0.5037916898727417, 0.5036889910697937]",[15],15.0,15.0,15.0,0.06666666666666667,0.4875143766403198,0.4875143766403198,0.513633131980896,-0.026118755340576172,-0.026118755340576172,0.0,0.0,0.0,0.0,0.0,0.0,0.0,0.0,0.0,0.0,0.0,0.0,0.0,0.0,0.0
Q0477,Welche Angabe enthält der Anhang zu einer Exkursion?,fully_answerable,1,"[""PO25CL-APP-R13""]",0.5698083639144897,0.5283435583114624,0.041464805603027344,"[""PO25CL-GEN-C03-P19-A08"", ""PO25CL-GEN-C03-P14-A02"", ""PO25CL-GEN-C04-P28-A06"", ""PO25CL-GEN-C03-P11-A07"", ""PO25CL-GEN-C03-P18-A02"", ""PO25CL-GEN-C03-P17-A05"", ""PO25CL-GEN-C03-P11-A05"", ""PO25CL-GEN-C04-P27-A01-02"", ""PO25CL-GEN-C03-P18-A05"", ""PO25CL-GEN-C03-P14-A09""]","[0.5698083639144897, 0.5283435583114624, 0.5259931087493896, 0.5111584663391113, 0.5095527172088623, 0.49897781014442444, 0.49889421463012695, 0.49855583906173706, 0.4982074499130249, 0.4976358413696289]",[52],52.0,52.0,52.0,0.019230769230769232,0.42324477434158325,0.42324477434158325,0.5698083639144897,-0.1465635895729065,-0.1465635895729065,0.0,0.0,0.0,0.0,0.0,0.0,0.0,0.0,0.0,0.0,0.0,0.0,0.0,0.0,0.0
Q0478,Welche Angabe enthält der Anhang zu besonderen Prüfungsvoraussetzungen?,fully_answerable,1,"[""PO25CL-APP-R08""]",0.7251439690589905,0.7038572430610657,0.021286725997924805,"[""PO25CL-GEN-C04-P28-A06"", ""PO25CL-GEN-C03-P14-A02"", ""PO25CL-GEN-C04-P28-A08"", ""PO25CL-GEN-C03-P18-A08"", ""PO25CL-GEN-C03-P11-A05"", ""PO25CL-GEN-C03-P18-A02"", ""PO25CL-GEN-C03-P19-A08"", ""PO25CL-GEN-C03-P11-A04"", ""PO25CL-GEN-C04-P25-A05"", ""PO25CL-GEN-C03-P14-A08""]","[0.7251439690589905, 0.7038572430610657, 0.6989370584487915, 0.6962600946426392, 0.6952989101409912, 0.6934622526168823, 0.6825835704803467, 0.6800556182861328, 0.6698079705238342, 0.6694964170455933]",[54],54.0,54.0,54.0,0.018518518518518517,0.5906556248664856,0.5906556248664856,0.7251439690589905,-0.13448834419250488,-0.13448834419250488,0.0,0.0,0.0,0.0,0.0,0.0,0.0,0.0,0.0,0.0,0.0,0.0,0.0,0.0,0.0
Q0479,Kann das Berufsfeldpraktikum im Computerlinguistikstudium nach dem vierten Semester absolviert werden?,fully_answerable,1,"[""PO25CL-APP-R14""]",0.7832751274108887,0.7714756727218628,0.011799454689025879,"[""PO25CL-PLAN-S04-PBB"", ""PO25CL-PLAN-S03-PBB"", ""PO25CL-PLAN-S04-SUM"", ""PO25CL-PLAN-S03-SUM"", ""PO25CL-PLAN-S06-PBB"", ""PO25CL-PLAN-S06-SUM"", ""PO25CL-PLAN-S05-PBB"", ""PO25CL-PLAN-S05-SUM"", ""PO25CL-PLAN-S02-PBB"", ""PO25CL-PLAN-S01-PBB""]","[0.7832751274108887, 0.7714756727218628, 0.7648038864135742, 0.7620642185211182, 0.7615189552307129, 0.7559703588485718, 0.7533621788024902, 0.7525637149810791, 0.746590256690979, 0.7448793053627014]",[13],13.0,13.0,13.0,0.07692307692307693,0.736381471157074,0.736381471157074,0.7832751274108887,-0.0468936562538147,-0.0468936562538147,0.0,0.0,0.0,0.0,0.0,0.0,0.0,0.0,0.0,0.0,0.0,0.0,0.0,0.0,0.0
Q0480,Welche Alternative zum Berufsfeldpraktikum nennt der Computerlinguistik-Anhang?,fully_answerable,1,"[""PO25CL-APP-R14""]",0.7202589511871338,0.689848780632019,0.030410170555114746,"[""PO25CL-APP-R14"", ""PO25CL-APP-R07-M12"", ""PO25CL-PLAN-S01-PBB"", ""PO25CL-PLAN-S02-PBB"", ""PO25CL-PLAN-S05-PBB"", ""PO25CL-PLAN-S03-PBB"", ""PO25CL-PLAN-S06-PBB"", ""PO25CL-PLAN-S04-PBB"", ""PO25CL-PLAN-S04-M05"", ""PO25CL-PLAN-S05-M01""]","[0.7202589511871338, 0.689848780632019, 0.6878272294998169, 0.6830048561096191, 0.6823724508285522, 0.6784406900405884, 0.6750584840774536, 0.6746283769607544, 0.669511079788208, 0.6690835952758789]",[1],1.0,1.0,1.0,1.0,0.7202589511871338,0.7202589511871338,0.689848780632019,0.030410170555114746,0.030410170555114746,1.0,1.0,1.0,1.0,1.0,1.0,1.0,1.0,1.0,1.0,1.0,1.0,1.0,1.0,1.0
Q0481,Welchen fachlichen Inhalt muss die alternativ mögliche Projektarbeit haben?,fully_answerable,1,"[""PO25CL-APP-R14""]",0.5616546869277954,0.5259951949119568,0.03565949201583862,"[""PO25CL-GEN-C03-P14-A09"", ""PO25CL-GEN-C03-P14-A08"", ""PO25CL-GEN-C03-P14-A06"", ""PO25CL-GEN-C03-P11-A05"", ""PO25CL-GEN-C03-P15-A02"", ""PO25CL-PLAN-INTRO"", ""PO25CL-APP-R07-M16"", ""PO25CL-APP-R07-M12"", ""PO25CL-GEN-C01-P01-A01"", ""PO25CL-GEN-C01-P04-A05""]","[0.5616546869277954, 0.5259951949119568, 0.5187949538230896, 0.4657363295555115, 0.4546683430671692, 0.44662797451019287, 0.43201160430908203, 0.42477184534072876, 0.4205821752548218, 0.4161234498023987]",[58],58.0,58.0,58.0,0.017241379310344827,0.32809001207351685,0.32809001207351685,0.5616546869277954,-0.23356467485427856,-0.23356467485427856,0.0,0.0,0.0,0.0,0.0,0.0,0.0,0.0,0.0,0.0,0.0,0.0,0.0,0.0,0.0
Q0482,Wie lange muss das Berufsfeldpraktikum im Computerlinguistikstudium mindestens dauern?,fully_answerable,1,"[""PO25CL-APP-R14""]",0.7676242589950562,0.7331559658050537,0.03446829319000244,"[""PO25CL-APP-R14"", ""PO25CL-PLAN-S06-SUM"", ""PO25CL-PLAN-S03-SUM"", ""PO25CL-PLAN-S04-SUM"", ""PO25CL-PLAN-S05-SUM"", ""PO25CL-PLAN-S02-SUM"", ""PO25CL-PLAN-S01-SUM"", ""PO25CL-PLAN-S06-PBB"", ""PO25CL-PLAN-S01-PBB"", ""PO25CL-PLAN-S03-PBB""]","[0.7676242589950562, 0.7331559658050537, 0.7296075820922852, 0.7271658182144165, 0.7269200682640076, 0.7241510152816772, 0.7234108448028564, 0.711442232131958, 0.7108769416809082, 0.7101048231124878]",[1],1.0,1.0,1.0,1.0,0.7676242589950562,0.7676242589950562,0.7331559658050537,0.03446829319000244,0.03446829319000244,1.0,1.0,1.0,1.0,1.0,1.0,1.0,1.0,1.0,1.0,1.0,1.0,1.0,1.0,1.0
Q0483,Wie viele LP umfasst das Basismodul – Mathematische und logische Grundlagen?,fully_answerable,1,"[""PO25CL-APP-R07-M01""]",0.6897825598716736,0.5728178024291992,0.11696475744247437,"[""PO25CL-APP-R07-M01"", ""PO25CL-PLAN-S01-M01"", ""PO25CL-GEN-C01-P03-A03"", ""PO25CL-APP-R07-M10"", ""PO25CL-APP-R07-M03"", ""PO25CL-GEN-C01-P03-A02"", ""PO25CL-APP-R07-M02"", ""PO25CL-APP-R07-M13"", ""PO25CL-APP-R07-M08"", ""PO25CL-APP-R07-M06""]","[0.6897825598716736, 0.5728178024291992, 0.5622004866600037, 0.5408359169960022, 0.5124436616897583, 0.5101654529571533, 0.5066638588905334, 0.5034695863723755, 0.4997982382774353, 0.49306386709213257]",[1],1.0,1.0,1.0,1.0,0.6897825598716736,0.6897825598716736,0.5728178024291992,0.11696475744247437,0.11696475744247437,1.0,1.0,1.0,1.0,1.0,1.0,1.0,1.0,1.0,1.0,1.0,1.0,1.0,1.0,1.0
Q0484,Wie viele SWS umfasst das Basismodul – Mathematische und logische Grundlagen?,fully_answerable,1,"[""PO25CL-APP-R07-M01""]",0.7300030589103699,0.6164329051971436,0.11357015371322632,"[""PO25CL-APP-R07-M01"", ""PO25CL-APP-R07-M10"", ""PO25CL-PLAN-S01-M01"", ""PO25CL-APP-R07-M09"", ""PO25CL-APP-R07-M11"", ""PO25CL-APP-R07-M13"", ""PO25CL-APP-R07-M06"", ""PO25CL-APP-R07-M08"", ""PO25CL-APP-R07-M02"", ""PO25CL-APP-R07-M15""]","[0.7300030589103699, 0.6164329051971436, 0.5967528223991394, 0.560142993927002, 0.5597228407859802, 0.5591750144958496, 0.5582425594329834, 0.5548253059387207, 0.5413983464241028, 0.5232518911361694]",[1],1.0,1.0,1.0,1.0,0.7300030589103699,0.7300030589103699,0.6164329051971436,0.11357015371322632,0.11357015371322632,1.0,1.0,1.0,1.0,1.0,1.0,1.0,1.0,1.0,1.0,1.0,1.0,1.0,1.0,1.0
Q0485,Ist für das Basismodul – Mathematische und logische Grundlagen eine Modulprüfung angegeben?,fully_answerable,1,"[""PO25CL-APP-R07-M01""]",0.7315463423728943,0.7276616096496582,0.003884732723236084,"[""PO25CL-APP-R07-M01"", ""PO25CL-GEN-C03-P11-A03"", ""PO25CL-GEN-C03-P11-A01"", ""PO25CL-GEN-C03-P18-A04"", ""PO25CL-APP-R07-M10"", ""PO25CL-GEN-C03-P11-A05"", ""PO25CL-GEN-C03-P11-A06"", ""PO25CL-PLAN-S01-M01"", ""PO25CL-GEN-C03-P11-A07"", ""PO25CL-GEN-C03-P11-A02""]","[0.7315463423728943, 0.7276616096496582, 0.7074374556541443, 0.6418279409408569, 0.6367298364639282, 0.6337050199508667, 0.6173853874206543, 0.6071553230285645, 0.5986364483833313, 0.5963939428329468]",[1],1.0,1.0,1.0,1.0,0.7315463423728943,0.7315463423728943,0.7276616096496582,0.003884732723236084,0.003884732723236084,1.0,1.0,1.0,1.0,1.0,1.0,1.0,1.0,1.0,1.0,1.0,1.0,1.0,1.0,1.0
Q0486,Wie viele LP umfasst das Basismodul – Grundlagen der Computerlinguistik und formale Grammatikbeschreibung?,fully_answerable,1,"[""PO25CL-APP-R07-M02""]",0.8172351717948914,0.7566448450088501,0.06059032678604126,"[""PO25CL-APP-R07-M02"", ""PO25CL-APP-R07-M05"", ""PO25CL-APP-R07-M04"", ""PO25CL-APP-R07-M08"", ""PO25CL-APP-R07-M01"", ""PO25CL-APP-R07-M16"", ""PO25CL-APP-R07-M06"", ""PO25CL-PLAN-S02-M01"", ""PO25CL-PLAN-S01-M04"", ""PO25CL-APP-R07-M14""]","[0.8172351717948914, 0.7566448450088501, 0.7508245706558228, 0.7315011024475098, 0.7200964689254761, 0.6993265151977539, 0.6928589940071106, 0.6864897012710571, 0.6859137415885925, 0.6833804845809937]",[1],1.0,1.0,1.0,1.0,0.8172351717948914,0.8172351717948914,0.7566448450088501,0.06059032678604126,0.06059032678604126,1.0,1.0,1.0,1.0,1.0,1.0,1.0,1.0,1.0,1.0,1.0,1.0,1.0,1.0,1.0
Q0487,Wie viele SWS umfasst das Basismodul – Grundlagen der Computerlinguistik und formale Grammatikbeschreibung?,fully_answerable,1,"[""PO25CL-APP-R07-M02""]",0.8250691294670105,0.7702979445457458,0.05477118492126465,"[""PO25CL-APP-R07-M02"", ""PO25CL-APP-R07-M04"", ""PO25CL-APP-R07-M08"", ""PO25CL-APP-R07-M05"", ""PO25CL-APP-R07-M01"", ""PO25CL-APP-R07-M16"", ""PO25CL-APP-R07-M06"", ""PO25CL-APP-R07-M14"", ""PO25CL-APP-R07-M15"", ""PO25CL-APP-R07-M07""]","[0.8250691294670105, 0.7702979445457458, 0.7653645873069763, 0.7591985464096069, 0.7519205808639526, 0.7317062616348267, 0.7305834889411926, 0.7279744148254395, 0.7163904905319214, 0.7018928527832031]",[1],1.0,1.0,1.0,1.0,0.8250691294670105,0.8250691294670105,0.7702979445457458,0.05477118492126465,0.05477118492126465,1.0,1.0,1.0,1.0,1.0,1.0,1.0,1.0,1.0,1.0,1.0,1.0,1.0,1.0,1.0
Q0488,Ist für das Basismodul – Grundlagen der Computerlinguistik und formale Grammatikbeschreibung eine Modulprüfung angegeben?,fully_answerable,1,"[""PO25CL-APP-R07-M02""]",0.8475978374481201,0.7914460897445679,0.056151747703552246,"[""PO25CL-APP-R07-M02"", ""PO25CL-APP-R07-M05"", ""PO25CL-APP-R07-M04"", ""PO25CL-APP-R07-M08"", ""PO25CL-APP-R07-M01"", ""PO25CL-APP-R09"", ""PO25CL-APP-R11"", ""PO25CL-APP-R07-M10"", ""PO25CL-PLAN-S02-M01"", ""PO25CL-APP-R07-M16""]","[0.8475978374481201, 0.7914460897445679, 0.7811015844345093, 0.7627148628234863, 0.7626549601554871, 0.7276611328125, 0.7198646068572998, 0.7176307439804077, 0.7094709873199463, 0.7092087268829346]",[1],1.0,1.0,1.0,1.0,0.8475978374481201,0.8475978374481201,0.7914460897445679,0.056151747703552246,0.056151747703552246,1.0,1.0,1.0,1.0,1.0,1.0,1.0,1.0,1.0,1.0,1.0,1.0,1.0,1.0,1.0
Q0489,Wie viele LP umfasst das Basismodul – Python-Programmierung?,fully_answerable,1,"[""PO25CL-APP-R07-M03""]",0.666345477104187,0.6323906183242798,0.03395485877990723,"[""PO25CL-APP-R07-M03"", ""PO25CL-PLAN-S02-M02"", ""PO25CL-PLAN-S01-M03"", ""PO25CL-APP-R07-M01"", ""PO25CL-GEN-C01-P03-A03"", ""PO25CL-APP-R07-M10"", ""PO25CL-APP-R07-M11"", ""PO25CL-APP-R07-M13"", ""PO25CL-GEN-C01-P03-A02"", ""PO25CL-APP-R07-M09""]","[0.666345477104187, 0.6323906183242798, 0.5955022573471069, 0.4968945384025574, 0.4925951659679413, 0.46851813793182373, 0.45627015829086304, 0.44276851415634155, 0.4289989471435547, 0.42100489139556885]",[1],1.0,1.0,1.0,1.0,0.666345477104187,0.666345477104187,0.6323906183242798,0.03395485877990723,0.03395485877990723,1.0,1.0,1.0,1.0,1.0,1.0,1.0,1.0,1.0,1.0,1.0,1.0,1.0,1.0,1.0
Q0490,Wie viele SWS umfasst das Basismodul – Python-Programmierung?,fully_answerable,1,"[""PO25CL-APP-R07-M03""]",0.6938421726226807,0.6217665672302246,0.07207560539245605,"[""PO25CL-APP-R07-M03"", ""PO25CL-PLAN-S02-M02"", ""PO25CL-PLAN-S01-M03"", ""PO25CL-APP-R07-M01"", ""PO25CL-APP-R07-M10"", ""PO25CL-APP-R07-M11"", ""PO25CL-APP-R07-M13"", ""PO25CL-APP-R07-M09"", ""PO25CL-APP-R07-M15"", ""PO25CL-PLAN-S03-M04""]","[0.6938421726226807, 0.6217665672302246, 0.6131525039672852, 0.5840809345245361, 0.5839449167251587, 0.5554255843162537, 0.5272874236106873, 0.5236924886703491, 0.5118655562400818, 0.5010578036308289]",[1],1.0,1.0,1.0,1.0,0.6938421726226807,0.6938421726226807,0.6217665672302246,0.07207560539245605,0.07207560539245605,1.0,1.0,1.0,1.0,1.0,1.0,1.0,1.0,1.0,1.0,1.0,1.0,1.0,1.0,1.0
Q0491,Ist für das Basismodul – Python-Programmierung eine Modulprüfung angegeben?,fully_answerable,1,"[""PO25CL-APP-R07-M03""]",0.7432951927185059,0.6807088255882263,0.06258636713027954,"[""PO25CL-APP-R07-M03"", ""PO25CL-GEN-C03-P11-A03"", ""PO25CL-GEN-C03-P11-A01"", ""PO25CL-PLAN-S02-M02"", ""PO25CL-PLAN-S01-M03"", ""PO25CL-GEN-C03-P18-A04"", ""PO25CL-APP-R07-M10"", ""PO25CL-APP-R07-M01"", ""PO25CL-GEN-C03-P11-A05"", ""PO25CL-GEN-C03-P11-A07""]","[0.7432951927185059, 0.6807088255882263, 0.6623153686523438, 0.65645432472229, 0.6152479648590088, 0.595569908618927, 0.5878406167030334, 0.5678274035453796, 0.560459554195404, 0.5286749601364136]",[1],1.0,1.0,1.0,1.0,0.7432951927185059,0.7432951927185059,0.6807088255882263,0.06258636713027954,0.06258636713027954,1.0,1.0,1.0,1.0,1.0,1.0,1.0,1.0,1.0,1.0,1.0,1.0,1.0,1.0,1.0
Q0492,Wie viele LP umfasst das Modul Basiswissen Linguistik – Morphologie und Syntax?,fully_answerable,1,"[""PO25CL-APP-R07-M04""]",0.772688090801239,0.7645727396011353,0.00811535120010376,"[""PO25CL-APP-R07-M04"", ""PO25CL-APP-R07-M05"", ""PO25CL-APP-R07-M08"", ""PO25CL-APP-R07-M02"", ""PO25CL-PLAN-S01-M04"", ""PO25CL-APP-R07-M01"", ""PO25CL-APP-R07-M16"", ""PO25CL-APP-R11"", ""PO25CL-PLAN-S03-M03"", ""PO25CL-APP-R07-M10""]","[0.772688090801239, 0.7645727396011353, 0.7259175777435303, 0.7065123319625854, 0.6629362106323242, 0.646457314491272, 0.6303764581680298, 0.6177234649658203, 0.6048942804336548, 0.6018955707550049]",[1],1.0,1.0,1.0,1.0,0.772688090801239,0.772688090801239,0.7645727396011353,0.00811535120010376,0.00811535120010376,1.0,1.0,1.0,1.0,1.0,1.0,1.0,1.0,1.0,1.0,1.0,1.0,1.0,1.0,1.0
Q0493,Wie viele SWS umfasst das Modul Basiswissen Linguistik – Morphologie und Syntax?,fully_answerable,1,"[""PO25CL-APP-R07-M04""]",0.801887035369873,0.7749542593955994,0.02693277597427368,"[""PO25CL-APP-R07-M04"", ""PO25CL-APP-R07-M05"", ""PO25CL-APP-R07-M08"", ""PO25CL-APP-R07-M02"", ""PO25CL-APP-R07-M01"", ""PO25CL-APP-R07-M16"", ""PO25CL-PLAN-S01-M04"", ""PO25CL-PLAN-S03-M03"", ""PO25CL-APP-R07-M10"", ""PO25CL-APP-R07-M14""]","[0.801887035369873, 0.7749542593955994, 0.7717205286026001, 0.7361622452735901, 0.6902691125869751, 0.6780093908309937, 0.6760494709014893, 0.6759976148605347, 0.6639153957366943, 0.6614229679107666]",[1],1.0,1.0,1.0,1.0,0.801887035369873,0.801887035369873,0.7749542593955994,0.02693277597427368,0.02693277597427368,1.0,1.0,1.0,1.0,1.0,1.0,1.0,1.0,1.0,1.0,1.0,1.0,1.0,1.0,1.0
Q0494,Ist für das Modul Basiswissen Linguistik – Morphologie und Syntax eine Modulprüfung angegeben?,fully_answerable,1,"[""PO25CL-APP-R07-M04""]",0.7711823582649231,0.764855146408081,0.006327211856842041,"[""PO25CL-APP-R07-M04"", ""PO25CL-APP-R07-M05"", ""PO25CL-APP-R07-M08"", ""PO25CL-APP-R07-M02"", ""PO25CL-APP-R07-M01"", ""PO25CL-APP-R09"", ""PO25CL-APP-R07-M10"", ""PO25CL-APP-R11"", ""PO25CL-PLAN-S01-M04"", ""PO25CL-APP-R07-M03""]","[0.7711823582649231, 0.764855146408081, 0.7218072414398193, 0.7012922167778015, 0.6615411043167114, 0.6594080924987793, 0.6545286774635315, 0.6481133699417114, 0.6427642107009888, 0.6123327612876892]",[1],1.0,1.0,1.0,1.0,0.7711823582649231,0.7711823582649231,0.764855146408081,0.006327211856842041,0.006327211856842041,1.0,1.0,1.0,1.0,1.0,1.0,1.0,1.0,1.0,1.0,1.0,1.0,1.0,1.0,1.0
Q0495,Wie viele LP umfasst das Modul Basiswissen Linguistik – Semantik und Pragmatik?,fully_answerable,1,"[""PO25CL-APP-R07-M05""]",0.7656036615371704,0.6845455169677734,0.08105814456939697,"[""PO25CL-APP-R07-M05"", ""PO25CL-APP-R07-M04"", ""PO25CL-APP-R07-M08"", ""PO25CL-APP-R07-M02"", ""PO25CL-APP-R07-M01"", ""PO25CL-PLAN-S02-M03"", ""PO25CL-PLAN-S01-M04"", ""PO25CL-GEN-C01-P03-A03"", ""PO25CL-GEN-C01-P04-A05"", ""PO25CL-PLAN-S03-M03""]","[0.7656036615371704, 0.6845455169677734, 0.6649665832519531, 0.6438311338424683, 0.6291484832763672, 0.617246687412262, 0.613313615322113, 0.5989742279052734, 0.5961779952049255, 0.5900226831436157]",[1],1.0,1.0,1.0,1.0,0.7656036615371704,0.7656036615371704,0.6845455169677734,0.08105814456939697,0.08105814456939697,1.0,1.0,1.0,1.0,1.0,1.0,1.0,1.0,1.0,1.0,1.0,1.0,1.0,1.0,1.0
Q0496,Wie viele SWS umfasst das Modul Basiswissen Linguistik – Semantik und Pragmatik?,fully_answerable,1,"[""PO25CL-APP-R07-M05""]",0.7808691263198853,0.7275464534759521,0.053322672843933105,"[""PO25CL-APP-R07-M05"", ""PO25CL-APP-R07-M04"", ""PO25CL-APP-R07-M08"", ""PO25CL-APP-R07-M02"", ""PO25CL-APP-R07-M01"", ""PO25CL-PLAN-S03-M03"", ""PO25CL-APP-R07-M16"", ""PO25CL-PLAN-S01-M04"", ""PO25CL-PLAN-S02-M03"", ""PO25CL-APP-R07-M07""]","[0.7808691263198853, 0.7275464534759521, 0.7183181643486023, 0.6858141422271729, 0.6756378412246704, 0.6715513467788696, 0.6420608162879944, 0.6400051116943359, 0.6327577829360962, 0.6247795224189758]",[1],1.0,1.0,1.0,1.0,0.7808691263198853,0.7808691263198853,0.7275464534759521,0.053322672843933105,0.053322672843933105,1.0,1.0,1.0,1.0,1.0,1.0,1.0,1.0,1.0,1.0,1.0,1.0,1.0,1.0,1.0
Q0497,Ist für das Modul Basiswissen Linguistik – Semantik und Pragmatik eine Modulprüfung angegeben?,fully_answerable,1,"[""PO25CL-APP-R07-M05""]",0.7425839900970459,0.6496374011039734,0.09294658899307251,"[""PO25CL-APP-R07-M05"", ""PO25CL-APP-R07-M04"", ""PO25CL-APP-R07-M08"", ""PO25CL-APP-R07-M01"", ""PO25CL-APP-R09"", ""PO25CL-APP-R07-M02"", ""PO25CL-APP-R11"", ""PO25CL-GEN-C03-P11-A01"", ""PO25CL-APP-R07-M10"", ""PO25CL-PLAN-S02-M03""]","[0.7425839900970459, 0.6496374011039734, 0.6342107057571411, 0.6220729351043701, 0.6207661032676697, 0.6117632985115051, 0.5964006185531616, 0.5906121730804443, 0.5780118107795715, 0.576808750629425]",[1],1.0,1.0,1.0,1.0,0.7425839900970459,0.7425839900970459,0.6496374011039734,0.09294658899307251,0.09294658899307251,1.0,1.0,1.0,1.0,1.0,1.0,1.0,1.0,1.0,1.0,1.0,1.0,1.0,1.0,1.0
Q0498,Wie viele LP umfasst das Basismodul – Statistische Methoden in der Computerlinguistik?,fully_answerable,1,"[""PO25CL-APP-R07-M06""]",0.7842459678649902,0.7027235627174377,0.08152240514755249,"[""PO25CL-APP-R07-M06"", ""PO25CL-PLAN-S02-M04"", ""PO25CL-PLAN-S03-M01"", ""PO25CL-APP-R03"", ""PO25CL-APP-R07-M17"", ""PO25CL-APP-R07-M16"", ""PO25CL-APP-R07-M01"", ""PO25CL-APP-R06"", ""PO25CL-APP-R07-M15"", ""PO25CL-APP-R13""]","[0.7842459678649902, 0.7027235627174377, 0.6856803894042969, 0.6794295310974121, 0.6765612363815308, 0.6589601635932922, 0.6572283506393433, 0.6473729610443115, 0.6449257731437683, 0.636008620262146]",[1],1.0,1.0,1.0,1.0,0.7842459678649902,0.7842459678649902,0.7027235627174377,0.08152240514755249,0.08152240514755249,1.0,1.0,1.0,1.0,1.0,1.0,1.0,1.0,1.0,1.0,1.0,1.0,1.0,1.0,1.0
Q0499,Wie viele SWS umfasst das Basismodul – Statistische Methoden in der Computerlinguistik?,fully_answerable,1,"[""PO25CL-APP-R07-M06""]",0.8021717071533203,0.7029572129249573,0.09921449422836304,"[""PO25CL-APP-R07-M06"", ""PO25CL-PLAN-S02-M04"", ""PO25CL-PLAN-S03-M01"", ""PO25CL-APP-R07-M01"", ""PO25CL-APP-R07-M16"", ""PO25CL-APP-R07-M15"", ""PO25CL-APP-R07-M14"", ""PO25CL-APP-R07-M13"", ""PO25CL-APP-R07-M17"", ""PO25CL-APP-R07-M08""]","[0.8021717071533203, 0.7029572129249573, 0.6809563636779785, 0.6728857755661011, 0.6725523471832275, 0.6618536710739136, 0.6561832427978516, 0.6417223215103149, 0.6373670101165771, 0.6369258165359497]",[1],1.0,1.0,1.0,1.0,0.8021717071533203,0.8021717071533203,0.7029572129249573,0.09921449422836304,0.09921449422836304,1.0,1.0,1.0,1.0,1.0,1.0,1.0,1.0,1.0,1.0,1.0,1.0,1.0,1.0,1.0
Q0500,Ist für das Basismodul – Statistische Methoden in der Computerlinguistik eine Modulprüfung angegeben?,fully_answerable,1,"[""PO25CL-APP-R07-M06""]",0.813683032989502,0.7205524444580078,0.09313058853149414,"[""PO25CL-APP-R07-M06"", ""PO25CL-APP-R08"", ""PO25CL-APP-R07-M01"", ""PO25CL-PLAN-S02-M04"", ""PO25CL-APP-R09"", ""PO25CL-GEN-C03-P11-A05"", ""PO25CL-APP-R07-M17"", ""PO25CL-PLAN-S03-M01"", ""PO25CL-APP-R07-M16"", ""PO25CL-APP-R07-M02""]","[0.813683032989502, 0.7205524444580078, 0.7092737555503845, 0.6965201497077942, 0.6868767738342285, 0.681458592414856, 0.6756807565689087, 0.6692756414413452, 0.6686211824417114, 0.6566376686096191]",[1],1.0,1.0,1.0,1.0,0.813683032989502,0.813683032989502,0.7205524444580078,0.09313058853149414,0.09313058853149414,1.0,1.0,1.0,1.0,1.0,1.0,1.0,1.0,1.0,1.0,1.0,1.0,1.0,1.0,1.0
Q0501,Wie viele LP umfasst das Aufbaumodul – Maschinelles Lernen?,fully_answerable,1,"[""PO25CL-APP-R07-M07""]",0.629854679107666,0.6177321076393127,0.012122571468353271,"[""PO25CL-GEN-C01-P03-A03"", ""PO25CL-APP-R07-M07"", ""PO25CL-PLAN-S03-M02"", ""PO25CL-PLAN-S03-M04"", ""PO25CL-PLAN-S04-M01"", ""PO25CL-GEN-C01-P03-A02"", ""PO25CL-APP-R06"", ""PO25CL-GEN-C01-P05-A02"", ""PO25CL-APP-R07-M13"", ""PO25CL-PLAN-S05-M02""]","[0.629854679107666, 0.6177321076393127, 0.5888938903808594, 0.5762450695037842, 0.5754212141036987, 0.5648004412651062, 0.5475801229476929, 0.5459156632423401, 0.5310890674591064, 0.5293776988983154]",[2],2.0,2.0,2.0,0.5,0.6177321076393127,0.6177321076393127,0.629854679107666,-0.012122571468353271,-0.012122571468353271,0.0,0.0,0.0,1.0,1.0,1.0,1.0,1.0,1.0,1.0,1.0,1.0,1.0,1.0,1.0
Q0502,Wie viele SWS umfasst das Aufbaumodul – Maschinelles Lernen?,fully_answerable,1,"[""PO25CL-APP-R07-M07""]",0.6544963121414185,0.6211991310119629,0.033297181129455566,"[""PO25CL-APP-R07-M07"", ""PO25CL-PLAN-S03-M02"", ""PO25CL-PLAN-S03-M04"", ""PO25CL-APP-R07-M12"", ""PO25CL-PLAN-S04-M01"", ""PO25CL-PLAN-S04-M03"", ""PO25CL-APP-R07-M13"", ""PO25CL-APP-R07-M16"", ""PO25CL-APP-R06"", ""PO25CL-GEN-C01-P03-A03""]","[0.6544963121414185, 0.6211991310119629, 0.5995475649833679, 0.5835624933242798, 0.5695000886917114, 0.5539140105247498, 0.551223874092102, 0.5507500767707825, 0.5365983843803406, 0.535204291343689]",[1],1.0,1.0,1.0,1.0,0.6544963121414185,0.6544963121414185,0.6211991310119629,0.033297181129455566,0.033297181129455566,1.0,1.0,1.0,1.0,1.0,1.0,1.0,1.0,1.0,1.0,1.0,1.0,1.0,1.0,1.0
Q0503,Ist für das Aufbaumodul – Maschinelles Lernen eine Modulprüfung angegeben?,fully_answerable,1,"[""PO25CL-APP-R07-M07""]",0.6773601770401001,0.6751680374145508,0.0021921396255493164,"[""PO25CL-GEN-C03-P11-A01"", ""PO25CL-APP-R07-M07"", ""PO25CL-GEN-C01-P03-A03"", ""PO25CL-GEN-C03-P11-A05"", ""PO25CL-GEN-C03-P11-A03"", ""PO25CL-GEN-C03-P11-A06"", ""PO25CL-GEN-C03-P11-A02"", ""PO25CL-GEN-C03-P14-A09"", ""PO25CL-PLAN-S03-M02"", ""PO25CL-APP-R08""]","[0.6773601770401001, 0.6751680374145508, 0.644661545753479, 0.6372519731521606, 0.6106625199317932, 0.5893862843513489, 0.5861159563064575, 0.5856062769889832, 0.578988790512085, 0.5788136720657349]",[2],2.0,2.0,2.0,0.5,0.6751680374145508,0.6751680374145508,0.6773601770401001,-0.0021921396255493164,-0.0021921396255493164,0.0,0.0,0.0,1.0,1.0,1.0,1.0,1.0,1.0,1.0,1.0,1.0,1.0,1.0,1.0
Q0504,Wie viele LP umfasst das Aufbaumodul – Mathematische Linguistik?,fully_answerable,1,"[""PO25CL-APP-R07-M08""]",0.7042278051376343,0.6614607572555542,0.04276704788208008,"[""PO25CL-APP-R07-M08"", ""PO25CL-APP-R07-M01"", ""PO25CL-APP-R07-M05"", ""PO25CL-APP-R07-M04"", ""PO25CL-APP-R07-M02"", ""PO25CL-PLAN-S03-M03"", ""PO25CL-PLAN-S01-M01"", ""PO25CL-PLAN-S01-M04"", ""PO25CL-APP-R07-M16"", ""PO25CL-APP-R07-M13""]","[0.7042278051376343, 0.6614607572555542, 0.6434203386306763, 0.6223210096359253, 0.617091953754425, 0.6122808456420898, 0.6074159145355225, 0.6053385734558105, 0.6041950583457947, 0.5952508449554443]",[1],1.0,1.0,1.0,1.0,0.7042278051376343,0.7042278051376343,0.6614607572555542,0.04276704788208008,0.04276704788208008,1.0,1.0,1.0,1.0,1.0,1.0,1.0,1.0,1.0,1.0,1.0,1.0,1.0,1.0,1.0
Q0505,Wie viele SWS umfasst das Aufbaumodul – Mathematische Linguistik?,fully_answerable,1,"[""PO25CL-APP-R07-M08""]",0.7421374917030334,0.7009161710739136,0.04122132062911987,"[""PO25CL-APP-R07-M08"", ""PO25CL-APP-R07-M01"", ""PO25CL-PLAN-S03-M03"", ""PO25CL-APP-R07-M05"", ""PO25CL-APP-R07-M04"", ""PO25CL-APP-R07-M16"", ""PO25CL-APP-R07-M07"", ""PO25CL-APP-R07-M02"", ""PO25CL-APP-R07-M10"", ""PO25CL-APP-R07-M06""]","[0.7421374917030334, 0.7009161710739136, 0.6764325499534607, 0.6521161794662476, 0.6502732038497925, 0.6479685306549072, 0.6455128192901611, 0.644960880279541, 0.6439657211303711, 0.6412384510040283]",[1],1.0,1.0,1.0,1.0,0.7421374917030334,0.7421374917030334,0.7009161710739136,0.04122132062911987,0.04122132062911987,1.0,1.0,1.0,1.0,1.0,1.0,1.0,1.0,1.0,1.0,1.0,1.0,1.0,1.0,1.0
Q0506,Ist für das Aufbaumodul – Mathematische Linguistik eine Modulprüfung angegeben?,fully_answerable,1,"[""PO25CL-APP-R07-M08""]",0.7689684629440308,0.730994462966919,0.037973999977111816,"[""PO25CL-APP-R07-M08"", ""PO25CL-APP-R07-M01"", ""PO25CL-APP-R07-M05"", ""PO25CL-APP-R07-M10"", ""PO25CL-APP-R07-M04"", ""PO25CL-PLAN-S03-M03"", ""PO25CL-APP-R07-M02"", ""PO25CL-PLAN-S01-M01"", ""PO25CL-GEN-C03-P11-A01"", ""PO25CL-GEN-C03-P11-A05""]","[0.7689684629440308, 0.730994462966919, 0.7056522369384766, 0.6937960386276245, 0.6734371185302734, 0.6697912216186523, 0.6622804403305054, 0.6611160635948181, 0.6602591276168823, 0.6585855484008789]",[1],1.0,1.0,1.0,1.0,0.7689684629440308,0.7689684629440308,0.730994462966919,0.037973999977111816,0.037973999977111816,1.0,1.0,1.0,1.0,1.0,1.0,1.0,1.0,1.0,1.0,1.0,1.0,1.0,1.0,1.0
Q0507,Wie viele LP umfasst das Aufbaumodul – Parsing?,fully_answerable,1,"[""PO25CL-APP-R07-M09""]",0.5593780875205994,0.5426123738288879,0.016765713691711426,"[""PO25CL-APP-R07-M09"", ""PO25CL-GEN-C01-P03-A02"", ""PO25CL-PLAN-S04-M02"", ""PO25CL-APP-R07-M13"", ""PO25CL-APP-R07-M01"", ""PO25CL-APP-R07-M15"", ""PO25CL-APP-R07-M11"", ""PO25CL-APP-R07-M14"", ""PO25CL-PLAN-S03-M04"", ""PO25CL-APP-R07-M10""]","[0.5593780875205994, 0.5426123738288879, 0.5156717300415039, 0.5017168521881104, 0.4620378017425537, 0.44572895765304565, 0.4287341833114624, 0.4189366102218628, 0.4090328812599182, 0.401028573513031]",[1],1.0,1.0,1.0,1.0,0.5593780875205994,0.5593780875205994,0.5426123738288879,0.016765713691711426,0.016765713691711426,1.0,1.0,1.0,1.0,1.0,1.0,1.0,1.0,1.0,1.0,1.0,1.0,1.0,1.0,1.0
Q0508,Wie viele SWS umfasst das Aufbaumodul – Parsing?,fully_answerable,1,"[""PO25CL-APP-R07-M09""]",0.6299883127212524,0.5614620447158813,0.0685262680053711,"[""PO25CL-APP-R07-M09"", ""PO25CL-APP-R07-M13"", ""PO25CL-PLAN-S04-M02"", ""PO25CL-APP-R07-M01"", ""PO25CL-APP-R07-M11"", ""PO25CL-APP-R07-M15"", ""PO25CL-APP-R07-M10"", ""PO25CL-APP-R07-M14"", ""PO25CL-APP-R07-M06"", ""PO25CL-APP-R07-M07""]","[0.6299883127212524, 0.5614620447158813, 0.5592526197433472, 0.5283846259117126, 0.5191066861152649, 0.518304169178009, 0.5081315636634827, 0.506316065788269, 0.4719557762145996, 0.47010380029678345]",[1],1.0,1.0,1.0,1.0,0.6299883127212524,0.6299883127212524,0.5614620447158813,0.0685262680053711,0.0685262680053711,1.0,1.0,1.0,1.0,1.0,1.0,1.0,1.0,1.0,1.0,1.0,1.0,1.0,1.0,1.0
Q0509,Ist für das Aufbaumodul – Parsing eine Modulprüfung angegeben?,fully_answerable,1,"[""PO25CL-APP-R07-M09""]",0.7390956878662109,0.7191453576087952,0.01995033025741577,"[""PO25CL-GEN-C03-P11-A03"", ""PO25CL-GEN-C03-P11-A01"", ""PO25CL-APP-R07-M09"", ""PO25CL-GEN-C03-P11-A05"", ""PO25CL-APP-R07-M10"", ""PO25CL-APP-R07-M01"", ""PO25CL-GEN-C03-P11-A06"", ""PO25CL-APP-R07-M11"", ""PO25CL-GEN-C03-P11-A07"", ""PO25CL-GEN-C03-P18-A04""]","[0.7390956878662109, 0.7191453576087952, 0.6662272214889526, 0.6513470411300659, 0.6424592733383179, 0.6342552304267883, 0.6244124174118042, 0.622355580329895, 0.6207871437072754, 0.6093064546585083]",[3],3.0,3.0,3.0,0.3333333333333333,0.6662272214889526,0.6662272214889526,0.7390956878662109,-0.0728684663772583,-0.0728684663772583,0.0,0.0,0.0,0.0,0.0,0.0,1.0,1.0,1.0,1.0,1.0,1.0,1.0,1.0,1.0
Q0510,Wie viele LP umfasst das Aufbaumodul – Logische Programmierung?,fully_answerable,1,"[""PO25CL-APP-R07-M10""]",0.6320005655288696,0.6153853535652161,0.016615211963653564,"[""PO25CL-APP-R07-M10"", ""PO25CL-APP-R07-M01"", ""PO25CL-APP-R07-M11"", ""PO25CL-APP-R07-M13"", ""PO25CL-APP-R07-M03"", ""PO25CL-APP-R07-M09"", ""PO25CL-PLAN-S01-M01"", ""PO25CL-GEN-C01-P03-A03"", ""PO25CL-APP-R07-M15"", ""PO25CL-APP-R07-M14""]","[0.6320005655288696, 0.6153853535652161, 0.57767653465271, 0.5479645133018494, 0.5324525237083435, 0.5267246961593628, 0.5131847262382507, 0.5023270845413208, 0.4999036192893982, 0.483397901058197]",[1],1.0,1.0,1.0,1.0,0.6320005655288696,0.6320005655288696,0.6153853535652161,0.016615211963653564,0.016615211963653564,1.0,1.0,1.0,1.0,1.0,1.0,1.0,1.0,1.0,1.0,1.0,1.0,1.0,1.0,1.0
Q0511,Wie viele SWS umfasst das Aufbaumodul – Logische Programmierung?,fully_answerable,1,"[""PO25CL-APP-R07-M10""]",0.7001785039901733,0.6482483148574829,0.05193018913269043,"[""PO25CL-APP-R07-M10"", ""PO25CL-APP-R07-M01"", ""PO25CL-APP-R07-M11"", ""PO25CL-APP-R07-M13"", ""PO25CL-APP-R07-M09"", ""PO25CL-APP-R07-M15"", ""PO25CL-APP-R07-M14"", ""PO25CL-PLAN-S04-M03"", ""PO25CL-APP-R07-M06"", ""PO25CL-PLAN-S01-M01""]","[0.7001785039901733, 0.6482483148574829, 0.636237382888794, 0.5950737595558167, 0.5891705751419067, 0.5561582446098328, 0.5531846284866333, 0.5447307229042053, 0.5344555974006653, 0.5318425893783569]",[1],1.0,1.0,1.0,1.0,0.7001785039901733,0.7001785039901733,0.6482483148574829,0.05193018913269043,0.05193018913269043,1.0,1.0,1.0,1.0,1.0,1.0,1.0,1.0,1.0,1.0,1.0,1.0,1.0,1.0,1.0
Q0512,Ist für das Aufbaumodul – Logische Programmierung eine Modulprüfung angegeben?,fully_answerable,1,"[""PO25CL-APP-R07-M10""]",0.7574388980865479,0.6973462104797363,0.06009268760681152,"[""PO25CL-APP-R07-M10"", ""PO25CL-GEN-C03-P11-A03"", ""PO25CL-APP-R07-M01"", ""PO25CL-GEN-C03-P11-A01"", ""PO25CL-APP-R07-M11"", ""PO25CL-APP-R07-M03"", ""PO25CL-GEN-C03-P11-A05"", ""PO25CL-GEN-C03-P18-A04"", ""PO25CL-GEN-C03-P11-A07"", ""PO25CL-APP-R07-M13""]","[0.7574388980865479, 0.6973462104797363, 0.6821991205215454, 0.6688500642776489, 0.6576287746429443, 0.6369692087173462, 0.6132066249847412, 0.5732664465904236, 0.5609861016273499, 0.5606585741043091]",[1],1.0,1.0,1.0,1.0,0.7574388980865479,0.7574388980865479,0.6973462104797363,0.06009268760681152,0.06009268760681152,1.0,1.0,1.0,1.0,1.0,1.0,1.0,1.0,1.0,1.0,1.0,1.0,1.0,1.0,1.0
Q0513,Wie viele LP umfasst das Aufbaumodul – Objektorientierte Programmierung?,fully_answerable,1,"[""PO25CL-APP-R07-M11""]",0.6735900640487671,0.5841495990753174,0.08944046497344971,"[""PO25CL-APP-R07-M11"", ""PO25CL-APP-R07-M10"", ""PO25CL-APP-R07-M01"", ""PO25CL-APP-R07-M13"", ""PO25CL-APP-R07-M09"", ""PO25CL-GEN-C01-P03-A03"", ""PO25CL-APP-R07-M03"", ""PO25CL-APP-R07-M15"", ""PO25CL-APP-R07-M14"", ""PO25CL-APP-R07-M07""]","[0.6735900640487671, 0.5841495990753174, 0.5592625141143799, 0.5504295229911804, 0.5401832461357117, 0.5235427618026733, 0.5099977254867554, 0.5049870014190674, 0.48952627182006836, 0.48080819845199585]",[1],1.0,1.0,1.0,1.0,0.6735900640487671,0.6735900640487671,0.5841495990753174,0.08944046497344971,0.08944046497344971,1.0,1.0,1.0,1.0,1.0,1.0,1.0,1.0,1.0,1.0,1.0,1.0,1.0,1.0,1.0
Q0514,Wie viele SWS umfasst das Aufbaumodul – Objektorientierte Programmierung?,fully_answerable,1,"[""PO25CL-APP-R07-M11""]",0.7300055027008057,0.6567277908325195,0.07327771186828613,"[""PO25CL-APP-R07-M11"", ""PO25CL-APP-R07-M10"", ""PO25CL-APP-R07-M01"", ""PO25CL-APP-R07-M09"", ""PO25CL-APP-R07-M13"", ""PO25CL-APP-R07-M15"", ""PO25CL-APP-R07-M14"", ""PO25CL-APP-R07-M07"", ""PO25CL-APP-R07-M06"", ""PO25CL-APP-R07-M16""]","[0.7300055027008057, 0.6567277908325195, 0.6059080362319946, 0.6054494380950928, 0.5990829467773438, 0.5612633228302002, 0.5590236783027649, 0.5550498962402344, 0.524419903755188, 0.5223173499107361]",[1],1.0,1.0,1.0,1.0,0.7300055027008057,0.7300055027008057,0.6567277908325195,0.07327771186828613,0.07327771186828613,1.0,1.0,1.0,1.0,1.0,1.0,1.0,1.0,1.0,1.0,1.0,1.0,1.0,1.0,1.0
Q0515,Ist für das Aufbaumodul – Objektorientierte Programmierung eine Modulprüfung angegeben?,fully_answerable,1,"[""PO25CL-APP-R07-M11""]",0.7488909363746643,0.7011950016021729,0.047695934772491455,"[""PO25CL-APP-R07-M11"", ""PO25CL-APP-R07-M10"", ""PO25CL-GEN-C03-P11-A01"", ""PO25CL-GEN-C03-P11-A03"", ""PO25CL-APP-R07-M01"", ""PO25CL-APP-R07-M03"", ""PO25CL-GEN-C03-P11-A05"", ""PO25CL-APP-R07-M09"", ""PO25CL-APP-R07-M13"", ""PO25CL-GEN-C03-P14-A09""]","[0.7488909363746643, 0.7011950016021729, 0.6508965492248535, 0.6473073959350586, 0.621261715888977, 0.605208158493042, 0.6024600267410278, 0.5711801648139954, 0.5644264221191406, 0.5507844686508179]",[1],1.0,1.0,1.0,1.0,0.7488909363746643,0.7488909363746643,0.7011950016021729,0.047695934772491455,0.047695934772491455,1.0,1.0,1.0,1.0,1.0,1.0,1.0,1.0,1.0,1.0,1.0,1.0,1.0,1.0,1.0
Q0516,Wie viele LP umfasst das Modul Praktikum und Orientierung?,fully_answerable,1,"[""PO25CL-APP-R07-M12""]",0.6326888799667358,0.6296114325523376,0.0030774474143981934,"[""PO25CL-PLAN-S05-M01"", ""PO25CL-APP-R07-M12"", ""PO25CL-GEN-C02-P09-A05"", ""PO25CL-GEN-C01-P03-A04"", ""PO25CL-GEN-C02-P09-A03"", ""PO25CL-GEN-C01-P03-A03"", ""PO25CL-GEN-C02-P09-A04"", ""PO25CL-PLAN-S04-M05"", ""PO25CL-GEN-C01-P03-A02"", ""PO25CL-APP-R14""]","[0.6326888799667358, 0.6296114325523376, 0.6123226881027222, 0.6107274293899536, 0.6033448576927185, 0.5950760841369629, 0.5938448309898376, 0.5723220109939575, 0.5714609622955322, 0.5657572746276855]",[2],2.0,2.0,2.0,0.5,0.6296114325523376,0.6296114325523376,0.6326888799667358,-0.0030774474143981934,-0.0030774474143981934,0.0,0.0,0.0,1.0,1.0,1.0,1.0,1.0,1.0,1.0,1.0,1.0,1.0,1.0,1.0
Q0517,Wie viele SWS umfasst das Modul Praktikum und Orientierung?,fully_answerable,1,"[""PO25CL-APP-R07-M12""]",0.6708021759986877,0.6021525859832764,0.06864959001541138,"[""PO25CL-APP-R07-M12"", ""PO25CL-PLAN-S04-M05"", ""PO25CL-GEN-C01-P03-A04"", ""PO25CL-PLAN-S05-M01"", ""PO25CL-GEN-C02-P09-A05"", ""PO25CL-APP-R14"", ""PO25CL-GEN-C02-P09-A03"", ""PO25CL-PLAN-S03-M04"", ""PO25CL-GEN-C02-P09-A04"", ""PO25CL-PLAN-S03-M02""]","[0.6708021759986877, 0.6021525859832764, 0.5732716917991638, 0.5708925724029541, 0.5608186721801758, 0.5590013265609741, 0.5553205013275146, 0.5372205972671509, 0.5230656862258911, 0.5179259777069092]",[1],1.0,1.0,1.0,1.0,0.6708021759986877,0.6708021759986877,0.6021525859832764,0.06864959001541138,0.06864959001541138,1.0,1.0,1.0,1.0,1.0,1.0,1.0,1.0,1.0,1.0,1.0,1.0,1.0,1.0,1.0
Q0518,Ist für das Modul Praktikum und Orientierung eine Modulprüfung angegeben?,fully_answerable,1,"[""PO25CL-APP-R07-M12""]",0.6865806579589844,0.6760382652282715,0.01054239273071289,"[""PO25CL-GEN-C02-P09-A03"", ""PO25CL-GEN-C02-P09-A05"", ""PO25CL-GEN-C03-P11-A01"", ""PO25CL-APP-R07-M12"", ""PO25CL-GEN-C03-P11-A05"", ""PO25CL-GEN-C02-P09-A04"", ""PO25CL-GEN-C03-P12-A01"", ""PO25CL-GEN-C02-P08-U01"", ""PO25CL-GEN-C03-P11-A04"", ""PO25CL-GEN-C02-P07-A03""]","[0.6865806579589844, 0.6760382652282715, 0.6711634397506714, 0.6696902513504028, 0.6599336862564087, 0.6473681926727295, 0.6396042704582214, 0.6276593208312988, 0.6235222220420837, 0.6228159666061401]",[4],4.0,4.0,4.0,0.25,0.6696902513504028,0.6696902513504028,0.6865806579589844,-0.016890406608581543,-0.016890406608581543,0.0,0.0,0.0,0.0,0.0,0.0,0.0,0.0,0.0,1.0,1.0,1.0,1.0,1.0,1.0
Q0519,Wie viele LP umfasst das Vertiefungsmodul – interdisziplinär?,fully_answerable,1,"[""PO25CL-APP-R07-M13""]",0.5865049958229065,0.5288312435150146,0.057673752307891846,"[""PO25CL-APP-R07-M13"", ""PO25CL-GEN-C01-P03-A02"", ""PO25CL-GEN-C01-P03-A03"", ""PO25CL-GEN-C01-P05-A02"", ""PO25CL-PLAN-S05-M02"", ""PO25CL-APP-R07-M15"", ""PO25CL-PLAN-S04-M04"", ""PO25CL-GEN-C03-P12-A03"", ""PO25CL-GEN-C01-P04-A02"", ""PO25CL-GEN-C03-P18-A05""]","[0.5865049958229065, 0.5288312435150146, 0.4795245826244354, 0.4782712161540985, 0.45749208331108093, 0.4362230896949768, 0.4346988797187805, 0.4212227463722229, 0.4202432632446289, 0.41203516721725464]",[1],1.0,1.0,1.0,1.0,0.5865049958229065,0.5865049958229065,0.5288312435150146,0.057673752307891846,0.057673752307891846,1.0,1.0,1.0,1.0,1.0,1.0,1.0,1.0,1.0,1.0,1.0,1.0,1.0,1.0,1.0
Q0520,Wie viele SWS umfasst das Vertiefungsmodul – interdisziplinär?,fully_answerable,1,"[""PO25CL-APP-R07-M13""]",0.6321544051170349,0.49133938550949097,0.14081501960754395,"[""PO25CL-APP-R07-M13"", ""PO25CL-APP-R07-M15"", ""PO25CL-APP-R07-M14"", ""PO25CL-APP-R07-M12"", ""PO25CL-PLAN-S05-M02"", ""PO25CL-PLAN-S04-M04"", ""PO25CL-GEN-C01-P03-A03"", ""PO25CL-APP-R07-M16"", ""PO25CL-PLAN-S03-M04"", ""PO25CL-PLAN-S04-M02""]","[0.6321544051170349, 0.49133938550949097, 0.4757976233959198, 0.4722573757171631, 0.4678709805011749, 0.4590001106262207, 0.4436470866203308, 0.4419786334037781, 0.4410005211830139, 0.4402940273284912]",[1],1.0,1.0,1.0,1.0,0.6321544051170349,0.6321544051170349,0.49133938550949097,0.14081501960754395,0.14081501960754395,1.0,1.0,1.0,1.0,1.0,1.0,1.0,1.0,1.0,1.0,1.0,1.0,1.0,1.0,1.0
Q0521,Ist für das Vertiefungsmodul – interdisziplinär eine Modulprüfung angegeben?,fully_answerable,1,"[""PO25CL-APP-R07-M13""]",0.6632704138755798,0.6566466093063354,0.006623804569244385,"[""PO25CL-GEN-C03-P11-A01"", ""PO25CL-GEN-C03-P11-A03"", ""PO25CL-APP-R07-M13"", ""PO25CL-GEN-C03-P11-A05"", ""PO25CL-GEN-C03-P12-A03"", ""PO25CL-GEN-C03-P14-A02"", ""PO25CL-GEN-C01-P03-A03"", ""PO25CL-GEN-C03-P11-A06"", ""PO25CL-GEN-C02-P07-A03"", ""PO25CL-GEN-C03-P11-A04""]","[0.6632704138755798, 0.6566466093063354, 0.6299059987068176, 0.6007846593856812, 0.5523324608802795, 0.5500935316085815, 0.5439293384552002, 0.5321191549301147, 0.5316507816314697, 0.5255287885665894]",[3],3.0,3.0,3.0,0.3333333333333333,0.6299059987068176,0.6299059987068176,0.6632704138755798,-0.03336441516876221,-0.03336441516876221,0.0,0.0,0.0,0.0,0.0,0.0,1.0,1.0,1.0,1.0,1.0,1.0,1.0,1.0,1.0
Q0522,Wie viele LP umfasst das Vertiefungsmodul – Computerlinguistik 1?,fully_answerable,1,"[""PO25CL-APP-R07-M14""]",0.7369981408119202,0.7180768847465515,0.018921256065368652,"[""PO25CL-APP-R07-M15"", ""PO25CL-APP-R07-M13"", ""PO25CL-APP-R07-M14"", ""PO25CL-APP-R03"", ""PO25CL-APP-R07-M16"", ""PO25CL-APP-R07-M17"", ""PO25CL-APP-R07-M06"", ""PO25CL-APP-R07-M07"", ""PO25CL-PLAN-S05-M02"", ""PO25CL-APP-R07-M09""]","[0.7369981408119202, 0.7180768847465515, 0.7169800400733948, 0.6748964190483093, 0.6432439684867859, 0.6373486518859863, 0.6342089176177979, 0.6253096461296082, 0.6223875284194946, 0.622215747833252]",[3],3.0,3.0,3.0,0.3333333333333333,0.7169800400733948,0.7169800400733948,0.7369981408119202,-0.02001810073852539,-0.02001810073852539,0.0,0.0,0.0,0.0,0.0,0.0,1.0,1.0,1.0,1.0,1.0,1.0,1.0,1.0,1.0
Q0523,Wie viele SWS umfasst das Vertiefungsmodul – Computerlinguistik 1?,fully_answerable,1,"[""PO25CL-APP-R07-M14""]",0.7768518924713135,0.7705525755882263,0.006299316883087158,"[""PO25CL-APP-R07-M15"", ""PO25CL-APP-R07-M14"", ""PO25CL-APP-R07-M13"", ""PO25CL-APP-R07-M06"", ""PO25CL-APP-R07-M07"", ""PO25CL-APP-R07-M16"", ""PO25CL-APP-R07-M09"", ""PO25CL-APP-R07-M01"", ""PO25CL-APP-R03"", ""PO25CL-APP-R07-M02""]","[0.7768518924713135, 0.7705525755882263, 0.7551002502441406, 0.6900304555892944, 0.6877971291542053, 0.6868839263916016, 0.6863421201705933, 0.6570776104927063, 0.6480264067649841, 0.6406034827232361]",[2],2.0,2.0,2.0,0.5,0.7705525755882263,0.7705525755882263,0.7768518924713135,-0.006299316883087158,-0.006299316883087158,0.0,0.0,0.0,1.0,1.0,1.0,1.0,1.0,1.0,1.0,1.0,1.0,1.0,1.0,1.0
Q0524,Ist für das Vertiefungsmodul – Computerlinguistik 1 eine Modulprüfung angegeben?,fully_answerable,1,"[""PO25CL-APP-R07-M14""]",0.8173012733459473,0.8158854246139526,0.001415848731994629,"[""PO25CL-APP-R07-M14"", ""PO25CL-APP-R07-M15"", ""PO25CL-APP-R07-M13"", ""PO25CL-APP-R07-M07"", ""PO25CL-APP-R07-M01"", ""PO25CL-APP-R07-M16"", ""PO25CL-APP-R08"", ""PO25CL-APP-R07-M10"", ""PO25CL-APP-R07-M09"", ""PO25CL-APP-R07-M02""]","[0.8173012733459473, 0.8158854246139526, 0.8072395324707031, 0.7409108877182007, 0.7339104413986206, 0.7326148152351379, 0.7297892570495605, 0.7198079824447632, 0.718796968460083, 0.7178338766098022]",[1],1.0,1.0,1.0,1.0,0.8173012733459473,0.8173012733459473,0.8158854246139526,0.001415848731994629,0.001415848731994629,1.0,1.0,1.0,1.0,1.0,1.0,1.0,1.0,1.0,1.0,1.0,1.0,1.0,1.0,1.0
Q0525,Wie viele LP umfasst das Vertiefungsmodul – Computerlinguistik 2?,fully_answerable,1,"[""PO25CL-APP-R07-M15""]",0.7271096110343933,0.7062726020812988,0.020837008953094482,"[""PO25CL-APP-R07-M15"", ""PO25CL-APP-R07-M13"", ""PO25CL-APP-R07-M14"", ""PO25CL-APP-R03"", ""PO25CL-APP-R07-M16"", ""PO25CL-PLAN-S06-M01"", ""PO25CL-PLAN-S05-M02"", ""PO25CL-APP-R07-M17"", ""PO25CL-APP-R07-M06"", ""PO25CL-PLAN-S04-M04""]","[0.7271096110343933, 0.7062726020812988, 0.6892182230949402, 0.6414185166358948, 0.6320923566818237, 0.6277141571044922, 0.6273115277290344, 0.6150121092796326, 0.6104475259780884, 0.6067252159118652]",[1],1.0,1.0,1.0,1.0,0.7271096110343933,0.7271096110343933,0.7062726020812988,0.020837008953094482,0.020837008953094482,1.0,1.0,1.0,1.0,1.0,1.0,1.0,1.0,1.0,1.0,1.0,1.0,1.0,1.0,1.0
Q0526,Wie viele SWS umfasst das Vertiefungsmodul – Computerlinguistik 2?,fully_answerable,1,"[""PO25CL-APP-R07-M15""]",0.770698070526123,0.7490007281303406,0.02169734239578247,"[""PO25CL-APP-R07-M15"", ""PO25CL-APP-R07-M14"", ""PO25CL-APP-R07-M13"", ""PO25CL-APP-R07-M16"", ""PO25CL-APP-R07-M06"", ""PO25CL-APP-R07-M07"", ""PO25CL-APP-R07-M09"", ""PO25CL-APP-R07-M12"", ""PO25CL-PLAN-S06-M01"", ""PO25CL-PLAN-S05-M03""]","[0.770698070526123, 0.7490007281303406, 0.7471969127655029, 0.6796978712081909, 0.6707852482795715, 0.6612910628318787, 0.650488555431366, 0.647369921207428, 0.6376322507858276, 0.6367168426513672]",[1],1.0,1.0,1.0,1.0,0.770698070526123,0.770698070526123,0.7490007281303406,0.02169734239578247,0.02169734239578247,1.0,1.0,1.0,1.0,1.0,1.0,1.0,1.0,1.0,1.0,1.0,1.0,1.0,1.0,1.0
Q0527,Ist für das Vertiefungsmodul – Computerlinguistik 2 eine Modulprüfung angegeben?,fully_answerable,1,"[""PO25CL-APP-R07-M15""]",0.7958770990371704,0.7847565412521362,0.01112055778503418,"[""PO25CL-APP-R07-M15"", ""PO25CL-APP-R07-M13"", ""PO25CL-APP-R07-M14"", ""PO25CL-APP-R09"", ""PO25CL-APP-R07-M16"", ""PO25CL-APP-R08"", ""PO25CL-APP-R07-M07"", ""PO25CL-APP-R07-M01"", ""PO25CL-APP-R07-M10"", ""PO25CL-APP-R07-M06""]","[0.7958770990371704, 0.7847565412521362, 0.7775540947914124, 0.7190958261489868, 0.7088296413421631, 0.7047110795974731, 0.6953946352005005, 0.6914622783660889, 0.6786346435546875, 0.6781046390533447]",[1],1.0,1.0,1.0,1.0,0.7958770990371704,0.7958770990371704,0.7847565412521362,0.01112055778503418,0.01112055778503418,1.0,1.0,1.0,1.0,1.0,1.0,1.0,1.0,1.0,1.0,1.0,1.0,1.0,1.0,1.0
Q0528,Wie viele LP umfasst das Modul Abschlussarbeit und Forschungskolloquium?,fully_answerable,1,"[""PO25CL-APP-R07-M16""]",0.7059875726699829,0.618602454662323,0.08738511800765991,"[""PO25CL-GEN-C01-P03-A02"", ""PO25CL-GEN-C03-P15-A10"", ""PO25CL-GEN-C01-P03-A03"", ""PO25CL-GEN-C01-P05-A02"", ""PO25CL-GEN-C03-P14-A06"", ""PO25CL-GEN-C03-P14-A04"", ""PO25CL-GEN-C03-P19-A01"", ""PO25CL-GEN-C02-P09-A04"", ""PO25CL-GEN-C01-P03-A05"", ""PO25CL-GEN-C01-P04-A02""]","[0.7059875726699829, 0.618602454662323, 0.6099852323532104, 0.5901688933372498, 0.5847527980804443, 0.5803856253623962, 0.5784174203872681, 0.5757513046264648, 0.5748388767242432, 0.5736856460571289]",[34],34.0,34.0,34.0,0.029411764705882353,0.5307692289352417,0.5307692289352417,0.7059875726699829,-0.1752183437347412,-0.1752183437347412,0.0,0.0,0.0,0.0,0.0,0.0,0.0,0.0,0.0,0.0,0.0,0.0,0.0,0.0,0.0
Q0529,Wie viele SWS umfasst das Modul Abschlussarbeit und Forschungskolloquium?,fully_answerable,1,"[""PO25CL-APP-R07-M16""]",0.5636729001998901,0.561347484588623,0.00232541561126709,"[""PO25CL-PLAN-S03-M02"", ""PO25CL-APP-R07-M16"", ""PO25CL-PLAN-LEGEND"", ""PO25CL-PLAN-S03-M04"", ""PO25CL-PLAN-S06-M02"", ""PO25CL-PLAN-S04-M03"", ""PO25CL-GEN-C04-P28-A05"", ""PO25CL-PLAN-S03-SUM"", ""PO25CL-PLAN-S04-SUM"", ""PO25CL-APP-R06""]","[0.5636729001998901, 0.561347484588623, 0.5588886737823486, 0.5571900606155396, 0.5561891198158264, 0.5512814521789551, 0.5497074127197266, 0.5476992130279541, 0.5472859144210815, 0.5456718802452087]",[2],2.0,2.0,2.0,0.5,0.561347484588623,0.561347484588623,0.5636729001998901,-0.00232541561126709,-0.00232541561126709,0.0,0.0,0.0,1.0,1.0,1.0,1.0,1.0,1.0,1.0,1.0,1.0,1.0,1.0,1.0
Q0530,Ist für das Modul Abschlussarbeit und Forschungskolloquium eine Modulprüfung angegeben?,fully_answerable,1,"[""PO25CL-APP-R07-M16""]",0.7404673099517822,0.7195637226104736,0.020903587341308594,"[""PO25CL-GEN-C03-P11-A01"", ""PO25CL-GEN-C03-P11-A05"", ""PO25CL-GEN-C03-P11-A06"", ""PO25CL-GEN-C03-P14-A02"", ""PO25CL-GEN-C04-P28-A07"", ""PO25CL-GEN-C03-P15-A06"", ""PO25CL-GEN-C03-P11-A04"", ""PO25CL-GEN-C03-P11-A07"", ""PO25CL-GEN-C04-P28-A06"", ""PO25CL-GEN-C03-P14-A08""]","[0.7404673099517822, 0.7195637226104736, 0.712827205657959, 0.7062414288520813, 0.7057421207427979, 0.7014632225036621, 0.6998090744018555, 0.6913124918937683, 0.6895501613616943, 0.6874828338623047]",[92],92.0,92.0,92.0,0.010869565217391304,0.5424368381500244,0.5424368381500244,0.7404673099517822,-0.1980304718017578,-0.1980304718017578,0.0,0.0,0.0,0.0,0.0,0.0,0.0,0.0,0.0,0.0,0.0,0.0,0.0,0.0,0.0
Q0531,Ist der exemplarische Studienverlaufsplan verpflichtend?,fully_answerable,1,"[""PO25CL-PLAN-INTRO""]",0.6169388294219971,0.5869925022125244,0.029946327209472656,"[""PO25CL-PLAN-INTRO"", ""PO25CL-GEN-C03-P19-A01"", ""PO25CL-GEN-C01-P01-A01"", ""PO25CL-GEN-C03-P15-A06"", ""PO25CL-GEN-C02-P07-A03"", ""PO25CL-GEN-C03-P18-A01"", ""PO25CL-GEN-C02-P06-U01"", ""PO25CL-GEN-C04-P28-A03"", ""PO25CL-GEN-C04-P28-A05"", ""PO25CL-GEN-C01-P01-A02""]","[0.6169388294219971, 0.5869925022125244, 0.5736379623413086, 0.5691308975219727, 0.5455453991889954, 0.5416262149810791, 0.5404367446899414, 0.5394494533538818, 0.5389445424079895, 0.5385581254959106]",[1],1.0,1.0,1.0,1.0,0.6169388294219971,0.6169388294219971,0.5869925022125244,0.029946327209472656,0.029946327209472656,1.0,1.0,1.0,1.0,1.0,1.0,1.0,1.0,1.0,1.0,1.0,1.0,1.0,1.0,1.0
Q0532,Welche Art der Arbeitsverteilung strebt der exemplarische Studienverlaufsplan an?,fully_answerable,1,"[""PO25CL-PLAN-INTRO""]",0.6895976066589355,0.605125904083252,0.0844717025756836,"[""PO25CL-PLAN-INTRO"", ""PO25CL-GEN-C04-P28-A05"", ""PO25CL-GEN-C01-P04-A02"", ""PO25CL-GEN-C01-P01-A01"", ""PO25CL-GEN-C03-P19-A01"", ""PO25CL-GEN-C01-P03-A05"", ""PO25CL-GEN-C04-P28-A03"", ""PO25CL-GEN-C03-P18-A05"", ""PO25CL-GEN-C03-P18-A06"", ""PO25CL-GEN-C04-P28-A09""]","[0.6895976066589355, 0.605125904083252, 0.5892641544342041, 0.579203724861145, 0.5732901096343994, 0.5711290836334229, 0.5641779899597168, 0.5641022324562073, 0.5618566870689392, 0.5611429214477539]",[1],1.0,1.0,1.0,1.0,0.6895976066589355,0.6895976066589355,0.605125904083252,0.0844717025756836,0.0844717025756836,1.0,1.0,1.0,1.0,1.0,1.0,1.0,1.0,1.0,1.0,1.0,1.0,1.0,1.0,1.0
Q0533,Stellt der Studienverlaufsplan nur eine mögliche Studienstruktur dar?,fully_answerable,1,"[""PO25CL-PLAN-INTRO""]",0.6790452599525452,0.6229643821716309,0.05608087778091431,"[""PO25CL-PLAN-INTRO"", ""PO25CL-GEN-C01-P01-A01"", ""PO25CL-GEN-C03-P15-A06"", ""PO25CL-GEN-C02-P07-A03"", ""PO25CL-GEN-C01-P01-A02"", ""PO25CL-GEN-C01-P04-A02"", ""PO25CL-GEN-C02-P06-U01"", ""PO25CL-PLAN-S01-PBB"", ""PO25CL-GEN-C02-P07-A01"", ""PO25CL-PLAN-S02-M04""]","[0.6790452599525452, 0.6229643821716309, 0.6016532182693481, 0.5352332592010498, 0.5341060757637024, 0.5339432954788208, 0.5255495309829712, 0.5244693756103516, 0.5240979790687561, 0.5166762471199036]",[1],1.0,1.0,1.0,1.0,0.6790452599525452,0.6790452599525452,0.6229643821716309,0.05608087778091431,0.05608087778091431,1.0,1.0,1.0,1.0,1.0,1.0,1.0,1.0,1.0,1.0,1.0,1.0,1.0,1.0,1.0
Q0534,Kann die Studienberatung einen anderen Studienverlauf empfehlen?,fully_answerable,1,"[""PO25CL-PLAN-INTRO""]",0.5614282488822937,0.5563135147094727,0.005114734172821045,"[""PO25CL-GEN-C01-P01-A01"", ""PO25CL-PLAN-INTRO"", ""PO25CL-PLAN-S01-PBB"", ""PO25CL-PLAN-S02-PBB"", ""PO25CL-PLAN-S04-PBB"", ""PO25CL-PLAN-S05-PBB"", ""PO25CL-PLAN-S03-PBB"", ""PO25CL-PLAN-S06-PBB"", ""PO25CL-GEN-C04-P31-A02"", ""PO25CL-GEN-C04-P31-A01""]","[0.5614282488822937, 0.5563135147094727, 0.5541385412216187, 0.5506407022476196, 0.5447824597358704, 0.5438671112060547, 0.5435695648193359, 0.5386738777160645, 0.5280609130859375, 0.5255005359649658]",[2],2.0,2.0,2.0,0.5,0.5563135147094727,0.5563135147094727,0.5614282488822937,-0.005114734172821045,-0.005114734172821045,0.0,0.0,0.0,1.0,1.0,1.0,1.0,1.0,1.0,1.0,1.0,1.0,1.0,1.0,1.0
Q0535,Wofür steht die Abkürzung MP im Studienverlaufsplan?,fully_answerable,1,"[""PO25CL-PLAN-LEGEND""]",0.5472952127456665,0.5255402326583862,0.021754980087280273,"[""PO25CL-GEN-C04-P26-U01"", ""PO25CL-PLAN-INTRO"", ""PO25CL-GEN-C03-P14-A08"", ""PO25CL-GEN-C02-P06-U01"", ""PO25CL-GEN-C03-P12-A04"", ""PO25CL-GEN-C03-P17-A06"", ""PO25CL-GEN-C03-P14-A09"", ""PO25CL-GEN-C03-P19-A04"", ""PO25CL-GEN-C04-P28-A08"", ""PO25CL-GEN-C03-P11-A07""]","[0.5472952127456665, 0.5255402326583862, 0.5253353118896484, 0.5252717137336731, 0.519916296005249, 0.5168651938438416, 0.5167924165725708, 0.5152350664138794, 0.5149088501930237, 0.5132176280021667]",[37],37.0,37.0,37.0,0.02702702702702703,0.471290647983551,0.471290647983551,0.5472952127456665,-0.07600456476211548,-0.07600456476211548,0.0,0.0,0.0,0.0,0.0,0.0,0.0,0.0,0.0,0.0,0.0,0.0,0.0,0.0,0.0
Q0536,Wofür steht die Abkürzung SL im Studienverlaufsplan?,fully_answerable,1,"[""PO25CL-PLAN-LEGEND""]",0.5036420822143555,0.5011537075042725,0.002488374710083008,"[""PO25CL-GEN-C01-P05-A02"", ""PO25CL-PLAN-LEGEND"", ""PO25CL-PLAN-INTRO"", ""PO25CL-PLAN-S02-M04"", ""PO25CL-PLAN-S04-M02"", ""PO25CL-PLAN-S04-M04"", ""PO25CL-PLAN-S03-M02"", ""PO25CL-PLAN-S04-M03"", ""PO25CL-PLAN-S03-M01"", ""PO25CL-GEN-C01-P04-A02""]","[0.5036420822143555, 0.5011537075042725, 0.49563032388687134, 0.4739990532398224, 0.4636100232601166, 0.4567902982234955, 0.4527568221092224, 0.4501767158508301, 0.44700703024864197, 0.4450575113296509]",[2],2.0,2.0,2.0,0.5,0.5011537075042725,0.5011537075042725,0.5036420822143555,-0.002488374710083008,-0.002488374710083008,0.0,0.0,0.0,1.0,1.0,1.0,1.0,1.0,1.0,1.0,1.0,1.0,1.0,1.0,1.0
Q0537,Wer entscheidet über die Form einer Modulabschlussprüfung?,fully_answerable,1,"[""PO25CL-GEN-C03-P11-A07""]",0.785598635673523,0.766832709312439,0.018765926361083984,"[""PO25CL-GEN-C03-P11-A07"", ""PO25CL-GEN-C03-P12-A04"", ""PO25CL-GEN-C03-P14-A02"", ""PO25CL-GEN-C03-P11-A05"", ""PO25CL-GEN-C03-P11-A06"", ""PO25CL-GEN-C03-P11-A01"", ""PO25CL-GEN-C03-P11-A04"", ""PO25CL-GEN-C04-P25-A05"", ""PO25CL-GEN-C03-P11-A03"", ""PO25CL-GEN-C03-P16-A02""]","[0.785598635673523, 0.766832709312439, 0.7317275404930115, 0.7261160016059875, 0.7161729335784912, 0.7160260677337646, 0.6941520571708679, 0.6744500398635864, 0.671043872833252, 0.6708375215530396]",[1],1.0,1.0,1.0,1.0,0.785598635673523,0.785598635673523,0.766832709312439,0.018765926361083984,0.018765926361083984,1.0,1.0,1.0,1.0,1.0,1.0,1.0,1.0,1.0,1.0,1.0,1.0,1.0,1.0,1.0
Q0538,Wofür steht die Abkürzung SWS im Studienverlaufsplan?,fully_answerable,1,"[""PO25CL-PLAN-LEGEND""]",0.5660278797149658,0.5399691462516785,0.026058733463287354,"[""PO25CL-PLAN-LEGEND"", ""PO25CL-PLAN-S04-M02"", ""PO25CL-PLAN-S02-M04"", ""PO25CL-PLAN-INTRO"", ""PO25CL-PLAN-S03-M02"", ""PO25CL-PLAN-S04-M03"", ""PO25CL-PLAN-S03-M04"", ""PO25CL-PLAN-S03-M01"", ""PO25CL-APP-R07-M16"", ""PO25CL-PLAN-S05-M03""]","[0.5660278797149658, 0.5399691462516785, 0.5361785292625427, 0.5344820022583008, 0.5221492052078247, 0.5169649720191956, 0.5163076519966125, 0.5078128576278687, 0.5044379234313965, 0.49766016006469727]",[1],1.0,1.0,1.0,1.0,0.5660278797149658,0.5660278797149658,0.5399691462516785,0.026058733463287354,0.026058733463287354,1.0,1.0,1.0,1.0,1.0,1.0,1.0,1.0,1.0,1.0,1.0,1.0,1.0,1.0,1.0
Q0539,Wofür steht die Abkürzung PBB im Studienverlaufsplan?,fully_answerable,1,"[""PO25CL-PLAN-LEGEND""]",0.6022474765777588,0.5745982527732849,0.027649223804473877,"[""PO25CL-GEN-C03-P18-A06"", ""PO25CL-GEN-C01-P03-A02"", ""PO25CL-GEN-C03-P18-A05"", ""PO25CL-PLAN-INTRO"", ""PO25CL-GEN-C03-P18-A08"", ""PO25CL-GEN-C01-P02-A02"", ""PO25CL-GEN-C01-P05-A02"", ""PO25CL-GEN-C03-P18-A07"", ""PO25CL-GEN-C01-P03-A05"", ""PO25CL-GEN-C04-P28-A05""]","[0.6022474765777588, 0.5745982527732849, 0.5732289552688599, 0.5721945762634277, 0.5643467903137207, 0.5448415875434875, 0.5396128296852112, 0.5104843378067017, 0.5103074312210083, 0.5042836666107178]",[18],18.0,18.0,18.0,0.05555555555555555,0.4773868918418884,0.4773868918418884,0.6022474765777588,-0.12486058473587036,-0.12486058473587036,0.0,0.0,0.0,0.0,0.0,0.0,0.0,0.0,0.0,0.0,0.0,0.0,0.0,0.0,0.0
Q0540,Wofür steht die Abkürzung Pnr. im Studienverlaufsplan?,fully_answerable,1,"[""PO25CL-PLAN-LEGEND""]",0.6570516228675842,0.6385984420776367,0.01845318078994751,"[""PO25CL-PLAN-INTRO"", ""PO25CL-GEN-C01-P05-A02"", ""PO25CL-GEN-C01-P01-A01"", ""PO25CL-GEN-C03-P19-A01"", ""PO25CL-GEN-C02-P06-U01"", ""PO25CL-PLAN-LEGEND"", ""PO25CL-GEN-C03-P18-A08"", ""PO25CL-GEN-C01-P02-A02"", ""PO25CL-GEN-C01-P04-A02"", ""PO25CL-GEN-C04-P28-A06""]","[0.6570516228675842, 0.6385984420776367, 0.6146247386932373, 0.6068832874298096, 0.6043574810028076, 0.5985214114189148, 0.5981619954109192, 0.5976619720458984, 0.5908190011978149, 0.587466835975647]",[6],6.0,6.0,6.0,0.16666666666666666,0.5985214114189148,0.5985214114189148,0.6570516228675842,-0.058530211448669434,-0.058530211448669434,0.0,0.0,0.0,0.0,0.0,0.0,0.0,0.0,0.0,0.0,0.0,0.0,1.0,1.0,1.0
Q0541,Wie viele Module nennt die Summenzeile für das 1. Semester?,fully_answerable,1,"[""PO25CL-PLAN-S01-SUM""]",0.640528678894043,0.5970772504806519,0.04345142841339111,"[""PO25CL-GEN-C01-P03-A03"", ""PO25CL-GEN-C03-P18-A05"", ""PO25CL-PLAN-S03-M02"", ""PO25CL-PLAN-S03-M04"", ""PO25CL-APP-R06"", ""PO25CL-PLAN-S05-M02"", ""PO25CL-PLAN-S04-M04"", ""PO25CL-PLAN-S01-SUM"", ""PO25CL-PLAN-S04-M03"", ""PO25CL-GEN-C03-P18-A06""]","[0.640528678894043, 0.5970772504806519, 0.5965631008148193, 0.5951705574989319, 0.5920466184616089, 0.5846525430679321, 0.5833595395088196, 0.5827423334121704, 0.5800002813339233, 0.5792890787124634]",[8],8.0,8.0,8.0,0.125,0.5827423334121704,0.5827423334121704,0.640528678894043,-0.05778634548187256,-0.05778634548187256,0.0,0.0,0.0,0.0,0.0,0.0,0.0,0.0,0.0,0.0,0.0,0.0,1.0,1.0,1.0
Q0542,Wie viele Modulprüfungen nennt die Summenzeile für das 1. Semester?,answerable_with_multiple_chunks,2,"[""PO25CL-PLAN-S01-SUM"", ""PO25CL-PLAN-LEGEND""]",0.6903665065765381,0.6827494502067566,0.007617056369781494,"[""PO25CL-GEN-C03-P18-A07"", ""PO25CL-GEN-C03-P18-A05"", ""PO25CL-GEN-C03-P21-A02"", ""PO25CL-GEN-C03-P18-A06"", ""PO25CL-GEN-C03-P19-A01"", ""PO25CL-GEN-C03-P11-A09"", ""PO25CL-APP-R06"", ""PO25CL-GEN-C03-P21-A01"", ""PO25CL-GEN-C03-P11-A02"", ""PO25CL-GEN-C01-P03-A03""]","[0.6903665065765381, 0.6827494502067566, 0.6609187126159668, 0.6604517102241516, 0.65485680103302, 0.6486131548881531, 0.6420788764953613, 0.6414197087287903, 0.6262392997741699, 0.6198718547821045]","[19, 54]",19.0,54.0,36.5,0.05263157894736842,0.5989810228347778,0.5650683641433716,0.6903665065765381,-0.09138548374176025,-0.1252981424331665,0.0,0.0,0.0,0.0,0.0,0.0,0.0,0.0,0.0,0.0,0.0,0.0,0.0,0.0,0.0
Q0543,Wie viele Lehrveranstaltungen nennt die Summenzeile für das 1. Semester?,fully_answerable,1,"[""PO25CL-PLAN-S01-SUM""]",0.629928708076477,0.6240362524986267,0.005892455577850342,"[""PO25CL-PLAN-S01-SUM"", ""PO25CL-GEN-C03-P21-A01"", ""PO25CL-GEN-C03-P21-A02"", ""PO25CL-PLAN-S03-SUM"", ""PO25CL-GEN-C01-P04-A01"", ""PO25CL-PLAN-S02-SUM"", ""PO25CL-PLAN-S04-SUM"", ""PO25CL-PLAN-S05-SUM"", ""PO25CL-PLAN-S01-PBB"", ""PO25CL-GEN-C01-P03-A03""]","[0.629928708076477, 0.6240362524986267, 0.6239206790924072, 0.6197531819343567, 0.619006335735321, 0.6180791258811951, 0.6178545951843262, 0.6169583797454834, 0.6142524480819702, 0.6130695343017578]",[1],1.0,1.0,1.0,1.0,0.629928708076477,0.629928708076477,0.6240362524986267,0.005892455577850342,0.005892455577850342,1.0,1.0,1.0,1.0,1.0,1.0,1.0,1.0,1.0,1.0,1.0,1.0,1.0,1.0,1.0
Q0544,Wie viele SWS nennt die Summenzeile für das 1. Semester?,fully_answerable,1,"[""PO25CL-PLAN-S01-SUM""]",0.5605928301811218,0.5593494176864624,0.0012434124946594238,"[""PO25CL-PLAN-S03-M02"", ""PO25CL-PLAN-S04-M02"", ""PO25CL-PLAN-S01-SUM"", ""PO25CL-PLAN-S03-SUM"", ""PO25CL-PLAN-S02-SUM"", ""PO25CL-PLAN-S04-SUM"", ""PO25CL-PLAN-S05-SUM"", ""PO25CL-PLAN-S02-M04"", ""PO25CL-PLAN-S04-M03"", ""PO25CL-PLAN-LEGEND""]","[0.5605928301811218, 0.5593494176864624, 0.5593402981758118, 0.5579994916915894, 0.5535406470298767, 0.5532679557800293, 0.551010251045227, 0.5472579598426819, 0.5427931547164917, 0.5421643853187561]",[3],3.0,3.0,3.0,0.3333333333333333,0.5593402981758118,0.5593402981758118,0.5605928301811218,-0.0012525320053100586,-0.0012525320053100586,0.0,0.0,0.0,0.0,0.0,0.0,1.0,1.0,1.0,1.0,1.0,1.0,1.0,1.0,1.0
Q0545,Wie viele LP nennt die Summenzeile für das 1. Semester?,fully_answerable,1,"[""PO25CL-PLAN-S01-SUM""]",0.6791194081306458,0.5733988285064697,0.10572057962417603,"[""PO25CL-GEN-C01-P03-A02"", ""PO25CL-GEN-C03-P18-A06"", ""PO25CL-PLAN-S01-SUM"", ""PO25CL-PLAN-S03-SUM"", ""PO25CL-PLAN-S02-SUM"", ""PO25CL-PLAN-S04-SUM"", ""PO25CL-GEN-C03-P18-A07"", ""PO25CL-PLAN-S05-SUM"", ""PO25CL-PLAN-S06-SUM"", ""PO25CL-GEN-C03-P21-A01""]","[0.6791194081306458, 0.5733988285064697, 0.573176920413971, 0.56883305311203, 0.5669102072715759, 0.5638095140457153, 0.5613749623298645, 0.5612879991531372, 0.5390961170196533, 0.5382729768753052]",[3],3.0,3.0,3.0,0.3333333333333333,0.573176920413971,0.573176920413971,0.6791194081306458,-0.1059424877166748,-0.1059424877166748,0.0,0.0,0.0,0.0,0.0,0.0,1.0,1.0,1.0,1.0,1.0,1.0,1.0,1.0,1.0
Q0546,Wie viele LP entfallen laut Summenzeile des 1. Semesters auf den Profilbildungsbereich?,answerable_with_multiple_chunks,2,"[""PO25CL-PLAN-S01-SUM"", ""PO25CL-PLAN-LEGEND""]",0.7247112989425659,0.7025809288024902,0.022130370140075684,"[""PO25CL-GEN-C01-P05-A02"", ""PO25CL-GEN-C01-P03-A02"", ""PO25CL-PLAN-S01-PBB"", ""PO25CL-PLAN-S04-PBB"", ""PO25CL-PLAN-S05-PBB"", ""PO25CL-PLAN-S02-PBB"", ""PO25CL-PLAN-S03-PBB"", ""PO25CL-GEN-C01-P05-A01"", ""PO25CL-PLAN-S06-PBB"", ""PO25CL-GEN-C01-P05-A03""]","[0.7247112989425659, 0.7025809288024902, 0.6097266674041748, 0.6073658466339111, 0.6040903925895691, 0.6021840572357178, 0.6004142761230469, 0.5993249416351318, 0.5936682224273682, 0.5752720832824707]","[15, 21]",15.0,21.0,18.0,0.06666666666666667,0.5404425263404846,0.5260416865348816,0.7247112989425659,-0.1842687726020813,-0.19866961240768433,0.0,0.0,0.0,0.0,0.0,0.0,0.0,0.0,0.0,0.0,0.0,0.0,0.0,0.0,0.0
Q0547,Wie viele Module nennt die Summenzeile für das 2. Semester?,fully_answerable,1,"[""PO25CL-PLAN-S02-SUM""]",0.6125508546829224,0.6065537929534912,0.005997061729431152,"[""PO25CL-GEN-C01-P03-A03"", ""PO25CL-PLAN-S03-M04"", ""PO25CL-PLAN-S05-M02"", ""PO25CL-PLAN-S04-M03"", ""PO25CL-PLAN-S02-SUM"", ""PO25CL-GEN-C03-P18-A05"", ""PO25CL-GEN-C03-P18-A06"", ""PO25CL-PLAN-S02-M02"", ""PO25CL-PLAN-S01-M03"", ""PO25CL-PLAN-S04-M04""]","[0.6125508546829224, 0.6065537929534912, 0.5903860330581665, 0.5889865756034851, 0.5871696472167969, 0.5835364460945129, 0.582341730594635, 0.5816848278045654, 0.5796399116516113, 0.5786817073822021]",[5],5.0,5.0,5.0,0.2,0.5871696472167969,0.5871696472167969,0.6125508546829224,-0.02538120746612549,-0.02538120746612549,0.0,0.0,0.0,0.0,0.0,0.0,0.0,0.0,0.0,1.0,1.0,1.0,1.0,1.0,1.0
Q0548,Wie viele Modulprüfungen nennt die Summenzeile für das 2. Semester?,answerable_with_multiple_chunks,2,"[""PO25CL-PLAN-S02-SUM"", ""PO25CL-PLAN-LEGEND""]",0.6618572473526001,0.6595808863639832,0.0022763609886169434,"[""PO25CL-GEN-C03-P18-A05"", ""PO25CL-GEN-C03-P12-A02"", ""PO25CL-GEN-C03-P18-A06"", ""PO25CL-GEN-C03-P19-A01"", ""PO25CL-GEN-C03-P11-A02"", ""PO25CL-GEN-C03-P12-A01"", ""PO25CL-GEN-C03-P18-A07"", ""PO25CL-GEN-C03-P21-A02"", ""PO25CL-GEN-C03-P11-A09"", ""PO25CL-GEN-C03-P11-A04""]","[0.6618572473526001, 0.6595808863639832, 0.6580812931060791, 0.639752209186554, 0.6343584060668945, 0.6338779330253601, 0.6335471868515015, 0.6304630041122437, 0.6267280578613281, 0.6083660125732422]","[14, 47]",14.0,47.0,30.5,0.07142857142857142,0.5953454971313477,0.5564529895782471,0.6618572473526001,-0.06651175022125244,-0.10540425777435303,0.0,0.0,0.0,0.0,0.0,0.0,0.0,0.0,0.0,0.0,0.0,0.0,0.0,0.0,0.0
Q0549,Wie viele Lehrveranstaltungen nennt die Summenzeile für das 2. Semester?,fully_answerable,1,"[""PO25CL-PLAN-S02-SUM""]",0.6267702579498291,0.61368727684021,0.01308298110961914,"[""PO25CL-PLAN-S02-SUM"", ""PO25CL-PLAN-S01-SUM"", ""PO25CL-PLAN-S02-PBB"", ""PO25CL-GEN-C02-P07-A01"", ""PO25CL-GEN-C03-P21-A02"", ""PO25CL-PLAN-S03-SUM"", ""PO25CL-PLAN-S01-PBB"", ""PO25CL-GEN-C04-P28-A01"", ""PO25CL-PLAN-S05-SUM"", ""PO25CL-PLAN-S04-SUM""]","[0.6267702579498291, 0.61368727684021, 0.6084754467010498, 0.6044647693634033, 0.6038233041763306, 0.6035728454589844, 0.5965940952301025, 0.5948213338851929, 0.5938740968704224, 0.5934889316558838]",[1],1.0,1.0,1.0,1.0,0.6267702579498291,0.6267702579498291,0.61368727684021,0.01308298110961914,0.01308298110961914,1.0,1.0,1.0,1.0,1.0,1.0,1.0,1.0,1.0,1.0,1.0,1.0,1.0,1.0,1.0
Q0550,Wie viele SWS nennt die Summenzeile für das 2. Semester?,fully_answerable,1,"[""PO25CL-PLAN-S02-SUM""]",0.564886748790741,0.5612553358078003,0.003631412982940674,"[""PO25CL-PLAN-S02-SUM"", ""PO25CL-PLAN-S04-M02"", ""PO25CL-PLAN-S03-M01"", ""PO25CL-PLAN-S02-M04"", ""PO25CL-PLAN-S04-M03"", ""PO25CL-PLAN-S01-SUM"", ""PO25CL-PLAN-S03-M04"", ""PO25CL-PLAN-S03-SUM"", ""PO25CL-PLAN-S03-M02"", ""PO25CL-PLAN-LEGEND""]","[0.564886748790741, 0.5612553358078003, 0.5559089779853821, 0.5518941879272461, 0.551762580871582, 0.5478115081787109, 0.5456875562667847, 0.5441491603851318, 0.5421444773674011, 0.5358821749687195]",[1],1.0,1.0,1.0,1.0,0.564886748790741,0.564886748790741,0.5612553358078003,0.003631412982940674,0.003631412982940674,1.0,1.0,1.0,1.0,1.0,1.0,1.0,1.0,1.0,1.0,1.0,1.0,1.0,1.0,1.0
Q0551,Wie viele LP nennt die Summenzeile für das 2. Semester?,fully_answerable,1,"[""PO25CL-PLAN-S02-SUM""]",0.6591190099716187,0.5748108625411987,0.08430814743041992,"[""PO25CL-GEN-C01-P03-A02"", ""PO25CL-PLAN-S02-SUM"", ""PO25CL-GEN-C03-P18-A06"", ""PO25CL-PLAN-S01-SUM"", ""PO25CL-PLAN-S03-SUM"", ""PO25CL-PLAN-S04-SUM"", ""PO25CL-PLAN-S05-SUM"", ""PO25CL-PLAN-S06-SUM"", ""PO25CL-GEN-C03-P18-A05"", ""PO25CL-PLAN-S02-PBB""]","[0.6591190099716187, 0.5748108625411987, 0.5726428031921387, 0.5570167303085327, 0.5509160757064819, 0.5386524796485901, 0.5373019576072693, 0.520729124546051, 0.5184072256088257, 0.5129989385604858]",[2],2.0,2.0,2.0,0.5,0.5748108625411987,0.5748108625411987,0.6591190099716187,-0.08430814743041992,-0.08430814743041992,0.0,0.0,0.0,1.0,1.0,1.0,1.0,1.0,1.0,1.0,1.0,1.0,1.0,1.0,1.0
Q0552,Wie viele LP entfallen laut Summenzeile des 2. Semesters auf den Profilbildungsbereich?,answerable_with_multiple_chunks,2,"[""PO25CL-PLAN-S02-SUM"", ""PO25CL-PLAN-LEGEND""]",0.7067445516586304,0.6977745890617371,0.00896996259689331,"[""PO25CL-GEN-C01-P05-A02"", ""PO25CL-GEN-C01-P03-A02"", ""PO25CL-PLAN-S02-PBB"", ""PO25CL-PLAN-S04-PBB"", ""PO25CL-PLAN-S01-PBB"", ""PO25CL-PLAN-S03-PBB"", ""PO25CL-PLAN-S05-PBB"", ""PO25CL-PLAN-S06-PBB"", ""PO25CL-GEN-C03-P18-A06"", ""PO25CL-GEN-C01-P05-A01""]","[0.7067445516586304, 0.6977745890617371, 0.6144582033157349, 0.6079832911491394, 0.6074581146240234, 0.5991500616073608, 0.5961287021636963, 0.5892057418823242, 0.5717699527740479, 0.5562140941619873]","[11, 18]",11.0,18.0,14.5,0.09090909090909091,0.5513579845428467,0.5306544899940491,0.7067445516586304,-0.1553865671157837,-0.1760900616645813,0.0,0.0,0.0,0.0,0.0,0.0,0.0,0.0,0.0,0.0,0.0,0.0,0.0,0.0,0.0
Q0553,Wie viele Module nennt die Summenzeile für das 3. Semester?,fully_answerable,1,"[""PO25CL-PLAN-S03-SUM""]",0.6749693155288696,0.6132868528366089,0.06168246269226074,"[""PO25CL-GEN-C01-P03-A03"", ""PO25CL-GEN-C03-P18-A05"", ""PO25CL-PLAN-S03-M04"", ""PO25CL-PLAN-S03-M02"", ""PO25CL-GEN-C01-P03-A02"", ""PO25CL-PLAN-S03-SUM"", ""PO25CL-GEN-C03-P18-A06"", ""PO25CL-PLAN-S04-M04"", ""PO25CL-PLAN-S05-M02"", ""PO25CL-PLAN-S04-M03""]","[0.6749693155288696, 0.6132868528366089, 0.6129350066184998, 0.5953788757324219, 0.5923707485198975, 0.5896278619766235, 0.5885189771652222, 0.584830641746521, 0.5763418674468994, 0.5716978907585144]",[6],6.0,6.0,6.0,0.16666666666666666,0.5896278619766235,0.5896278619766235,0.6749693155288696,-0.0853414535522461,-0.0853414535522461,0.0,0.0,0.0,0.0,0.0,0.0,0.0,0.0,0.0,0.0,0.0,0.0,1.0,1.0,1.0
Q0554,Wie viele Modulprüfungen nennt die Summenzeile für das 3. Semester?,answerable_with_multiple_chunks,2,"[""PO25CL-PLAN-S03-SUM"", ""PO25CL-PLAN-LEGEND""]",0.6937212347984314,0.6850341558456421,0.008687078952789307,"[""PO25CL-GEN-C03-P18-A05"", ""PO25CL-GEN-C03-P18-A07"", ""PO25CL-GEN-C03-P19-A01"", ""PO25CL-GEN-C03-P18-A06"", ""PO25CL-GEN-C03-P11-A09"", ""PO25CL-GEN-C03-P21-A02"", ""PO25CL-GEN-C01-P03-A03"", ""PO25CL-GEN-C01-P03-A02"", ""PO25CL-GEN-C03-P14-A04"", ""PO25CL-APP-R10""]","[0.6937212347984314, 0.6850341558456421, 0.6659975051879883, 0.6659154891967773, 0.6601517200469971, 0.6585730910301208, 0.6488744020462036, 0.6426292061805725, 0.6353952884674072, 0.6331973075866699]","[23, 73]",23.0,73.0,48.0,0.043478260869565216,0.601508617401123,0.5434244871139526,0.6937212347984314,-0.09221261739730835,-0.15029674768447876,0.0,0.0,0.0,0.0,0.0,0.0,0.0,0.0,0.0,0.0,0.0,0.0,0.0,0.0,0.0
Q0555,Wie viele Lehrveranstaltungen nennt die Summenzeile für das 3. Semester?,fully_answerable,1,"[""PO25CL-PLAN-S03-SUM""]",0.6494704484939575,0.6289945840835571,0.02047586441040039,"[""PO25CL-GEN-C01-P03-A03"", ""PO25CL-GEN-C01-P03-A01"", ""PO25CL-PLAN-S03-SUM"", ""PO25CL-GEN-C03-P21-A02"", ""PO25CL-PLAN-S04-PBB"", ""PO25CL-GEN-C01-P03-A02"", ""PO25CL-GEN-C03-P21-A01"", ""PO25CL-GEN-C01-P03-A05"", ""PO25CL-GEN-C03-P14-A04"", ""PO25CL-PLAN-S04-SUM""]","[0.6494704484939575, 0.6289945840835571, 0.6287440061569214, 0.6283502578735352, 0.6159168481826782, 0.6102662086486816, 0.6096419095993042, 0.6078358292579651, 0.6061034202575684, 0.6026169061660767]",[3],3.0,3.0,3.0,0.3333333333333333,0.6287440061569214,0.6287440061569214,0.6494704484939575,-0.020726442337036133,-0.020726442337036133,0.0,0.0,0.0,0.0,0.0,0.0,1.0,1.0,1.0,1.0,1.0,1.0,1.0,1.0,1.0
Q0556,Wie viele SWS nennt die Summenzeile für das 3. Semester?,fully_answerable,1,"[""PO25CL-PLAN-S03-SUM""]",0.5636656284332275,0.563586950302124,7.867813110351562e-05,"[""PO25CL-PLAN-S04-M02"", ""PO25CL-PLAN-S03-SUM"", ""PO25CL-PLAN-S03-M02"", ""PO25CL-PLAN-S03-M04"", ""PO25CL-APP-R10"", ""PO25CL-PLAN-S02-M04"", ""PO25CL-PLAN-S04-SUM"", ""PO25CL-GEN-C03-P18-A07"", ""PO25CL-PLAN-S04-M03"", ""PO25CL-PLAN-S02-SUM""]","[0.5636656284332275, 0.563586950302124, 0.557137131690979, 0.5503987669944763, 0.5423850417137146, 0.5384010672569275, 0.5364850759506226, 0.5318977236747742, 0.5317435264587402, 0.5309883952140808]",[2],2.0,2.0,2.0,0.5,0.563586950302124,0.563586950302124,0.5636656284332275,-7.867813110351562e-05,-7.867813110351562e-05,0.0,0.0,0.0,1.0,1.0,1.0,1.0,1.0,1.0,1.0,1.0,1.0,1.0,1.0,1.0
Q0557,Wie viele LP nennt die Summenzeile für das 3. Semester?,fully_answerable,1,"[""PO25CL-PLAN-S03-SUM""]",0.7069772481918335,0.5833163261413574,0.12366092205047607,"[""PO25CL-GEN-C01-P03-A02"", ""PO25CL-GEN-C03-P18-A06"", ""PO25CL-PLAN-S03-SUM"", ""PO25CL-GEN-C03-P18-A07"", ""PO25CL-GEN-C03-P18-A05"", ""PO25CL-PLAN-S04-SUM"", ""PO25CL-PLAN-S02-SUM"", ""PO25CL-GEN-C03-P15-A10"", ""PO25CL-APP-R10"", ""PO25CL-PLAN-S05-SUM""]","[0.7069772481918335, 0.5833163261413574, 0.5774918794631958, 0.5633447766304016, 0.5536474585533142, 0.5498886108398438, 0.5456502437591553, 0.5431882739067078, 0.5413426160812378, 0.5409461259841919]",[3],3.0,3.0,3.0,0.3333333333333333,0.5774918794631958,0.5774918794631958,0.7069772481918335,-0.1294853687286377,-0.1294853687286377,0.0,0.0,0.0,0.0,0.0,0.0,1.0,1.0,1.0,1.0,1.0,1.0,1.0,1.0,1.0
Q0558,Wie viele LP entfallen laut Summenzeile des 3. Semesters auf den Profilbildungsbereich?,answerable_with_multiple_chunks,2,"[""PO25CL-PLAN-S03-SUM"", ""PO25CL-PLAN-LEGEND""]",0.7285420298576355,0.6864421963691711,0.042099833488464355,"[""PO25CL-GEN-C01-P03-A02"", ""PO25CL-GEN-C01-P05-A02"", ""PO25CL-PLAN-S04-PBB"", ""PO25CL-PLAN-S03-PBB"", ""PO25CL-PLAN-S01-PBB"", ""PO25CL-PLAN-S02-PBB"", ""PO25CL-GEN-C03-P18-A06"", ""PO25CL-PLAN-S05-PBB"", ""PO25CL-GEN-C03-P18-A07"", ""PO25CL-PLAN-S06-PBB""]","[0.7285420298576355, 0.6864421963691711, 0.6307148337364197, 0.6001681089401245, 0.5817168951034546, 0.5812849402427673, 0.5768871307373047, 0.5756555795669556, 0.5749739408493042, 0.5706234574317932]","[14, 23]",14.0,23.0,18.5,0.07142857142857142,0.549330472946167,0.5146013498306274,0.7285420298576355,-0.1792115569114685,-0.21394068002700806,0.0,0.0,0.0,0.0,0.0,0.0,0.0,0.0,0.0,0.0,0.0,0.0,0.0,0.0,0.0
Q0559,Wie viele Module nennt die Summenzeile für das 4. Semester?,fully_answerable,1,"[""PO25CL-PLAN-S04-SUM""]",0.677810549736023,0.6365979313850403,0.041212618350982666,"[""PO25CL-GEN-C01-P03-A03"", ""PO25CL-GEN-C03-P18-A05"", ""PO25CL-PLAN-S04-M04"", ""PO25CL-PLAN-S03-M02"", ""PO25CL-PLAN-S03-M04"", ""PO25CL-GEN-C03-P18-A06"", ""PO25CL-PLAN-S04-SUM"", ""PO25CL-PLAN-S05-M02"", ""PO25CL-PLAN-S04-M03"", ""PO25CL-PLAN-S03-SUM""]","[0.677810549736023, 0.6365979313850403, 0.6238384246826172, 0.6175413131713867, 0.608561098575592, 0.6055617928504944, 0.599836528301239, 0.5991102457046509, 0.5974686741828918, 0.5927131175994873]",[7],7.0,7.0,7.0,0.14285714285714285,0.599836528301239,0.599836528301239,0.677810549736023,-0.07797402143478394,-0.07797402143478394,0.0,0.0,0.0,0.0,0.0,0.0,0.0,0.0,0.0,0.0,0.0,0.0,1.0,1.0,1.0
Q0560,Wie viele Modulprüfungen nennt die Summenzeile für das 4. Semester?,answerable_with_multiple_chunks,2,"[""PO25CL-PLAN-S04-SUM"", ""PO25CL-PLAN-LEGEND""]",0.7221643328666687,0.703734815120697,0.01842951774597168,"[""PO25CL-GEN-C03-P18-A05"", ""PO25CL-GEN-C03-P18-A07"", ""PO25CL-GEN-C03-P19-A01"", ""PO25CL-GEN-C03-P18-A06"", ""PO25CL-GEN-C03-P21-A02"", ""PO25CL-GEN-C03-P21-A01"", ""PO25CL-GEN-C01-P03-A04"", ""PO25CL-GEN-C01-P03-A03"", ""PO25CL-GEN-C01-P03-A02"", ""PO25CL-GEN-C03-P14-A04""]","[0.7221643328666687, 0.703734815120697, 0.6926302909851074, 0.6870787143707275, 0.6795473098754883, 0.674689531326294, 0.6573052406311035, 0.6557961702346802, 0.6476476192474365, 0.6408129334449768]","[18, 70]",18.0,70.0,44.0,0.05555555555555555,0.6173505187034607,0.5564066171646118,0.7221643328666687,-0.10481381416320801,-0.16575771570205688,0.0,0.0,0.0,0.0,0.0,0.0,0.0,0.0,0.0,0.0,0.0,0.0,0.0,0.0,0.0
Q0561,Wie viele Lehrveranstaltungen nennt die Summenzeile für das 4. Semester?,fully_answerable,1,"[""PO25CL-PLAN-S04-SUM""]",0.6626786589622498,0.6617288589477539,0.0009498000144958496,"[""PO25CL-GEN-C03-P21-A01"", ""PO25CL-GEN-C01-P03-A03"", ""PO25CL-GEN-C01-P03-A04"", ""PO25CL-GEN-C03-P21-A02"", ""PO25CL-GEN-C01-P04-A01"", ""PO25CL-PLAN-S04-SUM"", ""PO25CL-PLAN-S03-SUM"", ""PO25CL-GEN-C04-P28-A01"", ""PO25CL-PLAN-S03-M02"", ""PO25CL-PLAN-S04-M04""]","[0.6626786589622498, 0.6617288589477539, 0.6507825255393982, 0.6493403911590576, 0.648306131362915, 0.6428250670433044, 0.638329803943634, 0.6296612620353699, 0.6274511218070984, 0.6258928775787354]",[6],6.0,6.0,6.0,0.16666666666666666,0.6428250670433044,0.6428250670433044,0.6626786589622498,-0.019853591918945312,-0.019853591918945312,0.0,0.0,0.0,0.0,0.0,0.0,0.0,0.0,0.0,0.0,0.0,0.0,1.0,1.0,1.0
Q0562,Wie viele SWS nennt die Summenzeile für das 4. Semester?,fully_answerable,1,"[""PO25CL-PLAN-S04-SUM""]",0.585613489151001,0.585149884223938,0.0004636049270629883,"[""PO25CL-PLAN-S04-M02"", ""PO25CL-PLAN-S03-M02"", ""PO25CL-PLAN-S04-SUM"", ""PO25CL-PLAN-S02-M04"", ""PO25CL-PLAN-S03-SUM"", ""PO25CL-PLAN-S04-M03"", ""PO25CL-GEN-C03-P21-A01"", ""PO25CL-GEN-C03-P18-A06"", ""PO25CL-PLAN-S04-M04"", ""PO25CL-GEN-C03-P18-A07""]","[0.585613489151001, 0.585149884223938, 0.573813259601593, 0.5732040405273438, 0.5716385245323181, 0.5626800060272217, 0.560070276260376, 0.555661678314209, 0.5554176568984985, 0.5535216331481934]",[3],3.0,3.0,3.0,0.3333333333333333,0.573813259601593,0.573813259601593,0.585613489151001,-0.011800229549407959,-0.011800229549407959,0.0,0.0,0.0,0.0,0.0,0.0,1.0,1.0,1.0,1.0,1.0,1.0,1.0,1.0,1.0
Q0563,Wie viele LP nennt die Summenzeile für das 4. Semester?,fully_answerable,1,"[""PO25CL-PLAN-S04-SUM""]",0.7095461487770081,0.6028392910957336,0.10670685768127441,"[""PO25CL-GEN-C01-P03-A02"", ""PO25CL-GEN-C03-P18-A06"", ""PO25CL-PLAN-S04-SUM"", ""PO25CL-PLAN-S03-SUM"", ""PO25CL-GEN-C03-P18-A07"", ""PO25CL-GEN-C03-P18-A05"", ""PO25CL-GEN-C03-P21-A01"", ""PO25CL-PLAN-S02-SUM"", ""PO25CL-PLAN-S05-SUM"", ""PO25CL-GEN-C03-P21-A02""]","[0.7095461487770081, 0.6028392910957336, 0.584402322769165, 0.5825740098953247, 0.5807201266288757, 0.5806451439857483, 0.5709803104400635, 0.559208869934082, 0.5579625368118286, 0.5537647008895874]",[3],3.0,3.0,3.0,0.3333333333333333,0.584402322769165,0.584402322769165,0.7095461487770081,-0.12514382600784302,-0.12514382600784302,0.0,0.0,0.0,0.0,0.0,0.0,1.0,1.0,1.0,1.0,1.0,1.0,1.0,1.0,1.0
Q0564,Wie viele LP entfallen laut Summenzeile des 4. Semesters auf den Profilbildungsbereich?,answerable_with_multiple_chunks,2,"[""PO25CL-PLAN-S04-SUM"", ""PO25CL-PLAN-LEGEND""]",0.7290134429931641,0.7282834649085999,0.000729978084564209,"[""PO25CL-GEN-C01-P05-A02"", ""PO25CL-GEN-C01-P03-A02"", ""PO25CL-PLAN-S04-PBB"", ""PO25CL-PLAN-S03-PBB"", ""PO25CL-PLAN-S06-PBB"", ""PO25CL-PLAN-S05-PBB"", ""PO25CL-GEN-C03-P18-A06"", ""PO25CL-GEN-C01-P05-A01"", ""PO25CL-GEN-C01-P05-A03"", ""PO25CL-GEN-C03-P18-A07""]","[0.7290134429931641, 0.7282834649085999, 0.6306610107421875, 0.6123338937759399, 0.6004577875137329, 0.5974299907684326, 0.5938445925712585, 0.5919821858406067, 0.5903842449188232, 0.5870829820632935]","[14, 30]",14.0,30.0,22.0,0.07142857142857142,0.5623306035995483,0.5233252644538879,0.7290134429931641,-0.16668283939361572,-0.20568817853927612,0.0,0.0,0.0,0.0,0.0,0.0,0.0,0.0,0.0,0.0,0.0,0.0,0.0,0.0,0.0
Q0565,Wie viele Module nennt die Summenzeile für das 5. Semester?,fully_answerable,1,"[""PO25CL-PLAN-S05-SUM""]",0.6625684499740601,0.6245798468589783,0.03798860311508179,"[""PO25CL-GEN-C01-P03-A03"", ""PO25CL-GEN-C03-P18-A05"", ""PO25CL-PLAN-S05-M02"", ""PO25CL-PLAN-S04-M04"", ""PO25CL-APP-R06"", ""PO25CL-PLAN-S04-SUM"", ""PO25CL-PLAN-S03-M02"", ""PO25CL-PLAN-S03-M04"", ""PO25CL-PLAN-S05-SUM"", ""PO25CL-GEN-C03-P18-A06""]","[0.6625684499740601, 0.6245798468589783, 0.6110835671424866, 0.6059467792510986, 0.6039217710494995, 0.6033672094345093, 0.6015745401382446, 0.6003650426864624, 0.5975346565246582, 0.595548152923584]",[9],9.0,9.0,9.0,0.1111111111111111,0.5975346565246582,0.5975346565246582,0.6625684499740601,-0.06503379344940186,-0.06503379344940186,0.0,0.0,0.0,0.0,0.0,0.0,0.0,0.0,0.0,0.0,0.0,0.0,1.0,1.0,1.0
Q0566,Wie viele Modulprüfungen nennt die Summenzeile für das 5. Semester?,answerable_with_multiple_chunks,2,"[""PO25CL-PLAN-S05-SUM"", ""PO25CL-PLAN-LEGEND""]",0.7063851356506348,0.7020025253295898,0.004382610321044922,"[""PO25CL-GEN-C03-P18-A05"", ""PO25CL-GEN-C03-P18-A07"", ""PO25CL-GEN-C03-P18-A06"", ""PO25CL-GEN-C03-P19-A01"", ""PO25CL-APP-R06"", ""PO25CL-GEN-C03-P11-A09"", ""PO25CL-GEN-C03-P21-A02"", ""PO25CL-GEN-C01-P03-A04"", ""PO25CL-GEN-C01-P03-A03"", ""PO25CL-GEN-C03-P11-A06""]","[0.7063851356506348, 0.7020025253295898, 0.6738743782043457, 0.6724540591239929, 0.6513522267341614, 0.6492635011672974, 0.6391933560371399, 0.6384222507476807, 0.6336524486541748, 0.632843017578125]","[18, 62]",18.0,62.0,40.0,0.05555555555555555,0.6126109957695007,0.5663577318191528,0.7063851356506348,-0.09377413988113403,-0.14002740383148193,0.0,0.0,0.0,0.0,0.0,0.0,0.0,0.0,0.0,0.0,0.0,0.0,0.0,0.0,0.0
Q0567,Wie viele Lehrveranstaltungen nennt die Summenzeile für das 5. Semester?,fully_answerable,1,"[""PO25CL-PLAN-S05-SUM""]",0.6423015594482422,0.6360827684402466,0.0062187910079956055,"[""PO25CL-PLAN-S06-PBB"", ""PO25CL-PLAN-S04-SUM"", ""PO25CL-GEN-C01-P03-A03"", ""PO25CL-PLAN-S05-SUM"", ""PO25CL-PLAN-S03-SUM"", ""PO25CL-PLAN-S03-PBB"", ""PO25CL-GEN-C01-P03-A04"", ""PO25CL-PLAN-S06-SUM"", ""PO25CL-GEN-C03-P15-A01"", ""PO25CL-PLAN-S05-PBB""]","[0.6423015594482422, 0.6360827684402466, 0.6331766843795776, 0.6316641569137573, 0.6265388131141663, 0.6260226964950562, 0.6244450807571411, 0.6153280138969421, 0.613878607749939, 0.6134648323059082]",[4],4.0,4.0,4.0,0.25,0.6316641569137573,0.6316641569137573,0.6423015594482422,-0.010637402534484863,-0.010637402534484863,0.0,0.0,0.0,0.0,0.0,0.0,0.0,0.0,0.0,1.0,1.0,1.0,1.0,1.0,1.0
Q0568,Wie viele SWS nennt die Summenzeile für das 5. Semester?,fully_answerable,1,"[""PO25CL-PLAN-S05-SUM""]",0.5782325267791748,0.5779021382331848,0.00033038854598999023,"[""PO25CL-PLAN-S04-SUM"", ""PO25CL-PLAN-S02-M04"", ""PO25CL-PLAN-S04-M02"", ""PO25CL-PLAN-S05-SUM"", ""PO25CL-PLAN-S03-SUM"", ""PO25CL-PLAN-S03-M02"", ""PO25CL-PLAN-S06-M02"", ""PO25CL-PLAN-S06-PBB"", ""PO25CL-PLAN-S06-SUM"", ""PO25CL-GEN-C03-P18-A07""]","[0.5782325267791748, 0.5779021382331848, 0.575221061706543, 0.5725760459899902, 0.571045994758606, 0.5706386566162109, 0.5590429306030273, 0.557614266872406, 0.5575853586196899, 0.5550611019134521]",[4],4.0,4.0,4.0,0.25,0.5725760459899902,0.5725760459899902,0.5782325267791748,-0.00565648078918457,-0.00565648078918457,0.0,0.0,0.0,0.0,0.0,0.0,0.0,0.0,0.0,1.0,1.0,1.0,1.0,1.0,1.0
Q0569,Wie viele LP nennt die Summenzeile für das 5. Semester?,fully_answerable,1,"[""PO25CL-PLAN-S05-SUM""]",0.6687943935394287,0.597345769405365,0.07144862413406372,"[""PO25CL-GEN-C01-P03-A02"", ""PO25CL-GEN-C03-P18-A06"", ""PO25CL-PLAN-S04-SUM"", ""PO25CL-GEN-C03-P18-A07"", ""PO25CL-PLAN-S03-SUM"", ""PO25CL-PLAN-S05-SUM"", ""PO25CL-GEN-C03-P18-A05"", ""PO25CL-PLAN-S02-SUM"", ""PO25CL-PLAN-S06-SUM"", ""PO25CL-PLAN-S06-PBB""]","[0.6687943935394287, 0.597345769405365, 0.5902540683746338, 0.5856362581253052, 0.5836540460586548, 0.5834487676620483, 0.5734504461288452, 0.5666145086288452, 0.5598412156105042, 0.5590016841888428]",[6],6.0,6.0,6.0,0.16666666666666666,0.5834487676620483,0.5834487676620483,0.6687943935394287,-0.08534562587738037,-0.08534562587738037,0.0,0.0,0.0,0.0,0.0,0.0,0.0,0.0,0.0,0.0,0.0,0.0,1.0,1.0,1.0
Q0570,Wie viele LP entfallen laut Summenzeile des 5. Semesters auf den Profilbildungsbereich?,answerable_with_multiple_chunks,2,"[""PO25CL-PLAN-S05-SUM"", ""PO25CL-PLAN-LEGEND""]",0.7491694092750549,0.6949011087417603,0.05426830053329468,"[""PO25CL-GEN-C01-P05-A02"", ""PO25CL-GEN-C01-P03-A02"", ""PO25CL-PLAN-S06-PBB"", ""PO25CL-PLAN-S03-PBB"", ""PO25CL-GEN-C01-P05-A01"", ""PO25CL-PLAN-S04-PBB"", ""PO25CL-PLAN-S05-PBB"", ""PO25CL-GEN-C01-P05-A03"", ""PO25CL-PLAN-S01-PBB"", ""PO25CL-PLAN-S02-PBB""]","[0.7491694092750549, 0.6949011087417603, 0.63642418384552, 0.6318122148513794, 0.6282288432121277, 0.6252084970474243, 0.6233046054840088, 0.6146417856216431, 0.601483941078186, 0.5968046188354492]","[14, 23]",14.0,23.0,18.5,0.07142857142857142,0.5581848621368408,0.5348176956176758,0.7491694092750549,-0.1909845471382141,-0.21435171365737915,0.0,0.0,0.0,0.0,0.0,0.0,0.0,0.0,0.0,0.0,0.0,0.0,0.0,0.0,0.0
Q0571,Wie viele Module nennt die Summenzeile für das 6. Semester?,fully_answerable,1,"[""PO25CL-PLAN-S06-SUM""]",0.6255596876144409,0.6097813844680786,0.015778303146362305,"[""PO25CL-GEN-C01-P03-A03"", ""PO25CL-APP-R06"", ""PO25CL-PLAN-S05-M02"", ""PO25CL-GEN-C03-P18-A05"", ""PO25CL-PLAN-S03-M04"", ""PO25CL-PLAN-S04-SUM"", ""PO25CL-PLAN-S03-M02"", ""PO25CL-PLAN-S03-SUM"", ""PO25CL-PLAN-S05-SUM"", ""PO25CL-PLAN-S04-M04""]","[0.6255596876144409, 0.6097813844680786, 0.5902323722839355, 0.5881377458572388, 0.587020993232727, 0.5855586528778076, 0.5850824117660522, 0.5812618136405945, 0.5807268619537354, 0.5779626369476318]",[12],12.0,12.0,12.0,0.08333333333333333,0.5736651420593262,0.5736651420593262,0.6255596876144409,-0.051894545555114746,-0.051894545555114746,0.0,0.0,0.0,0.0,0.0,0.0,0.0,0.0,0.0,0.0,0.0,0.0,0.0,0.0,0.0
Q0572,Wie viele Modulprüfungen nennt die Summenzeile für das 6. Semester?,answerable_with_multiple_chunks,2,"[""PO25CL-PLAN-S06-SUM"", ""PO25CL-PLAN-LEGEND""]",0.6805012822151184,0.6755391359329224,0.004962146282196045,"[""PO25CL-GEN-C03-P18-A07"", ""PO25CL-GEN-C03-P18-A05"", ""PO25CL-GEN-C03-P11-A09"", ""PO25CL-APP-R06"", ""PO25CL-GEN-C03-P18-A06"", ""PO25CL-GEN-C03-P19-A01"", ""PO25CL-GEN-C03-P15-A01"", ""PO25CL-GEN-C01-P03-A05"", ""PO25CL-GEN-C03-P11-A02"", ""PO25CL-GEN-C03-P11-A06""]","[0.6805012822151184, 0.6755391359329224, 0.6726750135421753, 0.6622351408004761, 0.6590148210525513, 0.6553038358688354, 0.6530241966247559, 0.6336093544960022, 0.6311246156692505, 0.6284582614898682]","[26, 49]",26.0,49.0,37.5,0.038461538461538464,0.5997464060783386,0.5699768662452698,0.6805012822151184,-0.08075487613677979,-0.11052441596984863,0.0,0.0,0.0,0.0,0.0,0.0,0.0,0.0,0.0,0.0,0.0,0.0,0.0,0.0,0.0
Q0573,Wie viele Lehrveranstaltungen nennt die Summenzeile für das 6. Semester?,fully_answerable,1,"[""PO25CL-PLAN-S06-SUM""]",0.6538578271865845,0.6387819051742554,0.015075922012329102,"[""PO25CL-GEN-C03-P15-A01"", ""PO25CL-PLAN-S06-PBB"", ""PO25CL-PLAN-S04-SUM"", ""PO25CL-GEN-C02-P06-U01"", ""PO25CL-PLAN-S03-SUM"", ""PO25CL-PLAN-S03-PBB"", ""PO25CL-PLAN-S06-SUM"", ""PO25CL-PLAN-S05-SUM"", ""PO25CL-GEN-C01-P03-A05"", ""PO25CL-APP-R06""]","[0.6538578271865845, 0.6387819051742554, 0.6154793500900269, 0.6148852705955505, 0.614530622959137, 0.6138964295387268, 0.6134611368179321, 0.612004816532135, 0.6071558594703674, 0.600090503692627]",[7],7.0,7.0,7.0,0.14285714285714285,0.6134611368179321,0.6134611368179321,0.6538578271865845,-0.040396690368652344,-0.040396690368652344,0.0,0.0,0.0,0.0,0.0,0.0,0.0,0.0,0.0,0.0,0.0,0.0,1.0,1.0,1.0
Q0574,Wie viele SWS nennt die Summenzeile für das 6. Semester?,fully_answerable,1,"[""PO25CL-PLAN-S06-SUM""]",0.5605847835540771,0.5597230195999146,0.0008617639541625977,"[""PO25CL-PLAN-S03-SUM"", ""PO25CL-PLAN-S04-SUM"", ""PO25CL-PLAN-S06-M02"", ""PO25CL-PLAN-S02-M04"", ""PO25CL-PLAN-S06-SUM"", ""PO25CL-PLAN-S05-SUM"", ""PO25CL-PLAN-S06-PBB"", ""PO25CL-PLAN-S03-M02"", ""PO25CL-PLAN-S04-M02"", ""PO25CL-PLAN-S02-SUM""]","[0.5605847835540771, 0.5597230195999146, 0.5583879947662354, 0.5576450824737549, 0.5562102198600769, 0.5550333857536316, 0.553809404373169, 0.5533754229545593, 0.5526304841041565, 0.5438559055328369]",[5],5.0,5.0,5.0,0.2,0.5562102198600769,0.5562102198600769,0.5605847835540771,-0.004374563694000244,-0.004374563694000244,0.0,0.0,0.0,0.0,0.0,0.0,0.0,0.0,0.0,1.0,1.0,1.0,1.0,1.0,1.0
Q0575,Wie viele LP nennt die Summenzeile für das 6. Semester?,fully_answerable,1,"[""PO25CL-PLAN-S06-SUM""]",0.6247951984405518,0.5800962448120117,0.04469895362854004,"[""PO25CL-GEN-C01-P03-A02"", ""PO25CL-GEN-C03-P18-A06"", ""PO25CL-PLAN-S03-SUM"", ""PO25CL-PLAN-S04-SUM"", ""PO25CL-PLAN-S05-SUM"", ""PO25CL-GEN-C03-P18-A07"", ""PO25CL-PLAN-S06-SUM"", ""PO25CL-PLAN-S02-SUM"", ""PO25CL-PLAN-S06-PBB"", ""PO25CL-PLAN-S01-SUM""]","[0.6247951984405518, 0.5800962448120117, 0.5745704770088196, 0.5728521347045898, 0.566877007484436, 0.5609649419784546, 0.5598620772361755, 0.5585538744926453, 0.5562628507614136, 0.5531125664710999]",[7],7.0,7.0,7.0,0.14285714285714285,0.5598620772361755,0.5598620772361755,0.6247951984405518,-0.06493312120437622,-0.06493312120437622,0.0,0.0,0.0,0.0,0.0,0.0,0.0,0.0,0.0,0.0,0.0,0.0,1.0,1.0,1.0
Q0576,Wie viele LP entfallen laut Summenzeile des 6. Semesters auf den Profilbildungsbereich?,answerable_with_multiple_chunks,2,"[""PO25CL-PLAN-S06-SUM"", ""PO25CL-PLAN-LEGEND""]",0.7322308421134949,0.6830666065216064,0.04916423559188843,"[""PO25CL-GEN-C01-P05-A02"", ""PO25CL-GEN-C01-P03-A02"", ""PO25CL-PLAN-S06-PBB"", ""PO25CL-PLAN-S03-PBB"", ""PO25CL-PLAN-S05-PBB"", ""PO25CL-PLAN-S04-PBB"", ""PO25CL-PLAN-S01-PBB"", ""PO25CL-GEN-C01-P05-A01"", ""PO25CL-PLAN-S02-PBB"", ""PO25CL-GEN-C01-P05-A03""]","[0.7322308421134949, 0.6830666065216064, 0.6440081000328064, 0.6343883872032166, 0.618325412273407, 0.6178042888641357, 0.6040679216384888, 0.6008304357528687, 0.5977211594581604, 0.5880241394042969]","[23, 22]",22.0,23.0,22.5,0.045454545454545456,0.5439683794975281,0.5411604046821594,0.7322308421134949,-0.1882624626159668,-0.19107043743133545,0.0,0.0,0.0,0.0,0.0,0.0,0.0,0.0,0.0,0.0,0.0,0.0,0.0,0.0,0.0
Q0577,Welche Prüfungsnummer hat Einführung in die computationelle Logik?,answerable_with_multiple_chunks,2,"[""PO25CL-PLAN-S01-M01"", ""PO25CL-PLAN-LEGEND""]",0.6526476144790649,0.628867506980896,0.023780107498168945,"[""PO25CL-PLAN-S01-M01"", ""PO25CL-APP-R07-M01"", ""PO25CL-GEN-C03-P19-A08"", ""PO25CL-APP-R07-M10"", ""PO25CL-APP-R06"", ""PO25CL-GEN-C03-P11-A05"", ""PO25CL-GEN-C03-P18-A04"", ""PO25CL-GEN-C03-P14-A02"", ""PO25CL-APP-R10"", ""PO25CL-GEN-C03-P11-A03""]","[0.6526476144790649, 0.628867506980896, 0.6054643988609314, 0.570589542388916, 0.5649940371513367, 0.564826488494873, 0.5616738200187683, 0.5476083755493164, 0.5364737510681152, 0.5286407470703125]","[1, 32]",1.0,32.0,16.5,1.0,0.6526476144790649,0.4666016101837158,0.628867506980896,0.023780107498168945,-0.16226589679718018,0.5,1.0,0.0,0.5,1.0,0.0,0.5,1.0,0.0,0.5,1.0,0.0,0.5,1.0,0.0
Q0578,Welche Prüfungsnummer hat Mathematische Grundlagen?,answerable_with_multiple_chunks,2,"[""PO25CL-PLAN-S01-M01"", ""PO25CL-PLAN-LEGEND""]",0.5933431386947632,0.5859224200248718,0.007420718669891357,"[""PO25CL-GEN-C03-P18-A05"", ""PO25CL-GEN-C03-P18-A07"", ""PO25CL-GEN-C03-P18-A06"", ""PO25CL-GEN-C03-P19-A08"", ""PO25CL-APP-R06"", ""PO25CL-APP-R10"", ""PO25CL-GEN-C03-P11-A06"", ""PO25CL-GEN-C03-P18-A04"", ""PO25CL-GEN-C03-P11-A09"", ""PO25CL-GEN-C03-P18-A02""]","[0.5933431386947632, 0.5859224200248718, 0.5582114458084106, 0.5540235042572021, 0.5480246543884277, 0.5362919569015503, 0.5265090465545654, 0.526313066482544, 0.5233779549598694, 0.5210737586021423]","[14, 28]",14.0,28.0,21.0,0.07142857142857142,0.5123437643051147,0.4596009850502014,0.5933431386947632,-0.08099937438964844,-0.13374215364456177,0.0,0.0,0.0,0.0,0.0,0.0,0.0,0.0,0.0,0.0,0.0,0.0,0.0,0.0,0.0
Q0579,Welche Prüfungsform hat die Modulprüfung im Basismodul „Mathematische und logische Grundlagen“?,fully_answerable,1,"[""PO25CL-PLAN-S01-M01""]",0.7418876886367798,0.7275068759918213,0.014380812644958496,"[""PO25CL-GEN-C03-P11-A03"", ""PO25CL-GEN-C03-P11-A05"", ""PO25CL-GEN-C03-P11-A01"", ""PO25CL-APP-R07-M01"", ""PO25CL-GEN-C03-P11-A06"", ""PO25CL-GEN-C03-P11-A07"", ""PO25CL-GEN-C03-P14-A02"", ""PO25CL-GEN-C03-P18-A04"", ""PO25CL-GEN-C03-P11-A02"", ""PO25CL-GEN-C03-P18-A02""]","[0.7418876886367798, 0.7275068759918213, 0.7268902063369751, 0.7070489525794983, 0.7026907801628113, 0.68553227186203, 0.6828943490982056, 0.6742597818374634, 0.6426411867141724, 0.637846827507019]",[14],14.0,14.0,14.0,0.07142857142857142,0.600375771522522,0.600375771522522,0.7418876886367798,-0.1415119171142578,-0.1415119171142578,0.0,0.0,0.0,0.0,0.0,0.0,0.0,0.0,0.0,0.0,0.0,0.0,0.0,0.0,0.0
Q0580,Welche Prüfungsnummer hat das Seminar Einführung in die Computerlinguistik?,answerable_with_multiple_chunks,2,"[""PO25CL-PLAN-S01-M02"", ""PO25CL-PLAN-LEGEND""]",0.7828365564346313,0.7220902442932129,0.06074631214141846,"[""PO25CL-APP-R06"", ""PO25CL-PLAN-S05-M03"", ""PO25CL-PLAN-S01-M02"", ""PO25CL-PLAN-S06-M01"", ""PO25CL-PLAN-S06-M02"", ""PO25CL-PLAN-LEGEND"", ""PO25CL-PLAN-S02-M04"", ""PO25CL-PLAN-S05-SUM"", ""PO25CL-PLAN-S03-M02"", ""PO25CL-PLAN-S01-PBB""]","[0.7828365564346313, 0.7220902442932129, 0.7209567427635193, 0.7180546522140503, 0.7127432823181152, 0.7074369192123413, 0.7061131000518799, 0.6995865106582642, 0.6985560655593872, 0.6971949338912964]","[3, 6]",3.0,6.0,4.5,0.3333333333333333,0.7209567427635193,0.7074369192123413,0.7828365564346313,-0.06187981367111206,-0.07539963722229004,0.0,0.0,0.0,0.0,0.0,0.0,0.5,1.0,0.0,0.5,1.0,0.0,1.0,1.0,1.0
Q0581,Welche Prüfungsnummer hat das Seminar Einführung in die Programmierung mit Python?,answerable_with_multiple_chunks,2,"[""PO25CL-PLAN-S01-M03"", ""PO25CL-PLAN-LEGEND""]",0.6839655637741089,0.6701231002807617,0.013842463493347168,"[""PO25CL-PLAN-S01-M03"", ""PO25CL-PLAN-S02-M02"", ""PO25CL-APP-R07-M03"", ""PO25CL-GEN-C03-P11-A09"", ""PO25CL-GEN-C03-P11-A02"", ""PO25CL-APP-R06"", ""PO25CL-GEN-C03-P13-A01"", ""PO25CL-GEN-C03-P11-A04"", ""PO25CL-GEN-C03-P11-A01"", ""PO25CL-GEN-C03-P18-A04""]","[0.6839655637741089, 0.6701231002807617, 0.5686625242233276, 0.5531891584396362, 0.5498679876327515, 0.536259651184082, 0.5270076990127563, 0.5237468481063843, 0.5213668942451477, 0.5186079740524292]","[1, 29]",1.0,29.0,15.0,1.0,0.6839655637741089,0.44207292795181274,0.6701231002807617,0.013842463493347168,-0.22805017232894897,0.5,1.0,0.0,0.5,1.0,0.0,0.5,1.0,0.0,0.5,1.0,0.0,0.5,1.0,0.0
Q0582,Welche Prüfungsform hat die Modulprüfung im Modul „Basiswissen Linguistik – Morphologie und Syntax“?,fully_answerable,1,"[""PO25CL-PLAN-S01-M04""]",0.7604502439498901,0.7579575777053833,0.002492666244506836,"[""PO25CL-APP-R07-M04"", ""PO25CL-APP-R07-M05"", ""PO25CL-APP-R07-M08"", ""PO25CL-APP-R09"", ""PO25CL-APP-R07-M02"", ""PO25CL-APP-R11"", ""PO25CL-GEN-C03-P11-A05"", ""PO25CL-GEN-C03-P11-A06"", ""PO25CL-PLAN-S01-M04"", ""PO25CL-APP-R08""]","[0.7604502439498901, 0.7579575777053833, 0.7506163120269775, 0.7391351461410522, 0.7134792804718018, 0.7102487087249756, 0.7029894590377808, 0.684300422668457, 0.6808391213417053, 0.6752286553382874]",[9],9.0,9.0,9.0,0.1111111111111111,0.6808391213417053,0.6808391213417053,0.7604502439498901,-0.07961112260818481,-0.07961112260818481,0.0,0.0,0.0,0.0,0.0,0.0,0.0,0.0,0.0,0.0,0.0,0.0,1.0,1.0,1.0
Q0583,Welche Prüfungsnummer hat das Seminar Grammatikformalismen?,answerable_with_multiple_chunks,2,"[""PO25CL-PLAN-S02-M01"", ""PO25CL-PLAN-LEGEND""]",0.6301589608192444,0.6146796345710754,0.015479326248168945,"[""PO25CL-PLAN-S02-M01"", ""PO25CL-GEN-C03-P14-A04"", ""PO25CL-GEN-C03-P11-A02"", ""PO25CL-APP-R06"", ""PO25CL-PLAN-S01-M02"", ""PO25CL-GEN-C03-P12-A02"", ""PO25CL-PLAN-S01-M04"", ""PO25CL-PLAN-S02-M03"", ""PO25CL-GEN-C03-P11-A06"", ""PO25CL-GEN-C03-P14-A05""]","[0.6301589608192444, 0.6146796345710754, 0.6066865921020508, 0.5968129634857178, 0.5908297300338745, 0.5869541168212891, 0.5861871242523193, 0.5726556777954102, 0.5691649913787842, 0.5689861178398132]","[1, 72]",1.0,72.0,36.5,1.0,0.6301589608192444,0.4823185205459595,0.6146796345710754,0.015479326248168945,-0.13236111402511597,0.5,1.0,0.0,0.5,1.0,0.0,0.5,1.0,0.0,0.5,1.0,0.0,0.5,1.0,0.0
Q0584,Welche Prüfungsform hat die Modulprüfung im Basismodul „Python-Programmierung“?,fully_answerable,1,"[""PO25CL-PLAN-S02-M02""]",0.7307573556900024,0.7151799201965332,0.015577435493469238,"[""PO25CL-APP-R07-M03"", ""PO25CL-GEN-C03-P11-A03"", ""PO25CL-GEN-C03-P11-A01"", ""PO25CL-GEN-C03-P11-A05"", ""PO25CL-GEN-C03-P18-A04"", ""PO25CL-PLAN-S02-M02"", ""PO25CL-GEN-C03-P11-A07"", ""PO25CL-GEN-C03-P11-A06"", ""PO25CL-PLAN-S01-M03"", ""PO25CL-GEN-C03-P14-A01""]","[0.7307573556900024, 0.7151799201965332, 0.706845223903656, 0.6803138256072998, 0.6629323363304138, 0.649111807346344, 0.641480565071106, 0.6398487091064453, 0.6158834099769592, 0.5988888740539551]",[6],6.0,6.0,6.0,0.16666666666666666,0.649111807346344,0.649111807346344,0.7307573556900024,-0.08164554834365845,-0.08164554834365845,0.0,0.0,0.0,0.0,0.0,0.0,0.0,0.0,0.0,0.0,0.0,0.0,1.0,1.0,1.0
Q0585,Welche Prüfungsform hat die Modulprüfung im Modul „Basiswissen Linguistik – Semantik und Pragmatik“?,fully_answerable,1,"[""PO25CL-PLAN-S02-M03""]",0.734224796295166,0.7255570888519287,0.008667707443237305,"[""PO25CL-APP-R07-M05"", ""PO25CL-GEN-C03-P11-A05"", ""PO25CL-APP-R09"", ""PO25CL-GEN-C03-P11-A06"", ""PO25CL-GEN-C03-P11-A01"", ""PO25CL-APP-R07-M08"", ""PO25CL-APP-R11"", ""PO25CL-APP-R08"", ""PO25CL-GEN-C03-P11-A07"", ""PO25CL-APP-R07-M04""]","[0.734224796295166, 0.7255570888519287, 0.7233748435974121, 0.7197213768959045, 0.697425365447998, 0.6835198998451233, 0.676937997341156, 0.6761411428451538, 0.6615390181541443, 0.6607406139373779]",[18],18.0,18.0,18.0,0.05555555555555555,0.6359166502952576,0.6359166502952576,0.734224796295166,-0.09830814599990845,-0.09830814599990845,0.0,0.0,0.0,0.0,0.0,0.0,0.0,0.0,0.0,0.0,0.0,0.0,0.0,0.0,0.0
Q0586,Welche Prüfungsnummer hat Wahrscheinlichkeitstheorie und Statistik?,answerable_with_multiple_chunks,2,"[""PO25CL-PLAN-S02-M04"", ""PO25CL-PLAN-LEGEND""]",0.5626731514930725,0.5566452741622925,0.006027877330780029,"[""PO25CL-GEN-C03-P14-A02"", ""PO25CL-GEN-C03-P19-A08"", ""PO25CL-GEN-C03-P18-A02"", ""PO25CL-GEN-C03-P18-A08"", ""PO25CL-GEN-C03-P18-A06"", ""PO25CL-GEN-C03-P18-A03"", ""PO25CL-GEN-C03-P17-A05"", ""PO25CL-PLAN-S02-M04"", ""PO25CL-GEN-C03-P11-A07"", ""PO25CL-GEN-C03-P18-A01""]","[0.5626731514930725, 0.5566452741622925, 0.5078811049461365, 0.5075948238372803, 0.5073013305664062, 0.5032826662063599, 0.49926912784576416, 0.49735701084136963, 0.49413859844207764, 0.4869250953197479]","[8, 76]",8.0,76.0,42.0,0.125,0.49735701084136963,0.37328094244003296,0.5626731514930725,-0.06531614065170288,-0.18939220905303955,0.0,0.0,0.0,0.0,0.0,0.0,0.0,0.0,0.0,0.0,0.0,0.0,0.5,1.0,0.0
Q0587,Welche Prüfungsnummer hat Linguistische Ressourcen?,answerable_with_multiple_chunks,2,"[""PO25CL-PLAN-S03-M01"", ""PO25CL-PLAN-LEGEND""]",0.6854639053344727,0.6155833601951599,0.06988054513931274,"[""PO25CL-APP-R06"", ""PO25CL-APP-R10"", ""PO25CL-APP-R11"", ""PO25CL-PLAN-S01-M04"", ""PO25CL-PLAN-S02-M03"", ""PO25CL-PLAN-S03-M01"", ""PO25CL-APP-R08"", ""PO25CL-GEN-C03-P14-A04"", ""PO25CL-APP-R04"", ""PO25CL-GEN-C03-P11-A08""]","[0.6854639053344727, 0.6155833601951599, 0.6143231987953186, 0.6118118762969971, 0.609958827495575, 0.6054002046585083, 0.6041733622550964, 0.6019560098648071, 0.5946324467658997, 0.5908762216567993]","[6, 27]",6.0,27.0,16.5,0.16666666666666666,0.6054002046585083,0.5465526580810547,0.6854639053344727,-0.08006370067596436,-0.13891124725341797,0.0,0.0,0.0,0.0,0.0,0.0,0.0,0.0,0.0,0.0,0.0,0.0,0.5,1.0,0.0
Q0588,Welche Prüfungsnummer hat Grundlagen des maschinellen Lernens?,answerable_with_multiple_chunks,2,"[""PO25CL-PLAN-S03-M02"", ""PO25CL-PLAN-LEGEND""]",0.6174418926239014,0.5748934745788574,0.042548418045043945,"[""PO25CL-APP-R06"", ""PO25CL-APP-R10"", ""PO25CL-APP-R07-M07"", ""PO25CL-APP-R08"", ""PO25CL-GEN-C03-P11-A05"", ""PO25CL-PLAN-S03-M02"", ""PO25CL-GEN-C03-P11-A09"", ""PO25CL-PLAN-LEGEND"", ""PO25CL-GEN-C03-P18-A07"", ""PO25CL-GEN-C03-P13-A01""]","[0.6174418926239014, 0.5748934745788574, 0.5411231517791748, 0.5321254730224609, 0.5285450220108032, 0.5226454734802246, 0.5212901830673218, 0.5103302597999573, 0.5092289447784424, 0.49796074628829956]","[6, 8]",6.0,8.0,7.0,0.16666666666666666,0.5226454734802246,0.5103302597999573,0.6174418926239014,-0.09479641914367676,-0.10711163282394409,0.0,0.0,0.0,0.0,0.0,0.0,0.0,0.0,0.0,0.0,0.0,0.0,1.0,1.0,1.0
Q0589,Welche Prüfungsnummer hat das Seminar Automatentheorie & Formale Sprachen?,answerable_with_multiple_chunks,2,"[""PO25CL-PLAN-S03-M03"", ""PO25CL-PLAN-LEGEND""]",0.694046676158905,0.6512922644615173,0.042754411697387695,"[""PO25CL-PLAN-S03-M03"", ""PO25CL-APP-R06"", ""PO25CL-APP-R08"", ""PO25CL-GEN-C01-P03-A03"", ""PO25CL-APP-R11"", ""PO25CL-GEN-C03-P11-A02"", ""PO25CL-PLAN-S02-M03"", ""PO25CL-GEN-C03-P11-A05"", ""PO25CL-PLAN-S01-M01"", ""PO25CL-PLAN-S03-M02""]","[0.694046676158905, 0.6512922644615173, 0.5981669425964355, 0.5957300662994385, 0.5921578407287598, 0.5917764902114868, 0.5872755646705627, 0.5848626494407654, 0.5830564498901367, 0.5778486132621765]","[1, 16]",1.0,16.0,8.5,1.0,0.694046676158905,0.5592345595359802,0.6512922644615173,0.042754411697387695,-0.09205770492553711,0.5,1.0,0.0,0.5,1.0,0.0,0.5,1.0,0.0,0.5,1.0,0.0,0.5,1.0,0.0
Q0590,Welche Prüfungsform hat die Modulprüfung im Aufbaumodul „Objektorientierte Programmierung“?,fully_answerable,1,"[""PO25CL-PLAN-S03-M04""]",0.7613384127616882,0.7512751817703247,0.010063230991363525,"[""PO25CL-GEN-C03-P11-A05"", ""PO25CL-GEN-C03-P11-A03"", ""PO25CL-GEN-C03-P11-A01"", ""PO25CL-APP-R07-M10"", ""PO25CL-APP-R07-M11"", ""PO25CL-GEN-C03-P11-A07"", ""PO25CL-APP-R07-M01"", ""PO25CL-GEN-C03-P11-A06"", ""PO25CL-GEN-C03-P18-A04"", ""PO25CL-GEN-C03-P14-A02""]","[0.7613384127616882, 0.7512751817703247, 0.7478625774383545, 0.7002859711647034, 0.6756579875946045, 0.6749591827392578, 0.6715244054794312, 0.6705981492996216, 0.6653995513916016, 0.6639730930328369]",[52],52.0,52.0,52.0,0.019230769230769232,0.5191764235496521,0.5191764235496521,0.7613384127616882,-0.24216198921203613,-0.24216198921203613,0.0,0.0,0.0,0.0,0.0,0.0,0.0,0.0,0.0,0.0,0.0,0.0,0.0,0.0,0.0
Q0591,Welche Prüfungsnummer hat das Seminar Deep Learning?,answerable_with_multiple_chunks,2,"[""PO25CL-PLAN-S04-M01"", ""PO25CL-PLAN-LEGEND""]",0.5750100612640381,0.5685887336730957,0.006421327590942383,"[""PO25CL-APP-R06"", ""PO25CL-PLAN-S04-M01"", ""PO25CL-PLAN-S03-M02"", ""PO25CL-PLAN-S05-M01"", ""PO25CL-PLAN-S06-M02"", ""PO25CL-PLAN-S06-M01"", ""PO25CL-PLAN-S03-M04"", ""PO25CL-GEN-C03-P11-A09"", ""PO25CL-PLAN-S05-M02"", ""PO25CL-PLAN-S05-M03""]","[0.5750100612640381, 0.5685887336730957, 0.5029972791671753, 0.5015204548835754, 0.48655492067337036, 0.4813588261604309, 0.4785740077495575, 0.4777399003505707, 0.4766324758529663, 0.4740408658981323]","[2, 17]",2.0,17.0,9.5,0.5,0.5685887336730957,0.4638523459434509,0.5750100612640381,-0.006421327590942383,-0.11115771532058716,0.0,0.0,0.0,0.5,1.0,0.0,0.5,1.0,0.0,0.5,1.0,0.0,0.5,1.0,0.0
Q0592,Welche Prüfungsnummer hat das Parsing-Seminar?,answerable_with_multiple_chunks,2,"[""PO25CL-PLAN-S04-M02"", ""PO25CL-PLAN-LEGEND""]",0.5739156007766724,0.5724259614944458,0.0014896392822265625,"[""PO25CL-GEN-C03-P18-A07"", ""PO25CL-GEN-C03-P11-A09"", ""PO25CL-GEN-C03-P13-A01"", ""PO25CL-PLAN-S04-M02"", ""PO25CL-APP-R06"", ""PO25CL-APP-R10"", ""PO25CL-GEN-C03-P17-A01"", ""PO25CL-GEN-C03-P21-A01"", ""PO25CL-GEN-C03-P19-A01"", ""PO25CL-GEN-C01-P03-A05""]","[0.5739156007766724, 0.5724259614944458, 0.5673537254333496, 0.5470951795578003, 0.5467219352722168, 0.5452935695648193, 0.5280554890632629, 0.5240403413772583, 0.513522744178772, 0.5123691558837891]","[4, 21]",4.0,21.0,12.5,0.25,0.5470951795578003,0.489959716796875,0.5739156007766724,-0.02682042121887207,-0.08395588397979736,0.0,0.0,0.0,0.0,0.0,0.0,0.0,0.0,0.0,0.5,1.0,0.0,0.5,1.0,0.0
Q0593,Welche Prüfungsnummer hat das Seminar Einführung in Prolog?,answerable_with_multiple_chunks,2,"[""PO25CL-PLAN-S04-M03"", ""PO25CL-PLAN-LEGEND""]",0.5510842800140381,0.5508427619934082,0.0002415180206298828,"[""PO25CL-PLAN-S04-M03"", ""PO25CL-GEN-C03-P11-A02"", ""PO25CL-GEN-C03-P21-A02"", ""PO25CL-APP-R06"", ""PO25CL-GEN-C03-P11-A09"", ""PO25CL-GEN-C03-P11-A04"", ""PO25CL-GEN-C03-P18-A07"", ""PO25CL-GEN-C03-P14-A04"", ""PO25CL-GEN-C01-P03-A03"", ""PO25CL-GEN-C03-P19-A01""]","[0.5510842800140381, 0.5508427619934082, 0.5500332117080688, 0.5391276478767395, 0.5373858213424683, 0.5335012078285217, 0.5141928195953369, 0.5132986307144165, 0.5036031007766724, 0.49508771300315857]","[1, 16]",1.0,16.0,8.5,1.0,0.5510842800140381,0.4884604215621948,0.5508427619934082,0.0002415180206298828,-0.06238234043121338,0.5,1.0,0.0,0.5,1.0,0.0,0.5,1.0,0.0,0.5,1.0,0.0,0.5,1.0,0.0
Q0594,Welche Prüfungsnummer hat das Seminar nach Wahl im ersten Teil des interdisziplinären Vertiefungsmoduls?,answerable_with_multiple_chunks,2,"[""PO25CL-PLAN-S04-M04"", ""PO25CL-PLAN-LEGEND""]",0.6373050212860107,0.6301920413970947,0.007112979888916016,"[""PO25CL-GEN-C03-P11-A04"", ""PO25CL-GEN-C03-P11-A02"", ""PO25CL-GEN-C01-P03-A03"", ""PO25CL-GEN-C03-P12-A02"", ""PO25CL-GEN-C03-P11-A09"", ""PO25CL-GEN-C03-P11-A01"", ""PO25CL-GEN-C03-P11-A05"", ""PO25CL-APP-R06"", ""PO25CL-GEN-C02-P09-A05"", ""PO25CL-GEN-C03-P11-A07""]","[0.6373050212860107, 0.6301920413970947, 0.6262462139129639, 0.6214971542358398, 0.6210578680038452, 0.6141085624694824, 0.6133753061294556, 0.6043363809585571, 0.5975126624107361, 0.5950222015380859]","[27, 105]",27.0,105.0,66.0,0.037037037037037035,0.573236882686615,0.5032697319984436,0.6373050212860107,-0.06406813859939575,-0.13403528928756714,0.0,0.0,0.0,0.0,0.0,0.0,0.0,0.0,0.0,0.0,0.0,0.0,0.0,0.0,0.0
Q0595,Welche Prüfungsnummer hat das Orientierungsseminar?,answerable_with_multiple_chunks,2,"[""PO25CL-PLAN-S04-M05"", ""PO25CL-PLAN-LEGEND""]",0.5602648258209229,0.5567634701728821,0.0035013556480407715,"[""PO25CL-APP-R06"", ""PO25CL-APP-R07-M12"", ""PO25CL-GEN-C04-P31-A02"", ""PO25CL-GEN-C01-P03-A04"", ""PO25CL-PLAN-S05-M01"", ""PO25CL-GEN-C03-P11-A09"", ""PO25CL-PLAN-S04-M05"", ""PO25CL-GEN-C03-P19-A01"", ""PO25CL-GEN-C01-P03-A05"", ""PO25CL-GEN-C03-P11-A02""]","[0.5602648258209229, 0.5567634701728821, 0.5461219549179077, 0.5439697504043579, 0.5423997640609741, 0.5397351980209351, 0.5356083512306213, 0.5333957672119141, 0.5297794342041016, 0.5266320705413818]","[7, 26]",7.0,26.0,16.5,0.14285714285714285,0.5356083512306213,0.48001688718795776,0.5602648258209229,-0.024656474590301514,-0.08024793863296509,0.0,0.0,0.0,0.0,0.0,0.0,0.0,0.0,0.0,0.0,0.0,0.0,0.5,1.0,0.0
Q0596,Welche Prüfungsnummer hat das Praktikum im fünften Semester?,answerable_with_multiple_chunks,2,"[""PO25CL-PLAN-S05-M01"", ""PO25CL-PLAN-LEGEND""]",0.6577755212783813,0.6372619867324829,0.020513534545898438,"[""PO25CL-GEN-C01-P03-A04"", ""PO25CL-APP-R14"", ""PO25CL-PLAN-S05-M01"", ""PO25CL-GEN-C03-P15-A01"", ""PO25CL-GEN-C03-P21-A02"", ""PO25CL-PLAN-S06-PBB"", ""PO25CL-GEN-C01-P03-A05"", ""PO25CL-GEN-C03-P18-A07"", ""PO25CL-APP-R06"", ""PO25CL-PLAN-S03-PBB""]","[0.6577755212783813, 0.6372619867324829, 0.6309052109718323, 0.6271467804908752, 0.6075085997581482, 0.5948125123977661, 0.5936444997787476, 0.5906823873519897, 0.5875135660171509, 0.5831176042556763]","[3, 27]",3.0,27.0,15.0,0.3333333333333333,0.6309052109718323,0.5491755604743958,0.6577755212783813,-0.026870310306549072,-0.1085999608039856,0.0,0.0,0.0,0.0,0.0,0.0,0.5,1.0,0.0,0.5,1.0,0.0,0.5,1.0,0.0
Q0597,Welche Prüfungsnummer hat die Modulprüfung im interdisziplinären Vertiefungsmodul?,answerable_with_multiple_chunks,2,"[""PO25CL-PLAN-S05-M02"", ""PO25CL-PLAN-LEGEND""]",0.7149508595466614,0.6971390843391418,0.01781177520751953,"[""PO25CL-GEN-C03-P11-A01"", ""PO25CL-GEN-C03-P11-A03"", ""PO25CL-GEN-C03-P11-A05"", ""PO25CL-GEN-C03-P11-A06"", ""PO25CL-GEN-C03-P11-A04"", ""PO25CL-GEN-C03-P14-A02"", ""PO25CL-GEN-C03-P18-A02"", ""PO25CL-GEN-C03-P11-A07"", ""PO25CL-GEN-C03-P18-A04"", ""PO25CL-GEN-C03-P13-A01""]","[0.7149508595466614, 0.6971390843391418, 0.6736395359039307, 0.6616475582122803, 0.6580501794815063, 0.645796000957489, 0.6335250735282898, 0.6333372592926025, 0.6314109563827515, 0.617214560508728]","[56, 115]",56.0,115.0,85.5,0.017857142857142856,0.5022225379943848,0.43556758761405945,0.7149508595466614,-0.2127283215522766,-0.27938327193260193,0.0,0.0,0.0,0.0,0.0,0.0,0.0,0.0,0.0,0.0,0.0,0.0,0.0,0.0,0.0
Q0598,Welche Prüfungsnummer hat das erste Wahlseminar im Vertiefungsmodul Computerlinguistik 1?,answerable_with_multiple_chunks,2,"[""PO25CL-PLAN-S05-M03"", ""PO25CL-PLAN-LEGEND""]",0.7659705877304077,0.7251194715499878,0.04085111618041992,"[""PO25CL-APP-R06"", ""PO25CL-PLAN-S06-M01"", ""PO25CL-PLAN-S05-M03"", ""PO25CL-PLAN-S03-M02"", ""PO25CL-PLAN-S04-M04"", ""PO25CL-PLAN-S05-M02"", ""PO25CL-PLAN-S02-M04"", ""PO25CL-PLAN-S01-M02"", ""PO25CL-PLAN-S01-PBB"", ""PO25CL-APP-R08""]","[0.7659705877304077, 0.7251194715499878, 0.7222155332565308, 0.7116179466247559, 0.702438235282898, 0.701889157295227, 0.6993802785873413, 0.6988681554794312, 0.6923792958259583, 0.6888803243637085]","[3, 30]",3.0,30.0,16.5,0.3333333333333333,0.7222155332565308,0.6542009115219116,0.7659705877304077,-0.04375505447387695,-0.1117696762084961,0.0,0.0,0.0,0.0,0.0,0.0,0.5,1.0,0.0,0.5,1.0,0.0,0.5,1.0,0.0
Q0599,Welche Prüfungsnummer hat die Bachelorarbeit?,answerable_with_multiple_chunks,2,"[""PO25CL-PLAN-S06-M02"", ""PO25CL-PLAN-LEGEND""]",0.6936913728713989,0.6556585431098938,0.03803282976150513,"[""PO25CL-GEN-C03-P21-A03"", ""PO25CL-GEN-C03-P21-A01"", ""PO25CL-GEN-C03-P15-A01"", ""PO25CL-GEN-C03-P21-A02"", ""PO25CL-GEN-C01-P03-A05"", ""PO25CL-GEN-C03-P10-U01"", ""PO25CL-APP-R06"", ""PO25CL-GEN-C03-P22-U01"", ""PO25CL-PLAN-S06-SUM"", ""PO25CL-GEN-C03-P16-A03""]","[0.6936913728713989, 0.6556585431098938, 0.6463972330093384, 0.633599042892456, 0.6317218542098999, 0.6261471509933472, 0.6261022090911865, 0.5922626256942749, 0.5839817523956299, 0.583916425704956]","[29, 11]",11.0,29.0,20.0,0.09090909090909091,0.5776689052581787,0.546194314956665,0.6936913728713989,-0.11602246761322021,-0.1474970579147339,0.0,0.0,0.0,0.0,0.0,0.0,0.0,0.0,0.0,0.0,0.0,0.0,0.0,0.0,0.0
Q0600,Müssen belastende Entscheidungen des Prüfungsausschusses begründet werden?,fully_answerable,1,"[""PO25CL-GEN-C03-P17-A06""]",0.7594424486160278,0.7594001293182373,4.2319297790527344e-05,"[""PO25CL-GEN-C04-P24-A06"", ""PO25CL-GEN-C03-P17-A06"", ""PO25CL-GEN-C04-P24-A03"", ""PO25CL-GEN-C04-P24-A02"", ""PO25CL-GEN-C03-P12-A04"", ""PO25CL-GEN-C04-P27-A01-02"", ""PO25CL-GEN-C04-P24-A04"", ""PO25CL-GEN-C04-P26-U01"", ""PO25CL-GEN-C03-P19-A04"", ""PO25CL-GEN-C04-P24-A05""]","[0.7594424486160278, 0.7594001293182373, 0.7589533925056458, 0.7568257451057434, 0.7261048555374146, 0.7198367118835449, 0.7033541202545166, 0.6979910135269165, 0.6933473944664001, 0.6797053813934326]",[2],2.0,2.0,2.0,0.5,0.7594001293182373,0.7594001293182373,0.7594424486160278,-4.2319297790527344e-05,-4.2319297790527344e-05,0.0,0.0,0.0,1.0,1.0,1.0,1.0,1.0,1.0,1.0,1.0,1.0,1.0,1.0,1.0
Q0601,Für welche vier beispielhaften Berufsfelder soll der Bachelorstudiengang Computerlinguistik besonders qualifizieren?,not_answerable_from_source,0,[],0.8344312906265259,0.8319759368896484,0.0024553537368774414,"[""PO25CL-PLAN-S04-PBB"", ""PO25CL-PLAN-S03-PBB"", ""PO25CL-PLAN-S05-PBB"", ""PO25CL-PLAN-S06-PBB"", ""PO25CL-PLAN-S02-PBB"", ""PO25CL-PLAN-S01-PBB"", ""PO25CL-PLAN-S06-SUM"", ""PO25CL-PLAN-S04-SUM"", ""PO25CL-PLAN-S05-SUM"", ""PO25CL-PLAN-S03-SUM""]","[0.8344312906265259, 0.8319759368896484, 0.8292636871337891, 0.8286262154579163, 0.814610481262207, 0.8135967254638672, 0.800430178642273, 0.8001449704170227, 0.7959442734718323, 0.7927243709564209]",[],,,,,,,,,,,,,,,,,,,,,,,,
Q0602,"Welches konkrete Beispiel wird für einen gesellschaftsrelevanten Aspekt von Sprachtechnologien genannt, über den Studierende wissenschaftlich fundierte Urteile bilden sollen?",not_answerable_from_source,0,[],0.6883761882781982,0.6092864274978638,0.07908976078033447,"[""PO25CL-GEN-C01-P01-A01"", ""PO25CL-GEN-C01-P04-A03"", ""PO25CL-GEN-C01-P04-A05"", ""PO25CL-APP-R09"", ""PO25CL-PLAN-S01-M04"", ""PO25CL-GEN-C04-P28-A03"", ""PO25CL-GEN-C03-P15-A06"", ""PO25CL-PLAN-INTRO"", ""PO25CL-GEN-C04-P28-A04"", ""PO25CL-GEN-C03-P11-A05""]","[0.6883761882781982, 0.6092864274978638, 0.5933607220649719, 0.5701699256896973, 0.5617040395736694, 0.5591540932655334, 0.5577453374862671, 0.5574114322662354, 0.5568047761917114, 0.55415278673172]",[],,,,,,,,,,,,,,,,,,,,,,,,
Q0603,"Mit welchen drei Personengruppen sollen Absolventinnen und Absolventen fachliche Informationen, Ideen, Probleme und Lösungen austauschen können?",not_answerable_from_source,0,[],0.5811052322387695,0.5688187479972839,0.012286484241485596,"[""PO25CL-GEN-C01-P04-A03"", ""PO25CL-GEN-C04-P31-A01"", ""PO25CL-GEN-C04-P25-A03"", ""PO25CL-GEN-C03-P15-A03"", ""PO25CL-GEN-C02-P09-A03"", ""PO25CL-GEN-C04-P31-A02"", ""PO25CL-GEN-C01-P04-A02"", ""PO25CL-GEN-C03-P15-A06"", ""PO25CL-GEN-C04-P28-A05"", ""PO25CL-GEN-C03-P15-A02""]","[0.5811052322387695, 0.5688187479972839, 0.5443768501281738, 0.5404677987098694, 0.5276587009429932, 0.5144540667533875, 0.5104223489761353, 0.498431921005249, 0.4933885335922241, 0.49001824855804443]",[],,,,,,,,,,,,,,,,,,,,,,,,
Q0604,Welche drei fachlichen Richtungen werden als Beispiele für einen anschließenden Masterstudiengang genannt?,not_answerable_from_source,0,[],0.6978611946105957,0.6569615602493286,0.04089963436126709,"[""PO25CL-GEN-C01-P04-A02"", ""PO25CL-GEN-C01-P04-A01"", ""PO25CL-GEN-C01-P04-A03"", ""PO25CL-GEN-C02-P09-A02"", ""PO25CL-GEN-C04-P28-A01"", ""PO25CL-PLAN-S04-PBB"", ""PO25CL-GEN-C01-P01-A02"", ""PO25CL-GEN-C04-P28-A03"", ""PO25CL-GEN-C03-P15-A02"", ""PO25CL-GEN-C01-P03-A05""]","[0.6978611946105957, 0.6569615602493286, 0.6435662508010864, 0.6405969858169556, 0.6298598051071167, 0.6232820153236389, 0.621807336807251, 0.6190873384475708, 0.6147184371948242, 0.610603928565979]",[],,,,,,,,,,,,,,,,,,,,,,,,
Q0605,"Auf welchem Niveau sollen die Programmierkenntnisse liegen, die in den ersten beiden Studienjahren erworben werden?",not_answerable_from_source,0,[],0.6019315719604492,0.590635359287262,0.011296212673187256,"[""PO25CL-PLAN-S02-PBB"", ""PO25CL-PLAN-S01-PBB"", ""PO25CL-PLAN-S05-PBB"", ""PO25CL-PLAN-S03-M02"", ""PO25CL-PLAN-S03-PBB"", ""PO25CL-PLAN-S04-PBB"", ""PO25CL-PLAN-S06-PBB"", ""PO25CL-PLAN-S03-M04"", ""PO25CL-PLAN-S04-M01"", ""PO25CL-PLAN-S02-SUM""]","[0.6019315719604492, 0.590635359287262, 0.5802419781684875, 0.5769600868225098, 0.5758248567581177, 0.5751817226409912, 0.5751462578773499, 0.5654375553131104, 0.5593183040618896, 0.5531372427940369]",[],,,,,,,,,,,,,,,,,,,,,,,,
Q0606,Welches formale Rüstzeug sollen Studierende im Basismodul – Mathematische und logische Grundlagen erwerben?,not_answerable_from_source,0,[],0.5606354475021362,0.542260468006134,0.018374979496002197,"[""PO25CL-GEN-C01-P01-A01"", ""PO25CL-GEN-C01-P03-A03"", ""PO25CL-APP-R07-M01"", ""PO25CL-PLAN-S01-M01"", ""PO25CL-GEN-C02-P09-A02"", ""PO25CL-APP-R07-M07"", ""PO25CL-GEN-C02-P07-A03"", ""PO25CL-GEN-C01-P05-A01"", ""PO25CL-PLAN-S03-M02"", ""PO25CL-GEN-C02-P06-U01""]","[0.5606354475021362, 0.542260468006134, 0.5400277376174927, 0.5320847630500793, 0.5200197696685791, 0.5172561407089233, 0.5011123418807983, 0.4984542727470398, 0.49291038513183594, 0.48401951789855957]",[],,,,,,,,,,,,,,,,,,,,,,,,
Q0607,Was sollen Studierende nach dem Basismodul – Mathematische und logische Grundlagen mit grundlegenden logischen und mathematischen Methoden in konkreten Fällen tun können?,not_answerable_from_source,0,[],0.6395281553268433,0.6280256509780884,0.011502504348754883,"[""PO25CL-PLAN-S01-M01"", ""PO25CL-APP-R07-M01"", ""PO25CL-GEN-C01-P01-A01"", ""PO25CL-GEN-C03-P15-A06"", ""PO25CL-GEN-C02-P07-A03"", ""PO25CL-GEN-C01-P03-A03"", ""PO25CL-GEN-C03-P11-A02"", ""PO25CL-GEN-C03-P11-A05"", ""PO25CL-GEN-C02-P07-A01"", ""PO25CL-APP-R07-M10""]","[0.6395281553268433, 0.6280256509780884, 0.5920696258544922, 0.5714928507804871, 0.5692210793495178, 0.5606667995452881, 0.5412081480026245, 0.5347033739089966, 0.5165875554084778, 0.5045643448829651]",[],,,,,,,,,,,,,,,,,,,,,,,,
Q0608,Wie viele Stunden Selbststudium sind für Mathematische Grundlagen im Basismodul – Mathematische und logische Grundlagen vorgesehen?,not_answerable_from_source,0,[],0.6161373853683472,0.6129292249679565,0.003208160400390625,"[""PO25CL-GEN-C01-P03-A01"", ""PO25CL-GEN-C01-P03-A03"", ""PO25CL-GEN-C03-P14-A06"", ""PO25CL-GEN-C03-P14-A04"", ""PO25CL-PLAN-S01-M01"", ""PO25CL-GEN-C03-P12-A02"", ""PO25CL-GEN-C03-P11-A06"", ""PO25CL-GEN-C03-P11-A02"", ""PO25CL-GEN-C03-P18-A05"", ""PO25CL-GEN-C03-P18-A06""]","[0.6161373853683472, 0.6129292249679565, 0.6043888926506042, 0.5929834842681885, 0.5915178060531616, 0.5755362510681152, 0.5629538297653198, 0.5587835311889648, 0.5583885312080383, 0.5554349422454834]",[],,,,,,,,,,,,,,,,,,,,,,,,
Q0609,Wie lautet der englische Titel des Basismoduls – Mathematische und logische Grundlagen?,not_answerable_from_source,0,[],0.7056397199630737,0.5827645659446716,0.1228751540184021,"[""PO25CL-APP-R07-M01"", ""PO25CL-APP-R07-M08"", ""PO25CL-PLAN-S01-M01"", ""PO25CL-APP-R07-M10"", ""PO25CL-APP-R07-M02"", ""PO25CL-APP-R07-M03"", ""PO25CL-APP-R07-M05"", ""PO25CL-APP-R07-M11"", ""PO25CL-APP-R07-M04"", ""PO25CL-APP-R07-M16""]","[0.7056397199630737, 0.5827645659446716, 0.5820531845092773, 0.5799170732498169, 0.5778154134750366, 0.5424901247024536, 0.5392940044403076, 0.5159767866134644, 0.49272072315216064, 0.489751935005188]",[],,,,,,,,,,,,,,,,,,,,,,,,
Q0610,Welche beiden grundlegenden Methodentypen der Computerlinguistik sollen Studierende im Modul – Grundlagen der Computerlinguistik und formale Grammatikbeschreibung kennenlernen?,not_answerable_from_source,0,[],0.7943512201309204,0.7871654629707336,0.007185757160186768,"[""PO25CL-APP-R07-M02"", ""PO25CL-PLAN-S01-M02"", ""PO25CL-PLAN-S02-M01"", ""PO25CL-PLAN-S01-M04"", ""PO25CL-APP-R07-M05"", ""PO25CL-APP-R07-M04"", ""PO25CL-PLAN-S02-M03"", ""PO25CL-APP-R07-M07"", ""PO25CL-APP-R09"", ""PO25CL-APP-R07-M16""]","[0.7943512201309204, 0.7871654629707336, 0.7825868129730225, 0.7813392281532288, 0.7567775249481201, 0.7434531450271606, 0.7419952750205994, 0.7405959367752075, 0.7379636764526367, 0.7363535761833191]",[],,,,,,,,,,,,,,,,,,,,,,,,
Q0611,Welche Fähigkeit im Umgang mit Formalismen zur Implementierung von Grammatiken ist in Grundlagen der Computerlinguistik und formale Grammatikbeschreibung vorgesehen?,not_answerable_from_source,0,[],0.709077775478363,0.6731740236282349,0.035903751850128174,"[""PO25CL-APP-R07-M02"", ""PO25CL-APP-R07-M05"", ""PO25CL-PLAN-S02-M01"", ""PO25CL-APP-R07-M04"", ""PO25CL-PLAN-S01-M04"", ""PO25CL-PLAN-S01-M02"", ""PO25CL-APP-R07-M08"", ""PO25CL-APP-R11"", ""PO25CL-PLAN-S03-M03"", ""PO25CL-APP-R09""]","[0.709077775478363, 0.6731740236282349, 0.6648703813552856, 0.6535990238189697, 0.6370761394500732, 0.6325500011444092, 0.6131113767623901, 0.6078993678092957, 0.6055650115013123, 0.5850720405578613]",[],,,,,,,,,,,,,,,,,,,,,,,,
Q0612,Wie verteilt sich das Selbststudium auf die vier Lehrveranstaltungen des Basismoduls – Grundlagen der Computerlinguistik und formale Grammatikbeschreibung?,not_answerable_from_source,0,[],0.7329232692718506,0.7220308184623718,0.01089245080947876,"[""PO25CL-PLAN-S01-M02"", ""PO25CL-PLAN-S02-M01"", ""PO25CL-APP-R07-M02"", ""PO25CL-GEN-C01-P03-A03"", ""PO25CL-PLAN-S03-M02"", ""PO25CL-PLAN-S01-M04"", ""PO25CL-APP-R07-M16"", ""PO25CL-APP-R06"", ""PO25CL-APP-R11"", ""PO25CL-PLAN-S04-M04""]","[0.7329232692718506, 0.7220308184623718, 0.7201262712478638, 0.7196251153945923, 0.7149125933647156, 0.7085033655166626, 0.6996552348136902, 0.6976786255836487, 0.6948174238204956, 0.6928154230117798]",[],,,,,,,,,,,,,,,,,,,,,,,,
Q0613,Wie viele Kontaktstunden sind für jede der vier Lehrveranstaltungen in Grundlagen der Computerlinguistik und formale Grammatikbeschreibung vorgesehen?,not_answerable_from_source,0,[],0.7024279832839966,0.6803547143936157,0.02207326889038086,"[""PO25CL-GEN-C03-P14-A04"", ""PO25CL-APP-R06"", ""PO25CL-GEN-C01-P03-A03"", ""PO25CL-PLAN-S04-SUM"", ""PO25CL-PLAN-S01-M02"", ""PO25CL-PLAN-S03-M02"", ""PO25CL-GEN-C03-P14-A06"", ""PO25CL-PLAN-S04-M04"", ""PO25CL-PLAN-LEGEND"", ""PO25CL-APP-R14""]","[0.7024279832839966, 0.6803547143936157, 0.6619792580604553, 0.6546369791030884, 0.6522887349128723, 0.6521478891372681, 0.6502525806427002, 0.6491692066192627, 0.6487337350845337, 0.6476130485534668]",[],,,,,,,,,,,,,,,,,,,,,,,,
Q0614,Welche Fähigkeit zu einem kleinen Software-Projekt sollen Studierende im Basismodul – Python-Programmierung erwerben?,not_answerable_from_source,0,[],0.6738508939743042,0.6728056073188782,0.0010452866554260254,"[""PO25CL-PLAN-S02-M02"", ""PO25CL-PLAN-S01-M03"", ""PO25CL-APP-R07-M03"", ""PO25CL-PLAN-S03-M04"", ""PO25CL-APP-R07-M07"", ""PO25CL-GEN-C03-P14-A06"", ""PO25CL-APP-R07-M11"", ""PO25CL-GEN-C01-P01-A01"", ""PO25CL-GEN-C01-P03-A03"", ""PO25CL-APP-R07-M10""]","[0.6738508939743042, 0.6728056073188782, 0.6138349771499634, 0.49010539054870605, 0.4798097610473633, 0.47129687666893005, 0.46741241216659546, 0.4669126272201538, 0.4552774131298065, 0.4547680616378784]",[],,,,,,,,,,,,,,,,,,,,,,,,
Q0615,Welche fortgeschrittenen Programmierparadigmen werden als Lernziel der Python-Programmierung ausdrücklich genannt?,not_answerable_from_source,0,[],0.6586706638336182,0.655833899974823,0.002836763858795166,"[""PO25CL-PLAN-S02-M02"", ""PO25CL-PLAN-S01-M03"", ""PO25CL-APP-R07-M03"", ""PO25CL-GEN-C01-P01-A01"", ""PO25CL-GEN-C01-P03-A03"", ""PO25CL-APP-R07-M07"", ""PO25CL-APP-R07-M11"", ""PO25CL-PLAN-S03-M04"", ""PO25CL-APP-R07-M10"", ""PO25CL-GEN-C01-P01-A02""]","[0.6586706638336182, 0.655833899974823, 0.590891420841217, 0.4598153233528137, 0.45519471168518066, 0.4331461489200592, 0.4254720211029053, 0.424469530582428, 0.4231356978416443, 0.4165268540382385]",[],,,,,,,,,,,,,,,,,,,,,,,,
Q0616,Welche Grundkenntnisse zum Einsatz von Python in Data Science sollen im Basismodul – Python-Programmierung erworben werden?,not_answerable_from_source,0,[],0.632845401763916,0.6061509251594543,0.02669447660446167,"[""PO25CL-APP-R07-M03"", ""PO25CL-PLAN-S02-M02"", ""PO25CL-PLAN-S01-M03"", ""PO25CL-GEN-C01-P01-A01"", ""PO25CL-APP-R07-M01"", ""PO25CL-APP-R07-M10"", ""PO25CL-GEN-C03-P11-A05"", ""PO25CL-GEN-C01-P03-A03"", ""PO25CL-GEN-C03-P14-A09"", ""PO25CL-GEN-C03-P11-A01""]","[0.632845401763916, 0.6061509251594543, 0.5924482345581055, 0.4584302008152008, 0.44925254583358765, 0.430034339427948, 0.42506909370422363, 0.424546480178833, 0.41766810417175293, 0.41678696870803833]",[],,,,,,,,,,,,,,,,,,,,,,,,
Q0617,Welcher Anteil des Selbststudiums entfällt auf die Übung Fortgeschrittene Python-Programmierung mit NLP-Anwendungen?,not_answerable_from_source,0,[],0.6399313807487488,0.5986431837081909,0.04128819704055786,"[""PO25CL-PLAN-S02-M02"", ""PO25CL-PLAN-S01-M03"", ""PO25CL-APP-R07-M03"", ""PO25CL-GEN-C01-P03-A03"", ""PO25CL-GEN-C03-P14-A06"", ""PO25CL-GEN-C01-P01-A01"", ""PO25CL-GEN-C03-P11-A01"", ""PO25CL-GEN-C03-P11-A05"", ""PO25CL-PLAN-INTRO"", ""PO25CL-GEN-C03-P18-A04""]","[0.6399313807487488, 0.5986431837081909, 0.5485275983810425, 0.5130176544189453, 0.48399174213409424, 0.4728328585624695, 0.45964866876602173, 0.45833176374435425, 0.4511715769767761, 0.44543516635894775]",[],,,,,,,,,,,,,,,,,,,,,,,,
Q0618,Wie viele Kontaktstunden entfallen auf die Übung Fortgeschrittene Python-Programmierung mit NLP-Anwendungen?,not_answerable_from_source,0,[],0.6173642873764038,0.5492795705795288,0.068084716796875,"[""PO25CL-GEN-C03-P14-A03"", ""PO25CL-PLAN-S02-M02"", ""PO25CL-GEN-C03-P14-A10"", ""PO25CL-PLAN-S01-M03"", ""PO25CL-GEN-C03-P14-A06"", ""PO25CL-GEN-C01-P03-A04"", ""PO25CL-GEN-C03-P13-A01"", ""PO25CL-GEN-C01-P03-A03"", ""PO25CL-GEN-C02-P09-A01"", ""PO25CL-GEN-C03-P14-A04""]","[0.6173642873764038, 0.5492795705795288, 0.5290654301643372, 0.5216642618179321, 0.5149732828140259, 0.5067066550254822, 0.5053995847702026, 0.48878052830696106, 0.47764772176742554, 0.4750789701938629]",[],,,,,,,,,,,,,,,,,,,,,,,,
Q0619,Welche morphologischen und syntaktischen Kategorien sollen Studierende im Modul Morphologie und Syntax klassifizieren lernen?,not_answerable_from_source,0,[],0.7013446688652039,0.6755068302154541,0.025837838649749756,"[""PO25CL-APP-R07-M04"", ""PO25CL-APP-R07-M05"", ""PO25CL-APP-R07-M07"", ""PO25CL-APP-R07-M02"", ""PO25CL-APP-R07-M08"", ""PO25CL-PLAN-S01-M04"", ""PO25CL-APP-R07-M17"", ""PO25CL-APP-R07-M11"", ""PO25CL-APP-R07-M16"", ""PO25CL-APP-R07-M14""]","[0.7013446688652039, 0.6755068302154541, 0.6551679968833923, 0.6543115973472595, 0.6469078660011292, 0.6303164958953857, 0.6220762133598328, 0.605798602104187, 0.6032164096832275, 0.6022188663482666]",[],,,,,,,,,,,,,,,,,,,,,,,,
Q0620,Welche Art von Fragestellungen und Erklärungsansätzen sollen Studierende in Morphologie und Syntax kennenlernen?,not_answerable_from_source,0,[],0.610377311706543,0.6003471612930298,0.010030150413513184,"[""PO25CL-APP-R07-M04"", ""PO25CL-GEN-C01-P01-A01"", ""PO25CL-APP-R07-M05"", ""PO25CL-APP-R07-M07"", ""PO25CL-PLAN-S01-M04"", ""PO25CL-APP-R07-M08"", ""PO25CL-APP-R07-M02"", ""PO25CL-GEN-C02-P06-U01"", ""PO25CL-APP-R07-M16"", ""PO25CL-GEN-C03-P11-A02""]","[0.610377311706543, 0.6003471612930298, 0.5928447246551514, 0.5923394560813904, 0.5855582356452942, 0.5729466676712036, 0.5609573125839233, 0.552474856376648, 0.5419555902481079, 0.5402719974517822]",[],,,,,,,,,,,,,,,,,,,,,,,,
Q0621,Wie verteilen sich die Kontaktstunden auf Vorlesung und Tutorium im Modul Morphologie und Syntax?,not_answerable_from_source,0,[],0.6488097906112671,0.5905108451843262,0.05829894542694092,"[""PO25CL-GEN-C01-P03-A03"", ""PO25CL-APP-R07-M12"", ""PO25CL-GEN-C03-P14-A04"", ""PO25CL-GEN-C03-P11-A02"", ""PO25CL-GEN-C02-P08-U01"", ""PO25CL-GEN-C03-P14-A06"", ""PO25CL-GEN-C03-P14-A10"", ""PO25CL-APP-R07-M16"", ""PO25CL-APP-R07-M07"", ""PO25CL-GEN-C03-P14-A03""]","[0.6488097906112671, 0.5905108451843262, 0.5637277960777283, 0.5595417022705078, 0.5444682836532593, 0.5405178070068359, 0.5328108072280884, 0.5312457084655762, 0.529157817363739, 0.5282344818115234]",[],,,,,,,,,,,,,,,,,,,,,,,,
Q0622,Wie viele Stunden Selbststudium sind im Modul Morphologie und Syntax insgesamt vorgesehen?,not_answerable_from_source,0,[],0.7016511559486389,0.6952562928199768,0.006394863128662109,"[""PO25CL-GEN-C03-P14-A04"", ""PO25CL-GEN-C03-P14-A06"", ""PO25CL-GEN-C01-P03-A03"", ""PO25CL-GEN-C03-P14-A03"", ""PO25CL-GEN-C01-P03-A01"", ""PO25CL-GEN-C03-P14-A10"", ""PO25CL-GEN-C03-P14-A05"", ""PO25CL-GEN-C03-P13-A01"", ""PO25CL-GEN-C03-P11-A06"", ""PO25CL-GEN-C03-P11-A05""]","[0.7016511559486389, 0.6952562928199768, 0.6529750823974609, 0.6323360204696655, 0.6201126575469971, 0.619035005569458, 0.6005964875221252, 0.6001207232475281, 0.5842065811157227, 0.5709818601608276]",[],,,,,,,,,,,,,,,,,,,,,,,,
Q0623,Welche Fähigkeit zum Vergleich unterschiedlicher Analysemethoden sollen Studierende in Semantik und Pragmatik erwerben?,not_answerable_from_source,0,[],0.6666597127914429,0.5863643288612366,0.0802953839302063,"[""PO25CL-GEN-C01-P01-A01"", ""PO25CL-GEN-C03-P15-A06"", ""PO25CL-GEN-C04-P28-A06"", ""PO25CL-GEN-C03-P18-A01"", ""PO25CL-GEN-C03-P11-A05"", ""PO25CL-GEN-C03-P14-A02"", ""PO25CL-GEN-C01-P01-A02"", ""PO25CL-GEN-C04-P28-A08"", ""PO25CL-GEN-C04-P31-A02"", ""PO25CL-GEN-C02-P09-A02""]","[0.6666597127914429, 0.5863643288612366, 0.5648078918457031, 0.5627336502075195, 0.5534652471542358, 0.542187511920929, 0.5404268503189087, 0.5384731888771057, 0.5339135527610779, 0.5241396427154541]",[],,,,,,,,,,,,,,,,,,,,,,,,
Q0624,Wie sollen Erkenntnisse in Semantik und Pragmatik mündlich und schriftlich dargestellt werden können?,not_answerable_from_source,0,[],0.5806021690368652,0.5501155257225037,0.030486643314361572,"[""PO25CL-APP-R07-M05"", ""PO25CL-GEN-C03-P14-A09"", ""PO25CL-GEN-C03-P14-A01"", ""PO25CL-GEN-C01-P01-A01"", ""PO25CL-GEN-C03-P14-A04"", ""PO25CL-GEN-C03-P14-A06"", ""PO25CL-GEN-C03-P11-A05"", ""PO25CL-APP-R09"", ""PO25CL-GEN-C03-P15-A06"", ""PO25CL-GEN-C01-P04-A05""]","[0.5806021690368652, 0.5501155257225037, 0.5486047863960266, 0.5401803255081177, 0.51891028881073, 0.5032094717025757, 0.5002728700637817, 0.49711933732032776, 0.4956413507461548, 0.48366212844848633]",[],,,,,,,,,,,,,,,,,,,,,,,,
Q0625,Welche Arbeitsorganisationskompetenz soll durch wöchentliche Hausaufgaben mit Abgabeterminen in Semantik und Pragmatik gefördert werden?,not_answerable_from_source,0,[],0.6518741846084595,0.6219217777252197,0.029952406883239746,"[""PO25CL-GEN-C03-P14-A09"", ""PO25CL-GEN-C03-P14-A08"", ""PO25CL-GEN-C03-P14-A05"", ""PO25CL-GEN-C03-P15-A08"", ""PO25CL-GEN-C03-P14-A06"", ""PO25CL-GEN-C04-P29-U01"", ""PO25CL-GEN-C03-P11-A05"", ""PO25CL-GEN-C03-P11-A06"", ""PO25CL-GEN-C04-P28-A08"", ""PO25CL-GEN-C03-P14-A10""]","[0.6518741846084595, 0.6219217777252197, 0.6006189584732056, 0.5926367044448853, 0.5853428244590759, 0.5622285008430481, 0.5599960684776306, 0.5522674918174744, 0.5510998964309692, 0.5451163053512573]",[],,,,,,,,,,,,,,,,,,,,,,,,
Q0626,Welche Fähigkeit zum Umgang mit Unterrichtsmaterial und Online-Ressourcen ist in Semantik und Pragmatik als Lernergebnis vorgesehen?,not_answerable_from_source,0,[],0.609126091003418,0.599387526512146,0.009738564491271973,"[""PO25CL-GEN-C02-P09-A02"", ""PO25CL-GEN-C02-P07-A05"", ""PO25CL-GEN-C02-P08-U01"", ""PO25CL-GEN-C01-P01-A01"", ""PO25CL-GEN-C02-P07-A01"", ""PO25CL-GEN-C01-P03-A03"", ""PO25CL-GEN-C02-P06-U01"", ""PO25CL-APP-R04"", ""PO25CL-APP-R07-M12"", ""PO25CL-GEN-C02-P07-A03""]","[0.609126091003418, 0.599387526512146, 0.5897355079650879, 0.5873510837554932, 0.5672701597213745, 0.5656054615974426, 0.5334237813949585, 0.5301572680473328, 0.5204393863677979, 0.5151951909065247]",[],,,,,,,,,,,,,,,,,,,,,,,,
Q0627,Welche Analysefähigkeit zum Gebrauch menschlicher Sprache als Kommunikationsmittel soll in Semantik und Pragmatik erworben werden?,not_answerable_from_source,0,[],0.6166819334030151,0.5586772561073303,0.058004677295684814,"[""PO25CL-APP-R07-M05"", ""PO25CL-APP-R09"", ""PO25CL-APP-R07-M04"", ""PO25CL-APP-R11"", ""PO25CL-APP-R04"", ""PO25CL-GEN-C01-P04-A05"", ""PO25CL-APP-R07-M08"", ""PO25CL-PLAN-S01-M04"", ""PO25CL-PLAN-S02-M03"", ""PO25CL-PLAN-S03-M03""]","[0.6166819334030151, 0.5586772561073303, 0.5546122789382935, 0.5421624779701233, 0.525882363319397, 0.5220755934715271, 0.5135768055915833, 0.5073515176773071, 0.5048381090164185, 0.49799156188964844]",[],,,,,,,,,,,,,,,,,,,,,,,,
Q0628,Welcher Selbststudiumsaufwand ist für Semantik und Pragmatik vorgesehen?,not_answerable_from_source,0,[],0.687855064868927,0.5687032341957092,0.11915183067321777,"[""PO25CL-GEN-C01-P01-A01"", ""PO25CL-GEN-C03-P15-A06"", ""PO25CL-GEN-C01-P01-A02"", ""PO25CL-GEN-C02-P09-A02"", ""PO25CL-GEN-C01-P04-A03"", ""PO25CL-PLAN-INTRO"", ""PO25CL-GEN-C02-P06-U01"", ""PO25CL-FRONT-TITLE"", ""PO25CL-GEN-C03-P20-A03"", ""PO25CL-GEN-C02-P07-A01""]","[0.687855064868927, 0.5687032341957092, 0.5653058290481567, 0.5178546905517578, 0.49580544233322144, 0.4949592053890228, 0.49284619092941284, 0.4926304817199707, 0.4910508394241333, 0.46902403235435486]",[],,,,,,,,,,,,,,,,,,,,,,,,
Q0629,Welche Fähigkeit zur eigenständigen Konzeption und Implementierung statistischer Analysen ist im Basismodul – Statistische Methoden in der Computerlinguistik vorgesehen?,not_answerable_from_source,0,[],0.6796455383300781,0.6103099584579468,0.06933557987213135,"[""PO25CL-APP-R07-M06"", ""PO25CL-PLAN-S02-M04"", ""PO25CL-PLAN-S03-M01"", ""PO25CL-APP-R07-M17"", ""PO25CL-APP-R08"", ""PO25CL-GEN-C01-P01-A01"", ""PO25CL-GEN-C03-P11-A05"", ""PO25CL-APP-R07-M16"", ""PO25CL-PLAN-INTRO"", ""PO25CL-APP-R07-M01""]","[0.6796455383300781, 0.6103099584579468, 0.580040454864502, 0.5517166256904602, 0.5454615354537964, 0.5401844382286072, 0.537496030330658, 0.5316472053527832, 0.5239806175231934, 0.5161471366882324]",[],,,,,,,,,,,,,,,,,,,,,,,,
Q0630,Welche Fähigkeit zur Erstellung und Nutzung von Korpora für Experimente und Analysen ist als Lernergebnis vorgesehen?,not_answerable_from_source,0,[],0.6952477097511292,0.5739622116088867,0.12128549814224243,"[""PO25CL-GEN-C01-P01-A01"", ""PO25CL-GEN-C03-P11-A05"", ""PO25CL-GEN-C03-P14-A02"", ""PO25CL-GEN-C01-P03-A03"", ""PO25CL-GEN-C03-P14-A08"", ""PO25CL-GEN-C03-P15-A06"", ""PO25CL-GEN-C03-P14-A09"", ""PO25CL-GEN-C02-P06-U01"", ""PO25CL-GEN-C01-P01-A02"", ""PO25CL-GEN-C04-P28-A06""]","[0.6952477097511292, 0.5739622116088867, 0.5595424175262451, 0.5553825497627258, 0.5463286638259888, 0.5455761551856995, 0.542296290397644, 0.5363856554031372, 0.529521107673645, 0.528999924659729]",[],,,,,,,,,,,,,,,,,,,,,,,,
Q0631,Welche inhaltliche Teilnahmevoraussetzung wird für Statistische Methoden in der Computerlinguistik empfohlen?,not_answerable_from_source,0,[],0.7026177644729614,0.668377161026001,0.03424060344696045,"[""PO25CL-PLAN-S02-M04"", ""PO25CL-PLAN-S03-M01"", ""PO25CL-APP-R07-M06"", ""PO25CL-APP-R08"", ""PO25CL-PLAN-S06-PBB"", ""PO25CL-PLAN-INTRO"", ""PO25CL-PLAN-S03-PBB"", ""PO25CL-APP-R06"", ""PO25CL-PLAN-S01-PBB"", ""PO25CL-PLAN-S05-PBB""]","[0.7026177644729614, 0.668377161026001, 0.6588277816772461, 0.6165909171104431, 0.5913227796554565, 0.5895932912826538, 0.5871214866638184, 0.583608865737915, 0.5830540657043457, 0.5794560313224792]",[],,,,,,,,,,,,,,,,,,,,,,,,
Q0632,Wie viele Stunden Selbststudium entfallen auf das Seminar Linguistische Ressourcen?,not_answerable_from_source,0,[],0.7304902672767639,0.6823683381080627,0.04812192916870117,"[""PO25CL-GEN-C03-P14-A04"", ""PO25CL-GEN-C03-P14-A06"", ""PO25CL-GEN-C01-P03-A01"", ""PO25CL-GEN-C03-P14-A10"", ""PO25CL-GEN-C01-P03-A03"", ""PO25CL-GEN-C02-P09-A01"", ""PO25CL-GEN-C03-P14-A03"", ""PO25CL-GEN-C01-P03-A04"", ""PO25CL-APP-R06"", ""PO25CL-GEN-C03-P21-A02""]","[0.7304902672767639, 0.6823683381080627, 0.6664247512817383, 0.6451559066772461, 0.6422080993652344, 0.622101902961731, 0.6210896968841553, 0.6130226850509644, 0.6119409799575806, 0.6081321835517883]",[],,,,,,,,,,,,,,,,,,,,,,,,
Q0633,Wie verteilt sich die Kontaktzeit auf Wahrscheinlichkeitstheorie und Statistik sowie Linguistische Ressourcen?,not_answerable_from_source,0,[],0.5234646797180176,0.4826693534851074,0.040795326232910156,"[""PO25CL-PLAN-S02-M04"", ""PO25CL-PLAN-S03-M01"", ""PO25CL-APP-R07-M06"", ""PO25CL-PLAN-S03-M03"", ""PO25CL-PLAN-S02-M03"", ""PO25CL-PLAN-LEGEND"", ""PO25CL-APP-R08"", ""PO25CL-APP-R06"", ""PO25CL-PLAN-INTRO"", ""PO25CL-APP-R11""]","[0.5234646797180176, 0.4826693534851074, 0.4385221600532532, 0.43840277194976807, 0.4162447154521942, 0.40826573967933655, 0.4063611328601837, 0.396806001663208, 0.3965427875518799, 0.3945223093032837]",[],,,,,,,,,,,,,,,,,,,,,,,,
Q0634,Welche beiden Arten von Modellen sollen Studierende im Aufbaumodul – Maschinelles Lernen selbständig implementieren können?,not_answerable_from_source,0,[],0.5862472057342529,0.5697858333587646,0.01646137237548828,"[""PO25CL-APP-R07-M07"", ""PO25CL-GEN-C01-P01-A01"", ""PO25CL-GEN-C01-P03-A03"", ""PO25CL-PLAN-S03-M02"", ""PO25CL-PLAN-INTRO"", ""PO25CL-GEN-C02-P06-U01"", ""PO25CL-GEN-C02-P07-A01"", ""PO25CL-PLAN-S03-M04"", ""PO25CL-GEN-C01-P05-A01"", ""PO25CL-PLAN-S04-M01""]","[0.5862472057342529, 0.5697858333587646, 0.561326265335083, 0.5518801212310791, 0.5360565185546875, 0.5201057195663452, 0.515174150466919, 0.5150164365768433, 0.5141622424125671, 0.5083116888999939]",[],,,,,,,,,,,,,,,,,,,,,,,,
Q0635,Mit welchen zwei Problemen der Modellevaluation sollen Studierende im Maschinellen Lernen vertraut sein?,not_answerable_from_source,0,[],0.5080130696296692,0.4847889542579651,0.0232241153717041,"[""PO25CL-GEN-C01-P01-A01"", ""PO25CL-GEN-C02-P07-A05"", ""PO25CL-APP-R07-M07"", ""PO25CL-GEN-C03-P11-A05"", ""PO25CL-PLAN-S03-M02"", ""PO25CL-APP-R09"", ""PO25CL-GEN-C02-P06-U01"", ""PO25CL-GEN-C02-P07-A03"", ""PO25CL-GEN-C01-P05-A01"", ""PO25CL-GEN-C03-P15-A06""]","[0.5080130696296692, 0.4847889542579651, 0.4781518280506134, 0.4779326319694519, 0.473707914352417, 0.4665645956993103, 0.4647400677204132, 0.46127498149871826, 0.45552825927734375, 0.45502352714538574]",[],,,,,,,,,,,,,,,,,,,,,,,,
Q0636,Welcher praktische Bestandteil ist mit beiden möglichen Prüfungsformen im Aufbaumodul – Maschinelles Lernen verbunden?,not_answerable_from_source,0,[],0.6161986589431763,0.5747507810592651,0.04144787788391113,"[""PO25CL-APP-R07-M07"", ""PO25CL-APP-R09"", ""PO25CL-GEN-C01-P03-A03"", ""PO25CL-GEN-C03-P11-A05"", ""PO25CL-GEN-C01-P01-A01"", ""PO25CL-GEN-C03-P11-A01"", ""PO25CL-GEN-C04-P28-A02"", ""PO25CL-GEN-C02-P07-A01"", ""PO25CL-PLAN-S03-M02"", ""PO25CL-GEN-C02-P06-U01""]","[0.6161986589431763, 0.5747507810592651, 0.5687673091888428, 0.5549831390380859, 0.5511912107467651, 0.5489018559455872, 0.545039176940918, 0.5441372394561768, 0.5430810451507568, 0.5355993509292603]",[],,,,,,,,,,,,,,,,,,,,,,,,
Q0637,Wie viel Selbststudium ist für das Seminar Deep Learning angesetzt?,not_answerable_from_source,0,[],0.5331587791442871,0.47337695956230164,0.059781819581985474,"[""PO25CL-PLAN-S04-M01"", ""PO25CL-GEN-C02-P09-A01"", ""PO25CL-APP-R06"", ""PO25CL-PLAN-S05-M01"", ""PO25CL-GEN-C01-P03-A03"", ""PO25CL-GEN-C03-P18-A06"", ""PO25CL-PLAN-S03-M02"", ""PO25CL-GEN-C03-P14-A04"", ""PO25CL-PLAN-S01-PBB"", ""PO25CL-GEN-C03-P15-A10""]","[0.5331587791442871, 0.47337695956230164, 0.4624401330947876, 0.46093833446502686, 0.4600214958190918, 0.45963484048843384, 0.4537663459777832, 0.449864000082016, 0.4428950548171997, 0.4416026771068573]",[],,,,,,,,,,,,,,,,,,,,,,,,
Q0638,Welche Fähigkeit zur Lösung von NLP-Aufgaben sollen Studierende mit neuronalen Netzen entwickeln?,not_answerable_from_source,0,[],0.5145435333251953,0.4923570156097412,0.0221865177154541,"[""PO25CL-GEN-C01-P01-A01"", ""PO25CL-APP-R07-M07"", ""PO25CL-GEN-C01-P03-A03"", ""PO25CL-GEN-C01-P05-A01"", ""PO25CL-APP-R01"", ""PO25CL-PLAN-S03-M02"", ""PO25CL-APP-R08"", ""PO25CL-GEN-C03-P11-A05"", ""PO25CL-APP-R04"", ""PO25CL-PLAN-S04-M01""]","[0.5145435333251953, 0.4923570156097412, 0.4697747826576233, 0.4677514433860779, 0.45370548963546753, 0.45234715938568115, 0.4437716603279114, 0.4351542592048645, 0.4339921176433563, 0.43163275718688965]",[],,,,,,,,,,,,,,,,,,,,,,,,
Q0639,"Welche Fähigkeit sollen Studierende in Mathematischer Linguistik beim Herstellen von Entsprechungen zwischen Sprachen, Grammatiken und Automaten entwickeln?",not_answerable_from_source,0,[],0.6738848686218262,0.6730536222457886,0.0008312463760375977,"[""PO25CL-PLAN-S03-M03"", ""PO25CL-APP-R07-M08"", ""PO25CL-APP-R04"", ""PO25CL-APP-R07-M05"", ""PO25CL-PLAN-S01-M04"", ""PO25CL-APP-R07-M07"", ""PO25CL-APP-R07-M04"", ""PO25CL-APP-R11"", ""PO25CL-PLAN-S02-M03"", ""PO25CL-APP-R09""]","[0.6738848686218262, 0.6730536222457886, 0.6450779438018799, 0.6255604028701782, 0.6203910112380981, 0.6107242703437805, 0.6073569059371948, 0.5949403047561646, 0.59344881772995, 0.5725932121276855]",[],,,,,,,,,,,,,,,,,,,,,,,,
Q0640,Welches Verständnis von Beweisverfahren ist als Lernergebnis des Aufbaumoduls – Mathematische Linguistik vorgesehen?,not_answerable_from_source,0,[],0.6577358245849609,0.6377907991409302,0.01994502544403076,"[""PO25CL-GEN-C03-P11-A05"", ""PO25CL-GEN-C03-P14-A09"", ""PO25CL-GEN-C03-P15-A06"", ""PO25CL-APP-R07-M01"", ""PO25CL-GEN-C01-P01-A01"", ""PO25CL-APP-R09"", ""PO25CL-GEN-C03-P14-A02"", ""PO25CL-APP-R07-M08"", ""PO25CL-GEN-C03-P11-A06"", ""PO25CL-PLAN-S01-M01""]","[0.6577358245849609, 0.6377907991409302, 0.6152740716934204, 0.6081932783126831, 0.6079156398773193, 0.6047875881195068, 0.6043785810470581, 0.5982738733291626, 0.5979601740837097, 0.595848798751831]",[],,,,,,,,,,,,,,,,,,,,,,,,
Q0641,Aus welchen beiden Basismodulen sollen die inhaltlichen Vorkenntnisse für Mathematische Linguistik stammen?,not_answerable_from_source,0,[],0.6468920707702637,0.6295063495635986,0.01738572120666504,"[""PO25CL-APP-R07-M08"", ""PO25CL-APP-R07-M01"", ""PO25CL-PLAN-S03-M03"", ""PO25CL-APP-R07-M05"", ""PO25CL-PLAN-S01-M01"", ""PO25CL-PLAN-S01-M04"", ""PO25CL-PLAN-S02-M03"", ""PO25CL-PLAN-S02-M01"", ""PO25CL-APP-R07-M04"", ""PO25CL-APP-R09""]","[0.6468920707702637, 0.6295063495635986, 0.6277271509170532, 0.620177149772644, 0.6126319766044617, 0.6040353775024414, 0.6005581617355347, 0.5970218181610107, 0.5799609422683716, 0.57477867603302]",[],,,,,,,,,,,,,,,,,,,,,,,,
Q0642,Wie viele Selbststudiumsstunden sind jeweils für Seminar und Übung in Automatentheorie & Formale Sprachen vorgesehen?,not_answerable_from_source,0,[],0.6836148500442505,0.6193146705627441,0.06430017948150635,"[""PO25CL-GEN-C01-P03-A03"", ""PO25CL-PLAN-S03-M03"", ""PO25CL-GEN-C03-P14-A04"", ""PO25CL-GEN-C02-P09-A01"", ""PO25CL-APP-R06"", ""PO25CL-PLAN-S03-M02"", ""PO25CL-GEN-C03-P11-A02"", ""PO25CL-GEN-C02-P07-A01"", ""PO25CL-GEN-C02-P08-U01"", ""PO25CL-GEN-C03-P14-A06""]","[0.6836148500442505, 0.6193146705627441, 0.5890214443206787, 0.5783864259719849, 0.5752975344657898, 0.5737008452415466, 0.5704700350761414, 0.5683794021606445, 0.5640734434127808, 0.5624534487724304]",[],,,,,,,,,,,,,,,,,,,,,,,,
Q0643,Welche Fähigkeit sollen Studierende beim Lesen von Beschreibungen computerlinguistischer Parser in Forschungsartikeln erwerben?,not_answerable_from_source,0,[],0.6870285272598267,0.6583386659622192,0.028689861297607422,"[""PO25CL-APP-R01"", ""PO25CL-APP-R04"", ""PO25CL-PLAN-S01-PBB"", ""PO25CL-APP-R06"", ""PO25CL-APP-R08"", ""PO25CL-APP-R07-M16"", ""PO25CL-PLAN-S05-PBB"", ""PO25CL-PLAN-S03-PBB"", ""PO25CL-PLAN-S02-PBB"", ""PO25CL-PLAN-S04-PBB""]","[0.6870285272598267, 0.6583386659622192, 0.6548900604248047, 0.6534588932991028, 0.6524052619934082, 0.6523511409759521, 0.6455199718475342, 0.6445914506912231, 0.6440188884735107, 0.6431543231010437]",[],,,,,,,,,,,,,,,,,,,,,,,,
Q0644,Welche Kenntnisse zum grammatikbasierten Parsing sind als Lernergebnis des Aufbaumoduls – Parsing vorgesehen?,not_answerable_from_source,0,[],0.5968999862670898,0.5889950394630432,0.00790494680404663,"[""PO25CL-APP-R07-M07"", ""PO25CL-APP-R07-M05"", ""PO25CL-APP-R04"", ""PO25CL-APP-R07-M08"", ""PO25CL-APP-R07-M09"", ""PO25CL-APP-R07-M02"", ""PO25CL-APP-R07-M04"", ""PO25CL-PLAN-S01-M04"", ""PO25CL-APP-R09"", ""PO25CL-APP-R11""]","[0.5968999862670898, 0.5889950394630432, 0.5823104381561279, 0.5791405439376831, 0.5703634023666382, 0.5697633028030396, 0.5667527318000793, 0.5451534986495972, 0.5364546179771423, 0.5254855751991272]",[],,,,,,,,,,,,,,,,,,,,,,,,
Q0645,Welche Kenntnisse sollen Studierende speziell zum datengetriebenen Konstituentenparsing erwerben?,not_answerable_from_source,0,[],0.5981331467628479,0.5728497505187988,0.025283396244049072,"[""PO25CL-GEN-C01-P01-A01"", ""PO25CL-GEN-C02-P06-U01"", ""PO25CL-GEN-C04-P31-A02"", ""PO25CL-APP-R04"", ""PO25CL-GEN-C03-P15-A03"", ""PO25CL-GEN-C04-P28-A06"", ""PO25CL-GEN-C03-P14-A07"", ""PO25CL-PLAN-S01-PBB"", ""PO25CL-GEN-C01-P05-A01"", ""PO25CL-APP-R06""]","[0.5981331467628479, 0.5728497505187988, 0.5670391321182251, 0.5658589601516724, 0.5304866433143616, 0.5245381593704224, 0.521376371383667, 0.5194326043128967, 0.5183992385864258, 0.5175265669822693]",[],,,,,,,,,,,,,,,,,,,,,,,,
Q0646,Welche drei Module werden als inhaltliche Teilnahmevoraussetzungen für Parsing genannt?,not_answerable_from_source,0,[],0.5962368249893188,0.5905555486679077,0.005681276321411133,"[""PO25CL-GEN-C03-P11-A03"", ""PO25CL-GEN-C03-P11-A01"", ""PO25CL-GEN-C01-P03-A03"", ""PO25CL-APP-R07-M09"", ""PO25CL-GEN-C03-P11-A05"", ""PO25CL-GEN-C03-P14-A08"", ""PO25CL-GEN-C03-P14-A09"", ""PO25CL-APP-R07-M13"", ""PO25CL-GEN-C03-P14-A01"", ""PO25CL-GEN-C03-P11-A07""]","[0.5962368249893188, 0.5905555486679077, 0.5902220010757446, 0.5520206689834595, 0.5472080707550049, 0.5467994213104248, 0.5374338030815125, 0.5165106654167175, 0.5135582685470581, 0.5129446983337402]",[],,,,,,,,,,,,,,,,,,,,,,,,
Q0647,Wie ist das Selbststudium zwischen Parsing-Seminar und Parsing-Übung aufgeteilt?,not_answerable_from_source,0,[],0.5148665308952332,0.507031261920929,0.0078352689743042,"[""PO25CL-PLAN-S04-M02"", ""PO25CL-GEN-C01-P01-A01"", ""PO25CL-APP-R09"", ""PO25CL-APP-R08"", ""PO25CL-APP-R07-M09"", ""PO25CL-GEN-C03-P15-A06"", ""PO25CL-APP-R07-M07"", ""PO25CL-APP-R10"", ""PO25CL-APP-R07-M16"", ""PO25CL-GEN-C04-P28-A06""]","[0.5148665308952332, 0.507031261920929, 0.48910248279571533, 0.4873199462890625, 0.46534448862075806, 0.4623556137084961, 0.45938339829444885, 0.4561615586280823, 0.45431122183799744, 0.44907498359680176]",[],,,,,,,,,,,,,,,,,,,,,,,,
Q0648,Nach welchem Programmierparadigma sollen Studierende im Aufbaumodul – Logische Programmierung Probleme mit Prolog lösen lernen?,not_answerable_from_source,0,[],0.6535192728042603,0.5771910548210144,0.07632821798324585,"[""PO25CL-APP-R07-M10"", ""PO25CL-PLAN-S01-M01"", ""PO25CL-APP-R07-M11"", ""PO25CL-APP-R07-M01"", ""PO25CL-PLAN-S04-M03"", ""PO25CL-APP-R07-M07"", ""PO25CL-APP-R07-M03"", ""PO25CL-PLAN-S03-M04"", ""PO25CL-GEN-C01-P03-A03"", ""PO25CL-PLAN-S02-M02""]","[0.6535192728042603, 0.5771910548210144, 0.5771429538726807, 0.5762051343917847, 0.5645023584365845, 0.5393391847610474, 0.5259853601455688, 0.5236768126487732, 0.518767237663269, 0.5119842886924744]",[],,,,,,,,,,,,,,,,,,,,,,,,
Q0649,In welchen drei bereits bekannten Fachgebieten sollen die Kenntnisse beim Arbeiten mit Prolog vertieft werden?,not_answerable_from_source,0,[],0.6103842854499817,0.5842740535736084,0.02611023187637329,"[""PO25CL-GEN-C01-P03-A03"", ""PO25CL-GEN-C02-P09-A02"", ""PO25CL-GEN-C01-P04-A03"", ""PO25CL-GEN-C03-P14-A09"", ""PO25CL-GEN-C01-P01-A01"", ""PO25CL-GEN-C01-P04-A05"", ""PO25CL-GEN-C01-P04-A02"", ""PO25CL-GEN-C03-P15-A02"", ""PO25CL-GEN-C04-P28-A03"", ""PO25CL-GEN-C04-P28-A02""]","[0.6103842854499817, 0.5842740535736084, 0.5759347677230835, 0.5751583576202393, 0.5634785890579224, 0.5576667785644531, 0.5440114140510559, 0.5418570041656494, 0.5218997001647949, 0.5197475552558899]",[],,,,,,,,,,,,,,,,,,,,,,,,
Q0650,Welcher Bereich der Sprachverarbeitung wird in den Studienzielen neben maschinellem Lernen und künstlicher Intelligenz als methodischer Schwerpunkt der ersten beiden Jahre genannt?,not_answerable_from_source,0,[],0.5888587236404419,0.5834611058235168,0.005397617816925049,"[""PO25CL-APP-R04"", ""PO25CL-APP-R09"", ""PO25CL-PLAN-S03-M02"", ""PO25CL-PLAN-S03-M03"", ""PO25CL-APP-R07-M07"", ""PO25CL-PLAN-S03-M01"", ""PO25CL-APP-R08"", ""PO25CL-PLAN-S01-M04"", ""PO25CL-PLAN-S04-M01"", ""PO25CL-APP-R07-M16""]","[0.5888587236404419, 0.5834611058235168, 0.547606348991394, 0.5463439226150513, 0.5443277359008789, 0.5294234156608582, 0.5124312043190002, 0.5095509886741638, 0.5086771845817566, 0.5082387924194336]",[],,,,,,,,,,,,,,,,,,,,,,,,
Q0651,Welcher Selbststudiumsaufwand ist für die Prolog-Übung angesetzt?,not_answerable_from_source,0,[],0.6680010557174683,0.6077769994735718,0.060224056243896484,"[""PO25CL-GEN-C01-P01-A01"", ""PO25CL-PLAN-INTRO"", ""PO25CL-GEN-C01-P01-A02"", ""PO25CL-GEN-C03-P15-A06"", ""PO25CL-GEN-C02-P06-U01"", ""PO25CL-GEN-C03-P11-A05"", ""PO25CL-PLAN-S01-PBB"", ""PO25CL-PLAN-S05-PBB"", ""PO25CL-PLAN-S02-PBB"", ""PO25CL-GEN-C03-P14-A06""]","[0.6680010557174683, 0.6077769994735718, 0.599115252494812, 0.5816525816917419, 0.5542302131652832, 0.5428146123886108, 0.5394978523254395, 0.5335361957550049, 0.5321841239929199, 0.5317872762680054]",[],,,,,,,,,,,,,,,,,,,,,,,,
Q0652,Was sollen Studierende in Objektorientierter Programmierung mit eigenen Datentypen tun können?,not_answerable_from_source,0,[],0.591229259967804,0.4945831298828125,0.09664613008499146,"[""PO25CL-APP-R07-M11"", ""PO25CL-APP-R07-M10"", ""PO25CL-APP-R07-M07"", ""PO25CL-GEN-C01-P01-A01"", ""PO25CL-APP-R07-M17"", ""PO25CL-APP-R07-M01"", ""PO25CL-PLAN-S03-M04"", ""PO25CL-GEN-C01-P05-A01"", ""PO25CL-APP-R07-M03"", ""PO25CL-PLAN-INTRO""]","[0.591229259967804, 0.4945831298828125, 0.4807316064834595, 0.4481108784675598, 0.433929443359375, 0.4324830174446106, 0.43128156661987305, 0.43122583627700806, 0.4299909174442291, 0.42954134941101074]",[],,,,,,,,,,,,,,,,,,,,,,,,
Q0653,Welche Fähigkeit zu iterativen und rekursiven Algorithmen soll nach Objektorientierter Programmierung vorhanden sein?,not_answerable_from_source,0,[],0.641085684299469,0.5681071281433105,0.07297855615615845,"[""PO25CL-APP-R07-M11"", ""PO25CL-APP-R07-M10"", ""PO25CL-APP-R07-M01"", ""PO25CL-APP-R07-M13"", ""PO25CL-APP-R07-M09"", ""PO25CL-APP-R07-M03"", ""PO25CL-APP-R07-M07"", ""PO25CL-APP-R07-M15"", ""PO25CL-APP-R07-M14"", ""PO25CL-APP-R13""]","[0.641085684299469, 0.5681071281433105, 0.5014631748199463, 0.4808942675590515, 0.47860264778137207, 0.46072447299957275, 0.43752992153167725, 0.4261051416397095, 0.4228033423423767, 0.40316638350486755]",[],,,,,,,,,,,,,,,,,,,,,,,,
Q0654,Welche Programmierkonzepte sollen bei der Entwicklung einfacher objektorientierter Programme eingesetzt werden können?,not_answerable_from_source,0,[],0.6547049283981323,0.5524606704711914,0.10224425792694092,"[""PO25CL-APP-R07-M11"", ""PO25CL-APP-R07-M10"", ""PO25CL-APP-R07-M03"", ""PO25CL-APP-R07-M01"", ""PO25CL-APP-R07-M12"", ""PO25CL-APP-R07-M07"", ""PO25CL-GEN-C01-P03-A03"", ""PO25CL-APP-R07-M13"", ""PO25CL-APP-R07-M14"", ""PO25CL-APP-R07-M09""]","[0.6547049283981323, 0.5524606704711914, 0.5190852880477905, 0.48110970854759216, 0.452836275100708, 0.45191824436187744, 0.4513729214668274, 0.4401886463165283, 0.43453890085220337, 0.43334540724754333]",[],,,,,,,,,,,,,,,,,,,,,,,,
Q0655,Welche Anwendungskompetenz zu dynamischen Datenstrukturen ist in Objektorientierter Programmierung vorgesehen?,not_answerable_from_source,0,[],0.5913935899734497,0.5019084215164185,0.08948516845703125,"[""PO25CL-APP-R07-M11"", ""PO25CL-APP-R07-M10"", ""PO25CL-APP-R07-M01"", ""PO25CL-APP-R07-M13"", ""PO25CL-APP-R07-M09"", ""PO25CL-APP-R07-M03"", ""PO25CL-GEN-C01-P03-A03"", ""PO25CL-APP-R07-M06"", ""PO25CL-GEN-C03-P14-A07"", ""PO25CL-APP-R07-M07""]","[0.5913935899734497, 0.5019084215164185, 0.44107455015182495, 0.40691661834716797, 0.391912043094635, 0.38977229595184326, 0.3870527148246765, 0.3835049271583557, 0.3699866235256195, 0.36911386251449585]",[],,,,,,,,,,,,,,,,,,,,,,,,
Q0656,Welche Vorkenntnisse aus zwei Basismodulen werden für Objektorientierte Programmierung inhaltlich erwartet?,not_answerable_from_source,0,[],0.6380249261856079,0.5652074813842773,0.07281744480133057,"[""PO25CL-APP-R07-M11"", ""PO25CL-APP-R07-M10"", ""PO25CL-APP-R07-M01"", ""PO25CL-GEN-C03-P11-A01"", ""PO25CL-GEN-C01-P03-A03"", ""PO25CL-APP-R07-M03"", ""PO25CL-APP-R07-M13"", ""PO25CL-PLAN-S02-M02"", ""PO25CL-GEN-C03-P11-A03"", ""PO25CL-APP-R07-M07""]","[0.6380249261856079, 0.5652074813842773, 0.5385333299636841, 0.5300899147987366, 0.5210154056549072, 0.5009713768959045, 0.48800215125083923, 0.4865737557411194, 0.47874125838279724, 0.4688663184642792]",[],,,,,,,,,,,,,,,,,,,,,,,,
Q0657,"Wie verteilt sich das Selbststudium auf Vorlesung, Übung und praktische Übung in Objektorientierter Programmierung?",not_answerable_from_source,0,[],0.5843141674995422,0.5618858337402344,0.02242833375930786,"[""PO25CL-GEN-C01-P03-A03"", ""PO25CL-GEN-C01-P01-A01"", ""PO25CL-APP-R07-M11"", ""PO25CL-GEN-C02-P09-A02"", ""PO25CL-APP-R07-M12"", ""PO25CL-GEN-C03-P11-A05"", ""PO25CL-APP-R07-M07"", ""PO25CL-GEN-C02-P07-A05"", ""PO25CL-GEN-C02-P08-U01"", ""PO25CL-GEN-C02-P07-A01""]","[0.5843141674995422, 0.5618858337402344, 0.5465131998062134, 0.5348545908927917, 0.5324174165725708, 0.5137002468109131, 0.5098919868469238, 0.5059534311294556, 0.4985627830028534, 0.4948020577430725]",[],,,,,,,,,,,,,,,,,,,,,,,,
Q0658,Welche beiden Arten grundlegender Begriffe sollen Studierende in Objektorientierter Programmierung nennen und erläutern können?,not_answerable_from_source,0,[],0.6249231100082397,0.5105515718460083,0.11437153816223145,"[""PO25CL-APP-R07-M11"", ""PO25CL-APP-R07-M10"", ""PO25CL-APP-R07-M07"", ""PO25CL-APP-R07-M05"", ""PO25CL-APP-R07-M01"", ""PO25CL-APP-R07-M08"", ""PO25CL-GEN-C01-P01-A01"", ""PO25CL-APP-R07-M04"", ""PO25CL-APP-R07-M16"", ""PO25CL-GEN-C02-P07-A05""]","[0.6249231100082397, 0.5105515718460083, 0.4988374710083008, 0.4937928318977356, 0.4843953251838684, 0.4719116687774658, 0.4667119085788727, 0.464521586894989, 0.4621163010597229, 0.46087008714675903]",[],,,,,,,,,,,,,,,,,,,,,,,,
Q0659,Welche persönlichen Entwicklungsziele sollen Studierende im Modul Praktikum & Orientierung für ihre Zukunft formulieren?,not_answerable_from_source,0,[],0.5727017521858215,0.5708050727844238,0.001896679401397705,"[""PO25CL-GEN-C02-P09-A02"", ""PO25CL-GEN-C02-P09-A03"", ""PO25CL-PLAN-S05-M01"", ""PO25CL-GEN-C02-P08-U01"", ""PO25CL-APP-R14"", ""PO25CL-GEN-C02-P09-A05"", ""PO25CL-PLAN-S04-M05"", ""PO25CL-APP-R07-M12"", ""PO25CL-GEN-C01-P05-A01"", ""PO25CL-GEN-C04-P31-A01""]","[0.5727017521858215, 0.5708050727844238, 0.5365873575210571, 0.5318018198013306, 0.5286338329315186, 0.5199846625328064, 0.5169026851654053, 0.5123162269592285, 0.5112244486808777, 0.5040035247802734]",[],,,,,,,,,,,,,,,,,,,,,,,,
Q0660,Wie sollen Studierende nach Praktikum & Orientierung ihre beruflichen Wünsche und Möglichkeiten einschätzen können?,not_answerable_from_source,0,[],0.5997178554534912,0.5986380577087402,0.0010797977447509766,"[""PO25CL-GEN-C02-P09-A03"", ""PO25CL-GEN-C02-P09-A02"", ""PO25CL-GEN-C01-P05-A01"", ""PO25CL-GEN-C01-P01-A02"", ""PO25CL-GEN-C04-P31-A01"", ""PO25CL-APP-R14"", ""PO25CL-PLAN-S05-M01"", ""PO25CL-GEN-C02-P09-A05"", ""PO25CL-PLAN-S04-M05"", ""PO25CL-GEN-C04-P31-A02""]","[0.5997178554534912, 0.5986380577087402, 0.5649189949035645, 0.5626955628395081, 0.5616673231124878, 0.5184608101844788, 0.5167635679244995, 0.5101181268692017, 0.5066306591033936, 0.49305617809295654]",[],,,,,,,,,,,,,,,,,,,,,,,,
Q0661,Welche Fähigkeit zum Eingrenzen eigener Forschungsfragen soll Praktikum & Orientierung vermitteln?,not_answerable_from_source,0,[],0.6807372570037842,0.6800751686096191,0.0006620883941650391,"[""PO25CL-GEN-C01-P01-A01"", ""PO25CL-GEN-C02-P09-A03"", ""PO25CL-GEN-C02-P09-A02"", ""PO25CL-GEN-C04-P31-A01"", ""PO25CL-GEN-C02-P09-A05"", ""PO25CL-GEN-C01-P04-A03"", ""PO25CL-GEN-C02-P09-A04"", ""PO25CL-APP-R07-M12"", ""PO25CL-GEN-C01-P04-A02"", ""PO25CL-GEN-C04-P28-A05""]","[0.6807372570037842, 0.6800751686096191, 0.6583519577980042, 0.6190264225006104, 0.5955346822738647, 0.5846344232559204, 0.581061065196991, 0.5763736367225647, 0.5681121349334717, 0.5650948882102966]",[],,,,,,,,,,,,,,,,,,,,,,,,
Q0662,Welchen persönlichen Effekt soll die Praxiserprobung des bereits erworbenen Wissens im Modul Praktikum & Orientierung fördern?,not_answerable_from_source,0,[],0.6733801364898682,0.6692948937416077,0.004085242748260498,"[""PO25CL-GEN-C02-P09-A03"", ""PO25CL-GEN-C02-P09-A02"", ""PO25CL-GEN-C02-P09-A05"", ""PO25CL-GEN-C02-P09-A04"", ""PO25CL-GEN-C01-P03-A03"", ""PO25CL-APP-R07-M12"", ""PO25CL-GEN-C01-P01-A01"", ""PO25CL-GEN-C02-P08-U01"", ""PO25CL-GEN-C01-P05-A01"", ""PO25CL-APP-R14""]","[0.6733801364898682, 0.6692948937416077, 0.5984883308410645, 0.5955403447151184, 0.5671416521072388, 0.5606594085693359, 0.5425705909729004, 0.5358895659446716, 0.526515007019043, 0.5202623605728149]",[],,,,,,,,,,,,,,,,,,,,,,,,
Q0663,In welchen drei Fachgebieten sollen im Vertiefungsmodul – Interdisziplinär vertiefte Spezialkenntnisse erworben werden?,not_answerable_from_source,0,[],0.6290417909622192,0.6225954294204712,0.006446361541748047,"[""PO25CL-GEN-C02-P09-A02"", ""PO25CL-GEN-C01-P04-A02"", ""PO25CL-GEN-C01-P04-A03"", ""PO25CL-GEN-C01-P03-A03"", ""PO25CL-GEN-C01-P04-A01"", ""PO25CL-GEN-C02-P09-A03"", ""PO25CL-GEN-C04-P28-A05"", ""PO25CL-GEN-C01-P05-A02"", ""PO25CL-GEN-C04-P28-A03"", ""PO25CL-GEN-C03-P15-A02""]","[0.6290417909622192, 0.6225954294204712, 0.6173341274261475, 0.6154761910438538, 0.570986270904541, 0.5434850454330444, 0.5416648387908936, 0.5340785980224609, 0.521298885345459, 0.5152212381362915]",[],,,,,,,,,,,,,,,,,,,,,,,,
Q0664,Wovon hängt der Selbststudiumsaufwand im Vertiefungsmodul – Interdisziplinär ab?,not_answerable_from_source,0,[],0.6221104860305786,0.5985967516899109,0.023513734340667725,"[""PO25CL-GEN-C01-P01-A01"", ""PO25CL-GEN-C01-P04-A02"", ""PO25CL-GEN-C01-P03-A03"", ""PO25CL-GEN-C03-P15-A06"", ""PO25CL-GEN-C01-P05-A02"", ""PO25CL-PLAN-INTRO"", ""PO25CL-GEN-C02-P09-A02"", ""PO25CL-PLAN-S05-M02"", ""PO25CL-GEN-C01-P04-A03"", ""PO25CL-GEN-C01-P01-A02""]","[0.6221104860305786, 0.5985967516899109, 0.5507948994636536, 0.5475485920906067, 0.5388741493225098, 0.5384092330932617, 0.536011815071106, 0.5285425186157227, 0.5204226970672607, 0.5154128074645996]",[],,,,,,,,,,,,,,,,,,,,,,,,
Q0665,Welche inhaltliche Einschränkung gilt bei der Wahl von Informatikveranstaltungen im Vertiefungsmodul – Interdisziplinär?,not_answerable_from_source,0,[],0.5661064386367798,0.5424291491508484,0.023677289485931396,"[""PO25CL-GEN-C02-P08-U01"", ""PO25CL-APP-R07-M12"", ""PO25CL-GEN-C02-P07-A02"", ""PO25CL-PLAN-INTRO"", ""PO25CL-APP-R12"", ""PO25CL-GEN-C02-P07-A01"", ""PO25CL-GEN-C02-P07-A03"", ""PO25CL-PLAN-S05-M02"", ""PO25CL-APP-R14"", ""PO25CL-PLAN-S04-M04""]","[0.5661064386367798, 0.5424291491508484, 0.5417528748512268, 0.5121755599975586, 0.5109171867370605, 0.5055150985717773, 0.5051199197769165, 0.5037925839424133, 0.5031347870826721, 0.49529772996902466]",[],,,,,,,,,,,,,,,,,,,,,,,,
Q0666,Welchen Nutzen soll der parallele Besuch des Forschungskolloquiums für die Bachelorarbeit haben?,not_answerable_from_source,0,[],0.640802264213562,0.6219372153282166,0.01886504888534546,"[""PO25CL-GEN-C01-P04-A02"", ""PO25CL-PLAN-INTRO"", ""PO25CL-GEN-C01-P04-A01"", ""PO25CL-PLAN-S02-PBB"", ""PO25CL-GEN-C04-P28-A05"", ""PO25CL-PLAN-S01-PBB"", ""PO25CL-PLAN-S03-PBB"", ""PO25CL-PLAN-S05-PBB"", ""PO25CL-PLAN-S04-PBB"", ""PO25CL-PLAN-S06-PBB""]","[0.640802264213562, 0.6219372153282166, 0.5866913795471191, 0.5853253602981567, 0.5829124450683594, 0.582400381565094, 0.5716402530670166, 0.5702447295188904, 0.5698444843292236, 0.5679211020469666]",[],,,,,,,,,,,,,,,,,,,,,,,,
Q0667,Wovon hängen die inhaltlichen Teilnahmevoraussetzungen im Vertiefungsmodul – Computerlinguistik 1 ab?,not_answerable_from_source,0,[],0.6739205121994019,0.6493637561798096,0.024556756019592285,"[""PO25CL-APP-R07-M12"", ""PO25CL-APP-R07-M13"", ""PO25CL-APP-R01"", ""PO25CL-APP-R06"", ""PO25CL-APP-R08"", ""PO25CL-APP-R07-M14"", ""PO25CL-PLAN-S05-M02"", ""PO25CL-APP-R07-M16"", ""PO25CL-APP-R07-M15"", ""PO25CL-APP-R07-M07""]","[0.6739205121994019, 0.6493637561798096, 0.6459090113639832, 0.6454929709434509, 0.6452782154083252, 0.6437666416168213, 0.6378980875015259, 0.6366022229194641, 0.6362922191619873, 0.6359701156616211]",[],,,,,,,,,,,,,,,,,,,,,,,,
Q0668,Welcher Selbststudiumsaufwand ist im fünften Fachsemester für Computerlinguistik 1 vorgesehen?,not_answerable_from_source,0,[],0.8103307485580444,0.8086879253387451,0.0016428232192993164,"[""PO25CL-PLAN-S06-PBB"", ""PO25CL-PLAN-S05-PBB"", ""PO25CL-PLAN-S03-PBB"", ""PO25CL-PLAN-S01-PBB"", ""PO25CL-PLAN-S02-PBB"", ""PO25CL-PLAN-S04-PBB"", ""PO25CL-PLAN-S05-M03"", ""PO25CL-PLAN-S03-M02"", ""PO25CL-APP-R06"", ""PO25CL-PLAN-S06-M01""]","[0.8103307485580444, 0.8086879253387451, 0.8008990287780762, 0.7932374477386475, 0.7831223011016846, 0.7786580324172974, 0.7628229856491089, 0.7622060179710388, 0.7620693445205688, 0.7572464942932129]",[],,,,,,,,,,,,,,,,,,,,,,,,
Q0669,Welche Art aktueller Forschungsarbeit sollen Studierende im Modul Abschlussarbeit und Forschungskolloquium kennenlernen?,not_answerable_from_source,0,[],0.7417594194412231,0.671795129776001,0.06996428966522217,"[""PO25CL-GEN-C01-P01-A01"", ""PO25CL-GEN-C04-P31-A01"", ""PO25CL-GEN-C01-P04-A02"", ""PO25CL-GEN-C01-P04-A03"", ""PO25CL-GEN-C02-P09-A02"", ""PO25CL-GEN-C01-P04-A01"", ""PO25CL-GEN-C04-P28-A05"", ""PO25CL-GEN-C04-P28-A01"", ""PO25CL-PLAN-S01-PBB"", ""PO25CL-PLAN-INTRO""]","[0.7417594194412231, 0.671795129776001, 0.6653987765312195, 0.660532534122467, 0.6435410976409912, 0.6380711793899536, 0.6183925271034241, 0.6141290664672852, 0.6100445985794067, 0.6072920560836792]",[],,,,,,,,,,,,,,,,,,,,,,,,
Q0670,Welche Fähigkeit zur Vermittlung zwischen unterschiedlichen fachlichen Standpunkten soll durch die Interdisziplinarität des Studiengangs gefördert werden?,not_answerable_from_source,0,[],0.6808642745018005,0.678627610206604,0.002236664295196533,"[""PO25CL-GEN-C01-P01-A01"", ""PO25CL-GEN-C04-P28-A05"", ""PO25CL-GEN-C02-P09-A02"", ""PO25CL-GEN-C04-P31-A01"", ""PO25CL-GEN-C04-P28-A03"", ""PO25CL-GEN-C02-P09-A03"", ""PO25CL-GEN-C03-P15-A06"", ""PO25CL-GEN-C04-P28-A01"", ""PO25CL-GEN-C01-P04-A02"", ""PO25CL-GEN-C04-P28-A06""]","[0.6808642745018005, 0.678627610206604, 0.6759316921234131, 0.6572260856628418, 0.6466802358627319, 0.6424394845962524, 0.6412599086761475, 0.6344394683837891, 0.6291413903236389, 0.6197569370269775]",[],,,,,,,,,,,,,,,,,,,,,,,,
Q0671,Welche mathematischen Themen dienen im Basismodul – Mathematische und logische Grundlagen als Beispiele für die Vertiefung von Schulkenntnissen?,not_answerable_from_source,0,[],0.6271430253982544,0.5923464298248291,0.03479659557342529,"[""PO25CL-PLAN-S01-M01"", ""PO25CL-APP-R07-M01"", ""PO25CL-GEN-C01-P03-A03"", ""PO25CL-GEN-C01-P01-A01"", ""PO25CL-GEN-C03-P11-A02"", ""PO25CL-GEN-C02-P07-A01"", ""PO25CL-GEN-C02-P07-A03"", ""PO25CL-GEN-C02-P06-U01"", ""PO25CL-PLAN-S03-M03"", ""PO25CL-APP-R07-M07""]","[0.6271430253982544, 0.5923464298248291, 0.5894089937210083, 0.5748019218444824, 0.550006628036499, 0.5446809530258179, 0.528999924659729, 0.5282929539680481, 0.5252189636230469, 0.5235984921455383]",[],,,,,,,,,,,,,,,,,,,,,,,,
Q0672,Welche logischen Systeme werden in Einführung in die computationelle Logik eingeführt?,not_answerable_from_source,0,[],0.5798666477203369,0.576459527015686,0.003407120704650879,"[""PO25CL-APP-R07-M01"", ""PO25CL-PLAN-S01-M01"", ""PO25CL-APP-R07-M10"", ""PO25CL-APP-R07-M11"", ""PO25CL-APP-R07-M02"", ""PO25CL-APP-R07-M03"", ""PO25CL-APP-R07-M08"", ""PO25CL-APP-R07-M05"", ""PO25CL-PLAN-S03-M03"", ""PO25CL-APP-R07-M09""]","[0.5798666477203369, 0.576459527015686, 0.562066912651062, 0.43311604857444763, 0.4267670214176178, 0.4266430735588074, 0.41977208852767944, 0.4120830297470093, 0.41089320182800293, 0.38913917541503906]",[],,,,,,,,,,,,,,,,,,,,,,,,
Q0673,Welche Grammatikformalismen werden im Seminar Grammatikformalismen beispielhaft für syntaktische Modellierung behandelt?,not_answerable_from_source,0,[],0.6439871191978455,0.6147022247314453,0.029284894466400146,"[""PO25CL-PLAN-S02-M01"", ""PO25CL-PLAN-S01-M04"", ""PO25CL-APP-R07-M02"", ""PO25CL-PLAN-S01-M02"", ""PO25CL-PLAN-S03-M03"", ""PO25CL-APP-R07-M05"", ""PO25CL-PLAN-S02-M03"", ""PO25CL-APP-R07-M04"", ""PO25CL-GEN-C01-P03-A03"", ""PO25CL-GEN-C01-P04-A05""]","[0.6439871191978455, 0.6147022247314453, 0.5901017189025879, 0.5883116722106934, 0.5854032635688782, 0.5827689170837402, 0.5703105926513672, 0.5639495849609375, 0.5425194501876831, 0.5410524010658264]",[],,,,,,,,,,,,,,,,,,,,,,,,
Q0674,Welche Form der Textverarbeitung wird im Wintersemester der Python-Programmierung behandelt?,not_answerable_from_source,0,[],0.6959512233734131,0.6084626913070679,0.08748853206634521,"[""PO25CL-APP-R07-M03"", ""PO25CL-PLAN-S02-M02"", ""PO25CL-PLAN-S01-M03"", ""PO25CL-APP-R07-M04"", ""PO25CL-APP-R07-M05"", ""PO25CL-APP-R02"", ""PO25CL-APP-R07-M10"", ""PO25CL-APP-R07-M08"", ""PO25CL-APP-R07-M02"", ""PO25CL-APP-R07-M07""]","[0.6959512233734131, 0.6084626913070679, 0.6015541553497314, 0.5748788714408875, 0.5562516450881958, 0.5538126230239868, 0.5396542549133301, 0.5350742936134338, 0.5253446102142334, 0.5244505405426025]",[],,,,,,,,,,,,,,,,,,,,,,,,
Q0675,Welche beiden Programmierparadigmen mit Python werden im Sommersemester der fortgeschrittenen Python-Programmierung behandelt?,not_answerable_from_source,0,[],0.7221719026565552,0.7135820388793945,0.008589863777160645,"[""PO25CL-PLAN-S02-M02"", ""PO25CL-PLAN-S01-M03"", ""PO25CL-APP-R07-M03"", ""PO25CL-GEN-C03-P11-A01"", ""PO25CL-GEN-C03-P14-A10"", ""PO25CL-PLAN-S03-M04"", ""PO25CL-GEN-C01-P03-A03"", ""PO25CL-PLAN-S01-M01"", ""PO25CL-GEN-C03-P11-A02"", ""PO25CL-GEN-C03-P11-A03""]","[0.7221719026565552, 0.7135820388793945, 0.6004523038864136, 0.42752206325531006, 0.4143758714199066, 0.4083317518234253, 0.39625275135040283, 0.3925287127494812, 0.3864617645740509, 0.37958377599716187]",[],,,,,,,,,,,,,,,,,,,,,,,,
Q0676,Welche zwei Arten von Faktoren werden in Morphologie und Syntax zur Erklärung sprachübergreifender Trends thematisiert?,not_answerable_from_source,0,[],0.6255217790603638,0.6235771179199219,0.0019446611404418945,"[""PO25CL-APP-R07-M05"", ""PO25CL-APP-R07-M04"", ""PO25CL-APP-R09"", ""PO25CL-PLAN-S01-M04"", ""PO25CL-PLAN-S03-M03"", ""PO25CL-APP-R07-M02"", ""PO25CL-PLAN-S02-M03"", ""PO25CL-APP-R11"", ""PO25CL-APP-R07-M08"", ""PO25CL-GEN-C01-P04-A05""]","[0.6255217790603638, 0.6235771179199219, 0.601000189781189, 0.5991299152374268, 0.5444239377975464, 0.5423287749290466, 0.5417180061340332, 0.5405371189117432, 0.536790132522583, 0.5351143479347229]",[],,,,,,,,,,,,,,,,,,,,,,,,
Q0677,Welche semantischen Relationen werden in Semantik und Pragmatik beispielhaft behandelt?,not_answerable_from_source,0,[],0.5694934129714966,0.5122493505477905,0.057244062423706055,"[""PO25CL-APP-R07-M05"", ""PO25CL-GEN-C01-P04-A05"", ""PO25CL-GEN-C01-P04-A04"", ""PO25CL-GEN-C01-P04-A03"", ""PO25CL-APP-R07-M04"", ""PO25CL-PLAN-S02-M03"", ""PO25CL-GEN-C01-P01-A01"", ""PO25CL-APP-R11"", ""PO25CL-APP-R07-M02"", ""PO25CL-GEN-C02-P09-A02""]","[0.5694934129714966, 0.5122493505477905, 0.5085536241531372, 0.46338093280792236, 0.4405292272567749, 0.4293786883354187, 0.425495982170105, 0.40839362144470215, 0.4056600332260132, 0.40151721239089966]",[],,,,,,,,,,,,,,,,,,,,,,,,
Q0678,"Welche pragmatischen Theorien werden in Semantik und Pragmatik mit Austin, Searle und Grice verbunden?",not_answerable_from_source,0,[],0.39446204900741577,0.3853883445262909,0.009073704481124878,"[""PO25CL-GEN-C01-P04-A04"", ""PO25CL-APP-R07-M05"", ""PO25CL-GEN-C01-P04-A05"", ""PO25CL-GEN-C01-P04-A03"", ""PO25CL-GEN-C01-P01-A01"", ""PO25CL-FRONT-TITLE"", ""PO25CL-PLAN-S03-M03"", ""PO25CL-APP-R07-M01"", ""PO25CL-GEN-C02-P09-A02"", ""PO25CL-PLAN-S02-M03""]","[0.39446204900741577, 0.3853883445262909, 0.38084176182746887, 0.3442597985267639, 0.3352819085121155, 0.3156975507736206, 0.3131422996520996, 0.3110031485557556, 0.304313063621521, 0.29012927412986755]",[],,,,,,,,,,,,,,,,,,,,,,,,
Q0679,Welche Programmiersprache wird für statistische Programmierung im Statistik-Basismodul beispielhaft genannt?,not_answerable_from_source,0,[],0.5729112029075623,0.48998138308525085,0.0829298198223114,"[""PO25CL-APP-R07-M06"", ""PO25CL-PLAN-S02-M04"", ""PO25CL-APP-R07-M17"", ""PO25CL-PLAN-S03-M01"", ""PO25CL-APP-R07-M10"", ""PO25CL-APP-R07-M08"", ""PO25CL-APP-R03"", ""PO25CL-APP-R11"", ""PO25CL-APP-R07-M16"", ""PO25CL-APP-R08""]","[0.5729112029075623, 0.48998138308525085, 0.47324323654174805, 0.47187840938568115, 0.4621773064136505, 0.45701584219932556, 0.4560908079147339, 0.4526141881942749, 0.44700539112091064, 0.4466599225997925]",[],,,,,,,,,,,,,,,,,,,,,,,,
Q0680,Welche Arten linguistischer Ressourcen werden im Statistik-Basismodul als Beispiele genannt?,not_answerable_from_source,0,[],0.5978760719299316,0.5696367621421814,0.028239309787750244,"[""PO25CL-APP-R07-M06"", ""PO25CL-APP-R07-M17"", ""PO25CL-PLAN-S03-M01"", ""PO25CL-APP-R07-M08"", ""PO25CL-APP-R07-M16"", ""PO25CL-GEN-C01-P04-A05"", ""PO25CL-APP-R07-M05"", ""PO25CL-PLAN-S02-M04"", ""PO25CL-APP-R07-M04"", ""PO25CL-APP-R11""]","[0.5978760719299316, 0.5696367621421814, 0.5656925439834595, 0.5516089797019958, 0.5487054586410522, 0.5423369407653809, 0.5371325016021729, 0.5227223038673401, 0.5194437503814697, 0.5129347443580627]",[],,,,,,,,,,,,,,,,,,,,,,,,
Q0681,Welche linearen Lernverfahren werden in Grundlagen des maschinellen Lernens ausdrücklich als Beispiele behandelt?,not_answerable_from_source,0,[],0.5102629065513611,0.5064066648483276,0.0038562417030334473,"[""PO25CL-GEN-C02-P07-A05"", ""PO25CL-GEN-C01-P03-A03"", ""PO25CL-APP-R07-M07"", ""PO25CL-GEN-C03-P11-A05"", ""PO25CL-GEN-C02-P07-A01"", ""PO25CL-PLAN-S03-M02"", ""PO25CL-PLAN-INTRO"", ""PO25CL-GEN-C01-P01-A01"", ""PO25CL-APP-R07-M01"", ""PO25CL-PLAN-S03-M03""]","[0.5102629065513611, 0.5064066648483276, 0.4562376141548157, 0.44055020809173584, 0.4187828600406647, 0.4147239625453949, 0.4083288908004761, 0.4079604744911194, 0.3990932106971741, 0.3902738690376282]",[],,,,,,,,,,,,,,,,,,,,,,,,
Q0682,Auf welcher Art von Repräsentationen beruhen die im Aufbaumodul – Maschinelles Lernen behandelten modernen Methoden?,not_answerable_from_source,0,[],0.6312397122383118,0.5980768203735352,0.03316289186477661,"[""PO25CL-APP-R07-M07"", ""PO25CL-GEN-C01-P03-A03"", ""PO25CL-GEN-C01-P01-A01"", ""PO25CL-GEN-C01-P05-A01"", ""PO25CL-APP-R07-M12"", ""PO25CL-GEN-C01-P05-A03"", ""PO25CL-GEN-C01-P05-A02"", ""PO25CL-APP-R07-M01"", ""PO25CL-GEN-C03-P14-A09"", ""PO25CL-APP-R07-M16""]","[0.6312397122383118, 0.5980768203735352, 0.5443731546401978, 0.5393760204315186, 0.5354159474372864, 0.5309297442436218, 0.5295635461807251, 0.5238201022148132, 0.5217201709747314, 0.5214681029319763]",[],,,,,,,,,,,,,,,,,,,,,,,,
Q0683,Welche Hierarchie bildet die Grundlage für die behandelten Sprachklassen in Mathematischer Linguistik?,not_answerable_from_source,0,[],0.6458911895751953,0.633920431137085,0.011970758438110352,"[""PO25CL-APP-R07-M08"", ""PO25CL-APP-R07-M05"", ""PO25CL-APP-R07-M04"", ""PO25CL-PLAN-S03-M03"", ""PO25CL-APP-R07-M02"", ""PO25CL-PLAN-S01-M04"", ""PO25CL-APP-R11"", ""PO25CL-GEN-C01-P04-A05"", ""PO25CL-APP-R07-M01"", ""PO25CL-PLAN-S02-M03""]","[0.6458911895751953, 0.633920431137085, 0.6223850250244141, 0.6023337841033936, 0.5939333438873291, 0.5866920351982117, 0.5845768451690674, 0.5726039409637451, 0.5703274011611938, 0.5480707883834839]",[],,,,,,,,,,,,,,,,,,,,,,,,
Q0684,Welche zwei Theoriegebiete werden neben Sprachklassen und Relationen in Mathematischer Linguistik behandelt?,not_answerable_from_source,0,[],0.6174953579902649,0.5987238883972168,0.018771469593048096,"[""PO25CL-PLAN-S03-M03"", ""PO25CL-APP-R07-M05"", ""PO25CL-APP-R07-M08"", ""PO25CL-APP-R07-M04"", ""PO25CL-PLAN-S01-M04"", ""PO25CL-PLAN-S02-M03"", ""PO25CL-GEN-C01-P04-A05"", ""PO25CL-APP-R07-M01"", ""PO25CL-PLAN-S02-M01"", ""PO25CL-APP-R07-M02""]","[0.6174953579902649, 0.5987238883972168, 0.5783662796020508, 0.5666062831878662, 0.5581660866737366, 0.5475797653198242, 0.5470850467681885, 0.5230120420455933, 0.5200296640396118, 0.512859046459198]",[],,,,,,,,,,,,,,,,,,,,,,,,
Q0685,Welche beiden Strukturtypen werden im Parsing als gängige Repräsentationen von Syntax behandelt?,not_answerable_from_source,0,[],0.5905243158340454,0.5772339105606079,0.0132904052734375,"[""PO25CL-APP-R07-M04"", ""PO25CL-APP-R07-M05"", ""PO25CL-APP-R07-M09"", ""PO25CL-APP-R07-M02"", ""PO25CL-APP-R07-M08"", ""PO25CL-APP-R07-M11"", ""PO25CL-APP-R07-M01"", ""PO25CL-PLAN-S01-M04"", ""PO25CL-APP-R07-M15"", ""PO25CL-APP-R07-M10""]","[0.5905243158340454, 0.5772339105606079, 0.564484715461731, 0.5380778908729553, 0.5112102031707764, 0.5053837299346924, 0.4988524913787842, 0.48568642139434814, 0.4748840034008026, 0.47046518325805664]",[],,,,,,,,,,,,,,,,,,,,,,,,
Q0686,Welche zwei methodischen Grundrichtungen werden im Parsing gegenübergestellt?,not_answerable_from_source,0,[],0.4949934184551239,0.4707338809967041,0.0242595374584198,"[""PO25CL-APP-R07-M09"", ""PO25CL-GEN-C03-P11-A05"", ""PO25CL-APP-R07-M01"", ""PO25CL-APP-R09"", ""PO25CL-GEN-C03-P14-A02"", ""PO25CL-GEN-C03-P11-A07"", ""PO25CL-GEN-C03-P19-A08"", ""PO25CL-GEN-C01-P02-A03"", ""PO25CL-APP-R07-M13"", ""PO25CL-PLAN-S04-M02""]","[0.4949934184551239, 0.4707338809967041, 0.46645426750183105, 0.45026659965515137, 0.4369603395462036, 0.432899534702301, 0.43123659491539, 0.42369791865348816, 0.42262977361679077, 0.4193376898765564]",[],,,,,,,,,,,,,,,,,,,,,,,,
Q0687,Welche vier Themen werden in Einführung in Prolog neben dem logischen Programmierparadigma ausdrücklich behandelt?,not_answerable_from_source,0,[],0.5184699892997742,0.5052971243858337,0.01317286491394043,"[""PO25CL-APP-R07-M10"", ""PO25CL-APP-R07-M01"", ""PO25CL-GEN-C01-P03-A03"", ""PO25CL-PLAN-S01-M01"", ""PO25CL-APP-R07-M05"", ""PO25CL-GEN-C03-P11-A02"", ""PO25CL-PLAN-S04-M03"", ""PO25CL-GEN-C03-P11-A05"", ""PO25CL-GEN-C03-P14-A01"", ""PO25CL-GEN-C03-P11-A01""]","[0.5184699892997742, 0.5052971243858337, 0.4880306124687195, 0.4873298704624176, 0.47874364256858826, 0.47376397252082825, 0.4688926935195923, 0.46854591369628906, 0.4681355655193329, 0.4612279534339905]",[],,,,,,,,,,,,,,,,,,,,,,,,
Q0688,Welche Speicherbereiche werden in Objektorientierter Programmierung bei Programmstrukturen im Speicher thematisiert?,not_answerable_from_source,0,[],0.595022439956665,0.5069448947906494,0.08807754516601562,"[""PO25CL-APP-R07-M11"", ""PO25CL-APP-R07-M10"", ""PO25CL-APP-R07-M13"", ""PO25CL-APP-R07-M01"", ""PO25CL-APP-R07-M09"", ""PO25CL-APP-R07-M15"", ""PO25CL-APP-R07-M03"", ""PO25CL-APP-R07-M14"", ""PO25CL-APP-R07-M07"", ""PO25CL-APP-R07-M02""]","[0.595022439956665, 0.5069448947906494, 0.4734486937522888, 0.4670291841030121, 0.46073538064956665, 0.4399336874485016, 0.43498218059539795, 0.4272368550300598, 0.40161335468292236, 0.3888135552406311]",[],,,,,,,,,,,,,,,,,,,,,,,,
Q0689,Welche Such- und Sortieralgorithmen werden in Objektorientierter Programmierung beispielhaft genannt?,not_answerable_from_source,0,[],0.6670116186141968,0.5901067852973938,0.07690483331680298,"[""PO25CL-APP-R07-M11"", ""PO25CL-APP-R07-M10"", ""PO25CL-APP-R07-M01"", ""PO25CL-APP-R07-M09"", ""PO25CL-APP-R07-M13"", ""PO25CL-APP-R07-M03"", ""PO25CL-APP-R07-M14"", ""PO25CL-APP-R07-M15"", ""PO25CL-APP-R07-M06"", ""PO25CL-APP-R07-M05""]","[0.6670116186141968, 0.5901067852973938, 0.5485577583312988, 0.49959057569503784, 0.49535417556762695, 0.4851236045360565, 0.4754717946052551, 0.47317612171173096, 0.47300583124160767, 0.46306943893432617]",[],,,,,,,,,,,,,,,,,,,,,,,,
Q0690,Welche Themen aus Linguistik werden als mögliche Inhalte des Vertiefungsmoduls – Interdisziplinär beispielhaft genannt?,not_answerable_from_source,0,[],0.7001830339431763,0.6515907049179077,0.048592329025268555,"[""PO25CL-APP-R07-M05"", ""PO25CL-APP-R07-M13"", ""PO25CL-APP-R07-M04"", ""PO25CL-GEN-C01-P04-A05"", ""PO25CL-APP-R07-M08"", ""PO25CL-GEN-C01-P04-A03"", ""PO25CL-APP-R07-M16"", ""PO25CL-APP-R07-M02"", ""PO25CL-PLAN-S01-M04"", ""PO25CL-APP-R07-M07""]","[0.7001830339431763, 0.6515907049179077, 0.6505509614944458, 0.6401803493499756, 0.6376863121986389, 0.6244596242904663, 0.6193060278892517, 0.6158193349838257, 0.604003369808197, 0.589745283126831]",[],,,,,,,,,,,,,,,,,,,,,,,,
Q0691,Welche Gruppengröße ist für das Tutorium zu Morphologie und Syntax vorgesehen?,not_answerable_from_source,0,[],0.447536826133728,0.44335493445396423,0.004181891679763794,"[""PO25CL-APP-R07-M02"", ""PO25CL-APP-R07-M08"", ""PO25CL-APP-R07-M04"", ""PO25CL-APP-R07-M16"", ""PO25CL-APP-R11"", ""PO25CL-APP-R07-M05"", ""PO25CL-APP-R07-M14"", ""PO25CL-APP-R07-M17"", ""PO25CL-APP-R07-M15"", ""PO25CL-APP-R07-M01""]","[0.447536826133728, 0.44335493445396423, 0.44144153594970703, 0.4404926300048828, 0.43907684087753296, 0.4378746449947357, 0.43495863676071167, 0.43294233083724976, 0.43064820766448975, 0.4294539988040924]",[],,,,,,,,,,,,,,,,,,,,,,,,
Q0692,Für wie viele Studierende ist die Vorlesung Semantik und Pragmatik ungefähr ausgelegt?,not_answerable_from_source,0,[],0.5943153500556946,0.5761016607284546,0.01821368932723999,"[""PO25CL-GEN-C01-P01-A01"", ""PO25CL-GEN-C01-P03-A03"", ""PO25CL-GEN-C02-P08-U01"", ""PO25CL-GEN-C02-P07-A01"", ""PO25CL-GEN-C02-P06-U01"", ""PO25CL-GEN-C03-P14-A04"", ""PO25CL-GEN-C02-P07-A03"", ""PO25CL-GEN-C02-P09-A05"", ""PO25CL-GEN-C02-P09-A02"", ""PO25CL-GEN-C01-P04-A03""]","[0.5943153500556946, 0.5761016607284546, 0.5758558511734009, 0.5668535232543945, 0.5571752786636353, 0.5537276864051819, 0.5526906847953796, 0.5493147373199463, 0.5459398031234741, 0.5432648062705994]",[],,,,,,,,,,,,,,,,,,,,,,,,
Q0693,Ist die Teilnehmerzahl der Vorlesung Programmierung im Aufbaumodul – Objektorientierte Programmierung begrenzt?,not_answerable_from_source,0,[],0.6682466864585876,0.635302722454071,0.0329439640045166,"[""PO25CL-GEN-C02-P08-U01"", ""PO25CL-GEN-C01-P03-A03"", ""PO25CL-GEN-C02-P07-A03"", ""PO25CL-APP-R07-M11"", ""PO25CL-GEN-C03-P14-A06"", ""PO25CL-GEN-C02-P07-A01"", ""PO25CL-GEN-C03-P11-A02"", ""PO25CL-GEN-C03-P11-A01"", ""PO25CL-PLAN-S03-M04"", ""PO25CL-APP-R06""]","[0.6682466864585876, 0.635302722454071, 0.5697036981582642, 0.5632407665252686, 0.5552065372467041, 0.554061233997345, 0.5507969856262207, 0.5502235889434814, 0.5390282273292542, 0.5341584086418152]",[],,,,,,,,,,,,,,,,,,,,,,,,
Q0694,Wie groß sollen die Seminare im Vertiefungsmodul – Computerlinguistik 1 ungefähr sein?,not_answerable_from_source,0,[],0.7445950508117676,0.7435412406921387,0.0010538101196289062,"[""PO25CL-PLAN-S06-M01"", ""PO25CL-PLAN-S05-M02"", ""PO25CL-APP-R06"", ""PO25CL-PLAN-S04-M04"", ""PO25CL-PLAN-S05-M03"", ""PO25CL-PLAN-S05-M01"", ""PO25CL-PLAN-S04-M05"", ""PO25CL-PLAN-S01-SUM"", ""PO25CL-PLAN-S03-M02"", ""PO25CL-PLAN-S02-SUM""]","[0.7445950508117676, 0.7435412406921387, 0.7432478666305542, 0.7419861555099487, 0.7334811687469482, 0.7329408526420593, 0.7194868922233582, 0.7187979817390442, 0.7187243103981018, 0.7185171842575073]",[],,,,,,,,,,,,,,,,,,,,,,,,
Q0695,Welche ungefähre Gruppengröße ist für das Forschungskolloquium Computerlinguistik vorgesehen?,not_answerable_from_source,0,[],0.6150256395339966,0.5749828815460205,0.040042757987976074,"[""PO25CL-APP-R06"", ""PO25CL-APP-R07-M17"", ""PO25CL-APP-R03"", ""PO25CL-PLAN-S04-SUM"", ""PO25CL-GEN-C03-P15-A10"", ""PO25CL-APP-R07-M06"", ""PO25CL-PLAN-S03-SUM"", ""PO25CL-PLAN-S02-M04"", ""PO25CL-APP-R10"", ""PO25CL-APP-R13""]","[0.6150256395339966, 0.5749828815460205, 0.5718765258789062, 0.571764349937439, 0.5712909698486328, 0.5694973468780518, 0.5690634250640869, 0.5687291622161865, 0.5682952404022217, 0.5668883323669434]",[],,,,,,,,,,,,,,,,,,,,,,,,
Q0696,In welchem Turnus wird das Orientierungsseminar im Modul Praktikum & Orientierung angeboten?,not_answerable_from_source,0,[],0.6851218938827515,0.6430355310440063,0.04208636283874512,"[""PO25CL-APP-R07-M12"", ""PO25CL-GEN-C02-P09-A03"", ""PO25CL-GEN-C02-P09-A05"", ""PO25CL-GEN-C02-P09-A02"", ""PO25CL-PLAN-S04-M05"", ""PO25CL-PLAN-S05-M01"", ""PO25CL-GEN-C02-P09-A04"", ""PO25CL-GEN-C02-P08-U01"", ""PO25CL-APP-R14"", ""PO25CL-GEN-C01-P03-A03""]","[0.6851218938827515, 0.6430355310440063, 0.6157597303390503, 0.6071295738220215, 0.6009256839752197, 0.5990506410598755, 0.579529881477356, 0.5726640224456787, 0.5653612017631531, 0.5616378784179688]",[],,,,,,,,,,,,,,,,,,,,,,,,
Q0697,Wie häufig findet Deep Learning regulär statt?,not_answerable_from_source,0,[],0.386118620634079,0.3474694490432739,0.038649171590805054,"[""PO25CL-PLAN-S04-M01"", ""PO25CL-APP-R06"", ""PO25CL-GEN-C02-P09-A01"", ""PO25CL-PLAN-S03-M02"", ""PO25CL-PLAN-INTRO"", ""PO25CL-GEN-C01-P03-A03"", ""PO25CL-PLAN-S05-SUM"", ""PO25CL-GEN-C03-P14-A03"", ""PO25CL-PLAN-S01-SUM"", ""PO25CL-PLAN-S03-SUM""]","[0.386118620634079, 0.3474694490432739, 0.33301734924316406, 0.3137187361717224, 0.30739179253578186, 0.3072688579559326, 0.3046965003013611, 0.30349355936050415, 0.3004723787307739, 0.2977999150753021]",[],,,,,,,,,,,,,,,,,,,,,,,,
Q0698,In welchem Angebotsrhythmus läuft Einführung in Prolog?,not_answerable_from_source,0,[],0.4157440662384033,0.37261897325515747,0.04312509298324585,"[""PO25CL-PLAN-S04-M03"", ""PO25CL-GEN-C01-P03-A03"", ""PO25CL-GEN-C02-P07-A02"", ""PO25CL-APP-R07-M10"", ""PO25CL-GEN-C03-P14-A03"", ""PO25CL-GEN-C01-P05-A03"", ""PO25CL-PLAN-LEGEND"", ""PO25CL-GEN-C03-P14-A06"", ""PO25CL-GEN-C03-P14-A10"", ""PO25CL-APP-R07-M01""]","[0.4157440662384033, 0.37261897325515747, 0.3566628098487854, 0.3408964276313782, 0.33557963371276855, 0.33137762546539307, 0.3167133033275604, 0.31642723083496094, 0.3117087483406067, 0.3112264573574066]",[],,,,,,,,,,,,,,,,,,,,,,,,
Q0699,Wie häufig wird das thematische Seminar im Vertiefungsmodul – Computerlinguistik 2 regulär angeboten?,not_answerable_from_source,0,[],0.6993489265441895,0.6869710683822632,0.01237785816192627,"[""PO25CL-APP-R07-M12"", ""PO25CL-PLAN-S05-M01"", ""PO25CL-PLAN-S04-M05"", ""PO25CL-PLAN-S06-M01"", ""PO25CL-PLAN-S05-M03"", ""PO25CL-PLAN-S05-M02"", ""PO25CL-PLAN-S01-M02"", ""PO25CL-PLAN-S04-M04"", ""PO25CL-PLAN-S02-SUM"", ""PO25CL-PLAN-S03-M01""]","[0.6993489265441895, 0.6869710683822632, 0.6801319122314453, 0.6764732599258423, 0.6742828488349915, 0.662616491317749, 0.6616849303245544, 0.6616804599761963, 0.6583305597305298, 0.6566689014434814]",[],,,,,,,,,,,,,,,,,,,,,,,,
Q0700,In welchem zeitlichen Abstand halten Gäste im Forschungskolloquium Computerlinguistik ihre Vorträge?,not_answerable_from_source,0,[],0.6579475998878479,0.64262855052948,0.01531904935836792,"[""PO25CL-APP-R14"", ""PO25CL-PLAN-S02-SUM"", ""PO25CL-PLAN-LEGEND"", ""PO25CL-PLAN-S01-SUM"", ""PO25CL-PLAN-S03-SUM"", ""PO25CL-PLAN-S04-SUM"", ""PO25CL-PLAN-S05-M01"", ""PO25CL-PLAN-S05-SUM"", ""PO25CL-GEN-C03-P14-A04"", ""PO25CL-PLAN-S06-SUM""]","[0.6579475998878479, 0.64262855052948, 0.6400005221366882, 0.6389205455780029, 0.6367874145507812, 0.6362819671630859, 0.6351057291030884, 0.6343730688095093, 0.6293258666992188, 0.6222808361053467]",[],,,,,,,,,,,,,,,,,,,,,,,,
Q0701,Wie werden die Gastvorträge im Forschungskolloquium in der jeweils vorhergehenden Woche vorbereitet?,not_answerable_from_source,0,[],0.5751432180404663,0.5491833686828613,0.02595984935760498,"[""PO25CL-GEN-C02-P07-A02"", ""PO25CL-GEN-C03-P11-A09"", ""PO25CL-GEN-C02-P09-A03"", ""PO25CL-GEN-C03-P14-A10"", ""PO25CL-GEN-C02-P08-U01"", ""PO25CL-GEN-C03-P14-A06"", ""PO25CL-GEN-C03-P14-A04"", ""PO25CL-GEN-C03-P16-A03"", ""PO25CL-GEN-C04-P24-A03"", ""PO25CL-GEN-C03-P13-A02""]","[0.5751432180404663, 0.5491833686828613, 0.5048801898956299, 0.50214022397995, 0.49882692098617554, 0.48552852869033813, 0.4833235740661621, 0.4746786653995514, 0.47000652551651, 0.46849876642227173]",[],,,,,,,,,,,,,,,,,,,,,,,,
Q0702,Wer entscheidet über die Zulassung einer nicht im Vorlesungsverzeichnis zugeordneten Veranstaltung zu Computerlinguistik 1?,not_answerable_from_source,0,[],0.6613121628761292,0.6522159576416016,0.009096205234527588,"[""PO25CL-APP-R08"", ""PO25CL-PLAN-S01-PBB"", ""PO25CL-APP-R06"", ""PO25CL-PLAN-S02-PBB"", ""PO25CL-PLAN-S05-PBB"", ""PO25CL-PLAN-S06-PBB"", ""PO25CL-PLAN-S03-PBB"", ""PO25CL-PLAN-S05-M03"", ""PO25CL-PLAN-S01-M02"", ""PO25CL-PLAN-S04-PBB""]","[0.6613121628761292, 0.6522159576416016, 0.6456294655799866, 0.6392239332199097, 0.638713002204895, 0.634907603263855, 0.6343563795089722, 0.6307942867279053, 0.627799391746521, 0.6205348968505859]",[],,,,,,,,,,,,,,,,,,,,,,,,
Q0703,Sind im Vertiefungsmodul – Interdisziplinär neben Seminaren auch Vorlesungen als Lehrveranstaltungen vorgesehen?,not_answerable_from_source,0,[],0.7043713331222534,0.6572609543800354,0.04711037874221802,"[""PO25CL-GEN-C02-P08-U01"", ""PO25CL-GEN-C01-P03-A03"", ""PO25CL-GEN-C02-P07-A01"", ""PO25CL-GEN-C02-P09-A05"", ""PO25CL-GEN-C02-P09-A03"", ""PO25CL-GEN-C02-P09-A02"", ""PO25CL-GEN-C02-P07-A03"", ""PO25CL-GEN-C01-P04-A02"", ""PO25CL-GEN-C01-P04-A01"", ""PO25CL-GEN-C02-P07-A04""]","[0.7043713331222534, 0.6572609543800354, 0.6317154169082642, 0.6098950505256653, 0.6058829426765442, 0.5912728905677795, 0.5823965072631836, 0.5665944814682007, 0.5601142644882202, 0.5548440217971802]",[],,,,,,,,,,,,,,,,,,,,,,,,
Q0704,Woran richtet sich die geplante Gruppengröße im Vertiefungsmodul – Interdisziplinär?,not_answerable_from_source,0,[],0.46997159719467163,0.4570959806442261,0.012875616550445557,"[""PO25CL-GEN-C01-P05-A02"", ""PO25CL-APP-R07-M13"", ""PO25CL-GEN-C01-P03-A03"", ""PO25CL-GEN-C03-P14-A08"", ""PO25CL-GEN-C02-P08-U01"", ""PO25CL-GEN-C03-P14-A09"", ""PO25CL-GEN-C01-P04-A02"", ""PO25CL-GEN-C03-P15-A08"", ""PO25CL-GEN-C04-P28-A05"", ""PO25CL-GEN-C04-P26-U01""]","[0.46997159719467163, 0.4570959806442261, 0.43153828382492065, 0.414166122674942, 0.41082245111465454, 0.3947141170501709, 0.39196455478668213, 0.38036665320396423, 0.37782853841781616, 0.37344616651535034]",[],,,,,,,,,,,,,,,,,,,,,,,,
Q0705,Wie viele Stunden Kontaktzeit sind für das Forschungskolloquium Computerlinguistik vorgesehen?,not_answerable_from_source,0,[],0.6662086248397827,0.6651239991188049,0.0010846257209777832,"[""PO25CL-GEN-C03-P14-A04"", ""PO25CL-GEN-C03-P14-A03"", ""PO25CL-GEN-C03-P14-A10"", ""PO25CL-APP-R14"", ""PO25CL-GEN-C03-P14-A06"", ""PO25CL-PLAN-LEGEND"", ""PO25CL-GEN-C01-P03-A01"", ""PO25CL-GEN-C03-P13-A01"", ""PO25CL-PLAN-S02-SUM"", ""PO25CL-PLAN-S03-SUM""]","[0.6662086248397827, 0.6651239991188049, 0.6597340106964111, 0.63895583152771, 0.629765510559082, 0.5971474051475525, 0.5894802808761597, 0.5842416286468506, 0.5784198045730591, 0.5765416622161865]",[],,,,,,,,,,,,,,,,,,,,,,,,
Q0706,An welchem konkreten Datum findet meine Klausur in Basiswissen Linguistik – Semantik und Pragmatik statt?,not_answerable_from_source,0,[],0.5477502346038818,0.5201888084411621,0.027561426162719727,"[""PO25CL-PLAN-S02-M03"", ""PO25CL-PLAN-S01-M04"", ""PO25CL-PLAN-S03-M03"", ""PO25CL-APP-R07-M05"", ""PO25CL-PLAN-S02-M01"", ""PO25CL-GEN-C03-P14-A10"", ""PO25CL-PLAN-S01-M02"", ""PO25CL-PLAN-S01-M01"", ""PO25CL-PLAN-S03-M01"", ""PO25CL-GEN-C03-P11-A09""]","[0.5477502346038818, 0.5201888084411621, 0.5179746150970459, 0.5160826444625854, 0.5085036754608154, 0.5055352449417114, 0.4964185953140259, 0.4737316966056824, 0.45678550004959106, 0.4542783796787262]",[],,,,,,,,,,,,,,,,,,,,,,,,
Q0707,In welchem Raum findet die nächste Modulprüfung im Basismodul – Mathematische und logische Grundlagen statt?,not_answerable_from_source,0,[],0.7097071409225464,0.6783155202865601,0.03139162063598633,"[""PO25CL-GEN-C03-P11-A03"", ""PO25CL-GEN-C03-P11-A01"", ""PO25CL-APP-R07-M01"", ""PO25CL-GEN-C03-P11-A05"", ""PO25CL-GEN-C03-P11-A06"", ""PO25CL-GEN-C03-P11-A07"", ""PO25CL-GEN-C03-P18-A04"", ""PO25CL-APP-R07-M10"", ""PO25CL-GEN-C03-P11-A02"", ""PO25CL-GEN-C01-P03-A03""]","[0.7097071409225464, 0.6783155202865601, 0.6756422519683838, 0.6436800956726074, 0.6185362339019775, 0.6100983619689941, 0.5970591306686401, 0.5887385606765747, 0.5868834257125854, 0.5750011801719666]",[],,,,,,,,,,,,,,,,,,,,,,,,
Q0708,Bin ich derzeit zur Modulprüfung im Vertiefungsmodul – Computerlinguistik 2 angemeldet?,not_answerable_from_source,0,[],0.6839151382446289,0.678086519241333,0.0058286190032958984,"[""PO25CL-PLAN-S06-M01"", ""PO25CL-PLAN-S05-M02"", ""PO25CL-PLAN-S04-M04"", ""PO25CL-PLAN-S01-M02"", ""PO25CL-PLAN-S02-M01"", ""PO25CL-APP-R06"", ""PO25CL-APP-R07-M12"", ""PO25CL-APP-R07-M15"", ""PO25CL-PLAN-S03-M04"", ""PO25CL-PLAN-S05-M03""]","[0.6839151382446289, 0.678086519241333, 0.6668086647987366, 0.6596803665161133, 0.6588907241821289, 0.6588826775550842, 0.6552780270576477, 0.6532192230224609, 0.6493868231773376, 0.6486347913742065]",[],,,,,,,,,,,,,,,,,,,,,,,,
Q0709,Wer ist für meine konkrete Prüfung im Aufbaumodul – Objektorientierte Programmierung als Prüferin oder Prüfer eingeteilt?,not_answerable_from_source,0,[],0.6359997987747192,0.6347275972366333,0.0012722015380859375,"[""PO25CL-GEN-C03-P14-A09"", ""PO25CL-GEN-C03-P11-A05"", ""PO25CL-APP-R07-M11"", ""PO25CL-GEN-C03-P11-A07"", ""PO25CL-GEN-C03-P14-A08"", ""PO25CL-GEN-C03-P11-A01"", ""PO25CL-APP-R07-M10"", ""PO25CL-GEN-C03-P14-A02"", ""PO25CL-GEN-C03-P12-A04"", ""PO25CL-GEN-C03-P11-A03""]","[0.6359997987747192, 0.6347275972366333, 0.6150143146514893, 0.600574254989624, 0.5974477529525757, 0.5945774912834167, 0.5860154628753662, 0.5730370283126831, 0.5694988965988159, 0.5517717599868774]",[],,,,,,,,,,,,,,,,,,,,,,,,
Q0710,Ist meine Note für die Modulprüfung in Grundlagen der Computerlinguistik und formale Grammatikbeschreibung bereits verbucht?,not_answerable_from_source,0,[],0.7366037964820862,0.7265232801437378,0.010080516338348389,"[""PO25CL-APP-R09"", ""PO25CL-APP-R07-M02"", ""PO25CL-APP-R08"", ""PO25CL-APP-R07-M05"", ""PO25CL-APP-R11"", ""PO25CL-APP-R07-M04"", ""PO25CL-APP-R07-M08"", ""PO25CL-PLAN-S01-M04"", ""PO25CL-PLAN-S02-M01"", ""PO25CL-APP-R07-M16""]","[0.7366037964820862, 0.7265232801437378, 0.7144882678985596, 0.7035587430000305, 0.6961731910705566, 0.6907965540885925, 0.6761528253555298, 0.6660726070404053, 0.663358211517334, 0.6599971055984497]",[],,,,,,,,,,,,,,,,,,,,,,,,
Q0711,Welcher Tutoriumsgruppe zu Morphologie und Syntax bin ich persönlich zugeteilt?,not_answerable_from_source,0,[],0.48812320828437805,0.48579141497612,0.0023317933082580566,"[""PO25CL-APP-R07-M05"", ""PO25CL-GEN-C01-P04-A04"", ""PO25CL-APP-R07-M04"", ""PO25CL-APP-R11"", ""PO25CL-GEN-C01-P04-A05"", ""PO25CL-APP-R07-M02"", ""PO25CL-APP-R07-M08"", ""PO25CL-APP-R07-M16"", ""PO25CL-PLAN-S01-M04"", ""PO25CL-APP-R07-M17""]","[0.48812320828437805, 0.48579141497612, 0.48402929306030273, 0.47092610597610474, 0.4669569730758667, 0.4627297520637512, 0.45477035641670227, 0.4444015324115753, 0.4298340976238251, 0.4249335527420044]",[],,,,,,,,,,,,,,,,,,,,,,,,
Q0712,Wie viele Sitzungen der Übung zu Parsing wurden bei mir als anwesend erfasst?,not_answerable_from_source,0,[],0.5613754987716675,0.5182361602783203,0.04313933849334717,"[""PO25CL-GEN-C01-P03-A04"", ""PO25CL-GEN-C03-P19-A01"", ""PO25CL-GEN-C02-P09-A01"", ""PO25CL-GEN-C03-P14-A03"", ""PO25CL-GEN-C03-P13-A01"", ""PO25CL-GEN-C03-P13-A02"", ""PO25CL-GEN-C03-P11-A09"", ""PO25CL-GEN-C03-P15-A10"", ""PO25CL-GEN-C03-P16-A03"", ""PO25CL-GEN-C02-P09-A05""]","[0.5613754987716675, 0.5182361602783203, 0.5028326511383057, 0.49746182560920715, 0.4827636480331421, 0.47610580921173096, 0.4735140800476074, 0.46938714385032654, 0.4685121774673462, 0.45672136545181274]",[],,,,,,,,,,,,,,,,,,,,,,,,
Q0713,Ist mein gewählter Praktikumsplatz für Praktikum & Orientierung bereits bestätigt worden?,not_answerable_from_source,0,[],0.5364381074905396,0.5159484148025513,0.02048969268798828,"[""PO25CL-GEN-C02-P09-A03"", ""PO25CL-APP-R14"", ""PO25CL-GEN-C02-P09-A04"", ""PO25CL-GEN-C02-P09-A05"", ""PO25CL-PLAN-S05-M01"", ""PO25CL-GEN-C01-P03-A04"", ""PO25CL-PLAN-S04-M05"", ""PO25CL-APP-R07-M12"", ""PO25CL-GEN-C03-P19-A01"", ""PO25CL-GEN-C03-P16-A03""]","[0.5364381074905396, 0.5159484148025513, 0.5141994953155518, 0.48768699169158936, 0.47828614711761475, 0.45128268003463745, 0.4251991808414459, 0.42475730180740356, 0.4161771237850189, 0.392371267080307]",[],,,,,,,,,,,,,,,,,,,,,,,,
Q0714,Wurde mein eingereichter Praktikumsbericht bereits als Leistungsnachweis akzeptiert?,not_answerable_from_source,0,[],0.5870938301086426,0.510009229183197,0.07708460092544556,"[""PO25CL-GEN-C02-P09-A04"", ""PO25CL-GEN-C02-P09-A03"", ""PO25CL-GEN-C03-P19-A01"", ""PO25CL-GEN-C02-P09-A05"", ""PO25CL-GEN-C03-P17-A04"", ""PO25CL-GEN-C03-P16-A01"", ""PO25CL-GEN-C01-P03-A04"", ""PO25CL-GEN-C03-P21-A02"", ""PO25CL-GEN-C03-P16-A03"", ""PO25CL-GEN-C04-P28-A06""]","[0.5870938301086426, 0.510009229183197, 0.4878600835800171, 0.4779784083366394, 0.467257022857666, 0.46260586380958557, 0.45820197463035583, 0.45808523893356323, 0.44039690494537354, 0.43650567531585693]",[],,,,,,,,,,,,,,,,,,,,,,,,
Q0715,Ist meine extern gewählte Veranstaltung schon für das Vertiefungsmodul – Computerlinguistik 1 genehmigt?,not_answerable_from_source,0,[],0.6223543882369995,0.6134285926818848,0.008925795555114746,"[""PO25CL-APP-R12"", ""PO25CL-APP-R07-M12"", ""PO25CL-PLAN-S06-M01"", ""PO25CL-PLAN-S05-M03"", ""PO25CL-APP-R08"", ""PO25CL-PLAN-S05-M02"", ""PO25CL-PLAN-S04-M04"", ""PO25CL-APP-R07-M17"", ""PO25CL-PLAN-S01-PBB"", ""PO25CL-APP-R06""]","[0.6223543882369995, 0.6134285926818848, 0.6116220951080322, 0.6015936136245728, 0.6011183261871338, 0.5953866243362427, 0.591368556022644, 0.5850369930267334, 0.5829049348831177, 0.580963134765625]",[],,,,,,,,,,,,,,,,,,,,,,,,
Q0716,Welches konkrete Abgabedatum wurde für meine Hausarbeit im Aufbaumodul – Maschinelles Lernen festgelegt?,not_answerable_from_source,0,[],0.6172707676887512,0.5348318815231323,0.0824388861656189,"[""PO25CL-GEN-C03-P14-A10"", ""PO25CL-GEN-C03-P11-A09"", ""PO25CL-GEN-C03-P14-A05"", ""PO25CL-GEN-C03-P14-A06"", ""PO25CL-GEN-C03-P14-A03"", ""PO25CL-GEN-C03-P15-A04"", ""PO25CL-GEN-C01-P03-A01"", ""PO25CL-GEN-C03-P16-A03"", ""PO25CL-GEN-C03-P15-A05"", ""PO25CL-GEN-C03-P21-A02""]","[0.6172707676887512, 0.5348318815231323, 0.5176615118980408, 0.5131127834320068, 0.5084564685821533, 0.5083155035972595, 0.5051518678665161, 0.5014073252677917, 0.4977033734321594, 0.49151861667633057]",[],,,,,,,,,,,,,,,,,,,,,,,,
Q0717,Wer hält den nächsten Gastvortrag im Forschungskolloquium Computerlinguistik?,not_answerable_from_source,0,[],0.6252790093421936,0.6114963293075562,0.013782680034637451,"[""PO25CL-PLAN-S05-M03"", ""PO25CL-PLAN-S06-PBB"", ""PO25CL-PLAN-S03-PBB"", ""PO25CL-PLAN-S06-M01"", ""PO25CL-PLAN-S01-PBB"", ""PO25CL-PLAN-S05-PBB"", ""PO25CL-PLAN-S04-PBB"", ""PO25CL-PLAN-S06-M02"", ""PO25CL-PLAN-S02-PBB"", ""PO25CL-PLAN-S01-M02""]","[0.6252790093421936, 0.6114963293075562, 0.6109235286712646, 0.6092832088470459, 0.6059978008270264, 0.6025897264480591, 0.6014676094055176, 0.5990785360336304, 0.5989155769348145, 0.5901815891265869]",[],,,,,,,,,,,,,,,,,,,,,,,,
Q0718,Wer wurde als Zweitgutachterin oder Zweitgutachter meiner Bachelorarbeit bestellt?,not_answerable_from_source,0,[],0.5375721454620361,0.48607826232910156,0.05149388313293457,"[""PO25CL-GEN-C03-P16-A02"", ""PO25CL-GEN-C04-P25-A03"", ""PO25CL-GEN-C03-P21-A03"", ""PO25CL-PLAN-S02-PBB"", ""PO25CL-GEN-C02-P09-A05"", ""PO25CL-PLAN-S01-PBB"", ""PO25CL-GEN-C03-P15-A02"", ""PO25CL-PLAN-S04-PBB"", ""PO25CL-GEN-C04-P25-A06"", ""PO25CL-PLAN-S05-PBB""]","[0.5375721454620361, 0.48607826232910156, 0.4762513041496277, 0.45486822724342346, 0.4420798420906067, 0.4356486201286316, 0.4351547658443451, 0.4322851896286011, 0.430896520614624, 0.4308755397796631]",[],,,,,,,,,,,,,,,,,,,,,,,,
Q0719,Welches konkrete Thema wurde für meine Bachelorarbeit im Studiengang Computerlinguistik ausgegeben?,not_answerable_from_source,0,[],0.7784582376480103,0.7740010023117065,0.004457235336303711,"[""PO25CL-PLAN-S01-PBB"", ""PO25CL-PLAN-S02-PBB"", ""PO25CL-PLAN-S05-PBB"", ""PO25CL-PLAN-S03-PBB"", ""PO25CL-PLAN-S06-PBB"", ""PO25CL-PLAN-S04-PBB"", ""PO25CL-PLAN-S06-SUM"", ""PO25CL-PLAN-S05-SUM"", ""PO25CL-PLAN-S01-SUM"", ""PO25CL-PLAN-S02-SUM""]","[0.7784582376480103, 0.7740010023117065, 0.7724043726921082, 0.7719367742538452, 0.7666531205177307, 0.7665813565254211, 0.7353637218475342, 0.7334920167922974, 0.7326803803443909, 0.7275502681732178]",[],,,,,,,,,,,,,,,,,,,,,,,,
Q0720,Ist meinem persönlichen Antrag auf Fristverlängerung für die Bachelorarbeit bereits stattgegeben worden?,not_answerable_from_source,0,[],0.5729244351387024,0.5724571943283081,0.0004672408103942871,"[""PO25CL-GEN-C03-P15-A05"", ""PO25CL-GEN-C03-P15-A04"", ""PO25CL-GEN-C03-P21-A02"", ""PO25CL-GEN-C03-P16-A03"", ""PO25CL-GEN-C01-P03-A01"", ""PO25CL-GEN-C03-P21-A03"", ""PO25CL-GEN-C04-P25-A06"", ""PO25CL-GEN-C03-P15-A02"", ""PO25CL-GEN-C03-P19-A01"", ""PO25CL-GEN-C02-P09-A01""]","[0.5729244351387024, 0.5724571943283081, 0.5381976366043091, 0.5371077656745911, 0.5124343037605286, 0.5081102252006531, 0.4975489377975464, 0.4907476007938385, 0.489491730928421, 0.48543381690979004]",[],,,,,,,,,,,,,,,,,,,,,,,,
