representation,question_id,gold_size,top_score,second_score,top1_top2_gap,best_gold_score,worst_gold_score,best_non_gold_score,best_gold_margin,worst_gold_margin
e5,Q0013,1,0.8697317838668823,0.8673666715621948,0.0023651123046875,0.8578815460205078,0.8578815460205078,0.8697317838668823,-0.011850237846374512,-0.011850237846374512
e5,Q0014,1,0.8977042436599731,0.8837952613830566,0.013908982276916504,0.8837952613830566,0.8837952613830566,0.8977042436599731,-0.013908982276916504,-0.013908982276916504
e5,Q0018,1,0.8945780992507935,0.8363003730773926,0.05827772617340088,0.8945780992507935,0.8945780992507935,0.8363003730773926,0.05827772617340088,0.05827772617340088
e5,Q0019,1,0.8885182738304138,0.8510527014732361,0.037465572357177734,0.8885182738304138,0.8885182738304138,0.8510527014732361,0.037465572357177734,0.037465572357177734
e5,Q0020,1,0.9110760688781738,0.8974485397338867,0.01362752914428711,0.9110760688781738,0.9110760688781738,0.8974485397338867,0.01362752914428711,0.01362752914428711
e5,Q0021,1,0.9003497362136841,0.8430748581886292,0.05727487802505493,0.9003497362136841,0.9003497362136841,0.8430748581886292,0.05727487802505493,0.05727487802505493
e5,Q0022,1,0.8939367532730103,0.8530717492103577,0.04086500406265259,0.8939367532730103,0.8939367532730103,0.8530717492103577,0.04086500406265259,0.04086500406265259
e5,Q0023,1,0.8983619809150696,0.8682295083999634,0.0301324725151062,0.8983619809150696,0.8983619809150696,0.8682295083999634,0.0301324725151062,0.0301324725151062
e5,Q0024,1,0.8446027636528015,0.8292452096939087,0.015357553958892822,0.8446027636528015,0.8446027636528015,0.8292452096939087,0.015357553958892822,0.015357553958892822
e5,Q0025,1,0.8781737089157104,0.8585014343261719,0.019672274589538574,0.8781737089157104,0.8781737089157104,0.8585014343261719,0.019672274589538574,0.019672274589538574
e5,Q0026,1,0.9066448211669922,0.867405891418457,0.039238929748535156,0.9066448211669922,0.9066448211669922,0.867405891418457,0.039238929748535156,0.039238929748535156
e5,Q0027,1,0.8899996280670166,0.8874573111534119,0.0025423169136047363,0.8874573111534119,0.8874573111534119,0.8899996280670166,-0.0025423169136047363,-0.0025423169136047363
e5,Q0028,1,0.8841235637664795,0.8580619692802429,0.026061594486236572,0.8841235637664795,0.8841235637664795,0.8580619692802429,0.026061594486236572,0.026061594486236572
e5,Q0029,1,0.8865981101989746,0.8599970936775208,0.026601016521453857,0.8865981101989746,0.8865981101989746,0.8599970936775208,0.026601016521453857,0.026601016521453857
e5,Q0030,1,0.8891946077346802,0.8644497990608215,0.024744808673858643,0.8891946077346802,0.8891946077346802,0.8644497990608215,0.024744808673858643,0.024744808673858643
e5,Q0031,1,0.8942795395851135,0.8849876523017883,0.009291887283325195,0.88080233335495,0.88080233335495,0.8942795395851135,-0.013477206230163574,-0.013477206230163574
e5,Q0032,1,0.8774193525314331,0.8589030504226685,0.01851630210876465,0.8774193525314331,0.8774193525314331,0.8589030504226685,0.01851630210876465,0.01851630210876465
e5,Q0033,1,0.8797998428344727,0.8644355535507202,0.015364289283752441,0.8797998428344727,0.8797998428344727,0.8644355535507202,0.015364289283752441,0.015364289283752441
e5,Q0034,1,0.8507314920425415,0.8250689506530762,0.025662541389465332,0.8507314920425415,0.8507314920425415,0.8250689506530762,0.025662541389465332,0.025662541389465332
e5,Q0035,1,0.8824209570884705,0.8525464534759521,0.02987450361251831,0.8824209570884705,0.8824209570884705,0.8525464534759521,0.02987450361251831,0.02987450361251831
e5,Q0036,1,0.8889666199684143,0.8850002288818359,0.003966391086578369,0.853691041469574,0.853691041469574,0.8889666199684143,-0.03527557849884033,-0.03527557849884033
e5,Q0038,1,0.8843696117401123,0.877289354801178,0.007080256938934326,0.8843696117401123,0.8843696117401123,0.877289354801178,0.007080256938934326,0.007080256938934326
e5,Q0044,1,0.8850764036178589,0.8514825105667114,0.03359389305114746,0.8850764036178589,0.8850764036178589,0.8514825105667114,0.03359389305114746,0.03359389305114746
e5,Q0048,1,0.8859690427780151,0.8551122546195984,0.030856788158416748,0.8859690427780151,0.8859690427780151,0.8551122546195984,0.030856788158416748,0.030856788158416748
e5,Q0049,1,0.8941680192947388,0.886832594871521,0.0073354244232177734,0.886832594871521,0.886832594871521,0.8941680192947388,-0.0073354244232177734,-0.0073354244232177734
e5,Q0050,1,0.8603589534759521,0.8440866470336914,0.016272306442260742,0.8603589534759521,0.8603589534759521,0.8440866470336914,0.016272306442260742,0.016272306442260742
e5,Q0051,1,0.8929663300514221,0.8737642168998718,0.019202113151550293,0.8737642168998718,0.8737642168998718,0.8929663300514221,-0.019202113151550293,-0.019202113151550293
e5,Q0052,1,0.8553312420845032,0.8372907638549805,0.018040478229522705,0.8553312420845032,0.8553312420845032,0.8372907638549805,0.018040478229522705,0.018040478229522705
e5,Q0053,1,0.8614364266395569,0.848944902420044,0.01249152421951294,0.8614364266395569,0.8614364266395569,0.848944902420044,0.01249152421951294,0.01249152421951294
e5,Q0054,1,0.8628586530685425,0.8605499863624573,0.002308666706085205,0.8628586530685425,0.8628586530685425,0.8605499863624573,0.002308666706085205,0.002308666706085205
e5,Q0055,1,0.8829736113548279,0.8740895986557007,0.008884012699127197,0.8829736113548279,0.8829736113548279,0.8740895986557007,0.008884012699127197,0.008884012699127197
e5,Q0056,1,0.8498364090919495,0.8156273365020752,0.03420907258987427,0.8498364090919495,0.8498364090919495,0.8156273365020752,0.03420907258987427,0.03420907258987427
e5,Q0057,1,0.8690383434295654,0.8558521270751953,0.013186216354370117,0.8690383434295654,0.8690383434295654,0.8558521270751953,0.013186216354370117,0.013186216354370117
e5,Q0058,1,0.904678463935852,0.8515915274620056,0.053086936473846436,0.904678463935852,0.904678463935852,0.8515915274620056,0.053086936473846436,0.053086936473846436
e5,Q0059,1,0.8997848629951477,0.8589388132095337,0.040846049785614014,0.8997848629951477,0.8997848629951477,0.8589388132095337,0.040846049785614014,0.040846049785614014
e5,Q0060,1,0.9031245112419128,0.8767949938774109,0.026329517364501953,0.9031245112419128,0.9031245112419128,0.8767949938774109,0.026329517364501953,0.026329517364501953
e5,Q0061,1,0.8715776205062866,0.8487542867660522,0.022823333740234375,0.8715776205062866,0.8715776205062866,0.8487542867660522,0.022823333740234375,0.022823333740234375
e5,Q0062,1,0.8963658809661865,0.8659793138504028,0.03038656711578369,0.8963658809661865,0.8963658809661865,0.8659793138504028,0.03038656711578369,0.03038656711578369
e5,Q0063,1,0.8639723062515259,0.8601381778717041,0.0038341283798217773,0.8639723062515259,0.8639723062515259,0.8601381778717041,0.0038341283798217773,0.0038341283798217773
e5,Q0074,1,0.8474435806274414,0.8328054547309875,0.014638125896453857,0.8474435806274414,0.8474435806274414,0.8328054547309875,0.014638125896453857,0.014638125896453857
e5,Q0075,1,0.8503178358078003,0.8495966196060181,0.0007212162017822266,0.8398185968399048,0.8398185968399048,0.8503178358078003,-0.010499238967895508,-0.010499238967895508
e5,Q0076,1,0.8654986619949341,0.851425051689148,0.014073610305786133,0.8654986619949341,0.8654986619949341,0.851425051689148,0.014073610305786133,0.014073610305786133
e5,Q0077,1,0.9018541574478149,0.8518358469009399,0.050018310546875,0.9018541574478149,0.9018541574478149,0.8518358469009399,0.050018310546875,0.050018310546875
e5,Q0078,1,0.8864554762840271,0.8813205361366272,0.005134940147399902,0.8864554762840271,0.8864554762840271,0.8813205361366272,0.005134940147399902,0.005134940147399902
e5,Q0079,1,0.8724507093429565,0.8481987714767456,0.024251937866210938,0.8724507093429565,0.8724507093429565,0.8481987714767456,0.024251937866210938,0.024251937866210938
e5,Q0080,1,0.8573870658874512,0.8471148014068604,0.01027226448059082,0.8573870658874512,0.8573870658874512,0.8471148014068604,0.01027226448059082,0.01027226448059082
e5,Q0081,1,0.8786196708679199,0.8407037854194641,0.03791588544845581,0.8786196708679199,0.8786196708679199,0.8407037854194641,0.03791588544845581,0.03791588544845581
e5,Q0082,1,0.8614331483840942,0.8466566801071167,0.014776468276977539,0.8614331483840942,0.8614331483840942,0.8466566801071167,0.014776468276977539,0.014776468276977539
e5,Q0083,1,0.8908332586288452,0.870654821395874,0.02017843723297119,0.8908332586288452,0.8908332586288452,0.870654821395874,0.02017843723297119,0.02017843723297119
e5,Q0084,1,0.8470135927200317,0.8461438417434692,0.0008697509765625,0.8382906913757324,0.8382906913757324,0.8470135927200317,-0.008722901344299316,-0.008722901344299316
e5,Q0092,1,0.8968225121498108,0.8732788562774658,0.02354365587234497,0.8968225121498108,0.8968225121498108,0.8732788562774658,0.02354365587234497,0.02354365587234497
e5,Q0093,1,0.8987679481506348,0.854263961315155,0.044503986835479736,0.8987679481506348,0.8987679481506348,0.854263961315155,0.044503986835479736,0.044503986835479736
e5,Q0094,1,0.8558605909347534,0.796120285987854,0.059740304946899414,0.8558605909347534,0.8558605909347534,0.796120285987854,0.059740304946899414,0.059740304946899414
e5,Q0096,1,0.8497197031974792,0.8014768362045288,0.04824286699295044,0.8497197031974792,0.8497197031974792,0.8014768362045288,0.04824286699295044,0.04824286699295044
e5,Q0097,1,0.8670070171356201,0.8076492547988892,0.05935776233673096,0.8670070171356201,0.8670070171356201,0.8076492547988892,0.05935776233673096,0.05935776233673096
e5,Q0098,1,0.8567290306091309,0.8144829273223877,0.042246103286743164,0.8567290306091309,0.8567290306091309,0.8144829273223877,0.042246103286743164,0.042246103286743164
e5,Q0099,1,0.8855161666870117,0.8129175305366516,0.07259863615036011,0.8855161666870117,0.8855161666870117,0.8129175305366516,0.07259863615036011,0.07259863615036011
e5,Q0100,1,0.8673399090766907,0.805803656578064,0.06153625249862671,0.8673399090766907,0.8673399090766907,0.805803656578064,0.06153625249862671,0.06153625249862671
e5,Q0101,1,0.9039337635040283,0.8171165585517883,0.08681720495223999,0.9039337635040283,0.9039337635040283,0.8171165585517883,0.08681720495223999,0.08681720495223999
e5,Q0102,1,0.8785147666931152,0.8269705772399902,0.051544189453125,0.8785147666931152,0.8785147666931152,0.8269705772399902,0.051544189453125,0.051544189453125
e5,Q0103,1,0.8977659940719604,0.8409931659698486,0.056772828102111816,0.8977659940719604,0.8977659940719604,0.8409931659698486,0.056772828102111816,0.056772828102111816
e5,Q0104,1,0.8724654912948608,0.8336244821548462,0.03884100914001465,0.8724654912948608,0.8724654912948608,0.8336244821548462,0.03884100914001465,0.03884100914001465
e5,Q0105,1,0.840212345123291,0.8165246248245239,0.02368772029876709,0.840212345123291,0.840212345123291,0.8165246248245239,0.02368772029876709,0.02368772029876709
e5,Q0106,1,0.8870800137519836,0.857567548751831,0.029512465000152588,0.8870800137519836,0.8870800137519836,0.857567548751831,0.029512465000152588,0.029512465000152588
e5,Q0107,1,0.8805020451545715,0.8793326616287231,0.0011693835258483887,0.8805020451545715,0.8805020451545715,0.8793326616287231,0.0011693835258483887,0.0011693835258483887
e5,Q0118,1,0.8706667423248291,0.8326350450515747,0.038031697273254395,0.8706667423248291,0.8706667423248291,0.8326350450515747,0.038031697273254395,0.038031697273254395
e5,Q0119,1,0.8711005449295044,0.8399767875671387,0.031123757362365723,0.8711005449295044,0.8711005449295044,0.8399767875671387,0.031123757362365723,0.031123757362365723
e5,Q0121,1,0.9000275135040283,0.8834822177886963,0.01654529571533203,0.9000275135040283,0.9000275135040283,0.8834822177886963,0.01654529571533203,0.01654529571533203
e5,Q0122,1,0.8704865574836731,0.8699561953544617,0.0005303621292114258,0.8678799271583557,0.8678799271583557,0.8704865574836731,-0.002606630325317383,-0.002606630325317383
e5,Q0123,1,0.8839086890220642,0.8733936548233032,0.010515034198760986,0.8839086890220642,0.8839086890220642,0.8733936548233032,0.010515034198760986,0.010515034198760986
e5,Q0124,1,0.8674359321594238,0.8610849380493164,0.006350994110107422,0.8674359321594238,0.8674359321594238,0.8610849380493164,0.006350994110107422,0.006350994110107422
e5,Q0125,1,0.8676265478134155,0.8600236177444458,0.0076029300689697266,0.8584433794021606,0.8584433794021606,0.8676265478134155,-0.009183168411254883,-0.009183168411254883
e5,Q0126,1,0.8688324689865112,0.858814537525177,0.010017931461334229,0.8688324689865112,0.8688324689865112,0.858814537525177,0.010017931461334229,0.010017931461334229
e5,Q0127,1,0.8818690180778503,0.863175630569458,0.018693387508392334,0.8818690180778503,0.8818690180778503,0.863175630569458,0.018693387508392334,0.018693387508392334
e5,Q0128,1,0.8709396719932556,0.8708477020263672,9.196996688842773e-05,0.8639129996299744,0.8639129996299744,0.8709396719932556,-0.00702667236328125,-0.00702667236328125
e5,Q0130,1,0.8858166933059692,0.8640903234481812,0.021726369857788086,0.8858166933059692,0.8858166933059692,0.8640903234481812,0.021726369857788086,0.021726369857788086
e5,Q0131,1,0.8895298838615417,0.8691011667251587,0.020428717136383057,0.8895298838615417,0.8895298838615417,0.8691011667251587,0.020428717136383057,0.020428717136383057
e5,Q0132,1,0.9064656496047974,0.8555448055267334,0.050920844078063965,0.9064656496047974,0.9064656496047974,0.8555448055267334,0.050920844078063965,0.050920844078063965
e5,Q0133,1,0.8908991813659668,0.8892186880111694,0.0016804933547973633,0.8815812468528748,0.8815812468528748,0.8908991813659668,-0.009317934513092041,-0.009317934513092041
e5,Q0134,1,0.8887972831726074,0.85693359375,0.03186368942260742,0.8887972831726074,0.8887972831726074,0.85693359375,0.03186368942260742,0.03186368942260742
e5,Q0135,1,0.8412864804267883,0.8022429347038269,0.039043545722961426,0.8412864804267883,0.8412864804267883,0.8022429347038269,0.039043545722961426,0.039043545722961426
e5,Q0136,1,0.8746775388717651,0.8705387115478516,0.004138827323913574,0.8654876947402954,0.8654876947402954,0.8746775388717651,-0.009189844131469727,-0.009189844131469727
e5,Q0137,1,0.8952404260635376,0.8880499005317688,0.007190525531768799,0.8952404260635376,0.8952404260635376,0.8880499005317688,0.007190525531768799,0.007190525531768799
e5,Q0138,1,0.901279866695404,0.8805160522460938,0.020763814449310303,0.901279866695404,0.901279866695404,0.8805160522460938,0.020763814449310303,0.020763814449310303
e5,Q0139,1,0.8878657817840576,0.8834711909294128,0.004394590854644775,0.8834711909294128,0.8834711909294128,0.8878657817840576,-0.004394590854644775,-0.004394590854644775
e5,Q0140,1,0.8831861019134521,0.8739153742790222,0.009270727634429932,0.8715476989746094,0.8715476989746094,0.8831861019134521,-0.011638402938842773,-0.011638402938842773
e5,Q0141,1,0.8923046588897705,0.8775415420532227,0.014763116836547852,0.8728323578834534,0.8728323578834534,0.8923046588897705,-0.01947230100631714,-0.01947230100631714
e5,Q0142,1,0.890552282333374,0.8705544471740723,0.019997835159301758,0.8705544471740723,0.8705544471740723,0.890552282333374,-0.019997835159301758,-0.019997835159301758
e5,Q0143,1,0.8753151297569275,0.868080735206604,0.007234394550323486,0.8672577738761902,0.8672577738761902,0.8753151297569275,-0.008057355880737305,-0.008057355880737305
e5,Q0144,1,0.8986160755157471,0.8921682834625244,0.006447792053222656,0.8986160755157471,0.8986160755157471,0.8921682834625244,0.006447792053222656,0.006447792053222656
e5,Q0145,1,0.88836270570755,0.8749822974205017,0.01338040828704834,0.88836270570755,0.88836270570755,0.8749822974205017,0.01338040828704834,0.01338040828704834
e5,Q0161,1,0.9025788903236389,0.8654417991638184,0.03713709115982056,0.9025788903236389,0.9025788903236389,0.8654417991638184,0.03713709115982056,0.03713709115982056
e5,Q0167,1,0.9066259860992432,0.8971703052520752,0.009455680847167969,0.9066259860992432,0.9066259860992432,0.8971703052520752,0.009455680847167969,0.009455680847167969
e5,Q0168,1,0.9045363664627075,0.8915311098098755,0.013005256652832031,0.9045363664627075,0.9045363664627075,0.8915311098098755,0.013005256652832031,0.013005256652832031
e5,Q0169,1,0.8745360374450684,0.8734050393104553,0.0011309981346130371,0.8734050393104553,0.8734050393104553,0.8745360374450684,-0.0011309981346130371,-0.0011309981346130371
e5,Q0170,1,0.8745352029800415,0.8730998039245605,0.001435399055480957,0.8745352029800415,0.8745352029800415,0.8730998039245605,0.001435399055480957,0.001435399055480957
e5,Q0171,1,0.8733170628547668,0.865784227848053,0.007532835006713867,0.8733170628547668,0.8733170628547668,0.865784227848053,0.007532835006713867,0.007532835006713867
e5,Q0172,1,0.876896858215332,0.8449466228485107,0.03195023536682129,0.876896858215332,0.876896858215332,0.8449466228485107,0.03195023536682129,0.03195023536682129
e5,Q0173,1,0.8596132397651672,0.8562771081924438,0.0033361315727233887,0.8473411798477173,0.8473411798477173,0.8596132397651672,-0.012272059917449951,-0.012272059917449951
e5,Q0174,1,0.8606165647506714,0.8573514223098755,0.0032651424407958984,0.841081976890564,0.841081976890564,0.8606165647506714,-0.019534587860107422,-0.019534587860107422
e5,Q0175,1,0.8200739026069641,0.8187767267227173,0.0012971758842468262,0.8200739026069641,0.8200739026069641,0.8187767267227173,0.0012971758842468262,0.0012971758842468262
e5,Q0176,1,0.8792589902877808,0.8668484091758728,0.012410581111907959,0.8792589902877808,0.8792589902877808,0.8668484091758728,0.012410581111907959,0.012410581111907959
e5,Q0177,1,0.8642452359199524,0.8406628370285034,0.023582398891448975,0.8642452359199524,0.8642452359199524,0.8406628370285034,0.023582398891448975,0.023582398891448975
e5,Q0178,1,0.890048623085022,0.8458117842674255,0.044236838817596436,0.890048623085022,0.890048623085022,0.8458117842674255,0.044236838817596436,0.044236838817596436
e5,Q0179,1,0.913032054901123,0.8838713765144348,0.029160678386688232,0.913032054901123,0.913032054901123,0.8838713765144348,0.029160678386688232,0.029160678386688232
e5,Q0180,1,0.9077366590499878,0.8810642957687378,0.02667236328125,0.9077366590499878,0.9077366590499878,0.8810642957687378,0.02667236328125,0.02667236328125
e5,Q0188,1,0.9041053056716919,0.8733654022216797,0.030739903450012207,0.9041053056716919,0.9041053056716919,0.8733654022216797,0.030739903450012207,0.030739903450012207
e5,Q0189,1,0.8832517266273499,0.8547348976135254,0.028516829013824463,0.8832517266273499,0.8832517266273499,0.8547348976135254,0.028516829013824463,0.028516829013824463
e5,Q0190,1,0.8837429285049438,0.8577573299407959,0.02598559856414795,0.8837429285049438,0.8837429285049438,0.8577573299407959,0.02598559856414795,0.02598559856414795
e5,Q0191,1,0.8611392974853516,0.8411250114440918,0.020014286041259766,0.8611392974853516,0.8611392974853516,0.8411250114440918,0.020014286041259766,0.020014286041259766
e5,Q0192,1,0.8894973993301392,0.8675921559333801,0.021905243396759033,0.8894973993301392,0.8894973993301392,0.8675921559333801,0.021905243396759033,0.021905243396759033
e5,Q0193,1,0.8537863492965698,0.8537025451660156,8.380413055419922e-05,0.8533661365509033,0.8533661365509033,0.8537863492965698,-0.0004202127456665039,-0.0004202127456665039
e5,Q0194,1,0.8709844350814819,0.8621984720230103,0.00878596305847168,0.8709844350814819,0.8709844350814819,0.8621984720230103,0.00878596305847168,0.00878596305847168
e5,Q0195,1,0.8889981508255005,0.8692284822463989,0.019769668579101562,0.8889981508255005,0.8889981508255005,0.8692284822463989,0.019769668579101562,0.019769668579101562
e5,Q0196,1,0.8984766602516174,0.8806195259094238,0.017857134342193604,0.8984766602516174,0.8984766602516174,0.8806195259094238,0.017857134342193604,0.017857134342193604
e5,Q0197,1,0.900391697883606,0.8932251930236816,0.007166504859924316,0.900391697883606,0.900391697883606,0.8932251930236816,0.007166504859924316,0.007166504859924316
e5,Q0198,1,0.8956432342529297,0.8897964954376221,0.005846738815307617,0.8956432342529297,0.8956432342529297,0.8897964954376221,0.005846738815307617,0.005846738815307617
e5,Q0199,1,0.8479831218719482,0.8415597677230835,0.006423354148864746,0.8479831218719482,0.8479831218719482,0.8415597677230835,0.006423354148864746,0.006423354148864746
e5,Q0200,1,0.8782367706298828,0.8720743060112,0.006162464618682861,0.8720743060112,0.8720743060112,0.8782367706298828,-0.006162464618682861,-0.006162464618682861
e5,Q0201,1,0.8767719268798828,0.8334419131278992,0.04333001375198364,0.8767719268798828,0.8767719268798828,0.8334419131278992,0.04333001375198364,0.04333001375198364
e5,Q0202,1,0.9023846387863159,0.8629169464111328,0.039467692375183105,0.9023846387863159,0.9023846387863159,0.8629169464111328,0.039467692375183105,0.039467692375183105
e5,Q0203,1,0.8977096080780029,0.8565744161605835,0.041135191917419434,0.8977096080780029,0.8977096080780029,0.8565744161605835,0.041135191917419434,0.041135191917419434
e5,Q0204,1,0.8634914755821228,0.8261160850524902,0.03737539052963257,0.8634914755821228,0.8634914755821228,0.8261160850524902,0.03737539052963257,0.03737539052963257
e5,Q0205,1,0.8851991891860962,0.8576136827468872,0.027585506439208984,0.8851991891860962,0.8851991891860962,0.8576136827468872,0.027585506439208984,0.027585506439208984
e5,Q0218,1,0.8555448055267334,0.8459687232971191,0.009576082229614258,0.8459687232971191,0.8459687232971191,0.8555448055267334,-0.009576082229614258,-0.009576082229614258
e5,Q0219,1,0.8253636360168457,0.8144223093986511,0.01094132661819458,0.8253636360168457,0.8253636360168457,0.8144223093986511,0.01094132661819458,0.01094132661819458
e5,Q0222,1,0.885324239730835,0.8687525987625122,0.016571640968322754,0.885324239730835,0.885324239730835,0.8687525987625122,0.016571640968322754,0.016571640968322754
e5,Q0223,1,0.8784620761871338,0.8747076988220215,0.0037543773651123047,0.8784620761871338,0.8784620761871338,0.8747076988220215,0.0037543773651123047,0.0037543773651123047
e5,Q0224,1,0.8317074179649353,0.8272844552993774,0.004422962665557861,0.8317074179649353,0.8317074179649353,0.8272844552993774,0.004422962665557861,0.004422962665557861
e5,Q0225,1,0.8679220676422119,0.8502504825592041,0.017671585083007812,0.8679220676422119,0.8679220676422119,0.8502504825592041,0.017671585083007812,0.017671585083007812
e5,Q0232,1,0.8925721645355225,0.8822484016418457,0.010323762893676758,0.8925721645355225,0.8925721645355225,0.8822484016418457,0.010323762893676758,0.010323762893676758
e5,Q0233,1,0.8997122049331665,0.8707594871520996,0.028952717781066895,0.8997122049331665,0.8997122049331665,0.8707594871520996,0.028952717781066895,0.028952717781066895
e5,Q0234,1,0.8629902601242065,0.8316875696182251,0.031302690505981445,0.8629902601242065,0.8629902601242065,0.8316875696182251,0.031302690505981445,0.031302690505981445
e5,Q0235,1,0.9065523147583008,0.8858487606048584,0.020703554153442383,0.9065523147583008,0.9065523147583008,0.8858487606048584,0.020703554153442383,0.020703554153442383
e5,Q0236,1,0.9070074558258057,0.8965883851051331,0.010419070720672607,0.9070074558258057,0.9070074558258057,0.8965883851051331,0.010419070720672607,0.010419070720672607
e5,Q0237,1,0.8704866170883179,0.8576984405517578,0.012788176536560059,0.8704866170883179,0.8704866170883179,0.8576984405517578,0.012788176536560059,0.012788176536560059
e5,Q0238,1,0.8538855314254761,0.846750020980835,0.007135510444641113,0.8449087738990784,0.8449087738990784,0.8538855314254761,-0.008976757526397705,-0.008976757526397705
e5,Q0239,1,0.8792539834976196,0.8519150614738464,0.027338922023773193,0.8792539834976196,0.8792539834976196,0.8519150614738464,0.027338922023773193,0.027338922023773193
e5,Q0240,1,0.8794476389884949,0.8685551881790161,0.01089245080947876,0.8685551881790161,0.8685551881790161,0.8794476389884949,-0.01089245080947876,-0.01089245080947876
e5,Q0241,1,0.8811041712760925,0.8395426273345947,0.0415615439414978,0.8811041712760925,0.8811041712760925,0.8395426273345947,0.0415615439414978,0.0415615439414978
e5,Q0242,1,0.8886455297470093,0.8391135931015015,0.04953193664550781,0.8886455297470093,0.8886455297470093,0.8391135931015015,0.04953193664550781,0.04953193664550781
e5,Q0243,1,0.8872236013412476,0.8494810461997986,0.037742555141448975,0.8872236013412476,0.8872236013412476,0.8494810461997986,0.037742555141448975,0.037742555141448975
e5,Q0244,1,0.8135949373245239,0.8128538727760315,0.0007410645484924316,0.8135949373245239,0.8135949373245239,0.8128538727760315,0.0007410645484924316,0.0007410645484924316
e5,Q0245,2,0.9072333574295044,0.8629872798919678,0.04424607753753662,0.9072333574295044,0.8419451713562012,0.8629872798919678,0.04424607753753662,-0.0210421085357666
e5,Q0247,1,0.9140395522117615,0.8766157627105713,0.037423789501190186,0.9140395522117615,0.9140395522117615,0.8766157627105713,0.037423789501190186,0.037423789501190186
e5,Q0248,1,0.9091352224349976,0.871147096157074,0.037988126277923584,0.9091352224349976,0.9091352224349976,0.871147096157074,0.037988126277923584,0.037988126277923584
e5,Q0256,1,0.8533725142478943,0.8499140739440918,0.0034584403038024902,0.8533725142478943,0.8533725142478943,0.8499140739440918,0.0034584403038024902,0.0034584403038024902
e5,Q0257,1,0.8370068669319153,0.8276649117469788,0.009341955184936523,0.8370068669319153,0.8370068669319153,0.8276649117469788,0.009341955184936523,0.009341955184936523
e5,Q0258,1,0.868466317653656,0.8434585928916931,0.02500772476196289,0.868466317653656,0.868466317653656,0.8434585928916931,0.02500772476196289,0.02500772476196289
e5,Q0259,1,0.8654401898384094,0.8315641283988953,0.03387606143951416,0.8654401898384094,0.8654401898384094,0.8315641283988953,0.03387606143951416,0.03387606143951416
e5,Q0260,1,0.8420944809913635,0.8276664018630981,0.01442807912826538,0.8420944809913635,0.8420944809913635,0.8276664018630981,0.01442807912826538,0.01442807912826538
e5,Q0261,1,0.8452947735786438,0.8309169411659241,0.014377832412719727,0.8452947735786438,0.8452947735786438,0.8309169411659241,0.014377832412719727,0.014377832412719727
e5,Q0262,1,0.827376127243042,0.8116068840026855,0.015769243240356445,0.827376127243042,0.827376127243042,0.8116068840026855,0.015769243240356445,0.015769243240356445
e5,Q0263,1,0.8701730370521545,0.866847038269043,0.0033259987831115723,0.855299711227417,0.855299711227417,0.8701730370521545,-0.014873325824737549,-0.014873325824737549
e5,Q0264,1,0.9014174938201904,0.881986677646637,0.019430816173553467,0.9014174938201904,0.9014174938201904,0.881986677646637,0.019430816173553467,0.019430816173553467
e5,Q0265,1,0.8842949271202087,0.8471976518630981,0.037097275257110596,0.8842949271202087,0.8842949271202087,0.8471976518630981,0.037097275257110596,0.037097275257110596
e5,Q0266,1,0.8917451500892639,0.8619542121887207,0.029790937900543213,0.8917451500892639,0.8917451500892639,0.8619542121887207,0.029790937900543213,0.029790937900543213
e5,Q0267,1,0.8568049073219299,0.8449034094810486,0.011901497840881348,0.8415509462356567,0.8415509462356567,0.8568049073219299,-0.015253961086273193,-0.015253961086273193
e5,Q0268,1,0.8493084907531738,0.8475499153137207,0.001758575439453125,0.828685998916626,0.828685998916626,0.8493084907531738,-0.02062249183654785,-0.02062249183654785
e5,Q0269,1,0.8541526794433594,0.8505033254623413,0.0036493539810180664,0.8505033254623413,0.8505033254623413,0.8541526794433594,-0.0036493539810180664,-0.0036493539810180664
e5,Q0270,1,0.8473101258277893,0.84648197889328,0.0008281469345092773,0.8433672189712524,0.8433672189712524,0.8473101258277893,-0.003942906856536865,-0.003942906856536865
e5,Q0271,1,0.8457214832305908,0.8269360661506653,0.018785417079925537,0.8457214832305908,0.8457214832305908,0.8269360661506653,0.018785417079925537,0.018785417079925537
e5,Q0272,1,0.8213310241699219,0.7916566133499146,0.029674410820007324,0.8213310241699219,0.8213310241699219,0.7916566133499146,0.029674410820007324,0.029674410820007324
e5,Q0273,1,0.8303260803222656,0.7887822389602661,0.04154384136199951,0.8303260803222656,0.8303260803222656,0.7887822389602661,0.04154384136199951,0.04154384136199951
e5,Q0274,1,0.8367222547531128,0.7998244762420654,0.03689777851104736,0.8367222547531128,0.8367222547531128,0.7998244762420654,0.03689777851104736,0.03689777851104736
e5,Q0275,1,0.864242672920227,0.8634847402572632,0.0007579326629638672,0.8634847402572632,0.8634847402572632,0.864242672920227,-0.0007579326629638672,-0.0007579326629638672
e5,Q0282,1,0.8619845509529114,0.8609001636505127,0.0010843873023986816,0.8619845509529114,0.8619845509529114,0.8609001636505127,0.0010843873023986816,0.0010843873023986816
e5,Q0283,1,0.8538908958435059,0.8297226428985596,0.02416825294494629,0.8538908958435059,0.8538908958435059,0.8297226428985596,0.02416825294494629,0.02416825294494629
e5,Q0284,1,0.8343141078948975,0.8063662052154541,0.02794790267944336,0.8343141078948975,0.8343141078948975,0.8063662052154541,0.02794790267944336,0.02794790267944336
e5,Q0285,1,0.8507832288742065,0.8486135601997375,0.002169668674468994,0.8486135601997375,0.8486135601997375,0.8507832288742065,-0.002169668674468994,-0.002169668674468994
e5,Q0286,1,0.8464313745498657,0.8415270447731018,0.004904329776763916,0.8415270447731018,0.8415270447731018,0.8464313745498657,-0.004904329776763916,-0.004904329776763916
e5,Q0297,1,0.9043208360671997,0.8727696537971497,0.03155118227005005,0.9043208360671997,0.9043208360671997,0.8727696537971497,0.03155118227005005,0.03155118227005005
e5,Q0298,1,0.868018388748169,0.8460822105407715,0.02193617820739746,0.868018388748169,0.868018388748169,0.8460822105407715,0.02193617820739746,0.02193617820739746
e5,Q0299,1,0.9056910872459412,0.8801368474960327,0.025554239749908447,0.9056910872459412,0.9056910872459412,0.8801368474960327,0.025554239749908447,0.025554239749908447
e5,Q0300,1,0.867781400680542,0.8573554754257202,0.010425925254821777,0.867781400680542,0.867781400680542,0.8573554754257202,0.010425925254821777,0.010425925254821777
e5,Q0301,1,0.88451087474823,0.8724466562271118,0.012064218521118164,0.88451087474823,0.88451087474823,0.8724466562271118,0.012064218521118164,0.012064218521118164
e5,Q0302,1,0.8435075283050537,0.8339542150497437,0.009553313255310059,0.8435075283050537,0.8435075283050537,0.8339542150497437,0.009553313255310059,0.009553313255310059
e5,Q0303,1,0.873866081237793,0.8579677939414978,0.015898287296295166,0.873866081237793,0.873866081237793,0.8579677939414978,0.015898287296295166,0.015898287296295166
e5,Q0304,1,0.8710104823112488,0.869483232498169,0.001527249813079834,0.8679484724998474,0.8679484724998474,0.8710104823112488,-0.003062009811401367,-0.003062009811401367
e5,Q0305,1,0.8877812027931213,0.855705738067627,0.032075464725494385,0.8877812027931213,0.8877812027931213,0.855705738067627,0.032075464725494385,0.032075464725494385
e5,Q0306,1,0.9097486734390259,0.8837214708328247,0.026027202606201172,0.9097486734390259,0.9097486734390259,0.8837214708328247,0.026027202606201172,0.026027202606201172
e5,Q0307,1,0.8996680974960327,0.8749793171882629,0.024688780307769775,0.8996680974960327,0.8996680974960327,0.8749793171882629,0.024688780307769775,0.024688780307769775
e5,Q0308,1,0.882646381855011,0.8655603528022766,0.017086029052734375,0.882646381855011,0.882646381855011,0.8655603528022766,0.017086029052734375,0.017086029052734375
e5,Q0309,1,0.8827589154243469,0.8685331344604492,0.014225780963897705,0.8827589154243469,0.8827589154243469,0.8685331344604492,0.014225780963897705,0.014225780963897705
e5,Q0310,1,0.9158748388290405,0.8803008794784546,0.03557395935058594,0.9158748388290405,0.9158748388290405,0.8803008794784546,0.03557395935058594,0.03557395935058594
e5,Q0311,1,0.9022159576416016,0.8754284381866455,0.026787519454956055,0.9022159576416016,0.9022159576416016,0.8754284381866455,0.026787519454956055,0.026787519454956055
e5,Q0312,1,0.9042598009109497,0.8730201721191406,0.031239628791809082,0.9042598009109497,0.9042598009109497,0.8730201721191406,0.031239628791809082,0.031239628791809082
e5,Q0318,1,0.8731428980827332,0.8508222699165344,0.02232062816619873,0.8731428980827332,0.8731428980827332,0.8508222699165344,0.02232062816619873,0.02232062816619873
e5,Q0320,1,0.8737360239028931,0.8687736988067627,0.004962325096130371,0.8737360239028931,0.8737360239028931,0.8687736988067627,0.004962325096130371,0.004962325096130371
e5,Q0321,1,0.8473257422447205,0.8357371091842651,0.011588633060455322,0.8473257422447205,0.8473257422447205,0.8357371091842651,0.011588633060455322,0.011588633060455322
e5,Q0322,1,0.9035117030143738,0.8999332785606384,0.0035784244537353516,0.9035117030143738,0.9035117030143738,0.8999332785606384,0.0035784244537353516,0.0035784244537353516
e5,Q0331,1,0.8755456805229187,0.8747937083244324,0.0007519721984863281,0.8755456805229187,0.8755456805229187,0.8747937083244324,0.0007519721984863281,0.0007519721984863281
e5,Q0332,1,0.8873159885406494,0.8707069754600525,0.016609013080596924,0.8873159885406494,0.8873159885406494,0.8707069754600525,0.016609013080596924,0.016609013080596924
e5,Q0333,1,0.8701802492141724,0.8680413365364075,0.0021389126777648926,0.8680413365364075,0.8680413365364075,0.8701802492141724,-0.0021389126777648926,-0.0021389126777648926
e5,Q0334,1,0.876624345779419,0.8448278307914734,0.03179651498794556,0.876624345779419,0.876624345779419,0.8448278307914734,0.03179651498794556,0.03179651498794556
e5,Q0338,1,0.870292067527771,0.8520698547363281,0.01822221279144287,0.870292067527771,0.870292067527771,0.8520698547363281,0.01822221279144287,0.01822221279144287
e5,Q0339,1,0.8436142206192017,0.8139410018920898,0.029673218727111816,0.8436142206192017,0.8436142206192017,0.8139410018920898,0.029673218727111816,0.029673218727111816
e5,Q0341,1,0.873076319694519,0.8620851039886475,0.010991215705871582,0.873076319694519,0.873076319694519,0.8620851039886475,0.010991215705871582,0.010991215705871582
e5,Q0342,1,0.841758131980896,0.8306148052215576,0.011143326759338379,0.841758131980896,0.841758131980896,0.8306148052215576,0.011143326759338379,0.011143326759338379
e5,Q0343,1,0.8392205238342285,0.8145922422409058,0.024628281593322754,0.8392205238342285,0.8392205238342285,0.8145922422409058,0.024628281593322754,0.024628281593322754
e5,Q0344,1,0.8807689547538757,0.8713616728782654,0.009407281875610352,0.8807689547538757,0.8807689547538757,0.8713616728782654,0.009407281875610352,0.009407281875610352
e5,Q0345,1,0.8683188557624817,0.8631329536437988,0.005185902118682861,0.8631329536437988,0.8631329536437988,0.8683188557624817,-0.005185902118682861,-0.005185902118682861
e5,Q0346,1,0.8638145923614502,0.8530389070510864,0.01077568531036377,0.8530389070510864,0.8530389070510864,0.8638145923614502,-0.01077568531036377,-0.01077568531036377
e5,Q0347,1,0.881187915802002,0.8655583262443542,0.015629589557647705,0.881187915802002,0.881187915802002,0.8655583262443542,0.015629589557647705,0.015629589557647705
e5,Q0348,1,0.8869726657867432,0.8801734447479248,0.006799221038818359,0.8869726657867432,0.8869726657867432,0.8801734447479248,0.006799221038818359,0.006799221038818359
e5,Q0349,1,0.8919941782951355,0.8745453357696533,0.017448842525482178,0.8919941782951355,0.8919941782951355,0.8745453357696533,0.017448842525482178,0.017448842525482178
e5,Q0350,1,0.8818983435630798,0.8705214262008667,0.011376917362213135,0.8818983435630798,0.8818983435630798,0.8705214262008667,0.011376917362213135,0.011376917362213135
e5,Q0351,1,0.8175879716873169,0.8163313269615173,0.0012566447257995605,0.8140379786491394,0.8140379786491394,0.8175879716873169,-0.0035499930381774902,-0.0035499930381774902
e5,Q0352,1,0.8937814235687256,0.8880332112312317,0.0057482123374938965,0.8937814235687256,0.8937814235687256,0.8880332112312317,0.0057482123374938965,0.0057482123374938965
e5,Q0353,1,0.8572276830673218,0.8394777178764343,0.01774996519088745,0.8572276830673218,0.8572276830673218,0.8394777178764343,0.01774996519088745,0.01774996519088745
e5,Q0354,1,0.8891017436981201,0.863465428352356,0.02563631534576416,0.8891017436981201,0.8891017436981201,0.863465428352356,0.02563631534576416,0.02563631534576416
e5,Q0355,1,0.8595336675643921,0.8158582448959351,0.04367542266845703,0.8595336675643921,0.8595336675643921,0.8158582448959351,0.04367542266845703,0.04367542266845703
e5,Q0356,1,0.8296911120414734,0.8271092176437378,0.0025818943977355957,0.8190619349479675,0.8190619349479675,0.8296911120414734,-0.01062917709350586,-0.01062917709350586
e5,Q0357,1,0.8648439645767212,0.8231504559516907,0.04169350862503052,0.8648439645767212,0.8648439645767212,0.8231504559516907,0.04169350862503052,0.04169350862503052
e5,Q0358,1,0.8455908298492432,0.8440001010894775,0.001590728759765625,0.8455908298492432,0.8455908298492432,0.8440001010894775,0.001590728759765625,0.001590728759765625
e5,Q0359,1,0.8483413457870483,0.8436156511306763,0.00472569465637207,0.8483413457870483,0.8483413457870483,0.8436156511306763,0.00472569465637207,0.00472569465637207
e5,Q0362,1,0.882998526096344,0.8639823198318481,0.01901620626449585,0.882998526096344,0.882998526096344,0.8639823198318481,0.01901620626449585,0.01901620626449585
e5,Q0363,1,0.8663778305053711,0.865792989730835,0.0005848407745361328,0.8663778305053711,0.8663778305053711,0.865792989730835,0.0005848407745361328,0.0005848407745361328
e5,Q0364,1,0.8960544466972351,0.8636133074760437,0.032441139221191406,0.8960544466972351,0.8960544466972351,0.8636133074760437,0.032441139221191406,0.032441139221191406
e5,Q0365,1,0.8677260875701904,0.8662985563278198,0.0014275312423706055,0.8677260875701904,0.8677260875701904,0.8662985563278198,0.0014275312423706055,0.0014275312423706055
e5,Q0366,1,0.8960961103439331,0.8520990610122681,0.04399704933166504,0.8960961103439331,0.8960961103439331,0.8520990610122681,0.04399704933166504,0.04399704933166504
e5,Q0367,1,0.8808754086494446,0.8476681113243103,0.03320729732513428,0.8808754086494446,0.8808754086494446,0.8476681113243103,0.03320729732513428,0.03320729732513428
e5,Q0368,1,0.894903838634491,0.8693187236785889,0.0255851149559021,0.894903838634491,0.894903838634491,0.8693187236785889,0.0255851149559021,0.0255851149559021
e5,Q0369,1,0.8897812366485596,0.8510867357254028,0.03869450092315674,0.8897812366485596,0.8897812366485596,0.8510867357254028,0.03869450092315674,0.03869450092315674
e5,Q0370,1,0.8994259834289551,0.8905432224273682,0.008882761001586914,0.8994259834289551,0.8994259834289551,0.8905432224273682,0.008882761001586914,0.008882761001586914
e5,Q0371,1,0.8760302066802979,0.8634306192398071,0.012599587440490723,0.8760302066802979,0.8760302066802979,0.8634306192398071,0.012599587440490723,0.012599587440490723
e5,Q0372,1,0.8674184083938599,0.8580147624015808,0.009403645992279053,0.8674184083938599,0.8674184083938599,0.8580147624015808,0.009403645992279053,0.009403645992279053
e5,Q0373,1,0.8727068901062012,0.8626722097396851,0.010034680366516113,0.8727068901062012,0.8727068901062012,0.8626722097396851,0.010034680366516113,0.010034680366516113
e5,Q0374,1,0.86407870054245,0.8631607294082642,0.000917971134185791,0.8526475429534912,0.8526475429534912,0.86407870054245,-0.01143115758895874,-0.01143115758895874
e5,Q0375,1,0.8754411935806274,0.8673757314682007,0.008065462112426758,0.8673757314682007,0.8673757314682007,0.8754411935806274,-0.008065462112426758,-0.008065462112426758
e5,Q0376,1,0.878341555595398,0.8664376735687256,0.011903882026672363,0.8664376735687256,0.8664376735687256,0.878341555595398,-0.011903882026672363,-0.011903882026672363
e5,Q0377,1,0.7980260848999023,0.7980073094367981,1.8775463104248047e-05,0.7921278476715088,0.7921278476715088,0.7980260848999023,-0.005898237228393555,-0.005898237228393555
e5,Q0378,1,0.7936771512031555,0.7907735109329224,0.0029036402702331543,0.7882192134857178,0.7882192134857178,0.7936771512031555,-0.005457937717437744,-0.005457937717437744
e5,Q0379,1,0.8150900602340698,0.801353394985199,0.01373666524887085,0.7948614358901978,0.7948614358901978,0.8150900602340698,-0.02022862434387207,-0.02022862434387207
e5,Q0380,1,0.8324680328369141,0.8240818977355957,0.00838613510131836,0.8219878077507019,0.8219878077507019,0.8324680328369141,-0.010480225086212158,-0.010480225086212158
e5,Q0381,1,0.8227049112319946,0.818119466304779,0.004585444927215576,0.8227049112319946,0.8227049112319946,0.818119466304779,0.004585444927215576,0.004585444927215576
e5,Q0382,1,0.8052650690078735,0.8050856590270996,0.00017940998077392578,0.8050856590270996,0.8050856590270996,0.8052650690078735,-0.00017940998077392578,-0.00017940998077392578
e5,Q0383,1,0.8621677756309509,0.8577689528465271,0.004398822784423828,0.8551703691482544,0.8551703691482544,0.8621677756309509,-0.006997406482696533,-0.006997406482696533
e5,Q0391,1,0.8356243371963501,0.8258845210075378,0.009739816188812256,0.8356243371963501,0.8356243371963501,0.8258845210075378,0.009739816188812256,0.009739816188812256
e5,Q0392,1,0.8972294330596924,0.8726102709770203,0.02461916208267212,0.8972294330596924,0.8972294330596924,0.8726102709770203,0.02461916208267212,0.02461916208267212
e5,Q0393,1,0.807522177696228,0.7949230074882507,0.012599170207977295,0.807522177696228,0.807522177696228,0.7949230074882507,0.012599170207977295,0.012599170207977295
e5,Q0394,1,0.8832783102989197,0.8477537035942078,0.035524606704711914,0.8832783102989197,0.8832783102989197,0.8477537035942078,0.035524606704711914,0.035524606704711914
e5,Q0395,1,0.8757342100143433,0.8488948345184326,0.026839375495910645,0.8757342100143433,0.8757342100143433,0.8488948345184326,0.026839375495910645,0.026839375495910645
e5,Q0396,1,0.8838593363761902,0.8570417165756226,0.026817619800567627,0.8838593363761902,0.8838593363761902,0.8570417165756226,0.026817619800567627,0.026817619800567627
e5,Q0397,1,0.8469759225845337,0.8438671231269836,0.003108799457550049,0.8469759225845337,0.8469759225845337,0.8438671231269836,0.003108799457550049,0.003108799457550049
e5,Q0404,1,0.8710657358169556,0.846001386642456,0.02506434917449951,0.8710657358169556,0.8710657358169556,0.846001386642456,0.02506434917449951,0.02506434917449951
e5,Q0405,1,0.8559514880180359,0.8474448919296265,0.008506596088409424,0.8559514880180359,0.8559514880180359,0.8474448919296265,0.008506596088409424,0.008506596088409424
e5,Q0406,1,0.8373527526855469,0.8262271881103516,0.011125564575195312,0.8262271881103516,0.8262271881103516,0.8373527526855469,-0.011125564575195312,-0.011125564575195312
e5,Q0407,1,0.8585976362228394,0.8549636602401733,0.0036339759826660156,0.8585976362228394,0.8585976362228394,0.8549636602401733,0.0036339759826660156,0.0036339759826660156
e5,Q0408,1,0.8669081330299377,0.8584408760070801,0.008467257022857666,0.8669081330299377,0.8669081330299377,0.8584408760070801,0.008467257022857666,0.008467257022857666
e5,Q0409,1,0.8619921207427979,0.8498936891555786,0.012098431587219238,0.8619921207427979,0.8619921207427979,0.8498936891555786,0.012098431587219238,0.012098431587219238
e5,Q0410,1,0.8593243360519409,0.848523736000061,0.010800600051879883,0.848523736000061,0.848523736000061,0.8593243360519409,-0.010800600051879883,-0.010800600051879883
e5,Q0427,1,0.8526040315628052,0.8355565667152405,0.017047464847564697,0.8526040315628052,0.8526040315628052,0.8355565667152405,0.017047464847564697,0.017047464847564697
e5,Q0428,1,0.857356071472168,0.8505326509475708,0.006823420524597168,0.8505326509475708,0.8505326509475708,0.857356071472168,-0.006823420524597168,-0.006823420524597168
e5,Q0429,1,0.8488355278968811,0.8321824073791504,0.016653120517730713,0.8488355278968811,0.8488355278968811,0.8321824073791504,0.016653120517730713,0.016653120517730713
e5,Q0430,1,0.8424721360206604,0.8049531579017639,0.037518978118896484,0.8424721360206604,0.8424721360206604,0.8049531579017639,0.037518978118896484,0.037518978118896484
e5,Q0431,1,0.8408452272415161,0.8251957893371582,0.01564943790435791,0.8408452272415161,0.8408452272415161,0.8251957893371582,0.01564943790435791,0.01564943790435791
e5,Q0432,1,0.8301537036895752,0.8258809447288513,0.004272758960723877,0.8258809447288513,0.8258809447288513,0.8301537036895752,-0.004272758960723877,-0.004272758960723877
e5,Q0433,1,0.8679646253585815,0.8455073237419128,0.0224573016166687,0.8679646253585815,0.8679646253585815,0.8455073237419128,0.0224573016166687,0.0224573016166687
e5,Q0434,1,0.8352288603782654,0.832764744758606,0.002464115619659424,0.832764744758606,0.832764744758606,0.8352288603782654,-0.002464115619659424,-0.002464115619659424
e5,Q0439,1,0.8558226227760315,0.8439391255378723,0.01188349723815918,0.8558226227760315,0.8558226227760315,0.8439391255378723,0.01188349723815918,0.01188349723815918
e5,Q0440,1,0.8853436708450317,0.8632243275642395,0.022119343280792236,0.8853436708450317,0.8853436708450317,0.8632243275642395,0.022119343280792236,0.022119343280792236
e5,Q0441,1,0.8689171075820923,0.8479089736938477,0.02100813388824463,0.8689171075820923,0.8689171075820923,0.8479089736938477,0.02100813388824463,0.02100813388824463
e5,Q0442,1,0.8783004283905029,0.8503130078315735,0.027987420558929443,0.8783004283905029,0.8783004283905029,0.8503130078315735,0.027987420558929443,0.027987420558929443
e5,Q0445,1,0.8633550405502319,0.8438386917114258,0.019516348838806152,0.8633550405502319,0.8633550405502319,0.8438386917114258,0.019516348838806152,0.019516348838806152
e5,Q0446,1,0.8533942103385925,0.8421828746795654,0.0112113356590271,0.8533942103385925,0.8533942103385925,0.8421828746795654,0.0112113356590271,0.0112113356590271
e5,Q0448,1,0.8818971514701843,0.8518480062484741,0.030049145221710205,0.8818971514701843,0.8818971514701843,0.8518480062484741,0.030049145221710205,0.030049145221710205
e5,Q0449,1,0.863604724407196,0.8379828929901123,0.02562183141708374,0.863604724407196,0.863604724407196,0.8379828929901123,0.02562183141708374,0.02562183141708374
e5,Q0450,1,0.871131181716919,0.8376282453536987,0.033502936363220215,0.871131181716919,0.871131181716919,0.8376282453536987,0.033502936363220215,0.033502936363220215
e5,Q0451,1,0.8694444298744202,0.8493883609771729,0.020056068897247314,0.8694444298744202,0.8694444298744202,0.8493883609771729,0.020056068897247314,0.020056068897247314
e5,Q0455,1,0.8353352546691895,0.8089062571525574,0.02642899751663208,0.8353352546691895,0.8353352546691895,0.8089062571525574,0.02642899751663208,0.02642899751663208
e5,Q0456,1,0.8536166548728943,0.8175800442695618,0.03603661060333252,0.8536166548728943,0.8536166548728943,0.8175800442695618,0.03603661060333252,0.03603661060333252
e5,Q0457,1,0.8521114587783813,0.8237654566764832,0.028346002101898193,0.8521114587783813,0.8521114587783813,0.8237654566764832,0.028346002101898193,0.028346002101898193
e5,Q0458,1,0.9071019291877747,0.8309743404388428,0.07612758874893188,0.9071019291877747,0.9071019291877747,0.8309743404388428,0.07612758874893188,0.07612758874893188
e5,Q0459,1,0.8968566656112671,0.8334711790084839,0.0633854866027832,0.8968566656112671,0.8968566656112671,0.8334711790084839,0.0633854866027832,0.0633854866027832
e5,Q0463,1,0.8721049427986145,0.8711220622062683,0.0009828805923461914,0.8512950539588928,0.8512950539588928,0.8721049427986145,-0.02080988883972168,-0.02080988883972168
e5,Q0465,1,0.9023857116699219,0.8705201148986816,0.031865596771240234,0.9023857116699219,0.9023857116699219,0.8705201148986816,0.031865596771240234,0.031865596771240234
e5,Q0466,1,0.8620162010192871,0.8163467645645142,0.04566943645477295,0.8620162010192871,0.8620162010192871,0.8163467645645142,0.04566943645477295,0.04566943645477295
e5,Q0467,1,0.8417069911956787,0.8243294954299927,0.017377495765686035,0.8417069911956787,0.8417069911956787,0.8243294954299927,0.017377495765686035,0.017377495765686035
e5,Q0468,1,0.8835732936859131,0.8702234625816345,0.013349831104278564,0.8835732936859131,0.8835732936859131,0.8702234625816345,0.013349831104278564,0.013349831104278564
e5,Q0471,1,0.8826441168785095,0.8824836015701294,0.00016051530838012695,0.8824836015701294,0.8824836015701294,0.8826441168785095,-0.00016051530838012695,-0.00016051530838012695
e5,Q0472,1,0.9180277585983276,0.8984398245811462,0.019587934017181396,0.8676077127456665,0.8676077127456665,0.9180277585983276,-0.05042004585266113,-0.05042004585266113
e5,Q0473,1,0.9066061973571777,0.8969330787658691,0.009673118591308594,0.8712130188941956,0.8712130188941956,0.9066061973571777,-0.03539317846298218,-0.03539317846298218
e5,Q0477,1,0.8465039134025574,0.812682032585144,0.03382188081741333,0.8465039134025574,0.8465039134025574,0.812682032585144,0.03382188081741333,0.03382188081741333
e5,Q0479,1,0.9070515632629395,0.8797001838684082,0.02735137939453125,0.9070515632629395,0.9070515632629395,0.8797001838684082,0.02735137939453125,0.02735137939453125
e5,Q0480,1,0.8891568183898926,0.8612736463546753,0.027883172035217285,0.8891568183898926,0.8891568183898926,0.8612736463546753,0.027883172035217285,0.027883172035217285
e5,Q0481,1,0.8274750709533691,0.819244384765625,0.00823068618774414,0.79837566614151,0.79837566614151,0.8274750709533691,-0.02909940481185913,-0.02909940481185913
e5,Q0482,1,0.9118670225143433,0.8970565795898438,0.014810442924499512,0.9118670225143433,0.9118670225143433,0.8970565795898438,0.014810442924499512,0.014810442924499512
e5,Q0483,1,0.8926888704299927,0.871195912361145,0.021492958068847656,0.8926888704299927,0.8926888704299927,0.871195912361145,0.021492958068847656,0.021492958068847656
e5,Q0484,1,0.8810781836509705,0.8732920289039612,0.007786154747009277,0.8810781836509705,0.8810781836509705,0.8732920289039612,0.007786154747009277,0.007786154747009277
e5,Q0485,1,0.8643883466720581,0.858932614326477,0.005455732345581055,0.858932614326477,0.858932614326477,0.8643883466720581,-0.005455732345581055,-0.005455732345581055
e5,Q0489,1,0.8980026841163635,0.8726217150688171,0.025380969047546387,0.8980026841163635,0.8980026841163635,0.8726217150688171,0.025380969047546387,0.025380969047546387
e5,Q0490,1,0.8855135440826416,0.8775755167007446,0.007938027381896973,0.8855135440826416,0.8855135440826416,0.8775755167007446,0.007938027381896973,0.007938027381896973
e5,Q0491,1,0.8764508366584778,0.8723177313804626,0.004133105278015137,0.8690233826637268,0.8690233826637268,0.8764508366584778,-0.0074274539947509766,-0.0074274539947509766
e5,Q0492,1,0.9074654579162598,0.8933501243591309,0.014115333557128906,0.9074654579162598,0.9074654579162598,0.8933501243591309,0.014115333557128906,0.014115333557128906
e5,Q0493,1,0.8997287750244141,0.8870896100997925,0.012639164924621582,0.8997287750244141,0.8997287750244141,0.8870896100997925,0.012639164924621582,0.012639164924621582
e5,Q0494,1,0.8802387714385986,0.8798561096191406,0.0003826618194580078,0.8798561096191406,0.8798561096191406,0.8802387714385986,-0.0003826618194580078,-0.0003826618194580078
e5,Q0495,1,0.9030991792678833,0.8902632594108582,0.012835919857025146,0.9030991792678833,0.9030991792678833,0.8902632594108582,0.012835919857025146,0.012835919857025146
e5,Q0496,1,0.8942122459411621,0.8913277983665466,0.0028844475746154785,0.8942122459411621,0.8942122459411621,0.8913277983665466,0.0028844475746154785,0.0028844475746154785
e5,Q0497,1,0.8831861019134521,0.8757041692733765,0.007481932640075684,0.8757041692733765,0.8757041692733765,0.8831861019134521,-0.007481932640075684,-0.007481932640075684
e5,Q0498,1,0.8992347717285156,0.89141845703125,0.007816314697265625,0.8992347717285156,0.8992347717285156,0.89141845703125,0.007816314697265625,0.007816314697265625
e5,Q0499,1,0.897057294845581,0.8957538604736328,0.0013034343719482422,0.897057294845581,0.897057294845581,0.8957538604736328,0.0013034343719482422,0.0013034343719482422
e5,Q0500,1,0.8949369192123413,0.8921175003051758,0.0028194189071655273,0.8894075155258179,0.8894075155258179,0.8949369192123413,-0.0055294036865234375,-0.0055294036865234375
e5,Q0504,1,0.8906094431877136,0.886378288269043,0.004231154918670654,0.8906094431877136,0.8906094431877136,0.886378288269043,0.004231154918670654,0.004231154918670654
e5,Q0505,1,0.8855185508728027,0.8785278797149658,0.006990671157836914,0.8855185508728027,0.8855185508728027,0.8785278797149658,0.006990671157836914,0.006990671157836914
e5,Q0506,1,0.8727048635482788,0.8713901042938232,0.0013147592544555664,0.8727048635482788,0.8727048635482788,0.8713901042938232,0.0013147592544555664,0.0013147592544555664
e5,Q0516,1,0.879953145980835,0.8754245042800903,0.004528641700744629,0.879953145980835,0.879953145980835,0.8754245042800903,0.004528641700744629,0.004528641700744629
e5,Q0517,1,0.8727161884307861,0.8673890233039856,0.005327165126800537,0.8673890233039856,0.8673890233039856,0.8727161884307861,-0.005327165126800537,-0.005327165126800537
e5,Q0518,1,0.8496458530426025,0.8494757413864136,0.00017011165618896484,0.848933756351471,0.848933756351471,0.8496458530426025,-0.0007120966911315918,-0.0007120966911315918
e5,Q0522,1,0.8981151580810547,0.894612193107605,0.003502964973449707,0.8981151580810547,0.8981151580810547,0.894612193107605,0.003502964973449707,0.003502964973449707
e5,Q0523,1,0.8958426713943481,0.8942452669143677,0.0015974044799804688,0.8958426713943481,0.8958426713943481,0.8942452669143677,0.0015974044799804688,0.0015974044799804688
e5,Q0524,1,0.8842630386352539,0.8819206357002258,0.002342402935028076,0.8814644813537598,0.8814644813537598,0.8842630386352539,-0.0027985572814941406,-0.0027985572814941406
e5,Q0525,1,0.8970123529434204,0.8921606540679932,0.004851698875427246,0.8970123529434204,0.8970123529434204,0.8921606540679932,0.004851698875427246,0.004851698875427246
e5,Q0526,1,0.8927710056304932,0.8898963928222656,0.002874612808227539,0.8927710056304932,0.8927710056304932,0.8898963928222656,0.002874612808227539,0.002874612808227539
e5,Q0527,1,0.8793500661849976,0.8778181076049805,0.0015319585800170898,0.8776233196258545,0.8776233196258545,0.8793500661849976,-0.0017267465591430664,-0.0017267465591430664
e5,Q0535,1,0.8779635429382324,0.8410296440124512,0.03693389892578125,0.8779635429382324,0.8779635429382324,0.8410296440124512,0.03693389892578125,0.03693389892578125
e5,Q0536,1,0.8775235414505005,0.8513692021369934,0.02615433931350708,0.8775235414505005,0.8775235414505005,0.8513692021369934,0.02615433931350708,0.02615433931350708
e5,Q0537,1,0.890466570854187,0.8747764825820923,0.015690088272094727,0.890466570854187,0.890466570854187,0.8747764825820923,0.015690088272094727,0.015690088272094727
e5,Q0538,1,0.8663378357887268,0.8399295806884766,0.026408255100250244,0.8663378357887268,0.8663378357887268,0.8399295806884766,0.026408255100250244,0.026408255100250244
e5,Q0539,1,0.8810851573944092,0.8461624383926392,0.03492271900177002,0.8810851573944092,0.8810851573944092,0.8461624383926392,0.03492271900177002,0.03492271900177002
e5,Q0540,1,0.8744939565658569,0.8301275968551636,0.04436635971069336,0.8744939565658569,0.8744939565658569,0.8301275968551636,0.04436635971069336,0.04436635971069336
e5,Q0548,2,0.850706160068512,0.8406192064285278,0.01008695363998413,0.8323878049850464,0.8203831315040588,0.850706160068512,-0.018318355083465576,-0.030323028564453125
e5,Q0552,2,0.8862775564193726,0.8639734387397766,0.022304117679595947,0.8485395312309265,0.8365936279296875,0.8862775564193726,-0.037738025188446045,-0.04968392848968506
e5,Q0553,1,0.8461889028549194,0.8363708853721619,0.009818017482757568,0.8351355195045471,0.8351355195045471,0.8461889028549194,-0.011053383350372314,-0.011053383350372314
e5,Q0555,1,0.8337673544883728,0.8307198286056519,0.0030475258827209473,0.8337673544883728,0.8337673544883728,0.8307198286056519,0.0030475258827209473,0.0030475258827209473
e5,Q0556,1,0.8234361410140991,0.8195955753326416,0.0038405656814575195,0.8234361410140991,0.8234361410140991,0.8195955753326416,0.0038405656814575195,0.0038405656814575195
e5,Q0557,1,0.8513549566268921,0.845108687877655,0.0062462687492370605,0.845108687877655,0.845108687877655,0.8513549566268921,-0.0062462687492370605,-0.0062462687492370605
e5,Q0559,1,0.8410154581069946,0.8404231071472168,0.000592350959777832,0.8349934816360474,0.8349934816360474,0.8410154581069946,-0.006021976470947266,-0.006021976470947266
e5,Q0560,2,0.8445382118225098,0.8422712683677673,0.0022669434547424316,0.8324522972106934,0.8171209692955017,0.8445382118225098,-0.012085914611816406,-0.027417242527008057
e5,Q0561,1,0.8342913389205933,0.8294297456741333,0.004861593246459961,0.8342913389205933,0.8342913389205933,0.8294297456741333,0.004861593246459961,0.004861593246459961
e5,Q0562,1,0.8238735198974609,0.8231610059738159,0.0007125139236450195,0.8231610059738159,0.8231610059738159,0.8238735198974609,-0.0007125139236450195,-0.0007125139236450195
e5,Q0563,1,0.8451802730560303,0.8451040387153625,7.623434066772461e-05,0.8451802730560303,0.8451802730560303,0.8451040387153625,7.623434066772461e-05,7.623434066772461e-05
e5,Q0564,2,0.8862924575805664,0.8651025295257568,0.02118992805480957,0.849909782409668,0.8360232710838318,0.8862924575805664,-0.03638267517089844,-0.05026918649673462
e5,Q0565,1,0.8439252972602844,0.8409793972969055,0.0029458999633789062,0.8343857526779175,0.8343857526779175,0.8439252972602844,-0.009539544582366943,-0.009539544582366943
e5,Q0567,1,0.8323895931243896,0.8298845887184143,0.002505004405975342,0.8323895931243896,0.8323895931243896,0.8298845887184143,0.002505004405975342,0.002505004405975342
e5,Q0568,1,0.8220764398574829,0.8213841915130615,0.0006922483444213867,0.8213841915130615,0.8213841915130615,0.8220764398574829,-0.0006922483444213867,-0.0006922483444213867
e5,Q0569,1,0.843920886516571,0.8381341099739075,0.005786776542663574,0.843920886516571,0.843920886516571,0.8381341099739075,0.005786776542663574,0.005786776542663574
e5,Q0571,1,0.8445653319358826,0.838254988193512,0.0063103437423706055,0.8362902402877808,0.8362902402877808,0.8445653319358826,-0.008275091648101807,-0.008275091648101807
e5,Q0572,2,0.8465792536735535,0.8465365171432495,4.273653030395508e-05,0.8326429128646851,0.8188868761062622,0.8465792536735535,-0.013936340808868408,-0.02769237756729126
e5,Q0573,1,0.8337644934654236,0.8334028124809265,0.0003616809844970703,0.8334028124809265,0.8334028124809265,0.8337644934654236,-0.0003616809844970703,-0.0003616809844970703
e5,Q0574,1,0.8224787712097168,0.8171911835670471,0.005287587642669678,0.8224787712097168,0.8224787712097168,0.8171911835670471,0.005287587642669678,0.005287587642669678
e5,Q0575,1,0.8430790305137634,0.8422157764434814,0.0008632540702819824,0.8430790305137634,0.8430790305137634,0.8422157764434814,0.0008632540702819824,0.0008632540702819824
e5,Q0576,2,0.8868790864944458,0.8687965273857117,0.01808255910873413,0.8472708463668823,0.8332381844520569,0.8868790864944458,-0.03960824012756348,-0.053640902042388916
e5,Q0579,1,0.8593484163284302,0.8574683666229248,0.001880049705505371,0.8574683666229248,0.8574683666229248,0.8593484163284302,-0.001880049705505371,-0.001880049705505371
e5,Q0580,2,0.8699851632118225,0.8677948713302612,0.0021902918815612793,0.8677948713302612,0.8563531041145325,0.8699851632118225,-0.0021902918815612793,-0.013632059097290039
e5,Q0582,1,0.8735140562057495,0.8708930015563965,0.0026210546493530273,0.8708930015563965,0.8708930015563965,0.8735140562057495,-0.0026210546493530273,-0.0026210546493530273
e5,Q0583,2,0.850936770439148,0.8393142223358154,0.01162254810333252,0.850936770439148,0.8170268535614014,0.8393142223358154,0.01162254810333252,-0.022287368774414062
e5,Q0585,1,0.8725104331970215,0.8701282739639282,0.0023821592330932617,0.8725104331970215,0.8725104331970215,0.8701282739639282,0.0023821592330932617,0.0023821592330932617
e5,Q0586,2,0.8400356769561768,0.8206164836883545,0.019419193267822266,0.8400356769561768,0.8123558163642883,0.8206164836883545,0.019419193267822266,-0.008260667324066162
e5,Q0588,2,0.8577812314033508,0.8395951986312866,0.01818603277206421,0.8577812314033508,0.818311333656311,0.8395951986312866,0.01818603277206421,-0.021283864974975586
e5,Q0589,2,0.867919921875,0.8424869775772095,0.025432944297790527,0.867919921875,0.8189834356307983,0.8424869775772095,0.025432944297790527,-0.023503541946411133
e5,Q0591,2,0.8389424681663513,0.817268431186676,0.021674036979675293,0.8389424681663513,0.8038509488105774,0.817268431186676,0.021674036979675293,-0.013417482376098633
e5,Q0593,2,0.8567526340484619,0.8325804471969604,0.024172186851501465,0.8567526340484619,0.8277968764305115,0.8325804471969604,0.024172186851501465,-0.004783570766448975
e5,Q0594,2,0.8581756353378296,0.8570365905761719,0.0011390447616577148,0.8570365905761719,0.8268961310386658,0.8581756353378296,-0.0011390447616577148,-0.03127950429916382
e5,Q0597,2,0.8596213459968567,0.8575699925422668,0.0020513534545898438,0.8596213459968567,0.833473801612854,0.8575699925422668,0.0020513534545898438,-0.024096190929412842
e5,Q0598,2,0.8689594864845276,0.8663612604141235,0.0025982260704040527,0.8663612604141235,0.8446290493011475,0.8689594864845276,-0.0025982260704040527,-0.024330437183380127
e5,Q0599,2,0.876168966293335,0.8757584691047668,0.00041049718856811523,0.8546397089958191,0.8479899168014526,0.876168966293335,-0.02152925729751587,-0.028179049491882324
e5,Q0600,1,0.8581430912017822,0.8581228256225586,2.0265579223632812e-05,0.8581430912017822,0.8581430912017822,0.8581228256225586,2.0265579223632812e-05,2.0265579223632812e-05
e5,Q0601,0,0.868818998336792,0.8664407134056091,0.0023782849311828613,,,,,
e5,Q0602,0,0.8031888008117676,0.802003800868988,0.001184999942779541,,,,,
e5,Q0603,0,0.7971585392951965,0.7933410406112671,0.0038174986839294434,,,,,
e5,Q0604,0,0.8334051370620728,0.8247506618499756,0.008654475212097168,,,,,
e5,Q0605,0,0.8442380428314209,0.842613160610199,0.0016248822212219238,,,,,
e5,Q0609,0,0.8636982440948486,0.8535810708999634,0.010117173194885254,,,,,
e5,Q0610,0,0.8898325562477112,0.8832197189331055,0.006612837314605713,,,,,
e5,Q0612,0,0.8800742626190186,0.8792374134063721,0.0008368492126464844,,,,,
e5,Q0614,0,0.8662480711936951,0.8649337887763977,0.0013142824172973633,,,,,
e5,Q0619,0,0.8615485429763794,0.8581274747848511,0.0034210681915283203,,,,,
e5,Q0620,0,0.8355462551116943,0.8235049247741699,0.012041330337524414,,,,,
e5,Q0621,0,0.8480894565582275,0.8409500122070312,0.007139444351196289,,,,,
e5,Q0622,0,0.8569197654724121,0.8535080552101135,0.003411710262298584,,,,,
e5,Q0624,0,0.8210000991821289,0.8194149732589722,0.0015851259231567383,,,,,
e5,Q0625,0,0.8253903388977051,0.8191321492195129,0.006258189678192139,,,,,
e5,Q0626,0,0.8259955048561096,0.822028398513794,0.003967106342315674,,,,,
e5,Q0628,0,0.8529800176620483,0.8393291234970093,0.013650894165039062,,,,,
e5,Q0629,0,0.8759437799453735,0.8752875328063965,0.0006562471389770508,,,,,
e5,Q0632,0,0.8395145535469055,0.8339182138442993,0.005596339702606201,,,,,
e5,Q0634,0,0.8653987646102905,0.8639939427375793,0.0014048218727111816,,,,,
e5,Q0636,0,0.867267370223999,0.8633117079734802,0.003955662250518799,,,,,
e5,Q0639,0,0.8389931321144104,0.8181619048118591,0.02083122730255127,,,,,
e5,Q0642,0,0.850219190120697,0.8295730352401733,0.02064615488052368,,,,,
e5,Q0643,0,0.8291047811508179,0.825798749923706,0.0033060312271118164,,,,,
e5,Q0644,0,0.8712842464447021,0.8646838665008545,0.006600379943847656,,,,,
e5,Q0645,0,0.826068639755249,0.816288411617279,0.00978022813796997,,,,,
e5,Q0646,0,0.8679388761520386,0.8668429851531982,0.001095890998840332,,,,,
e5,Q0648,0,0.8618708252906799,0.8389555215835571,0.022915303707122803,,,,,
e5,Q0651,0,0.8393332362174988,0.8157750368118286,0.023558199405670166,,,,,
e5,Q0652,0,0.8117525577545166,0.8040432333946228,0.007709324359893799,,,,,
e5,Q0653,0,0.8149242401123047,0.8121452331542969,0.0027790069580078125,,,,,
e5,Q0655,0,0.8030107021331787,0.8017712235450745,0.001239478588104248,,,,,
e5,Q0656,0,0.8599016070365906,0.8511446118354797,0.00875699520111084,,,,,
e5,Q0658,0,0.841140627861023,0.8345168828964233,0.006623744964599609,,,,,
e5,Q0659,0,0.8356411457061768,0.8305990695953369,0.005042076110839844,,,,,
e5,Q0660,0,0.8271653652191162,0.8222436904907227,0.004921674728393555,,,,,
e5,Q0663,0,0.8663995862007141,0.8532249927520752,0.013174593448638916,,,,,
e5,Q0665,0,0.8589180111885071,0.8587368726730347,0.0001811385154724121,,,,,
e5,Q0666,0,0.8198869228363037,0.8179771304130554,0.001909792423248291,,,,,
e5,Q0667,0,0.8679995536804199,0.8676369190216064,0.00036263465881347656,,,,,
e5,Q0668,0,0.8697783350944519,0.8676791787147522,0.002099156379699707,,,,,
e5,Q0670,0,0.813422679901123,0.8116741180419922,0.0017485618591308594,,,,,
e5,Q0671,0,0.8605647087097168,0.8581271171569824,0.002437591552734375,,,,,
e5,Q0672,0,0.8498151302337646,0.8325620889663696,0.01725304126739502,,,,,
e5,Q0675,0,0.8560265302658081,0.849086582660675,0.006939947605133057,,,,,
e5,Q0677,0,0.8282066583633423,0.8236156105995178,0.004591047763824463,,,,,
e5,Q0678,0,0.7833250761032104,0.7735451459884644,0.009779930114746094,,,,,
e5,Q0679,0,0.8393051028251648,0.8387583494186401,0.0005467534065246582,,,,,
e5,Q0680,0,0.862125813961029,0.861797571182251,0.00032824277877807617,,,,,
e5,Q0682,0,0.8307114839553833,0.8217052221298218,0.009006261825561523,,,,,
e5,Q0683,0,0.8316869735717773,0.8310570120811462,0.0006299614906311035,,,,,
e5,Q0684,0,0.8317008018493652,0.8246204257011414,0.007080376148223877,,,,,
e5,Q0685,0,0.8373730778694153,0.8247931003570557,0.01257997751235962,,,,,
e5,Q0686,0,0.825432300567627,0.8188092708587646,0.006623029708862305,,,,,
e5,Q0688,0,0.8363299369812012,0.8162826895713806,0.020047247409820557,,,,,
e5,Q0689,0,0.8015605807304382,0.7928657531738281,0.008694827556610107,,,,,
e5,Q0690,0,0.8700413703918457,0.8585183620452881,0.011523008346557617,,,,,
e5,Q0691,0,0.8297693133354187,0.8290108442306519,0.0007584691047668457,,,,,
e5,Q0692,0,0.8387266397476196,0.8168772459030151,0.021849393844604492,,,,,
e5,Q0693,0,0.8699201345443726,0.8443857431411743,0.025534391403198242,,,,,
e5,Q0694,0,0.8771003484725952,0.8745071291923523,0.00259321928024292,,,,,
e5,Q0695,0,0.8545042872428894,0.845330536365509,0.009173750877380371,,,,,
e5,Q0696,0,0.8454796075820923,0.8333529829978943,0.012126624584197998,,,,,
e5,Q0698,0,0.8469508290290833,0.8202714920043945,0.02667933702468872,,,,,
e5,Q0700,0,0.8346468806266785,0.8198404312133789,0.01480644941329956,,,,,
e5,Q0702,0,0.8388878107070923,0.8366521596908569,0.0022356510162353516,,,,,
e5,Q0703,0,0.8495327234268188,0.8479411602020264,0.0015915632247924805,,,,,
e5,Q0704,0,0.8547553420066833,0.8473100066184998,0.007445335388183594,,,,,
e5,Q0705,0,0.866450309753418,0.8625613451004028,0.0038889646530151367,,,,,
e5,Q0708,0,0.867989718914032,0.8662848472595215,0.001704871654510498,,,,,
e5,Q0710,0,0.8644859194755554,0.8610275983810425,0.0034583210945129395,,,,,
e5,Q0713,0,0.8378094434738159,0.836035966873169,0.0017734766006469727,,,,,
e5,Q0715,0,0.8604542016983032,0.8595322966575623,0.0009219050407409668,,,,,
e5,Q0720,0,0.8542001247406006,0.8482933640480042,0.0059067606925964355,,,,,
tfidf,Q0013,1,0.180358079859944,0.12984096416774232,0.050517115692201686,0.180358079859944,0.180358079859944,0.12984096416774232,0.050517115692201686,0.050517115692201686
tfidf,Q0014,1,0.11857588656421851,0.1143501910584212,0.004225695505797308,0.11857588656421851,0.11857588656421851,0.1143501910584212,0.004225695505797308,0.004225695505797308
tfidf,Q0018,1,0.12911966374169143,0.10218684476737501,0.026932818974316416,0.12911966374169143,0.12911966374169143,0.10218684476737501,0.026932818974316416,0.026932818974316416
tfidf,Q0019,1,0.20907795417583042,0.059562975580436196,0.14951497859539423,0.20907795417583042,0.20907795417583042,0.059562975580436196,0.14951497859539423,0.14951497859539423
tfidf,Q0020,1,0.4648559399109763,0.21796725011376428,0.246888689797212,0.4648559399109763,0.4648559399109763,0.21796725011376428,0.246888689797212,0.246888689797212
tfidf,Q0021,1,0.31730518406556635,0.054117481602349866,0.2631877024632165,0.31730518406556635,0.31730518406556635,0.054117481602349866,0.2631877024632165,0.2631877024632165
tfidf,Q0022,1,0.14662111931041413,0.11412608454865783,0.0324950347617563,0.14662111931041413,0.14662111931041413,0.11412608454865783,0.0324950347617563,0.0324950347617563
tfidf,Q0023,1,0.16054584208675426,0.08930886560207824,0.07123697648467603,0.16054584208675426,0.16054584208675426,0.08930886560207824,0.07123697648467603,0.07123697648467603
tfidf,Q0024,1,0.17351210127079972,0.0728041105799957,0.10070799069080402,0.17351210127079972,0.17351210127079972,0.0728041105799957,0.10070799069080402,0.10070799069080402
tfidf,Q0025,1,0.1509841266076107,0.0742015357718456,0.07678259083576511,0.1509841266076107,0.1509841266076107,0.0742015357718456,0.07678259083576511,0.07678259083576511
tfidf,Q0026,1,0.1507734728471452,0.09138060174676375,0.05939287110038145,0.1507734728471452,0.1507734728471452,0.09138060174676375,0.05939287110038145,0.05939287110038145
tfidf,Q0027,1,0.24682814200933717,0.15928526847774463,0.08754287353159254,0.07195237938369055,0.07195237938369055,0.24682814200933717,-0.17487576262564664,-0.17487576262564664
tfidf,Q0028,1,0.22669487957868045,0.14629269767324238,0.08040218190543807,0.08105047163976434,0.08105047163976434,0.22669487957868045,-0.14564440793891612,-0.14564440793891612
tfidf,Q0029,1,0.22991563200160872,0.14837114144472718,0.08154449055688154,0.07115441148944152,0.07115441148944152,0.22991563200160872,-0.1587612205121672,-0.1587612205121672
tfidf,Q0030,1,0.24051492191829182,0.15521116676075639,0.08530375515753544,0.045537641830787276,0.045537641830787276,0.24051492191829182,-0.19497728008750453,-0.19497728008750453
tfidf,Q0031,1,0.24682814200933717,0.15928526847774463,0.08754287353159254,0.07195237938369055,0.07195237938369055,0.24682814200933717,-0.17487576262564664,-0.17487576262564664
tfidf,Q0032,1,0.21146967117882026,0.1379867861565316,0.07348288502228867,0.07560698599987775,0.07560698599987775,0.21146967117882026,-0.1358626851789425,-0.1358626851789425
tfidf,Q0033,1,0.21407685338298998,0.13968800738259418,0.0743888460003958,0.06625261789886269,0.06625261789886269,0.21407685338298998,-0.1478242354841273,-0.1478242354841273
tfidf,Q0034,1,0.07885336060451377,0.07397715528800802,0.004876205316505747,0.07885336060451377,0.07885336060451377,0.07397715528800802,0.004876205316505747,0.004876205316505747
tfidf,Q0035,1,0.16898410514994433,0.09632089844148436,0.07266320670845997,0.09251200774123462,0.09251200774123462,0.16898410514994433,-0.07647209740870971,-0.07647209740870971
tfidf,Q0036,1,0.2495846267820792,0.16106410703929092,0.0885205197427883,0.13631296556833877,0.13631296556833877,0.2495846267820792,-0.11327166121374044,-0.11327166121374044
tfidf,Q0038,1,0.40173302927520527,0.08707810097992649,0.31465492829527875,0.40173302927520527,0.40173302927520527,0.08707810097992649,0.31465492829527875,0.31465492829527875
tfidf,Q0044,1,0.29670700627082036,0.11258162768228921,0.18412537858853115,0.29670700627082036,0.29670700627082036,0.11258162768228921,0.18412537858853115,0.18412537858853115
tfidf,Q0048,1,0.2782429554387708,0.1515953631304759,0.12664759230829492,0.2782429554387708,0.2782429554387708,0.1515953631304759,0.12664759230829492,0.12664759230829492
tfidf,Q0049,1,0.37247068292449703,0.18544020104588538,0.18703048187861165,0.37247068292449703,0.37247068292449703,0.18544020104588538,0.18703048187861165,0.18703048187861165
tfidf,Q0050,1,0.1748461657036958,0.14364937265757582,0.03119679304611997,0.1748461657036958,0.1748461657036958,0.14364937265757582,0.03119679304611997,0.03119679304611997
tfidf,Q0051,1,0.23998718813809358,0.17053879764833266,0.06944839048976092,0.23998718813809358,0.23998718813809358,0.17053879764833266,0.06944839048976092,0.06944839048976092
tfidf,Q0052,1,0.17484616570369582,0.14364937265757582,0.031196793046119997,0.17484616570369582,0.17484616570369582,0.14364937265757582,0.031196793046119997,0.031196793046119997
tfidf,Q0053,1,0.25612848291191587,0.16315791236923904,0.09297057054267682,0.25612848291191587,0.25612848291191587,0.16315791236923904,0.09297057054267682,0.09297057054267682
tfidf,Q0054,1,0.1695875902262498,0.1461428451676189,0.023444745058630895,0.1695875902262498,0.1695875902262498,0.1461428451676189,0.023444745058630895,0.023444745058630895
tfidf,Q0055,1,0.3085109131186149,0.07525092350689375,0.23325998961172115,0.3085109131186149,0.3085109131186149,0.07525092350689375,0.23325998961172115,0.23325998961172115
tfidf,Q0056,1,0.3169158489840679,0.14496207497170202,0.17195377401236586,0.3169158489840679,0.3169158489840679,0.14496207497170202,0.17195377401236586,0.17195377401236586
tfidf,Q0057,1,0.153494285475702,0.11131602344923583,0.042178262026466184,0.153494285475702,0.153494285475702,0.11131602344923583,0.042178262026466184,0.042178262026466184
tfidf,Q0058,1,0.2919754470326963,0.11868582293654718,0.17328962409614912,0.2919754470326963,0.2919754470326963,0.11868582293654718,0.17328962409614912,0.17328962409614912
tfidf,Q0059,1,0.1194106895235642,0.1194106895235642,0.0,0.10155863221561057,0.10155863221561057,0.1194106895235642,-0.01785205730795364,-0.01785205730795364
tfidf,Q0060,1,0.21267704696829975,0.08321209465227546,0.12946495231602428,0.21267704696829975,0.21267704696829975,0.08321209465227546,0.12946495231602428,0.12946495231602428
tfidf,Q0061,1,0.21456037508987938,0.10448683905775538,0.110073536032124,0.21456037508987938,0.21456037508987938,0.10448683905775538,0.110073536032124,0.110073536032124
tfidf,Q0062,1,0.18750867183610606,0.11896552993267352,0.06854314190343254,0.18750867183610606,0.18750867183610606,0.11896552993267352,0.06854314190343254,0.06854314190343254
tfidf,Q0063,1,0.199649208530055,0.19531787643051196,0.004331332099543034,0.19531787643051196,0.19531787643051196,0.199649208530055,-0.004331332099543034,-0.004331332099543034
tfidf,Q0074,1,0.16259209114135048,0.08131277457012083,0.08127931657122965,0.16259209114135048,0.16259209114135048,0.08131277457012083,0.08127931657122965,0.08127931657122965
tfidf,Q0075,1,0.13090029290600316,0.04875783554868944,0.08214245735731372,0.13090029290600316,0.13090029290600316,0.04875783554868944,0.08214245735731372,0.08214245735731372
tfidf,Q0076,1,0.3077365602385944,0.026730346015133216,0.28100621422346117,0.3077365602385944,0.3077365602385944,0.026730346015133216,0.28100621422346117,0.28100621422346117
tfidf,Q0077,1,0.30591517493523696,0.0700095618527562,0.23590561308248076,0.30591517493523696,0.30591517493523696,0.0700095618527562,0.23590561308248076,0.23590561308248076
tfidf,Q0078,1,0.23035367783757768,0.08617315241808353,0.14418052541949417,0.23035367783757768,0.23035367783757768,0.08617315241808353,0.14418052541949417,0.14418052541949417
tfidf,Q0079,1,0.25766633576917936,0.07421523848122252,0.18345109728795683,0.25766633576917936,0.25766633576917936,0.07421523848122252,0.18345109728795683,0.18345109728795683
tfidf,Q0080,1,0.2602368278441475,0.08532287595857438,0.1749139518855731,0.2602368278441475,0.2602368278441475,0.08532287595857438,0.1749139518855731,0.1749139518855731
tfidf,Q0081,1,0.2612051303670571,0.061168316976392835,0.2000368133906643,0.2612051303670571,0.2612051303670571,0.061168316976392835,0.2000368133906643,0.2000368133906643
tfidf,Q0082,1,0.17792002785720898,0.12945358987892175,0.04846643797828723,0.17792002785720898,0.17792002785720898,0.12945358987892175,0.04846643797828723,0.04846643797828723
tfidf,Q0083,1,0.2921031575796345,0.060150342385847586,0.2319528151937869,0.2921031575796345,0.2921031575796345,0.060150342385847586,0.2319528151937869,0.2319528151937869
tfidf,Q0084,1,0.18191558212948075,0.14434926935984252,0.03756631276963823,0.18191558212948075,0.18191558212948075,0.14434926935984252,0.03756631276963823,0.03756631276963823
tfidf,Q0092,1,0.16455888048383432,0.0690031890160452,0.09555569146778913,0.16455888048383432,0.16455888048383432,0.0690031890160452,0.09555569146778913,0.09555569146778913
tfidf,Q0093,1,0.2238910460041709,0.05978502109250672,0.16410602491166418,0.2238910460041709,0.2238910460041709,0.05978502109250672,0.16410602491166418,0.16410602491166418
tfidf,Q0094,1,0.14606651014667635,0.04944584489443435,0.096620665252242,0.14606651014667635,0.14606651014667635,0.04944584489443435,0.096620665252242,0.096620665252242
tfidf,Q0096,1,0.27046199043263136,0.04457053425179207,0.22589145618083928,0.27046199043263136,0.27046199043263136,0.04457053425179207,0.22589145618083928,0.22589145618083928
tfidf,Q0097,1,0.2671633961229061,0.04769916381935121,0.2194642323035549,0.2671633961229061,0.2671633961229061,0.04769916381935121,0.2194642323035549,0.2194642323035549
tfidf,Q0098,1,0.266773450148354,0.04818905929644316,0.21858439085191086,0.266773450148354,0.266773450148354,0.04818905929644316,0.21858439085191086,0.21858439085191086
tfidf,Q0099,1,0.2671633961229061,0.04769916381935121,0.2194642323035549,0.2671633961229061,0.2671633961229061,0.04769916381935121,0.2194642323035549,0.2194642323035549
tfidf,Q0100,1,0.2671633961229061,0.04769916381935121,0.2194642323035549,0.2671633961229061,0.2671633961229061,0.04769916381935121,0.2194642323035549,0.2194642323035549
tfidf,Q0101,1,0.21430395447841266,0.0695623501007332,0.14474160437767947,0.21430395447841266,0.21430395447841266,0.0695623501007332,0.14474160437767947,0.14474160437767947
tfidf,Q0102,1,0.28645846784893736,0.04775858477241859,0.23869988307651877,0.28645846784893736,0.28645846784893736,0.04775858477241859,0.23869988307651877,0.23869988307651877
tfidf,Q0103,1,0.24622063527830718,0.05928129473364184,0.18693934054466532,0.24622063527830718,0.24622063527830718,0.05928129473364184,0.18693934054466532,0.18693934054466532
tfidf,Q0104,1,0.19432962775602727,0.08372070784344166,0.11060891991258562,0.19432962775602727,0.19432962775602727,0.08372070784344166,0.11060891991258562,0.11060891991258562
tfidf,Q0105,1,0.10233129517058245,0.06880561448879316,0.033525680681789294,0.10233129517058245,0.10233129517058245,0.06880561448879316,0.033525680681789294,0.033525680681789294
tfidf,Q0106,1,0.2276424927893082,0.05692533250173394,0.17071716028757428,0.2276424927893082,0.2276424927893082,0.05692533250173394,0.17071716028757428,0.17071716028757428
tfidf,Q0107,1,0.16293639327873605,0.15537108088960996,0.007565312389126083,0.07745503221911508,0.07745503221911508,0.16293639327873605,-0.08548136105962097,-0.08548136105962097
tfidf,Q0118,1,0.443991832477159,0.1398332941882335,0.3041585382889255,0.443991832477159,0.443991832477159,0.1398332941882335,0.3041585382889255,0.3041585382889255
tfidf,Q0119,1,0.26664328440651525,0.11329958114031395,0.15334370326620128,0.26664328440651525,0.26664328440651525,0.11329958114031395,0.15334370326620128,0.15334370326620128
tfidf,Q0121,1,0.17675533206013966,0.11560772817780483,0.061147603882334825,0.17675533206013966,0.17675533206013966,0.11560772817780483,0.061147603882334825,0.061147603882334825
tfidf,Q0122,1,0.12919639802674276,0.09830376848936188,0.03089262953738088,0.05537506377080564,0.05537506377080564,0.12919639802674276,-0.07382133425593712,-0.07382133425593712
tfidf,Q0123,1,0.07638181438108949,0.07054591150203032,0.005835902879059163,0.07031412013627489,0.07031412013627489,0.07638181438108949,-0.006067694244814598,-0.006067694244814598
tfidf,Q0124,1,0.14118356318961045,0.059158354729983695,0.08202520845962676,0.14118356318961045,0.14118356318961045,0.059158354729983695,0.08202520845962676,0.08202520845962676
tfidf,Q0125,1,0.09432452063430355,0.08610962444238182,0.008214896191921728,0.08374810863759241,0.08374810863759241,0.09432452063430355,-0.010576411996711138,-0.010576411996711138
tfidf,Q0126,1,0.10081385982896769,0.07916229244671424,0.021651567382253448,0.10081385982896769,0.10081385982896769,0.07916229244671424,0.021651567382253448,0.021651567382253448
tfidf,Q0127,1,0.17539169087491077,0.16633972767039373,0.009051963204517038,0.16633972767039373,0.16633972767039373,0.17539169087491077,-0.009051963204517038,-0.009051963204517038
tfidf,Q0128,1,0.14306051296571404,0.11681988510895483,0.026240627856759208,0.01019970069801104,0.01019970069801104,0.14306051296571404,-0.132860812267703,-0.132860812267703
tfidf,Q0130,1,0.2263578405058809,0.05360785101702586,0.17274998948885503,0.2263578405058809,0.2263578405058809,0.05360785101702586,0.17274998948885503,0.17274998948885503
tfidf,Q0131,1,0.4279748489436497,0.0595752250272015,0.3683996239164482,0.4279748489436497,0.4279748489436497,0.0595752250272015,0.3683996239164482,0.3683996239164482
tfidf,Q0132,1,0.2638443907911324,0.044327290800546204,0.21951709999058622,0.2638443907911324,0.2638443907911324,0.044327290800546204,0.21951709999058622,0.21951709999058622
tfidf,Q0133,1,0.10766453013197916,0.0718174789931723,0.03584705113880686,0.10766453013197916,0.10766453013197916,0.0718174789931723,0.03584705113880686,0.03584705113880686
tfidf,Q0134,1,0.11194301887824758,0.07183396416383703,0.04010905471441055,0.11194301887824758,0.11194301887824758,0.07183396416383703,0.04010905471441055,0.04010905471441055
tfidf,Q0135,1,0.13734790953991602,0.08788470261165277,0.049463206928263254,0.13734790953991602,0.13734790953991602,0.08788470261165277,0.049463206928263254,0.049463206928263254
tfidf,Q0136,1,0.14952559925314865,0.121790141332003,0.02773545792114565,0.14952559925314865,0.14952559925314865,0.121790141332003,0.02773545792114565,0.02773545792114565
tfidf,Q0137,1,0.09662540389187232,0.0899810142456621,0.006644389646210225,0.08636290255829354,0.08636290255829354,0.09662540389187232,-0.010262501333578783,-0.010262501333578783
tfidf,Q0138,1,0.10025203786141763,0.08493533928559337,0.015316698575824267,0.08157240499576826,0.08157240499576826,0.10025203786141763,-0.018679632865649373,-0.018679632865649373
tfidf,Q0139,1,0.3947624739623541,0.07092272586507237,0.3238397480972817,0.0345508970216505,0.0345508970216505,0.3947624739623541,-0.3602115769407036,-0.3602115769407036
tfidf,Q0140,1,0.10450817861281593,0.09732173455203526,0.007186444060780672,0.06805630709482807,0.06805630709482807,0.10450817861281593,-0.03645187151798786,-0.03645187151798786
tfidf,Q0141,1,0.11555369786551765,0.10536163998818769,0.010192057877329963,0.06618360466655718,0.06618360466655718,0.11555369786551765,-0.04937009319896048,-0.04937009319896048
tfidf,Q0142,1,0.10450817861281593,0.10409947865524471,0.00040869995757121524,0.06805630709482807,0.06805630709482807,0.10450817861281593,-0.03645187151798786,-0.03645187151798786
tfidf,Q0143,1,0.10536163998818769,0.09811650815278919,0.007245131835398502,0.06618360466655716,0.06618360466655716,0.10536163998818769,-0.03917803532163053,-0.03917803532163053
tfidf,Q0144,1,0.2665497651212344,0.0919026666307645,0.1746470984904699,0.2665497651212344,0.2665497651212344,0.0919026666307645,0.1746470984904699,0.1746470984904699
tfidf,Q0145,1,0.21447333590778767,0.16688496313091944,0.047588372776868226,0.16688496313091944,0.16688496313091944,0.21447333590778767,-0.047588372776868226,-0.047588372776868226
tfidf,Q0161,1,0.38383921981317054,0.0731002213583742,0.31073899845479636,0.38383921981317054,0.38383921981317054,0.0731002213583742,0.31073899845479636,0.31073899845479636
tfidf,Q0167,1,0.09929862825659347,0.0793196156052359,0.01997901265135757,0.0778590186818546,0.0778590186818546,0.09929862825659347,-0.021439609574738866,-0.021439609574738866
tfidf,Q0168,1,0.08994792503841958,0.08774801328763074,0.0021999117507888466,0.08251756927488434,0.08251756927488434,0.08994792503841958,-0.0074303557635352485,-0.0074303557635352485
tfidf,Q0169,1,0.10651200764586004,0.10630815381029504,0.00020385383556499603,0.06905773411712358,0.06905773411712358,0.10651200764586004,-0.037454273528736454,-0.037454273528736454
tfidf,Q0170,1,0.1488565614126573,0.11081079865211399,0.038045762760543306,0.09564370181657247,0.09564370181657247,0.1488565614126573,-0.05321285959608482,-0.05321285959608482
tfidf,Q0171,1,0.09501089497642262,0.08331390727745691,0.01169698769896571,0.06653264780884895,0.06653264780884895,0.09501089497642262,-0.028478247167573675,-0.028478247167573675
tfidf,Q0172,1,0.22439357321029157,0.1720080716822248,0.052385501528066786,0.22439357321029157,0.22439357321029157,0.1720080716822248,0.052385501528066786,0.052385501528066786
tfidf,Q0173,1,0.10448759717650086,0.07922251027236837,0.025265086904132483,0.10448759717650086,0.10448759717650086,0.07922251027236837,0.025265086904132483,0.025265086904132483
tfidf,Q0174,1,0.10448759717650086,0.07922251027236837,0.025265086904132483,0.10448759717650086,0.10448759717650086,0.07922251027236837,0.025265086904132483,0.025265086904132483
tfidf,Q0175,1,0.24464659616806833,0.06150336045572732,0.183143235712341,0.24464659616806833,0.24464659616806833,0.06150336045572732,0.183143235712341,0.183143235712341
tfidf,Q0176,1,0.14517057411593326,0.1318398275712982,0.013330746544635064,0.14517057411593326,0.14517057411593326,0.1318398275712982,0.013330746544635064,0.013330746544635064
tfidf,Q0177,1,0.17696402414449014,0.14787683801427848,0.029087186130211662,0.17696402414449014,0.17696402414449014,0.14787683801427848,0.029087186130211662,0.029087186130211662
tfidf,Q0178,1,0.10992996084570532,0.06793184407739919,0.04199811676830613,0.10992996084570532,0.10992996084570532,0.06793184407739919,0.04199811676830613,0.04199811676830613
tfidf,Q0179,1,0.18762370214247268,0.09303449371148981,0.09458920843098287,0.18762370214247268,0.18762370214247268,0.09303449371148981,0.09458920843098287,0.09458920843098287
tfidf,Q0180,1,0.19350779058721912,0.08450255254664493,0.10900523804057419,0.19350779058721912,0.19350779058721912,0.08450255254664493,0.10900523804057419,0.10900523804057419
tfidf,Q0188,1,0.17151124552994784,0.12715783049760637,0.04435341503234147,0.09519822312491572,0.09519822312491572,0.17151124552994784,-0.07631302240503213,-0.07631302240503213
tfidf,Q0189,1,0.09085810826620147,0.08700490362294634,0.0038532046432551287,0.09085810826620147,0.09085810826620147,0.08700490362294634,0.0038532046432551287,0.0038532046432551287
tfidf,Q0190,1,0.12548492834287872,0.08491995304799743,0.04056497529488129,0.12548492834287872,0.12548492834287872,0.08491995304799743,0.04056497529488129,0.04056497529488129
tfidf,Q0191,1,0.09120201821267332,0.08313194972735377,0.008070068485319548,0.023661041369863755,0.023661041369863755,0.09120201821267332,-0.06754097684280956,-0.06754097684280956
tfidf,Q0192,1,0.2113306047828438,0.13598781394724466,0.07534279083559914,0.2113306047828438,0.2113306047828438,0.13598781394724466,0.07534279083559914,0.07534279083559914
tfidf,Q0193,1,0.08618257553899072,0.08379152177176592,0.0023910537672248017,0.08618257553899072,0.08618257553899072,0.08379152177176592,0.0023910537672248017,0.0023910537672248017
tfidf,Q0194,1,0.10023608463785133,0.05963131181255393,0.0406047728252974,0.10023608463785133,0.10023608463785133,0.05963131181255393,0.0406047728252974,0.0406047728252974
tfidf,Q0195,1,0.1877898075230347,0.10469304180787342,0.08309676571516128,0.1877898075230347,0.1877898075230347,0.10469304180787342,0.08309676571516128,0.08309676571516128
tfidf,Q0196,1,0.142630890534985,0.1318068465613987,0.0108240439735863,0.142630890534985,0.142630890534985,0.1318068465613987,0.0108240439735863,0.0108240439735863
tfidf,Q0197,1,0.22594322350176985,0.1484211331938873,0.07752209030788254,0.22594322350176985,0.22594322350176985,0.1484211331938873,0.07752209030788254,0.07752209030788254
tfidf,Q0198,1,0.23400763686931747,0.1623917256577103,0.07161591121160718,0.23400763686931747,0.23400763686931747,0.1623917256577103,0.07161591121160718,0.07161591121160718
tfidf,Q0199,1,0.09812182570682154,0.07772950891414476,0.02039231679267678,0.09812182570682154,0.09812182570682154,0.07772950891414476,0.02039231679267678,0.02039231679267678
tfidf,Q0200,1,0.17966562723078808,0.13589838017441253,0.04376724705637555,0.17966562723078808,0.17966562723078808,0.13589838017441253,0.04376724705637555,0.04376724705637555
tfidf,Q0201,1,0.1920522000852968,0.07127856950591577,0.12077363057938104,0.1920522000852968,0.1920522000852968,0.07127856950591577,0.12077363057938104,0.12077363057938104
tfidf,Q0202,1,0.2396702408873433,0.10339394658890849,0.1362762942984348,0.2396702408873433,0.2396702408873433,0.10339394658890849,0.1362762942984348,0.1362762942984348
tfidf,Q0203,1,0.24201267340090502,0.08435856159360607,0.15765411180729894,0.24201267340090502,0.24201267340090502,0.08435856159360607,0.15765411180729894,0.15765411180729894
tfidf,Q0204,1,0.1731216559770494,0.07852913823857856,0.09459251773847084,0.1731216559770494,0.1731216559770494,0.07852913823857856,0.09459251773847084,0.09459251773847084
tfidf,Q0205,1,0.2966757738306576,0.13026000480420696,0.1664157690264506,0.2966757738306576,0.2966757738306576,0.13026000480420696,0.1664157690264506,0.1664157690264506
tfidf,Q0218,1,0.07787006342950269,0.06723167229219636,0.01063839113730633,0.06723167229219636,0.06723167229219636,0.07787006342950269,-0.01063839113730633,-0.01063839113730633
tfidf,Q0219,1,0.11483131825575629,0.0931500138292935,0.021681304426462794,0.03824452110334473,0.03824452110334473,0.11483131825575629,-0.07658679715241157,-0.07658679715241157
tfidf,Q0222,1,0.3165769293052044,0.15959020955845346,0.15698671974675096,0.3165769293052044,0.3165769293052044,0.15959020955845346,0.15698671974675096,0.15698671974675096
tfidf,Q0223,1,0.20113749772285722,0.12622321006350412,0.0749142876593531,0.057811891070881416,0.057811891070881416,0.20113749772285722,-0.1433256066519758,-0.1433256066519758
tfidf,Q0224,1,0.21568387874305991,0.06785061113115853,0.14783326761190138,0.21568387874305991,0.21568387874305991,0.06785061113115853,0.14783326761190138,0.14783326761190138
tfidf,Q0225,1,0.23172342490392245,0.15224574985489847,0.07947767504902398,0.23172342490392245,0.23172342490392245,0.15224574985489847,0.07947767504902398,0.07947767504902398
tfidf,Q0232,1,0.15970474063008233,0.1354799938597757,0.024224746770306643,0.08884732659260582,0.08884732659260582,0.15970474063008233,-0.07085741403747652,-0.07085741403747652
tfidf,Q0233,1,0.18189157136065562,0.12943564461404092,0.0524559267466147,0.11888145780786552,0.11888145780786552,0.18189157136065562,-0.0630101135527901,-0.0630101135527901
tfidf,Q0234,1,0.14236980894890092,0.07413323062933466,0.06823657831956625,0.14236980894890092,0.14236980894890092,0.07413323062933466,0.06823657831956625,0.06823657831956625
tfidf,Q0235,1,0.3474554136646158,0.19038152628783067,0.15707388737678513,0.3474554136646158,0.3474554136646158,0.19038152628783067,0.15707388737678513,0.15707388737678513
tfidf,Q0236,1,0.36789645889911193,0.20276066600957177,0.16513579288954017,0.36789645889911193,0.36789645889911193,0.20276066600957177,0.16513579288954017,0.16513579288954017
tfidf,Q0237,1,0.1763933139620351,0.10919019904852131,0.06720311491351377,0.1763933139620351,0.1763933139620351,0.10919019904852131,0.06720311491351377,0.06720311491351377
tfidf,Q0238,1,0.11449066289120413,0.10004755551341461,0.014443107377789519,0.11449066289120413,0.11449066289120413,0.10004755551341461,0.014443107377789519,0.014443107377789519
tfidf,Q0239,1,0.32187208033062537,0.17325394861092303,0.14861813171970234,0.32187208033062537,0.32187208033062537,0.17325394861092303,0.14861813171970234,0.14861813171970234
tfidf,Q0240,1,0.25777120354909044,0.19633185062732295,0.0614393529217675,0.25777120354909044,0.25777120354909044,0.19633185062732295,0.0614393529217675,0.0614393529217675
tfidf,Q0241,1,0.23309354317718303,0.08774760067940109,0.14534594249778193,0.23309354317718303,0.23309354317718303,0.08774760067940109,0.14534594249778193,0.14534594249778193
tfidf,Q0242,1,0.15246246318434117,0.10708447153147266,0.045377991652868516,0.15246246318434117,0.15246246318434117,0.10708447153147266,0.045377991652868516,0.045377991652868516
tfidf,Q0243,1,0.2130074988265318,0.20111047646198155,0.011897022364550258,0.2130074988265318,0.2130074988265318,0.20111047646198155,0.011897022364550258,0.011897022364550258
tfidf,Q0244,1,0.16055424471079388,0.07257024942417563,0.08798399528661825,0.16055424471079388,0.16055424471079388,0.07257024942417563,0.08798399528661825,0.08798399528661825
tfidf,Q0245,2,0.23866253553449662,0.08276926983144602,0.15589326570305062,0.23866253553449662,0.034496981156823085,0.08276926983144602,0.15589326570305062,-0.04827228867462293
tfidf,Q0247,1,0.11632492305224543,0.0988313434800909,0.017493579572154527,0.0988313434800909,0.0988313434800909,0.11632492305224543,-0.017493579572154527,-0.017493579572154527
tfidf,Q0248,1,0.11127677271375593,0.08704080264330251,0.024235970070453416,0.06020261610787407,0.06020261610787407,0.11127677271375593,-0.051074156605881854,-0.051074156605881854
tfidf,Q0256,1,0.11736550373814625,0.08163705756106293,0.03572844617708332,0.0689110654514607,0.0689110654514607,0.11736550373814625,-0.04845443828668555,-0.04845443828668555
tfidf,Q0257,1,0.14080839740897955,0.08442686779914238,0.05638152960983717,0.14080839740897955,0.14080839740897955,0.08442686779914238,0.05638152960983717,0.05638152960983717
tfidf,Q0258,1,0.1355914289487893,0.11502429977310262,0.02056712917568669,0.07354857012796379,0.07354857012796379,0.1355914289487893,-0.062042858820825525,-0.062042858820825525
tfidf,Q0259,1,0.1327804369735411,0.11498097016182157,0.01779946681171954,0.11498097016182157,0.11498097016182157,0.1327804369735411,-0.01779946681171954,-0.01779946681171954
tfidf,Q0260,1,0.0888249332357118,0.07174588596562204,0.01707904727008977,0.05963608301375814,0.05963608301375814,0.0888249332357118,-0.029188850221953666,-0.029188850221953666
tfidf,Q0261,1,0.16198292745468673,0.04882415094885672,0.11315877650583,0.16198292745468673,0.16198292745468673,0.04882415094885672,0.11315877650583,0.11315877650583
tfidf,Q0262,1,0.10109462225928278,0.06839719575429468,0.03269742650498811,0.10109462225928278,0.10109462225928278,0.06839719575429468,0.03269742650498811,0.03269742650498811
tfidf,Q0263,1,0.2085909953239885,0.12661856070349498,0.08197243462049353,0.12661856070349498,0.12661856070349498,0.2085909953239885,-0.08197243462049353,-0.08197243462049353
tfidf,Q0264,1,0.4066868867872635,0.10337670690381326,0.3033101798834502,0.4066868867872635,0.4066868867872635,0.10337670690381326,0.3033101798834502,0.3033101798834502
tfidf,Q0265,1,0.2751522824913574,0.08192414782039534,0.1932281346709621,0.2751522824913574,0.2751522824913574,0.08192414782039534,0.1932281346709621,0.1932281346709621
tfidf,Q0266,1,0.24275163441154884,0.15095104810939955,0.0918005863021493,0.24275163441154884,0.24275163441154884,0.15095104810939955,0.0918005863021493,0.0918005863021493
tfidf,Q0267,1,0.11866549485591205,0.10269307965852723,0.01597241519738482,0.11866549485591205,0.11866549485591205,0.10269307965852723,0.01597241519738482,0.01597241519738482
tfidf,Q0268,1,0.09191250705853611,0.06664523353311541,0.0252672735254207,0.03885056393013722,0.03885056393013722,0.09191250705853611,-0.05306194312839889,-0.05306194312839889
tfidf,Q0269,1,0.050107551316129074,0.04916320112241063,0.0009443501937184476,0.031209048775430723,0.031209048775430723,0.050107551316129074,-0.01889850254069835,-0.01889850254069835
tfidf,Q0270,1,0.09347021813027165,0.07402029373258624,0.019449924397685406,0.07402029373258624,0.07402029373258624,0.09347021813027165,-0.019449924397685406,-0.019449924397685406
tfidf,Q0271,1,0.10869685827380074,0.09660917407298046,0.012087684200820278,0.09660917407298046,0.09660917407298046,0.10869685827380074,-0.012087684200820278,-0.012087684200820278
tfidf,Q0272,1,0.1019486913313267,0.10103874604914583,0.0009099452821808712,0.1019486913313267,0.1019486913313267,0.10103874604914583,0.0009099452821808712,0.0009099452821808712
tfidf,Q0273,1,0.22630871221616922,0.0730430164250299,0.1532656957911393,0.22630871221616922,0.22630871221616922,0.0730430164250299,0.1532656957911393,0.1532656957911393
tfidf,Q0274,1,0.2474087908438231,0.06595881171441507,0.18144997912940802,0.2474087908438231,0.2474087908438231,0.06595881171441507,0.18144997912940802,0.18144997912940802
tfidf,Q0275,1,0.12891267458610317,0.112907557364044,0.016005117222059176,0.12891267458610317,0.12891267458610317,0.112907557364044,0.016005117222059176,0.016005117222059176
tfidf,Q0282,1,0.13699958120228437,0.07978908831342385,0.057210492888860515,0.13699958120228437,0.13699958120228437,0.07978908831342385,0.057210492888860515,0.057210492888860515
tfidf,Q0283,1,0.11622402835095198,0.03827445928939832,0.07794956906155366,0.03827445928939832,0.03827445928939832,0.11622402835095198,-0.07794956906155366,-0.07794956906155366
tfidf,Q0284,1,0.19341918841749603,0.04249910397250634,0.1509200844449897,0.19341918841749603,0.19341918841749603,0.04249910397250634,0.1509200844449897,0.1509200844449897
tfidf,Q0285,1,0.15724409808622636,0.10905754267332665,0.048186555412899706,0.15724409808622636,0.15724409808622636,0.10905754267332665,0.048186555412899706,0.048186555412899706
tfidf,Q0286,1,0.18428784941706247,0.0673801275992321,0.11690772181783037,0.18428784941706247,0.18428784941706247,0.0673801275992321,0.11690772181783037,0.11690772181783037
tfidf,Q0297,1,0.2395943849617348,0.07298856859912091,0.1666058163626139,0.07298856859912091,0.07298856859912091,0.2395943849617348,-0.1666058163626139,-0.1666058163626139
tfidf,Q0298,1,0.3139919974978719,0.08043286920677735,0.23355912829109454,0.3139919974978719,0.3139919974978719,0.08043286920677735,0.23355912829109454,0.23355912829109454
tfidf,Q0299,1,0.18326817504045598,0.1393786549298148,0.04388952011064118,0.18326817504045598,0.18326817504045598,0.1393786549298148,0.04388952011064118,0.04388952011064118
tfidf,Q0300,1,0.192574188655693,0.11462265729380226,0.07795153136189074,0.192574188655693,0.192574188655693,0.11462265729380226,0.07795153136189074,0.07795153136189074
tfidf,Q0301,1,0.1447976001484229,0.13021412024157505,0.014583479906847857,0.123614951083276,0.123614951083276,0.1447976001484229,-0.021182649065146913,-0.021182649065146913
tfidf,Q0302,1,0.12917372292915172,0.08012915745314354,0.049044565476008176,0.08012915745314354,0.08012915745314354,0.12917372292915172,-0.049044565476008176,-0.049044565476008176
tfidf,Q0303,1,0.16447616750897753,0.10837892708159241,0.05609724042738512,0.16447616750897753,0.16447616750897753,0.10837892708159241,0.05609724042738512,0.05609724042738512
tfidf,Q0304,1,0.13365425634985856,0.12995800182680461,0.0036962545230539434,0.13365425634985856,0.13365425634985856,0.12995800182680461,0.0036962545230539434,0.0036962545230539434
tfidf,Q0305,1,0.13745454059748868,0.09385508787383925,0.04359945272364943,0.13745454059748868,0.13745454059748868,0.09385508787383925,0.04359945272364943,0.04359945272364943
tfidf,Q0306,1,0.35927338979646095,0.04616301415318936,0.3131103756432716,0.35927338979646095,0.35927338979646095,0.04616301415318936,0.3131103756432716,0.3131103756432716
tfidf,Q0307,1,0.24273908322227272,0.06558575512938078,0.17715332809289194,0.24273908322227272,0.24273908322227272,0.06558575512938078,0.17715332809289194,0.17715332809289194
tfidf,Q0308,1,0.13308108710087974,0.10528262991211511,0.027798457188764628,0.10528262991211511,0.10528262991211511,0.13308108710087974,-0.027798457188764628,-0.027798457188764628
tfidf,Q0309,1,0.19075523609370365,0.08139250752851518,0.10936272856518847,0.08139250752851518,0.08139250752851518,0.19075523609370365,-0.10936272856518847,-0.10936272856518847
tfidf,Q0310,1,0.13025871352205298,0.12647712176974205,0.0037815917523109366,0.08423856085965682,0.08423856085965682,0.13025871352205298,-0.04602015266239616,-0.04602015266239616
tfidf,Q0311,1,0.11886215024077813,0.09067462689205912,0.028187523348719018,0.07667672070056072,0.07667672070056072,0.11886215024077813,-0.04218542954021741,-0.04218542954021741
tfidf,Q0312,1,0.12057892003356331,0.1075475929723819,0.013031327061181416,0.0777841908047267,0.0777841908047267,0.12057892003356331,-0.042794729228836606,-0.042794729228836606
tfidf,Q0318,1,0.2900304208247781,0.125660856188956,0.16436956463582209,0.2900304208247781,0.2900304208247781,0.125660856188956,0.16436956463582209,0.16436956463582209
tfidf,Q0320,1,0.16624430620428055,0.13710688722072537,0.02913741898355518,0.1301248897381459,0.1301248897381459,0.16624430620428055,-0.036119416466134646,-0.036119416466134646
tfidf,Q0321,1,0.12615556535058958,0.11600154512179572,0.010154020228793859,0.11600154512179572,0.11600154512179572,0.12615556535058958,-0.010154020228793859,-0.010154020228793859
tfidf,Q0322,1,0.17243857614451785,0.14695737217027915,0.025481203974238698,0.17243857614451785,0.17243857614451785,0.14695737217027915,0.025481203974238698,0.025481203974238698
tfidf,Q0331,1,0.1854607582904465,0.12129184512574878,0.06416891316469772,0.1854607582904465,0.1854607582904465,0.12129184512574878,0.06416891316469772,0.06416891316469772
tfidf,Q0332,1,0.18251805393275877,0.1250010022430465,0.05751705168971227,0.18251805393275877,0.18251805393275877,0.1250010022430465,0.05751705168971227,0.05751705168971227
tfidf,Q0333,1,0.25446040523877556,0.13134194804880953,0.12311845718996603,0.09350978212031619,0.09350978212031619,0.25446040523877556,-0.16095062311845937,-0.16095062311845937
tfidf,Q0334,1,0.3379920156015554,0.1282213159584504,0.209770699643105,0.3379920156015554,0.3379920156015554,0.1282213159584504,0.209770699643105,0.209770699643105
tfidf,Q0338,1,0.06465615312151615,0.05960605042889521,0.0050501026926209405,0.0494261702681391,0.0494261702681391,0.06465615312151615,-0.015229982853377053,-0.015229982853377053
tfidf,Q0339,1,0.25728351970690966,0.10310681416528295,0.1541767055416267,0.25728351970690966,0.25728351970690966,0.10310681416528295,0.1541767055416267,0.1541767055416267
tfidf,Q0341,1,0.18804528231035295,0.0859873860209084,0.10205789628944455,0.06914536308432022,0.06914536308432022,0.18804528231035295,-0.11889991922603273,-0.11889991922603273
tfidf,Q0342,1,0.12094459678600178,0.08006614715626172,0.04087844962974006,0.12094459678600178,0.12094459678600178,0.08006614715626172,0.04087844962974006,0.04087844962974006
tfidf,Q0343,1,0.12258984590117875,0.07414236606927527,0.04844747983190348,0.12258984590117875,0.12258984590117875,0.07414236606927527,0.04844747983190348,0.04844747983190348
tfidf,Q0344,1,0.1871271897707629,0.07237721502951305,0.11474997474124984,0.1871271897707629,0.1871271897707629,0.07237721502951305,0.11474997474124984,0.11474997474124984
tfidf,Q0345,1,0.12057942972921512,0.06368300677069534,0.05689642295851978,0.05015056783565929,0.05015056783565929,0.12057942972921512,-0.07042886189355582,-0.07042886189355582
tfidf,Q0346,1,0.12868128387884847,0.10191187378102401,0.026769410097824464,0.09590825201079411,0.09590825201079411,0.12868128387884847,-0.03277303186805436,-0.03277303186805436
tfidf,Q0347,1,0.13560170272479763,0.0653848695621305,0.07021683316266714,0.13560170272479763,0.13560170272479763,0.0653848695621305,0.07021683316266714,0.07021683316266714
tfidf,Q0348,1,0.13043920058863578,0.06616132883258902,0.06427787175604677,0.13043920058863578,0.13043920058863578,0.06616132883258902,0.06427787175604677,0.06427787175604677
tfidf,Q0349,1,0.2519060993546534,0.14278078008285636,0.10912531927179706,0.2519060993546534,0.2519060993546534,0.14278078008285636,0.10912531927179706,0.10912531927179706
tfidf,Q0350,1,0.14771279917638205,0.07989410654723407,0.06781869262914798,0.14771279917638205,0.14771279917638205,0.07989410654723407,0.06781869262914798,0.06781869262914798
tfidf,Q0351,1,0.18342054676556757,0.040123721939943596,0.14329682482562398,0.18342054676556757,0.18342054676556757,0.040123721939943596,0.14329682482562398,0.14329682482562398
tfidf,Q0352,1,0.16490827981247147,0.046476100460728774,0.11843217935174269,0.16490827981247147,0.16490827981247147,0.046476100460728774,0.11843217935174269,0.11843217935174269
tfidf,Q0353,1,0.17993783921646478,0.09991969973419387,0.0800181394822709,0.09528150940100409,0.09528150940100409,0.17993783921646478,-0.08465632981546069,-0.08465632981546069
tfidf,Q0354,1,0.25818967077060173,0.08379600307580941,0.1743936676947923,0.25818967077060173,0.25818967077060173,0.08379600307580941,0.1743936676947923,0.1743936676947923
tfidf,Q0355,1,0.2326540082064422,0.03618263797222992,0.19647137023421227,0.2326540082064422,0.2326540082064422,0.03618263797222992,0.19647137023421227,0.19647137023421227
tfidf,Q0356,1,0.15519379364055325,0.04277590978976798,0.11241788385078527,0.15519379364055325,0.15519379364055325,0.04277590978976798,0.11241788385078527,0.11241788385078527
tfidf,Q0357,1,0.13898970882377668,0.05692780710649127,0.0820619017172854,0.13898970882377668,0.13898970882377668,0.05692780710649127,0.0820619017172854,0.0820619017172854
tfidf,Q0358,1,0.17338825972953273,0.04666500191265158,0.12672325781688115,0.17338825972953273,0.17338825972953273,0.04666500191265158,0.12672325781688115,0.12672325781688115
tfidf,Q0359,1,0.14446834808277476,0.12286874479170695,0.021599603291067804,0.14446834808277476,0.14446834808277476,0.12286874479170695,0.021599603291067804,0.021599603291067804
tfidf,Q0362,1,0.2368835833532608,0.09202197448978028,0.1448616088634805,0.2368835833532608,0.2368835833532608,0.09202197448978028,0.1448616088634805,0.1448616088634805
tfidf,Q0363,1,0.27204376492799015,0.16636688032013724,0.1056768846078529,0.27204376492799015,0.27204376492799015,0.16636688032013724,0.1056768846078529,0.1056768846078529
tfidf,Q0364,1,0.3670808631768793,0.04474438601623189,0.32233647716064745,0.3670808631768793,0.3670808631768793,0.04474438601623189,0.32233647716064745,0.32233647716064745
tfidf,Q0365,1,0.1341164206220195,0.1027902371054384,0.031326183516581105,0.013197493886068471,0.013197493886068471,0.1341164206220195,-0.12091892673595103,-0.12091892673595103
tfidf,Q0366,1,0.09293560465972606,0.07911817497639978,0.013817429683326277,0.07911817497639978,0.07911817497639978,0.09293560465972606,-0.013817429683326277,-0.013817429683326277
tfidf,Q0367,1,0.10139127831886292,0.07954894161416301,0.021842336704699913,0.07954894161416301,0.07954894161416301,0.10139127831886292,-0.021842336704699913,-0.021842336704699913
tfidf,Q0368,1,0.37399716648491343,0.05569240462305637,0.3183047618618571,0.37399716648491343,0.37399716648491343,0.05569240462305637,0.3183047618618571,0.3183047618618571
tfidf,Q0369,1,0.37961423263095573,0.07341008539916082,0.3062041472317949,0.37961423263095573,0.37961423263095573,0.07341008539916082,0.3062041472317949,0.3062041472317949
tfidf,Q0370,1,0.3496111604922596,0.3268424615982932,0.022768698893966377,0.3496111604922596,0.3496111604922596,0.3268424615982932,0.022768698893966377,0.022768698893966377
tfidf,Q0371,1,0.10088900153664483,0.07862426827856679,0.02226473325807804,0.10088900153664483,0.10088900153664483,0.07862426827856679,0.02226473325807804,0.02226473325807804
tfidf,Q0372,1,0.20240059936792382,0.08412351679083205,0.11827708257709177,0.20240059936792382,0.20240059936792382,0.08412351679083205,0.11827708257709177,0.11827708257709177
tfidf,Q0373,1,0.22915097816810734,0.13051258526624526,0.09863839290186208,0.22915097816810734,0.22915097816810734,0.13051258526624526,0.09863839290186208,0.09863839290186208
tfidf,Q0374,1,0.05692038406404341,0.05176616924605529,0.005154214817988119,0.027907698928632332,0.027907698928632332,0.05692038406404341,-0.029012685135411075,-0.029012685135411075
tfidf,Q0375,1,0.16827618784344178,0.0624860987408313,0.10579008910261048,0.16827618784344178,0.16827618784344178,0.0624860987408313,0.10579008910261048,0.10579008910261048
tfidf,Q0376,1,0.10765204610657643,0.09328879964141823,0.0143632464651582,0.10765204610657643,0.10765204610657643,0.09328879964141823,0.0143632464651582,0.0143632464651582
tfidf,Q0377,1,0.2655050907697391,0.20545131567375802,0.06005377509598109,0.2655050907697391,0.2655050907697391,0.20545131567375802,0.06005377509598109,0.06005377509598109
tfidf,Q0378,1,0.37256057515822955,0.10771657368896036,0.2648440014692692,0.37256057515822955,0.37256057515822955,0.10771657368896036,0.2648440014692692,0.2648440014692692
tfidf,Q0379,1,0.37741896426658855,0.1446557594956988,0.23276320477088974,0.37741896426658855,0.37741896426658855,0.1446557594956988,0.23276320477088974,0.23276320477088974
tfidf,Q0380,1,0.10376194937757353,0.08064245524398093,0.0231194941335926,0.07028940292377604,0.07028940292377604,0.10376194937757353,-0.03347254645379749,-0.03347254645379749
tfidf,Q0381,1,0.19467592792804977,0.0752354418918961,0.11944048603615368,0.19467592792804977,0.19467592792804977,0.0752354418918961,0.11944048603615368,0.11944048603615368
tfidf,Q0382,1,0.17761082844163448,0.04861874565228855,0.12899208278934593,0.17761082844163448,0.17761082844163448,0.04861874565228855,0.12899208278934593,0.12899208278934593
tfidf,Q0383,1,0.08933530133266185,0.08857084944451322,0.0007644518881486234,0.08315822639957712,0.08315822639957712,0.08933530133266185,-0.006177074933084725,-0.006177074933084725
tfidf,Q0391,1,0.09804410147898172,0.0912825021156831,0.0067615993632986204,0.04277055348564927,0.04277055348564927,0.09804410147898172,-0.05527354799333246,-0.05527354799333246
tfidf,Q0392,1,0.15632137199990087,0.06847464104719725,0.08784673095270362,0.15632137199990087,0.15632137199990087,0.06847464104719725,0.08784673095270362,0.08784673095270362
tfidf,Q0393,1,0.1518147912808944,0.04516489429672436,0.10664989698417005,0.1518147912808944,0.1518147912808944,0.04516489429672436,0.10664989698417005,0.10664989698417005
tfidf,Q0394,1,0.30737291198164496,0.07271749459821064,0.23465541738343432,0.30737291198164496,0.30737291198164496,0.07271749459821064,0.23465541738343432,0.23465541738343432
tfidf,Q0395,1,0.4042527475056839,0.03381140718540743,0.3704413403202765,0.4042527475056839,0.4042527475056839,0.03381140718540743,0.3704413403202765,0.3704413403202765
tfidf,Q0396,1,0.3160819945936726,0.19023432396268153,0.12584767063099106,0.3160819945936726,0.3160819945936726,0.19023432396268153,0.12584767063099106,0.12584767063099106
tfidf,Q0397,1,0.24276902296048827,0.22620721416027165,0.016561808800216626,0.24276902296048827,0.24276902296048827,0.22620721416027165,0.016561808800216626,0.016561808800216626
tfidf,Q0404,1,0.31082061950574524,0.1415848418877069,0.16923577761803835,0.31082061950574524,0.31082061950574524,0.1415848418877069,0.16923577761803835,0.16923577761803835
tfidf,Q0405,1,0.14396509423182613,0.060632944030954226,0.0833321502008719,0.14396509423182613,0.14396509423182613,0.060632944030954226,0.0833321502008719,0.0833321502008719
tfidf,Q0406,1,0.14507818869515415,0.11967284908726204,0.02540533960789211,0.0615342310869371,0.0615342310869371,0.14507818869515415,-0.08354395760821706,-0.08354395760821706
tfidf,Q0407,1,0.1741376814164653,0.11732815833247845,0.056809523083986846,0.1741376814164653,0.1741376814164653,0.11732815833247845,0.056809523083986846,0.056809523083986846
tfidf,Q0408,1,0.18710922291601179,0.12606795010239,0.06104127281362179,0.18710922291601179,0.18710922291601179,0.12606795010239,0.06104127281362179,0.06104127281362179
tfidf,Q0409,1,0.174105787114163,0.10718961282653099,0.06691617428763201,0.174105787114163,0.174105787114163,0.10718961282653099,0.06691617428763201,0.06691617428763201
tfidf,Q0410,1,0.14840184276150384,0.1446126726324843,0.0037891701290195257,0.14840184276150384,0.14840184276150384,0.1446126726324843,0.0037891701290195257,0.0037891701290195257
tfidf,Q0427,1,0.23600093404691252,0.06201084144726201,0.1739900925996505,0.23600093404691252,0.23600093404691252,0.06201084144726201,0.1739900925996505,0.1739900925996505
tfidf,Q0428,1,0.11141657356840048,0.10327542812088694,0.008141145447513543,0.09313031739827159,0.09313031739827159,0.11141657356840048,-0.018286256170128898,-0.018286256170128898
tfidf,Q0429,1,0.18631013038607255,0.1599770791834212,0.026333051202651364,0.14193237711855244,0.14193237711855244,0.18631013038607255,-0.04437775326752011,-0.04437775326752011
tfidf,Q0430,1,0.1498315246038482,0.11641053789575787,0.03342098670809032,0.1498315246038482,0.1498315246038482,0.11641053789575787,0.03342098670809032,0.03342098670809032
tfidf,Q0431,1,0.13608225027132478,0.11770869261936057,0.018373557651964217,0.13608225027132478,0.13608225027132478,0.11770869261936057,0.018373557651964217,0.018373557651964217
tfidf,Q0432,1,0.14759095549677884,0.08180432647329672,0.06578662902348212,0.08180432647329672,0.08180432647329672,0.14759095549677884,-0.06578662902348212,-0.06578662902348212
tfidf,Q0433,1,0.0885385787898273,0.06617690469132712,0.02236167409850018,0.0885385787898273,0.0885385787898273,0.06617690469132712,0.02236167409850018,0.02236167409850018
tfidf,Q0434,1,0.16997756220884824,0.04680329801440046,0.12317426419444778,0.16997756220884824,0.16997756220884824,0.04680329801440046,0.12317426419444778,0.12317426419444778
tfidf,Q0439,1,0.22436600727947398,0.06125857794944815,0.16310742933002584,0.22436600727947398,0.22436600727947398,0.06125857794944815,0.16310742933002584,0.16310742933002584
tfidf,Q0440,1,0.29667664587861386,0.06548764611754188,0.231188999761072,0.29667664587861386,0.29667664587861386,0.06548764611754188,0.231188999761072,0.231188999761072
tfidf,Q0441,1,0.29314430658934076,0.054735285969289685,0.2384090206200511,0.29314430658934076,0.29314430658934076,0.054735285969289685,0.2384090206200511,0.2384090206200511
tfidf,Q0442,1,0.16632622824283405,0.10712974230901831,0.05919648593381574,0.16632622824283405,0.16632622824283405,0.10712974230901831,0.05919648593381574,0.05919648593381574
tfidf,Q0445,1,0.22458305112750532,0.1262801707773847,0.09830288035012061,0.22458305112750532,0.22458305112750532,0.1262801707773847,0.09830288035012061,0.09830288035012061
tfidf,Q0446,1,0.1802335358067684,0.13369747667087442,0.04653605913589398,0.08546951370436576,0.08546951370436576,0.1802335358067684,-0.09476402210240265,-0.09476402210240265
tfidf,Q0448,1,0.10304610052482684,0.08385523425076122,0.01919086627406562,0.08385523425076122,0.08385523425076122,0.10304610052482684,-0.01919086627406562,-0.01919086627406562
tfidf,Q0449,1,0.26632514905658167,0.07150224517025644,0.19482290388632523,0.26632514905658167,0.26632514905658167,0.07150224517025644,0.19482290388632523,0.19482290388632523
tfidf,Q0450,1,0.1771870760271675,0.08710244010365323,0.09008463592351426,0.1771870760271675,0.1771870760271675,0.08710244010365323,0.09008463592351426,0.09008463592351426
tfidf,Q0451,1,0.13107019509226095,0.05863316932838462,0.07243702576387634,0.13107019509226095,0.13107019509226095,0.05863316932838462,0.07243702576387634,0.07243702576387634
tfidf,Q0455,1,0.19743292307749052,0.053175710859022465,0.14425721221846804,0.19743292307749052,0.19743292307749052,0.053175710859022465,0.14425721221846804,0.14425721221846804
tfidf,Q0456,1,0.1646976358894061,0.055878113283618455,0.10881952260578766,0.1646976358894061,0.1646976358894061,0.055878113283618455,0.10881952260578766,0.10881952260578766
tfidf,Q0457,1,0.18733755581008588,0.06438231687559438,0.12295523893449149,0.18733755581008588,0.18733755581008588,0.06438231687559438,0.12295523893449149,0.12295523893449149
tfidf,Q0458,1,0.13369023031313587,0.0700910080309884,0.06359922228214747,0.13369023031313587,0.13369023031313587,0.0700910080309884,0.06359922228214747,0.06359922228214747
tfidf,Q0459,1,0.16017533734045766,0.08800176531635025,0.07217357202410742,0.16017533734045766,0.16017533734045766,0.08800176531635025,0.07217357202410742,0.07217357202410742
tfidf,Q0463,1,0.11603410256439006,0.0671453577083793,0.04888874485601076,0.039027274206064506,0.039027274206064506,0.11603410256439006,-0.07700682835832556,-0.07700682835832556
tfidf,Q0465,1,0.2646495745985623,0.18270805053604616,0.08194152406251615,0.18270805053604616,0.18270805053604616,0.2646495745985623,-0.08194152406251615,-0.08194152406251615
tfidf,Q0466,1,0.17994993083516853,0.07658429976495174,0.10336563107021679,0.17994993083516853,0.17994993083516853,0.07658429976495174,0.10336563107021679,0.10336563107021679
tfidf,Q0467,1,0.0858640058343343,0.08314063765950647,0.0027233681748278366,0.08314063765950647,0.08314063765950647,0.0858640058343343,-0.0027233681748278366,-0.0027233681748278366
tfidf,Q0468,1,0.6264086106842183,0.08943186821742603,0.5369767424667923,0.6264086106842183,0.6264086106842183,0.08943186821742603,0.5369767424667923,0.5369767424667923
tfidf,Q0471,1,0.4837772127690149,0.06355173417206043,0.42022547859695447,0.4837772127690149,0.4837772127690149,0.06355173417206043,0.42022547859695447,0.42022547859695447
tfidf,Q0472,1,0.2929632234630116,0.1417684221956336,0.15119480126737803,0.2929632234630116,0.2929632234630116,0.1417684221956336,0.15119480126737803,0.15119480126737803
tfidf,Q0473,1,0.33761332887677137,0.11978168217149933,0.21783164670527205,0.33761332887677137,0.33761332887677137,0.11978168217149933,0.21783164670527205,0.21783164670527205
tfidf,Q0477,1,0.28508785815054816,0.09498194838584015,0.190105909764708,0.28508785815054816,0.28508785815054816,0.09498194838584015,0.190105909764708,0.190105909764708
tfidf,Q0479,1,0.25670238418032737,0.13390351870073153,0.12279886547959584,0.13390351870073153,0.13390351870073153,0.25670238418032737,-0.12279886547959584,-0.12279886547959584
tfidf,Q0480,1,0.14074895553031763,0.12531634991374932,0.015432605616568312,0.043517770006282125,0.043517770006282125,0.14074895553031763,-0.09723118552403551,-0.09723118552403551
tfidf,Q0481,1,0.05785286652597133,0.055333534188022414,0.002519332337948918,0.037885381072422786,0.037885381072422786,0.05785286652597133,-0.019967485453548546,-0.019967485453548546
tfidf,Q0482,1,0.26203576309908555,0.20333411060411213,0.058701652494973416,0.04808375239222278,0.04808375239222278,0.26203576309908555,-0.21395201070686276,-0.21395201070686276
tfidf,Q0483,1,0.7101909331861,0.5332828189416174,0.1769081142444826,0.7101909331861,0.7101909331861,0.5332828189416174,0.1769081142444826,0.1769081142444826
tfidf,Q0484,1,0.7104999554684509,0.5314406605795866,0.1790592948888643,0.7104999554684509,0.7104999554684509,0.5314406605795866,0.1790592948888643,0.1790592948888643
tfidf,Q0485,1,0.653772006253776,0.48910091387104526,0.1646710923827307,0.653772006253776,0.653772006253776,0.48910091387104526,0.1646710923827307,0.1646710923827307
tfidf,Q0489,1,0.5533042618708448,0.4297594286017494,0.12354483326909538,0.5533042618708448,0.5533042618708448,0.4297594286017494,0.12354483326909538,0.12354483326909538
tfidf,Q0490,1,0.5541843306528222,0.42882715574483127,0.12535717490799098,0.5541843306528222,0.5541843306528222,0.42882715574483127,0.12535717490799098,0.12535717490799098
tfidf,Q0491,1,0.48113724634872573,0.373808895397131,0.10732835095159471,0.48113724634872573,0.48113724634872573,0.373808895397131,0.10732835095159471,0.10732835095159471
tfidf,Q0492,1,0.7358908312597934,0.5933014695065684,0.142589361753225,0.7358908312597934,0.7358908312597934,0.5933014695065684,0.142589361753225,0.142589361753225
tfidf,Q0493,1,0.7362304472819853,0.5914951868722557,0.14473526040972962,0.7362304472819853,0.7362304472819853,0.5914951868722557,0.14473526040972962,0.14473526040972962
tfidf,Q0494,1,0.6857735432564395,0.5506477041478846,0.1351258391085549,0.6857735432564395,0.6857735432564395,0.5506477041478846,0.1351258391085549,0.1351258391085549
tfidf,Q0495,1,0.7358908312597934,0.5933014695065684,0.142589361753225,0.7358908312597934,0.7358908312597934,0.5933014695065684,0.142589361753225,0.142589361753225
tfidf,Q0496,1,0.7362304472819854,0.5914951868722554,0.14473526040972995,0.7362304472819854,0.7362304472819854,0.5914951868722554,0.14473526040972995,0.14473526040972995
tfidf,Q0497,1,0.6857735432564395,0.5506477041478846,0.1351258391085549,0.6857735432564395,0.6857735432564395,0.5506477041478846,0.1351258391085549,0.1351258391085549
tfidf,Q0498,1,0.7315684772021198,0.6583154919441728,0.07325298525794699,0.7315684772021198,0.7315684772021198,0.6583154919441728,0.07325298525794699,0.07325298525794699
tfidf,Q0499,1,0.7318779521362585,0.660235748934101,0.07164220320215753,0.7318779521362585,0.7318779521362585,0.660235748934101,0.07164220320215753,0.07164220320215753
tfidf,Q0500,1,0.6729247080538391,0.6000260797102207,0.07289862834361838,0.6729247080538391,0.6729247080538391,0.6000260797102207,0.07289862834361838,0.07289862834361838
tfidf,Q0504,1,0.5784409870262244,0.3759634511136988,0.2024775359125256,0.5784409870262244,0.5784409870262244,0.3759634511136988,0.2024775359125256,0.2024775359125256
tfidf,Q0505,1,0.5792983656487795,0.3800270954012765,0.19927127024750296,0.5792983656487795,0.5792983656487795,0.3800270954012765,0.19927127024750296,0.19927127024750296
tfidf,Q0506,1,0.5049378537558364,0.31689071066836516,0.18804714308747128,0.5049378537558364,0.5049378537558364,0.31689071066836516,0.18804714308747128,0.18804714308747128
tfidf,Q0516,1,0.6092397373572537,0.2468333237361101,0.36240641362114356,0.6092397373572537,0.6092397373572537,0.2468333237361101,0.36240641362114356,0.36240641362114356
tfidf,Q0517,1,0.6100090411721846,0.2354472856961814,0.3745617554760032,0.6100090411721846,0.6100090411721846,0.2354472856961814,0.3745617554760032,0.3745617554760032
tfidf,Q0518,1,0.5493445996229639,0.21139948847282752,0.33794511115013637,0.5493445996229639,0.5493445996229639,0.21139948847282752,0.33794511115013637,0.33794511115013637
tfidf,Q0522,1,0.3301742201410959,0.329272784222054,0.0009014359190418486,0.329272784222054,0.329272784222054,0.3301742201410959,-0.0009014359190418486,-0.0009014359190418486
tfidf,Q0523,1,0.33262219158329753,0.3317140722551578,0.0009081193281397226,0.3317140722551578,0.3317140722551578,0.33262219158329753,-0.0009081193281397226,-0.0009081193281397226
tfidf,Q0524,1,0.2566023968497922,0.2559018254443875,0.000700571405404693,0.2559018254443875,0.2559018254443875,0.2566023968497922,-0.000700571405404693,-0.000700571405404693
tfidf,Q0525,1,0.3301742201410959,0.329272784222054,0.0009014359190418486,0.3301742201410959,0.3301742201410959,0.329272784222054,0.0009014359190418486,0.0009014359190418486
tfidf,Q0526,1,0.33262219158329753,0.3317140722551578,0.0009081193281397226,0.33262219158329753,0.33262219158329753,0.3317140722551578,0.0009081193281397226,0.0009081193281397226
tfidf,Q0527,1,0.2566023968497922,0.2559018254443875,0.000700571405404693,0.2566023968497922,0.2566023968497922,0.2559018254443875,0.000700571405404693,0.000700571405404693
tfidf,Q0535,1,0.17152277312834824,0.08567591834776642,0.08584685478058182,0.17152277312834824,0.17152277312834824,0.08567591834776642,0.08584685478058182,0.08584685478058182
tfidf,Q0536,1,0.1724599977412632,0.08543009826716655,0.08702989947409664,0.1724599977412632,0.1724599977412632,0.08543009826716655,0.08702989947409664,0.08702989947409664
tfidf,Q0537,1,0.21403253906394498,0.14287014554206262,0.07116239352188236,0.14287014554206262,0.14287014554206262,0.21403253906394498,-0.07116239352188236,-0.07116239352188236
tfidf,Q0538,1,0.16566324926862913,0.08723749025934581,0.07842575900928332,0.16566324926862913,0.16566324926862913,0.08723749025934581,0.07842575900928332,0.07842575900928332
tfidf,Q0539,1,0.18724833237390293,0.09673848681040952,0.09050984556349341,0.18724833237390293,0.18724833237390293,0.09673848681040952,0.09050984556349341,0.09050984556349341
tfidf,Q0540,1,0.1724599977412632,0.08543009826716655,0.08702989947409664,0.1724599977412632,0.1724599977412632,0.08543009826716655,0.08702989947409664,0.08702989947409664
tfidf,Q0548,2,0.11299566357025166,0.10347100419295638,0.009524659377295283,0.04864089646593427,0.0,0.11299566357025166,-0.0643547671043174,-0.11299566357025166
tfidf,Q0552,2,0.134221697569218,0.134221697569218,0.0,0.04001752899513136,0.025819780328487387,0.134221697569218,-0.09420416857408664,-0.10840191724073062
tfidf,Q0553,1,0.12198919232358185,0.10258645335074819,0.019402738972833664,0.08154611293367596,0.08154611293367596,0.12198919232358185,-0.04044307938990589,-0.04044307938990589
tfidf,Q0555,1,0.12353633837347099,0.10200779221178602,0.021528546161684967,0.04689872651988601,0.04689872651988601,0.12353633837347099,-0.07663761185358497,-0.07663761185358497
tfidf,Q0556,1,0.11416747943168903,0.1045440450520578,0.00962343437963123,0.071986419145487,0.071986419145487,0.11416747943168903,-0.04218106028620204,-0.04218106028620204
tfidf,Q0557,1,0.1151599448512918,0.10545285332264456,0.009707091528647238,0.08566309611854832,0.08566309611854832,0.1151599448512918,-0.029496848732743483,-0.029496848732743483
tfidf,Q0559,1,0.12198919232358185,0.10258645335074819,0.019402738972833664,0.08154611293367596,0.08154611293367596,0.12198919232358185,-0.04044307938990589,-0.04044307938990589
tfidf,Q0560,2,0.11299566357025166,0.10347100419295638,0.009524659377295283,0.04864089646593427,0.0,0.11299566357025166,-0.0643547671043174,-0.11299566357025166
tfidf,Q0561,1,0.12353633837347099,0.10200779221178602,0.021528546161684967,0.04689872651988601,0.04689872651988601,0.12353633837347099,-0.07663761185358497,-0.07663761185358497
tfidf,Q0562,1,0.11416747943168903,0.1045440450520578,0.00962343437963123,0.071986419145487,0.071986419145487,0.11416747943168903,-0.04218106028620204,-0.04218106028620204
tfidf,Q0563,1,0.1151599448512918,0.10545285332264456,0.009707091528647238,0.08566309611854832,0.08566309611854832,0.1151599448512918,-0.029496848732743483,-0.029496848732743483
tfidf,Q0564,2,0.134221697569218,0.134221697569218,0.0,0.04001752899513136,0.025819780328487387,0.134221697569218,-0.09420416857408664,-0.10840191724073062
tfidf,Q0565,1,0.12198919232358185,0.10258645335074819,0.019402738972833664,0.08012097149052042,0.08012097149052042,0.12198919232358185,-0.04186822083306144,-0.04186822083306144
tfidf,Q0567,1,0.12353633837347099,0.10200779221178602,0.021528546161684967,0.04607910046549556,0.04607910046549556,0.12353633837347099,-0.07745723790797543,-0.07745723790797543
tfidf,Q0568,1,0.11416747943168903,0.1045440450520578,0.00962343437963123,0.07072834778466028,0.07072834778466028,0.11416747943168903,-0.043439131647028756,-0.043439131647028756
tfidf,Q0569,1,0.1151599448512918,0.10545285332264456,0.009707091528647238,0.08416600417834935,0.08416600417834935,0.1151599448512918,-0.03099394067294245,-0.03099394067294245
tfidf,Q0571,1,0.12198919232358185,0.10258645335074819,0.019402738972833664,0.079277200911573,0.079277200911573,0.12198919232358185,-0.04271199141200885,-0.04271199141200885
tfidf,Q0572,2,0.11299566357025166,0.10347100419295638,0.009524659377295283,0.04728752828212907,0.0,0.11299566357025166,-0.06570813528812258,-0.11299566357025166
tfidf,Q0573,1,0.12353633837347099,0.10200779221178602,0.021528546161684967,0.045593831895309196,0.045593831895309196,0.12353633837347099,-0.07794250647816178,-0.07794250647816178
tfidf,Q0574,1,0.11416747943168903,0.1045440450520578,0.00962343437963123,0.06998349287528967,0.06998349287528967,0.11416747943168903,-0.044183986556399366,-0.044183986556399366
tfidf,Q0575,1,0.1151599448512918,0.10545285332264456,0.009707091528647238,0.0832796345206667,0.0832796345206667,0.1151599448512918,-0.031880310330625106,-0.031880310330625106
tfidf,Q0576,2,0.134221697569218,0.134221697569218,0.0,0.04001752899513136,0.025101379317233677,0.134221697569218,-0.09420416857408664,-0.10912031825198433
tfidf,Q0579,1,0.6789879931845622,0.5100376368058887,0.1689503563786735,0.5100376368058887,0.5100376368058887,0.6789879931845622,-0.1689503563786735,-0.1689503563786735
tfidf,Q0580,2,0.35553899246447884,0.20556201095180926,0.14997698151266958,0.35553899246447884,0.06020536833625469,0.20556201095180926,0.14997698151266958,-0.14535664261555456
tfidf,Q0582,1,0.6828999899823658,0.5483403600855843,0.1345596298967815,0.5483403600855843,0.5483403600855843,0.6828999899823658,-0.1345596298967815,-0.1345596298967815
tfidf,Q0583,2,0.11115722984456936,0.07481834384907099,0.036338885995498366,0.11115722984456936,0.07481834384907099,0.0484892607659459,0.06266796907862346,0.026329083083125086
tfidf,Q0585,1,0.6828999899823659,0.5483403600855843,0.1345596298967816,0.5483403600855843,0.5483403600855843,0.6828999899823659,-0.1345596298967816,-0.1345596298967816
tfidf,Q0586,2,0.21971618853501948,0.05503821559323144,0.16467797294178804,0.21971618853501948,0.05503821559323144,0.0315813772051699,0.18813481132984958,0.023456838388061535
tfidf,Q0588,2,0.3161989581843849,0.047394114670481886,0.26880484351390305,0.3161989581843849,0.047394114670481886,0.04625880223585661,0.2699401559485283,0.0011353124346252796
tfidf,Q0589,2,0.4063408948226988,0.058142957951374016,0.3481979368713248,0.4063408948226988,0.05134268989870225,0.058142957951374016,0.3481979368713248,-0.006800268052671768
tfidf,Q0591,2,0.17023389815894896,0.06631054138467823,0.10392335677427073,0.17023389815894896,0.06195464063075781,0.06631054138467823,0.10392335677427073,-0.004355900753920422
tfidf,Q0593,2,0.25571312180388106,0.11445365471897091,0.14125946708491016,0.25571312180388106,0.05477256881106237,0.11445365471897091,0.14125946708491016,-0.05968108590790854
tfidf,Q0594,2,0.33923818186448595,0.22528589535183682,0.11395228651264913,0.16447033566336977,0.05553995291124137,0.33923818186448595,-0.17476784620111618,-0.2836982289532446
tfidf,Q0597,2,0.10942950584337162,0.10795302897538533,0.0014764768679862844,0.10942950584337162,0.10397443690107322,0.10795302897538533,0.0014764768679862844,-0.003978592074312115
tfidf,Q0598,2,0.2793867315705951,0.27862395477041424,0.0007627768001808866,0.1733860452741486,0.0923210129989338,0.2793867315705951,-0.10600068629644652,-0.18706571857166132
tfidf,Q0599,2,0.09158261431997639,0.08210337939780862,0.009479234922167762,0.0758889991351958,0.016981549211395164,0.09158261431997639,-0.015693615184780588,-0.07460106510858122
tfidf,Q0600,1,0.2851699402988766,0.08511425625485737,0.20005568404401924,0.2851699402988766,0.2851699402988766,0.08511425625485737,0.20005568404401924,0.20005568404401924
tfidf,Q0601,0,0.09829427726773053,0.06006065283486768,0.03823362443286285,,,,,
tfidf,Q0602,0,0.0886326221703776,0.06419572313098713,0.02443689903939046,,,,,
tfidf,Q0603,0,0.07621738590880331,0.07102166910627461,0.005195716802528699,,,,,
tfidf,Q0604,0,0.05181036039418967,0.04665176364874326,0.005158596745446407,,,,,
tfidf,Q0605,0,0.11180548873496758,0.09684916743278912,0.014956321302178457,,,,,
tfidf,Q0609,0,0.5942917462367021,0.44015353064985985,0.15413821558684226,,,,,
tfidf,Q0610,0,0.623421088079973,0.4794786383776624,0.14394244970231057,,,,,
tfidf,Q0612,0,0.6334807011398915,0.4878250811679147,0.14565561997197685,,,,,
tfidf,Q0614,0,0.46925188818081126,0.35366524333266625,0.11558664484814501,,,,,
tfidf,Q0619,0,0.41145969299115015,0.31781994873929015,0.09363974425186,,,,,
tfidf,Q0620,0,0.4561037486847861,0.33909288247020647,0.11701086621457962,,,,,
tfidf,Q0621,0,0.37567642624919095,0.34249785521668685,0.0331785710325041,,,,,
tfidf,Q0622,0,0.3773064429519043,0.2950485296838533,0.08225791326805099,,,,,
tfidf,Q0624,0,0.37190500510052305,0.28710728040448635,0.08479772469603669,,,,,
tfidf,Q0625,0,0.45343758442066645,0.3544795558532546,0.09895802856741187,,,,,
tfidf,Q0626,0,0.36931316970461725,0.28510640705895707,0.08420676264566018,,,,,
tfidf,Q0628,0,0.45464949697882795,0.3554269811221566,0.09922251585667136,,,,,
tfidf,Q0629,0,0.6558105164572777,0.5808451108675747,0.074965405589703,,,,,
tfidf,Q0632,0,0.15062273006114013,0.06205071756608745,0.08857201249505267,,,,,
tfidf,Q0634,0,0.42936087989348376,0.3496852919696219,0.07967558792386187,,,,,
tfidf,Q0636,0,0.465104496803183,0.37879604169190506,0.08630845511127794,,,,,
tfidf,Q0639,0,0.12963171733786366,0.08775542142963597,0.041876295908227695,,,,,
tfidf,Q0642,0,0.35862112308997196,0.13112855525115907,0.2274925678388129,,,,,
tfidf,Q0643,0,0.07532536172488347,0.060798676010970276,0.01452668571391319,,,,,
tfidf,Q0644,0,0.2733002846291016,0.21310236823113024,0.06019791639797137,,,,,
tfidf,Q0645,0,0.0585621808787505,0.055951682289329244,0.0026104985894212576,,,,,
tfidf,Q0646,0,0.17864266334925064,0.1631687838821523,0.015473879467098328,,,,,
tfidf,Q0648,0,0.5116757974799241,0.45439795399184413,0.05727784348807996,,,,,
tfidf,Q0651,0,0.20042384451986361,0.085666179707504,0.11475766481235962,,,,,
tfidf,Q0652,0,0.20673010399894154,0.1727942463796181,0.03393585761932344,,,,,
tfidf,Q0653,0,0.09345546264614056,0.09268621896672774,0.0007692436794128205,,,,,
tfidf,Q0655,0,0.11950879249559747,0.10740301223965387,0.012105780255943596,,,,,
tfidf,Q0656,0,0.27061157128579627,0.19349000959583218,0.07712156168996409,,,,,
tfidf,Q0658,0,0.09982720236546136,0.08991521041832003,0.009911991947141333,,,,,
tfidf,Q0659,0,0.34179496394189496,0.3371388623711438,0.004656101570751137,,,,,
tfidf,Q0660,0,0.30592460206214633,0.29064727041067717,0.015277331651469161,,,,,
tfidf,Q0663,0,0.35550795131750035,0.3080718138365061,0.047436137480994234,,,,,
tfidf,Q0665,0,0.34770447029359464,0.329492323813602,0.01821214647999264,,,,,
tfidf,Q0666,0,0.23118210613477488,0.1500442513399729,0.08113785479480198,,,,,
tfidf,Q0667,0,0.3560803870650128,0.35510822257915575,0.0009721644858570744,,,,,
tfidf,Q0668,0,0.07770819829324317,0.05397294861384756,0.02373524967939561,,,,,
tfidf,Q0670,0,0.12635216328463753,0.09250459012489107,0.03384757315974646,,,,,
tfidf,Q0671,0,0.6657036788753646,0.48979565338317976,0.17590802549218487,,,,,
tfidf,Q0672,0,0.2495360614732447,0.17052180911151604,0.07901425236172865,,,,,
tfidf,Q0675,0,0.36756379267358397,0.31099818766511,0.05656560500847396,,,,,
tfidf,Q0677,0,0.4353971153799545,0.34037623122235416,0.09502088415760035,,,,,
tfidf,Q0678,0,0.43470423971941563,0.3355877181927332,0.09911652152668243,,,,,
tfidf,Q0679,0,0.16127090624329737,0.13347955232017528,0.027791353923122097,,,,,
tfidf,Q0680,0,0.09152864146529008,0.08754211377278684,0.003986527692503239,,,,,
tfidf,Q0682,0,0.5181837975240333,0.4053782292211012,0.11280556830293209,,,,,
tfidf,Q0683,0,0.11724269546534344,0.09396923853237266,0.023273456932970782,,,,,
tfidf,Q0684,0,0.09670856126511132,0.0846549483239072,0.01205361294120412,,,,,
tfidf,Q0685,0,0.16855149149922638,0.1314258492490046,0.037125642250221774,,,,,
tfidf,Q0686,0,0.20066636212963315,0.15646700497287727,0.04419935715675588,,,,,
tfidf,Q0688,0,0.13812845348960592,0.12413657330974306,0.013991880179862859,,,,,
tfidf,Q0689,0,0.12392937030222616,0.11162423812038946,0.012305132181836695,,,,,
tfidf,Q0690,0,0.09794605378645406,0.08487691579413492,0.013069137992319138,,,,,
tfidf,Q0691,0,0.3971158572758016,0.3410857412885509,0.05603011598725072,,,,,
tfidf,Q0692,0,0.4267434286314312,0.3629975085300242,0.063745920101407,,,,,
tfidf,Q0693,0,0.5500113580162005,0.4285790173725227,0.1214323406436778,,,,,
tfidf,Q0694,0,0.2425880745182425,0.24192576477216815,0.000662309746074341,,,,,
tfidf,Q0695,0,0.15826322084982805,0.14219188270776414,0.016071338142063907,,,,,
tfidf,Q0696,0,0.43138234027538647,0.3849691359154819,0.04641320435990459,,,,,
tfidf,Q0698,0,0.3059937465939995,0.13743855830966034,0.16855518828433919,,,,,
tfidf,Q0700,0,0.24097553736477184,0.2165049160532695,0.02447062131150235,,,,,
tfidf,Q0702,0,0.17270558029388394,0.13722942732503354,0.0354761529688504,,,,,
tfidf,Q0703,0,0.2879823309646008,0.24955627215745563,0.03842605880714517,,,,,
tfidf,Q0704,0,0.41970154883290123,0.3636999311541923,0.056001617678708926,,,,,
tfidf,Q0705,0,0.12597813116174145,0.1131852843238349,0.012792846837906546,,,,,
tfidf,Q0708,0,0.3177336636677746,0.3168661927398611,0.0008674709279135051,,,,,
tfidf,Q0710,0,0.6331284724024232,0.4968537974127879,0.1362746749896353,,,,,
tfidf,Q0713,0,0.3826653823450331,0.36355575233092363,0.01910963001410948,,,,,
tfidf,Q0715,0,0.2943846242879909,0.2935809005017018,0.0008037237862890678,,,,,
tfidf,Q0720,0,0.1619714375787118,0.11780185577229411,0.04416958180641768,,,,,
sentence_bert,Q0013,1,0.704572319984436,0.6775658130645752,0.02700650691986084,0.48606008291244507,0.48606008291244507,0.704572319984436,-0.21851223707199097,-0.21851223707199097
sentence_bert,Q0014,1,0.7834615111351013,0.7394897937774658,0.0439717173576355,0.6664832830429077,0.6664832830429077,0.7834615111351013,-0.1169782280921936,-0.1169782280921936
sentence_bert,Q0018,1,0.7176229357719421,0.5319236516952515,0.18569928407669067,0.7176229357719421,0.7176229357719421,0.5319236516952515,0.18569928407669067,0.18569928407669067
sentence_bert,Q0019,1,0.6931546926498413,0.6017073392868042,0.09144735336303711,0.6931546926498413,0.6931546926498413,0.6017073392868042,0.09144735336303711,0.09144735336303711
sentence_bert,Q0020,1,0.7450491786003113,0.7310665249824524,0.013982653617858887,0.7450491786003113,0.7450491786003113,0.7310665249824524,0.013982653617858887,0.013982653617858887
sentence_bert,Q0021,1,0.6680716276168823,0.5692213773727417,0.09885025024414062,0.6680716276168823,0.6680716276168823,0.5692213773727417,0.09885025024414062,0.09885025024414062
sentence_bert,Q0022,1,0.7223483324050903,0.709871768951416,0.012476563453674316,0.7223483324050903,0.7223483324050903,0.709871768951416,0.012476563453674316,0.012476563453674316
sentence_bert,Q0023,1,0.7668311595916748,0.7324038743972778,0.03442728519439697,0.7668311595916748,0.7668311595916748,0.7324038743972778,0.03442728519439697,0.03442728519439697
sentence_bert,Q0024,1,0.660162091255188,0.6488832235336304,0.011278867721557617,0.5120673179626465,0.5120673179626465,0.660162091255188,-0.1480947732925415,-0.1480947732925415
sentence_bert,Q0025,1,0.6462730765342712,0.6391379833221436,0.0071350932121276855,0.6462730765342712,0.6462730765342712,0.6391379833221436,0.0071350932121276855,0.0071350932121276855
sentence_bert,Q0026,1,0.7324835062026978,0.6660993695259094,0.06638413667678833,0.7324835062026978,0.7324835062026978,0.6660993695259094,0.06638413667678833,0.06638413667678833
sentence_bert,Q0027,1,0.7335465550422668,0.7296528816223145,0.0038936734199523926,0.6815953254699707,0.6815953254699707,0.7335465550422668,-0.05195122957229614,-0.05195122957229614
sentence_bert,Q0028,1,0.7226226329803467,0.7178064584732056,0.004816174507141113,0.7226226329803467,0.7226226329803467,0.7178064584732056,0.004816174507141113,0.004816174507141113
sentence_bert,Q0029,1,0.7150428891181946,0.7076176404953003,0.007425248622894287,0.7150428891181946,0.7150428891181946,0.7076176404953003,0.007425248622894287,0.007425248622894287
sentence_bert,Q0030,1,0.6918365955352783,0.6740267276763916,0.01780986785888672,0.6918365955352783,0.6918365955352783,0.6740267276763916,0.01780986785888672,0.01780986785888672
sentence_bert,Q0031,1,0.7868317365646362,0.72279953956604,0.06403219699859619,0.6854790449142456,0.6854790449142456,0.7868317365646362,-0.10135269165039062,-0.10135269165039062
sentence_bert,Q0032,1,0.7217333316802979,0.695871114730835,0.02586221694946289,0.7217333316802979,0.7217333316802979,0.695871114730835,0.02586221694946289,0.02586221694946289
sentence_bert,Q0033,1,0.7125569581985474,0.6934996843338013,0.019057273864746094,0.7125569581985474,0.7125569581985474,0.6934996843338013,0.019057273864746094,0.019057273864746094
sentence_bert,Q0034,1,0.6744258999824524,0.6573157906532288,0.017110109329223633,0.6573157906532288,0.6573157906532288,0.6744258999824524,-0.017110109329223633,-0.017110109329223633
sentence_bert,Q0035,1,0.8042147159576416,0.7155505418777466,0.08866417407989502,0.8042147159576416,0.8042147159576416,0.7155505418777466,0.08866417407989502,0.08866417407989502
sentence_bert,Q0036,1,0.6431949138641357,0.63671875,0.006476163864135742,0.5669596791267395,0.5669596791267395,0.6431949138641357,-0.07623523473739624,-0.07623523473739624
sentence_bert,Q0038,1,0.7192956209182739,0.6927621364593506,0.02653348445892334,0.6927621364593506,0.6927621364593506,0.7192956209182739,-0.02653348445892334,-0.02653348445892334
sentence_bert,Q0044,1,0.4742913842201233,0.4479646682739258,0.02632671594619751,0.4742913842201233,0.4742913842201233,0.4479646682739258,0.02632671594619751,0.02632671594619751
sentence_bert,Q0048,1,0.476606547832489,0.46795767545700073,0.008648872375488281,0.476606547832489,0.476606547832489,0.46795767545700073,0.008648872375488281,0.008648872375488281
sentence_bert,Q0049,1,0.6219852566719055,0.6160683631896973,0.005916893482208252,0.6219852566719055,0.6219852566719055,0.6160683631896973,0.005916893482208252,0.005916893482208252
sentence_bert,Q0050,1,0.41499635577201843,0.4142829179763794,0.0007134377956390381,0.4142829179763794,0.4142829179763794,0.41499635577201843,-0.0007134377956390381,-0.0007134377956390381
sentence_bert,Q0051,1,0.5955679416656494,0.44948258996009827,0.14608535170555115,0.5955679416656494,0.5955679416656494,0.44948258996009827,0.14608535170555115,0.14608535170555115
sentence_bert,Q0052,1,0.4101617932319641,0.40443891286849976,0.0057228803634643555,0.40443891286849976,0.40443891286849976,0.4101617932319641,-0.0057228803634643555,-0.0057228803634643555
sentence_bert,Q0053,1,0.4731958210468292,0.42963045835494995,0.04356536269187927,0.4731958210468292,0.4731958210468292,0.42963045835494995,0.04356536269187927,0.04356536269187927
sentence_bert,Q0054,1,0.5762540698051453,0.5460737347602844,0.03018033504486084,0.44775187969207764,0.44775187969207764,0.5762540698051453,-0.12850219011306763,-0.12850219011306763
sentence_bert,Q0055,1,0.5245233774185181,0.4787934422492981,0.04572993516921997,0.4098552167415619,0.4098552167415619,0.5245233774185181,-0.11466816067695618,-0.11466816067695618
sentence_bert,Q0056,1,0.6599514484405518,0.5807141065597534,0.07923734188079834,0.6599514484405518,0.6599514484405518,0.5807141065597534,0.07923734188079834,0.07923734188079834
sentence_bert,Q0057,1,0.6813084483146667,0.6597409844398499,0.021567463874816895,0.6320161819458008,0.6320161819458008,0.6813084483146667,-0.04929226636886597,-0.04929226636886597
sentence_bert,Q0058,1,0.7386055588722229,0.6577950716018677,0.08081048727035522,0.7386055588722229,0.7386055588722229,0.6577950716018677,0.08081048727035522,0.08081048727035522
sentence_bert,Q0059,1,0.7860028743743896,0.7058695554733276,0.08013331890106201,0.7860028743743896,0.7860028743743896,0.7058695554733276,0.08013331890106201,0.08013331890106201
sentence_bert,Q0060,1,0.8050726652145386,0.7083402872085571,0.09673237800598145,0.8050726652145386,0.8050726652145386,0.7083402872085571,0.09673237800598145,0.09673237800598145
sentence_bert,Q0061,1,0.7934940457344055,0.7083065509796143,0.08518749475479126,0.7934940457344055,0.7934940457344055,0.7083065509796143,0.08518749475479126,0.08518749475479126
sentence_bert,Q0062,1,0.8096448183059692,0.6894721984863281,0.12017261981964111,0.8096448183059692,0.8096448183059692,0.6894721984863281,0.12017261981964111,0.12017261981964111
sentence_bert,Q0063,1,0.7508279085159302,0.7449860572814941,0.005841851234436035,0.7449860572814941,0.7449860572814941,0.7508279085159302,-0.005841851234436035,-0.005841851234436035
sentence_bert,Q0074,1,0.7245402336120605,0.7202255725860596,0.0043146610260009766,0.7245402336120605,0.7245402336120605,0.7202255725860596,0.0043146610260009766,0.0043146610260009766
sentence_bert,Q0075,1,0.7582110166549683,0.7138638496398926,0.044347167015075684,0.6845081448554993,0.6845081448554993,0.7582110166549683,-0.073702871799469,-0.073702871799469
sentence_bert,Q0076,1,0.5955039262771606,0.5599069595336914,0.03559696674346924,0.5955039262771606,0.5955039262771606,0.5599069595336914,0.03559696674346924,0.03559696674346924
sentence_bert,Q0077,1,0.823963463306427,0.7591602802276611,0.06480318307876587,0.823963463306427,0.823963463306427,0.7591602802276611,0.06480318307876587,0.06480318307876587
sentence_bert,Q0078,1,0.7516602277755737,0.73405522108078,0.0176050066947937,0.7070660591125488,0.7070660591125488,0.7516602277755737,-0.0445941686630249,-0.0445941686630249
sentence_bert,Q0079,1,0.685814380645752,0.6592073440551758,0.026607036590576172,0.6494361162185669,0.6494361162185669,0.685814380645752,-0.03637826442718506,-0.03637826442718506
sentence_bert,Q0080,1,0.6930584907531738,0.6760858297348022,0.016972661018371582,0.6199456453323364,0.6199456453323364,0.6930584907531738,-0.0731128454208374,-0.0731128454208374
sentence_bert,Q0081,1,0.5908944606781006,0.583046555519104,0.007847905158996582,0.5648716688156128,0.5648716688156128,0.5908944606781006,-0.026022791862487793,-0.026022791862487793
sentence_bert,Q0082,1,0.6572558879852295,0.643002450466156,0.014253437519073486,0.6028506755828857,0.6028506755828857,0.6572558879852295,-0.05440521240234375,-0.05440521240234375
sentence_bert,Q0083,1,0.7393923997879028,0.726125180721283,0.013267219066619873,0.6663514375686646,0.6663514375686646,0.7393923997879028,-0.07304096221923828,-0.07304096221923828
sentence_bert,Q0084,1,0.6841434836387634,0.684002161026001,0.00014132261276245117,0.6841434836387634,0.6841434836387634,0.684002161026001,0.00014132261276245117,0.00014132261276245117
sentence_bert,Q0092,1,0.6492377519607544,0.6263611316680908,0.022876620292663574,0.6492377519607544,0.6492377519607544,0.6263611316680908,0.022876620292663574,0.022876620292663574
sentence_bert,Q0093,1,0.7005050778388977,0.6166753768920898,0.08382970094680786,0.7005050778388977,0.7005050778388977,0.6166753768920898,0.08382970094680786,0.08382970094680786
sentence_bert,Q0094,1,0.533297598361969,0.36712563037872314,0.16617196798324585,0.533297598361969,0.533297598361969,0.36712563037872314,0.16617196798324585,0.16617196798324585
sentence_bert,Q0096,1,0.6765450835227966,0.6009429693222046,0.07560211420059204,0.6765450835227966,0.6765450835227966,0.6009429693222046,0.07560211420059204,0.07560211420059204
sentence_bert,Q0097,1,0.6660659313201904,0.5849270820617676,0.08113884925842285,0.6660659313201904,0.6660659313201904,0.5849270820617676,0.08113884925842285,0.08113884925842285
sentence_bert,Q0098,1,0.7241894006729126,0.6599526405334473,0.06423676013946533,0.7241894006729126,0.7241894006729126,0.6599526405334473,0.06423676013946533,0.06423676013946533
sentence_bert,Q0099,1,0.7961905598640442,0.6671845316886902,0.129006028175354,0.7961905598640442,0.7961905598640442,0.6671845316886902,0.129006028175354,0.129006028175354
sentence_bert,Q0100,1,0.7003160715103149,0.555890679359436,0.1444253921508789,0.7003160715103149,0.7003160715103149,0.555890679359436,0.1444253921508789,0.1444253921508789
sentence_bert,Q0101,1,0.7483992576599121,0.610734224319458,0.1376650333404541,0.7483992576599121,0.7483992576599121,0.610734224319458,0.1376650333404541,0.1376650333404541
sentence_bert,Q0102,1,0.8599146008491516,0.7093404531478882,0.15057414770126343,0.8599146008491516,0.8599146008491516,0.7093404531478882,0.15057414770126343,0.15057414770126343
sentence_bert,Q0103,1,0.8367085456848145,0.7357124090194702,0.10099613666534424,0.8367085456848145,0.8367085456848145,0.7357124090194702,0.10099613666534424,0.10099613666534424
sentence_bert,Q0104,1,0.5995450019836426,0.5884321331977844,0.011112868785858154,0.5995450019836426,0.5995450019836426,0.5884321331977844,0.011112868785858154,0.011112868785858154
sentence_bert,Q0105,1,0.6999543905258179,0.6520825624465942,0.04787182807922363,0.6999543905258179,0.6999543905258179,0.6520825624465942,0.04787182807922363,0.04787182807922363
sentence_bert,Q0106,1,0.6400856971740723,0.623064398765564,0.0170212984085083,0.6400856971740723,0.6400856971740723,0.623064398765564,0.0170212984085083,0.0170212984085083
sentence_bert,Q0107,1,0.6948738098144531,0.633198618888855,0.061675190925598145,0.6948738098144531,0.6948738098144531,0.633198618888855,0.061675190925598145,0.061675190925598145
sentence_bert,Q0118,1,0.8499289751052856,0.6382708549499512,0.21165812015533447,0.8499289751052856,0.8499289751052856,0.6382708549499512,0.21165812015533447,0.21165812015533447
sentence_bert,Q0119,1,0.8175990581512451,0.6324640512466431,0.18513500690460205,0.8175990581512451,0.8175990581512451,0.6324640512466431,0.18513500690460205,0.18513500690460205
sentence_bert,Q0121,1,0.8103959560394287,0.7088280916213989,0.10156786441802979,0.8103959560394287,0.8103959560394287,0.7088280916213989,0.10156786441802979,0.10156786441802979
sentence_bert,Q0122,1,0.7114591598510742,0.7005455493927002,0.010913610458374023,0.7005455493927002,0.7005455493927002,0.7114591598510742,-0.010913610458374023,-0.010913610458374023
sentence_bert,Q0123,1,0.8010538220405579,0.7449553608894348,0.05609846115112305,0.8010538220405579,0.8010538220405579,0.7449553608894348,0.05609846115112305,0.05609846115112305
sentence_bert,Q0124,1,0.7710573673248291,0.7476260662078857,0.02343130111694336,0.7710573673248291,0.7710573673248291,0.7476260662078857,0.02343130111694336,0.02343130111694336
sentence_bert,Q0125,1,0.7471997737884521,0.7150247097015381,0.03217506408691406,0.7132775783538818,0.7132775783538818,0.7471997737884521,-0.03392219543457031,-0.03392219543457031
sentence_bert,Q0126,1,0.7988076210021973,0.7577164769172668,0.04109114408493042,0.7988076210021973,0.7988076210021973,0.7577164769172668,0.04109114408493042,0.04109114408493042
sentence_bert,Q0127,1,0.7316708564758301,0.6978144645690918,0.03385639190673828,0.7316708564758301,0.7316708564758301,0.6978144645690918,0.03385639190673828,0.03385639190673828
sentence_bert,Q0128,1,0.7585660219192505,0.7450904846191406,0.013475537300109863,0.7450904846191406,0.7450904846191406,0.7585660219192505,-0.013475537300109863,-0.013475537300109863
sentence_bert,Q0130,1,0.8005130290985107,0.7353596091270447,0.06515341997146606,0.8005130290985107,0.8005130290985107,0.7353596091270447,0.06515341997146606,0.06515341997146606
sentence_bert,Q0131,1,0.879122257232666,0.8373309373855591,0.041791319847106934,0.879122257232666,0.879122257232666,0.8373309373855591,0.041791319847106934,0.041791319847106934
sentence_bert,Q0132,1,0.7620534896850586,0.6919469833374023,0.07010650634765625,0.7620534896850586,0.7620534896850586,0.6919469833374023,0.07010650634765625,0.07010650634765625
sentence_bert,Q0133,1,0.8069340586662292,0.7720312476158142,0.03490281105041504,0.759650707244873,0.759650707244873,0.8069340586662292,-0.0472833514213562,-0.0472833514213562
sentence_bert,Q0134,1,0.6485940217971802,0.642289400100708,0.006304621696472168,0.6387312412261963,0.6387312412261963,0.6485940217971802,-0.009862780570983887,-0.009862780570983887
sentence_bert,Q0135,1,0.4047089219093323,0.4011871814727783,0.003521740436553955,0.35872602462768555,0.35872602462768555,0.4047089219093323,-0.04598289728164673,-0.04598289728164673
sentence_bert,Q0136,1,0.759722113609314,0.7461843490600586,0.013537764549255371,0.7026517391204834,0.7026517391204834,0.759722113609314,-0.057070374488830566,-0.057070374488830566
sentence_bert,Q0137,1,0.7724339365959167,0.7694094181060791,0.0030245184898376465,0.7694094181060791,0.7694094181060791,0.7724339365959167,-0.0030245184898376465,-0.0030245184898376465
sentence_bert,Q0138,1,0.7467340230941772,0.736844003200531,0.00989001989364624,0.7467340230941772,0.7467340230941772,0.736844003200531,0.00989001989364624,0.00989001989364624
sentence_bert,Q0139,1,0.7902789115905762,0.7836984395980835,0.006580471992492676,0.7836984395980835,0.7836984395980835,0.7902789115905762,-0.006580471992492676,-0.006580471992492676
sentence_bert,Q0140,1,0.7760663032531738,0.7623341083526611,0.013732194900512695,0.7623341083526611,0.7623341083526611,0.7760663032531738,-0.013732194900512695,-0.013732194900512695
sentence_bert,Q0141,1,0.7649177312850952,0.7032047510147095,0.06171298027038574,0.7032047510147095,0.7032047510147095,0.7649177312850952,-0.06171298027038574,-0.06171298027038574
sentence_bert,Q0142,1,0.7470812797546387,0.6065480709075928,0.1405332088470459,0.5832580327987671,0.5832580327987671,0.7470812797546387,-0.16382324695587158,-0.16382324695587158
sentence_bert,Q0143,1,0.750922679901123,0.7469820976257324,0.003940582275390625,0.750922679901123,0.750922679901123,0.7469820976257324,0.003940582275390625,0.003940582275390625
sentence_bert,Q0144,1,0.7657314538955688,0.6925533413887024,0.07317811250686646,0.7657314538955688,0.7657314538955688,0.6925533413887024,0.07317811250686646,0.07317811250686646
sentence_bert,Q0145,1,0.7841641902923584,0.7528597116470337,0.03130447864532471,0.7841641902923584,0.7841641902923584,0.7528597116470337,0.03130447864532471,0.03130447864532471
sentence_bert,Q0161,1,0.7064658403396606,0.7045772075653076,0.0018886327743530273,0.6736172437667847,0.6736172437667847,0.7064658403396606,-0.03284859657287598,-0.03284859657287598
sentence_bert,Q0167,1,0.8278175592422485,0.7591015100479126,0.06871604919433594,0.8278175592422485,0.8278175592422485,0.7591015100479126,0.06871604919433594,0.06871604919433594
sentence_bert,Q0168,1,0.8194945454597473,0.7603216171264648,0.05917292833328247,0.8194945454597473,0.8194945454597473,0.7603216171264648,0.05917292833328247,0.05917292833328247
sentence_bert,Q0169,1,0.7336006164550781,0.729414701461792,0.004185914993286133,0.7025866508483887,0.7025866508483887,0.7336006164550781,-0.031013965606689453,-0.031013965606689453
sentence_bert,Q0170,1,0.748724639415741,0.6621262431144714,0.08659839630126953,0.748724639415741,0.748724639415741,0.6621262431144714,0.08659839630126953,0.08659839630126953
sentence_bert,Q0171,1,0.6285530924797058,0.6162030696868896,0.012350022792816162,0.5506299734115601,0.5506299734115601,0.6285530924797058,-0.07792311906814575,-0.07792311906814575
sentence_bert,Q0172,1,0.6798301935195923,0.6716963648796082,0.00813382863998413,0.6798301935195923,0.6798301935195923,0.6716963648796082,0.00813382863998413,0.00813382863998413
sentence_bert,Q0173,1,0.7726238965988159,0.7299814820289612,0.042642414569854736,0.7299814820289612,0.7299814820289612,0.7726238965988159,-0.042642414569854736,-0.042642414569854736
sentence_bert,Q0174,1,0.7231894135475159,0.7150672078132629,0.00812220573425293,0.7150672078132629,0.7150672078132629,0.7231894135475159,-0.00812220573425293,-0.00812220573425293
sentence_bert,Q0175,1,0.5703340768814087,0.5479209423065186,0.022413134574890137,0.45885294675827026,0.45885294675827026,0.5703340768814087,-0.11148113012313843,-0.11148113012313843
sentence_bert,Q0176,1,0.7552754878997803,0.6974893808364868,0.05778610706329346,0.7552754878997803,0.7552754878997803,0.6974893808364868,0.05778610706329346,0.05778610706329346
sentence_bert,Q0177,1,0.6577733755111694,0.6413501501083374,0.01642322540283203,0.5325299501419067,0.5325299501419067,0.6577733755111694,-0.1252434253692627,-0.1252434253692627
sentence_bert,Q0178,1,0.6090967655181885,0.5822262763977051,0.0268704891204834,0.6090967655181885,0.6090967655181885,0.5822262763977051,0.0268704891204834,0.0268704891204834
sentence_bert,Q0179,1,0.7821206450462341,0.7384401559829712,0.04368048906326294,0.7384401559829712,0.7384401559829712,0.7821206450462341,-0.04368048906326294,-0.04368048906326294
sentence_bert,Q0180,1,0.756117045879364,0.7132018804550171,0.042915165424346924,0.7132018804550171,0.7132018804550171,0.756117045879364,-0.042915165424346924,-0.042915165424346924
sentence_bert,Q0188,1,0.7587981224060059,0.6997115612030029,0.05908656120300293,0.7587981224060059,0.7587981224060059,0.6997115612030029,0.05908656120300293,0.05908656120300293
sentence_bert,Q0189,1,0.6461678743362427,0.5828496217727661,0.06331825256347656,0.6461678743362427,0.6461678743362427,0.5828496217727661,0.06331825256347656,0.06331825256347656
sentence_bert,Q0190,1,0.7273443937301636,0.6262951493263245,0.10104924440383911,0.7273443937301636,0.7273443937301636,0.6262951493263245,0.10104924440383911,0.10104924440383911
sentence_bert,Q0191,1,0.6152987480163574,0.5745166540145874,0.04078209400177002,0.33003419637680054,0.33003419637680054,0.6152987480163574,-0.2852645516395569,-0.2852645516395569
sentence_bert,Q0192,1,0.7089371681213379,0.7083359956741333,0.0006011724472045898,0.6135648488998413,0.6135648488998413,0.7089371681213379,-0.09537231922149658,-0.09537231922149658
sentence_bert,Q0193,1,0.6616127490997314,0.6426995992660522,0.0189131498336792,0.6426995992660522,0.6426995992660522,0.6616127490997314,-0.0189131498336792,-0.0189131498336792
sentence_bert,Q0194,1,0.6773216724395752,0.6712626814842224,0.006058990955352783,0.6712626814842224,0.6712626814842224,0.6773216724395752,-0.006058990955352783,-0.006058990955352783
sentence_bert,Q0195,1,0.6672417521476746,0.6562546491622925,0.01098710298538208,0.6672417521476746,0.6672417521476746,0.6562546491622925,0.01098710298538208,0.01098710298538208
sentence_bert,Q0196,1,0.8369936943054199,0.7855632901191711,0.05143040418624878,0.8369936943054199,0.8369936943054199,0.7855632901191711,0.05143040418624878,0.05143040418624878
sentence_bert,Q0197,1,0.77693772315979,0.7498434782028198,0.027094244956970215,0.77693772315979,0.77693772315979,0.7498434782028198,0.027094244956970215,0.027094244956970215
sentence_bert,Q0198,1,0.7610059976577759,0.7340118288993835,0.026994168758392334,0.7610059976577759,0.7610059976577759,0.7340118288993835,0.026994168758392334,0.026994168758392334
sentence_bert,Q0199,1,0.72432541847229,0.7071261405944824,0.017199277877807617,0.5107930898666382,0.5107930898666382,0.72432541847229,-0.21353232860565186,-0.21353232860565186
sentence_bert,Q0200,1,0.7437724471092224,0.691626787185669,0.05214565992355347,0.6152211427688599,0.6152211427688599,0.7437724471092224,-0.12855130434036255,-0.12855130434036255
sentence_bert,Q0201,1,0.5337055921554565,0.37804973125457764,0.1556558609008789,0.5337055921554565,0.5337055921554565,0.37804973125457764,0.1556558609008789,0.1556558609008789
sentence_bert,Q0202,1,0.7142884135246277,0.5719385147094727,0.14234989881515503,0.7142884135246277,0.7142884135246277,0.5719385147094727,0.14234989881515503,0.14234989881515503
sentence_bert,Q0203,1,0.6980745792388916,0.5635359287261963,0.1345386505126953,0.6980745792388916,0.6980745792388916,0.5635359287261963,0.1345386505126953,0.1345386505126953
sentence_bert,Q0204,1,0.616220235824585,0.5644815564155579,0.0517386794090271,0.616220235824585,0.616220235824585,0.5644815564155579,0.0517386794090271,0.0517386794090271
sentence_bert,Q0205,1,0.6610375046730042,0.6392350196838379,0.02180248498916626,0.6610375046730042,0.6610375046730042,0.6392350196838379,0.02180248498916626,0.02180248498916626
sentence_bert,Q0218,1,0.5712239742279053,0.5642483234405518,0.006975650787353516,0.5712239742279053,0.5712239742279053,0.5642483234405518,0.006975650787353516,0.006975650787353516
sentence_bert,Q0219,1,0.5178357362747192,0.47191596031188965,0.04591977596282959,0.47191596031188965,0.47191596031188965,0.5178357362747192,-0.04591977596282959,-0.04591977596282959
sentence_bert,Q0222,1,0.7871935367584229,0.7219683527946472,0.06522518396377563,0.7871935367584229,0.7871935367584229,0.7219683527946472,0.06522518396377563,0.06522518396377563
sentence_bert,Q0223,1,0.6693694591522217,0.6493781805038452,0.019991278648376465,0.6493781805038452,0.6493781805038452,0.6693694591522217,-0.019991278648376465,-0.019991278648376465
sentence_bert,Q0224,1,0.599126935005188,0.5457251071929932,0.053401827812194824,0.4062938094139099,0.4062938094139099,0.599126935005188,-0.19283312559127808,-0.19283312559127808
sentence_bert,Q0225,1,0.6890448331832886,0.6381791830062866,0.05086565017700195,0.6890448331832886,0.6890448331832886,0.6381791830062866,0.05086565017700195,0.05086565017700195
sentence_bert,Q0232,1,0.7739725112915039,0.6970653533935547,0.07690715789794922,0.6411743760108948,0.6411743760108948,0.7739725112915039,-0.13279813528060913,-0.13279813528060913
sentence_bert,Q0233,1,0.7250211834907532,0.7143326997756958,0.010688483715057373,0.6673611998558044,0.6673611998558044,0.7250211834907532,-0.05765998363494873,-0.05765998363494873
sentence_bert,Q0234,1,0.5571032166481018,0.46710005402565,0.09000316262245178,0.5571032166481018,0.5571032166481018,0.46710005402565,0.09000316262245178,0.09000316262245178
sentence_bert,Q0235,1,0.741701602935791,0.6433689594268799,0.09833264350891113,0.741701602935791,0.741701602935791,0.6433689594268799,0.09833264350891113,0.09833264350891113
sentence_bert,Q0236,1,0.7531167268753052,0.6669222116470337,0.08619451522827148,0.7531167268753052,0.7531167268753052,0.6669222116470337,0.08619451522827148,0.08619451522827148
sentence_bert,Q0237,1,0.6838482618331909,0.678331732749939,0.005516529083251953,0.678331732749939,0.678331732749939,0.6838482618331909,-0.005516529083251953,-0.005516529083251953
sentence_bert,Q0238,1,0.695190966129303,0.6818382740020752,0.013352692127227783,0.6051005721092224,0.6051005721092224,0.695190966129303,-0.09009039402008057,-0.09009039402008057
sentence_bert,Q0239,1,0.7254420518875122,0.7220750451087952,0.003367006778717041,0.6876706480979919,0.6876706480979919,0.7254420518875122,-0.037771403789520264,-0.037771403789520264
sentence_bert,Q0240,1,0.6977620124816895,0.6943529844284058,0.0034090280532836914,0.6508413553237915,0.6508413553237915,0.6977620124816895,-0.04692065715789795,-0.04692065715789795
sentence_bert,Q0241,1,0.6468769311904907,0.5399932861328125,0.10688364505767822,0.6468769311904907,0.6468769311904907,0.5399932861328125,0.10688364505767822,0.10688364505767822
sentence_bert,Q0242,1,0.8387729525566101,0.6460069417953491,0.192766010761261,0.8387729525566101,0.8387729525566101,0.6460069417953491,0.192766010761261,0.192766010761261
sentence_bert,Q0243,1,0.6455568671226501,0.5545796751976013,0.09097719192504883,0.6455568671226501,0.6455568671226501,0.5545796751976013,0.09097719192504883,0.09097719192504883
sentence_bert,Q0244,1,0.5989072322845459,0.5288435220718384,0.07006371021270752,0.4531271457672119,0.4531271457672119,0.5989072322845459,-0.14578008651733398,-0.14578008651733398
sentence_bert,Q0245,2,0.703119695186615,0.6246763467788696,0.07844334840774536,0.703119695186615,0.46395260095596313,0.6246763467788696,0.07844334840774536,-0.1607237458229065
sentence_bert,Q0247,1,0.7685468196868896,0.6244964599609375,0.14405035972595215,0.7685468196868896,0.7685468196868896,0.6244964599609375,0.14405035972595215,0.14405035972595215
sentence_bert,Q0248,1,0.7661538124084473,0.6285155415534973,0.13763827085494995,0.7661538124084473,0.7661538124084473,0.6285155415534973,0.13763827085494995,0.13763827085494995
sentence_bert,Q0256,1,0.6204003691673279,0.6090282201766968,0.011372148990631104,0.4947705864906311,0.4947705864906311,0.6204003691673279,-0.12562978267669678,-0.12562978267669678
sentence_bert,Q0257,1,0.44663700461387634,0.3863840103149414,0.060252994298934937,0.3046054244041443,0.3046054244041443,0.44663700461387634,-0.14203158020973206,-0.14203158020973206
sentence_bert,Q0258,1,0.562186062335968,0.5277400016784668,0.03444606065750122,0.49781203269958496,0.49781203269958496,0.562186062335968,-0.06437402963638306,-0.06437402963638306
sentence_bert,Q0259,1,0.6060050129890442,0.5704923868179321,0.03551262617111206,0.5598703026771545,0.5598703026771545,0.6060050129890442,-0.04613471031188965,-0.04613471031188965
sentence_bert,Q0260,1,0.5893539190292358,0.5525966882705688,0.03675723075866699,0.5525966882705688,0.5525966882705688,0.5893539190292358,-0.03675723075866699,-0.03675723075866699
sentence_bert,Q0261,1,0.5917151570320129,0.5087611675262451,0.08295398950576782,0.49813830852508545,0.49813830852508545,0.5917151570320129,-0.09357684850692749,-0.09357684850692749
sentence_bert,Q0262,1,0.45625782012939453,0.43749189376831055,0.018765926361083984,0.3700070083141327,0.3700070083141327,0.45625782012939453,-0.08625081181526184,-0.08625081181526184
sentence_bert,Q0263,1,0.7042591571807861,0.6730643510818481,0.03119480609893799,0.5577260255813599,0.5577260255813599,0.7042591571807861,-0.14653313159942627,-0.14653313159942627
sentence_bert,Q0264,1,0.747892439365387,0.7268012762069702,0.021091163158416748,0.747892439365387,0.747892439365387,0.7268012762069702,0.021091163158416748,0.021091163158416748
sentence_bert,Q0265,1,0.6244089603424072,0.5851798057556152,0.03922915458679199,0.5851798057556152,0.5851798057556152,0.6244089603424072,-0.03922915458679199,-0.03922915458679199
sentence_bert,Q0266,1,0.7481328248977661,0.7103683948516846,0.03776443004608154,0.6843866109848022,0.6843866109848022,0.7481328248977661,-0.06374621391296387,-0.06374621391296387
sentence_bert,Q0267,1,0.5896121263504028,0.5692105889320374,0.02040153741836548,0.5478819012641907,0.5478819012641907,0.5896121263504028,-0.04173022508621216,-0.04173022508621216
sentence_bert,Q0268,1,0.7287606596946716,0.6990443468093872,0.029716312885284424,0.6617133617401123,0.6617133617401123,0.7287606596946716,-0.06704729795455933,-0.06704729795455933
sentence_bert,Q0269,1,0.7288895845413208,0.6972761154174805,0.03161346912384033,0.7288895845413208,0.7288895845413208,0.6972761154174805,0.03161346912384033,0.03161346912384033
sentence_bert,Q0270,1,0.7139124870300293,0.7097010612487793,0.00421142578125,0.6860028505325317,0.6860028505325317,0.7139124870300293,-0.02790963649749756,-0.02790963649749756
sentence_bert,Q0271,1,0.5603216290473938,0.5013793706893921,0.05894225835800171,0.5603216290473938,0.5603216290473938,0.5013793706893921,0.05894225835800171,0.05894225835800171
sentence_bert,Q0272,1,0.6220773458480835,0.42743003368377686,0.19464731216430664,0.6220773458480835,0.6220773458480835,0.42743003368377686,0.19464731216430664,0.19464731216430664
sentence_bert,Q0273,1,0.6230001449584961,0.36716848611831665,0.25583165884017944,0.6230001449584961,0.6230001449584961,0.36716848611831665,0.25583165884017944,0.25583165884017944
sentence_bert,Q0274,1,0.5762963891029358,0.4600759744644165,0.11622041463851929,0.5762963891029358,0.5762963891029358,0.4600759744644165,0.11622041463851929,0.11622041463851929
sentence_bert,Q0275,1,0.6813585758209229,0.6297589540481567,0.05159962177276611,0.6297589540481567,0.6297589540481567,0.6813585758209229,-0.05159962177276611,-0.05159962177276611
sentence_bert,Q0282,1,0.7325075268745422,0.6815340518951416,0.050973474979400635,0.7325075268745422,0.7325075268745422,0.6815340518951416,0.050973474979400635,0.050973474979400635
sentence_bert,Q0283,1,0.6753067970275879,0.6045616865158081,0.07074511051177979,0.6753067970275879,0.6753067970275879,0.6045616865158081,0.07074511051177979,0.07074511051177979
sentence_bert,Q0284,1,0.4229072332382202,0.4015766680240631,0.021330565214157104,0.2799229621887207,0.2799229621887207,0.4229072332382202,-0.1429842710494995,-0.1429842710494995
sentence_bert,Q0285,1,0.6538240313529968,0.6426281929016113,0.011195838451385498,0.5935641527175903,0.5935641527175903,0.6538240313529968,-0.060259878635406494,-0.060259878635406494
sentence_bert,Q0286,1,0.740623950958252,0.7395353317260742,0.0010886192321777344,0.7353835105895996,0.7353835105895996,0.740623950958252,-0.005240440368652344,-0.005240440368652344
sentence_bert,Q0297,1,0.7563586831092834,0.7192679047584534,0.03709077835083008,0.7563586831092834,0.7563586831092834,0.7192679047584534,0.03709077835083008,0.03709077835083008
sentence_bert,Q0298,1,0.6454259157180786,0.6346608400344849,0.01076507568359375,0.5305407047271729,0.5305407047271729,0.6454259157180786,-0.11488521099090576,-0.11488521099090576
sentence_bert,Q0299,1,0.7358107566833496,0.7034159302711487,0.03239482641220093,0.7034159302711487,0.7034159302711487,0.7358107566833496,-0.03239482641220093,-0.03239482641220093
sentence_bert,Q0300,1,0.683658242225647,0.6761264801025391,0.00753176212310791,0.6724166870117188,0.6724166870117188,0.683658242225647,-0.011241555213928223,-0.011241555213928223
sentence_bert,Q0301,1,0.6744594573974609,0.6616291999816895,0.012830257415771484,0.5652015805244446,0.5652015805244446,0.6744594573974609,-0.10925787687301636,-0.10925787687301636
sentence_bert,Q0302,1,0.5517710447311401,0.5088697671890259,0.04290127754211426,0.35199490189552307,0.35199490189552307,0.5517710447311401,-0.19977614283561707,-0.19977614283561707
sentence_bert,Q0303,1,0.7327044010162354,0.6287227272987366,0.10398167371749878,0.6156595945358276,0.6156595945358276,0.7327044010162354,-0.11704480648040771,-0.11704480648040771
sentence_bert,Q0304,1,0.6892460584640503,0.6835383176803589,0.005707740783691406,0.6551088094711304,0.6551088094711304,0.6892460584640503,-0.03413724899291992,-0.03413724899291992
sentence_bert,Q0305,1,0.6351654529571533,0.6280919313430786,0.007073521614074707,0.6280919313430786,0.6280919313430786,0.6351654529571533,-0.007073521614074707,-0.007073521614074707
sentence_bert,Q0306,1,0.7695195078849792,0.6847578287124634,0.08476167917251587,0.7695195078849792,0.7695195078849792,0.6847578287124634,0.08476167917251587,0.08476167917251587
sentence_bert,Q0307,1,0.7851248979568481,0.7176258563995361,0.06749904155731201,0.7851248979568481,0.7851248979568481,0.7176258563995361,0.06749904155731201,0.06749904155731201
sentence_bert,Q0308,1,0.6725174188613892,0.6699855327606201,0.002531886100769043,0.6699855327606201,0.6699855327606201,0.6725174188613892,-0.002531886100769043,-0.002531886100769043
sentence_bert,Q0309,1,0.699966549873352,0.635226309299469,0.06474024057388306,0.635226309299469,0.635226309299469,0.699966549873352,-0.06474024057388306,-0.06474024057388306
sentence_bert,Q0310,1,0.802692711353302,0.7246068716049194,0.07808583974838257,0.802692711353302,0.802692711353302,0.7246068716049194,0.07808583974838257,0.07808583974838257
sentence_bert,Q0311,1,0.7527735233306885,0.6712265014648438,0.08154702186584473,0.7527735233306885,0.7527735233306885,0.6712265014648438,0.08154702186584473,0.08154702186584473
sentence_bert,Q0312,1,0.7743037343025208,0.6929437518119812,0.08135998249053955,0.7743037343025208,0.7743037343025208,0.6929437518119812,0.08135998249053955,0.08135998249053955
sentence_bert,Q0318,1,0.6697864532470703,0.6552459001541138,0.014540553092956543,0.641369104385376,0.641369104385376,0.6697864532470703,-0.028417348861694336,-0.028417348861694336
sentence_bert,Q0320,1,0.7467897534370422,0.7116389274597168,0.03515082597732544,0.7116389274597168,0.7116389274597168,0.7467897534370422,-0.03515082597732544,-0.03515082597732544
sentence_bert,Q0321,1,0.5703952312469482,0.5648527145385742,0.0055425167083740234,0.47269755601882935,0.47269755601882935,0.5703952312469482,-0.0976976752281189,-0.0976976752281189
sentence_bert,Q0322,1,0.7712542414665222,0.7646556496620178,0.0065985918045043945,0.7321182489395142,0.7321182489395142,0.7712542414665222,-0.03913599252700806,-0.03913599252700806
sentence_bert,Q0331,1,0.6488369703292847,0.6264498829841614,0.02238708734512329,0.5437104105949402,0.5437104105949402,0.6488369703292847,-0.10512655973434448,-0.10512655973434448
sentence_bert,Q0332,1,0.7602084875106812,0.6958222985267639,0.06438618898391724,0.6958222985267639,0.6958222985267639,0.7602084875106812,-0.06438618898391724,-0.06438618898391724
sentence_bert,Q0333,1,0.6773305535316467,0.6533308029174805,0.02399975061416626,0.6773305535316467,0.6773305535316467,0.6533308029174805,0.02399975061416626,0.02399975061416626
sentence_bert,Q0334,1,0.5525614023208618,0.4525734484195709,0.0999879539012909,0.5525614023208618,0.5525614023208618,0.4525734484195709,0.0999879539012909,0.0999879539012909
sentence_bert,Q0338,1,0.785753071308136,0.7753933668136597,0.010359704494476318,0.785753071308136,0.785753071308136,0.7753933668136597,0.010359704494476318,0.010359704494476318
sentence_bert,Q0339,1,0.6254507899284363,0.6200025081634521,0.005448281764984131,0.6254507899284363,0.6254507899284363,0.6200025081634521,0.005448281764984131,0.005448281764984131
sentence_bert,Q0341,1,0.6871907711029053,0.6464048027992249,0.04078596830368042,0.5801451802253723,0.5801451802253723,0.6871907711029053,-0.10704559087753296,-0.10704559087753296
sentence_bert,Q0342,1,0.5374623537063599,0.517292857170105,0.020169496536254883,0.39507728815078735,0.39507728815078735,0.5374623537063599,-0.1423850655555725,-0.1423850655555725
sentence_bert,Q0343,1,0.5525499582290649,0.48011404275894165,0.07243591547012329,0.5525499582290649,0.5525499582290649,0.48011404275894165,0.07243591547012329,0.07243591547012329
sentence_bert,Q0344,1,0.6554509401321411,0.644187867641449,0.011263072490692139,0.644187867641449,0.644187867641449,0.6554509401321411,-0.011263072490692139,-0.011263072490692139
sentence_bert,Q0345,1,0.634689450263977,0.6324553489685059,0.0022341012954711914,0.5957492589950562,0.5957492589950562,0.634689450263977,-0.0389401912689209,-0.0389401912689209
sentence_bert,Q0346,1,0.6403831243515015,0.6289750337600708,0.011408090591430664,0.4379323124885559,0.4379323124885559,0.6403831243515015,-0.20245081186294556,-0.20245081186294556
sentence_bert,Q0347,1,0.7332145571708679,0.7177128791809082,0.015501677989959717,0.7332145571708679,0.7332145571708679,0.7177128791809082,0.015501677989959717,0.015501677989959717
sentence_bert,Q0348,1,0.6995054483413696,0.6922342777252197,0.007271170616149902,0.6922342777252197,0.6922342777252197,0.6995054483413696,-0.007271170616149902,-0.007271170616149902
sentence_bert,Q0349,1,0.7012711763381958,0.6979255080223083,0.003345668315887451,0.6979255080223083,0.6979255080223083,0.7012711763381958,-0.003345668315887451,-0.003345668315887451
sentence_bert,Q0350,1,0.7701672315597534,0.6829396486282349,0.08722758293151855,0.6829396486282349,0.6829396486282349,0.7701672315597534,-0.08722758293151855,-0.08722758293151855
sentence_bert,Q0351,1,0.5811981558799744,0.5669941902160645,0.014203965663909912,0.5447063446044922,0.5447063446044922,0.5811981558799744,-0.03649181127548218,-0.03649181127548218
sentence_bert,Q0352,1,0.6746528148651123,0.6516158580780029,0.023036956787109375,0.6492566466331482,0.6492566466331482,0.6746528148651123,-0.02539616823196411,-0.02539616823196411
sentence_bert,Q0353,1,0.5907987952232361,0.5889106392860413,0.0018881559371948242,0.48638176918029785,0.48638176918029785,0.5907987952232361,-0.10441702604293823,-0.10441702604293823
sentence_bert,Q0354,1,0.5571690201759338,0.5505318641662598,0.006637156009674072,0.5284246206283569,0.5284246206283569,0.5571690201759338,-0.028744399547576904,-0.028744399547576904
sentence_bert,Q0355,1,0.6010667085647583,0.5856183767318726,0.015448331832885742,0.4945079982280731,0.4945079982280731,0.6010667085647583,-0.10655871033668518,-0.10655871033668518
sentence_bert,Q0356,1,0.48689740896224976,0.4664612114429474,0.020436197519302368,0.40724605321884155,0.40724605321884155,0.48689740896224976,-0.0796513557434082,-0.0796513557434082
sentence_bert,Q0357,1,0.49310222268104553,0.48554107546806335,0.007561147212982178,0.47180432081222534,0.47180432081222534,0.49310222268104553,-0.02129790186882019,-0.02129790186882019
sentence_bert,Q0358,1,0.6570382714271545,0.657016396522522,2.187490463256836e-05,0.37191450595855713,0.37191450595855713,0.6570382714271545,-0.2851237654685974,-0.2851237654685974
sentence_bert,Q0359,1,0.5195274949073792,0.509975790977478,0.009551703929901123,0.45655447244644165,0.45655447244644165,0.5195274949073792,-0.0629730224609375,-0.0629730224609375
sentence_bert,Q0362,1,0.5981312394142151,0.5735284090042114,0.024602830410003662,0.5735284090042114,0.5735284090042114,0.5981312394142151,-0.024602830410003662,-0.024602830410003662
sentence_bert,Q0363,1,0.6753791570663452,0.6526721715927124,0.022706985473632812,0.600447952747345,0.600447952747345,0.6753791570663452,-0.07493120431900024,-0.07493120431900024
sentence_bert,Q0364,1,0.6698368191719055,0.66792893409729,0.0019078850746154785,0.6698368191719055,0.6698368191719055,0.66792893409729,0.0019078850746154785,0.0019078850746154785
sentence_bert,Q0365,1,0.6719312071800232,0.6443179249763489,0.027613282203674316,0.6264703273773193,0.6264703273773193,0.6719312071800232,-0.04546087980270386,-0.04546087980270386
sentence_bert,Q0366,1,0.7460104823112488,0.6015387773513794,0.14447170495986938,0.7460104823112488,0.7460104823112488,0.6015387773513794,0.14447170495986938,0.14447170495986938
sentence_bert,Q0367,1,0.6927217841148376,0.6659274697303772,0.02679431438446045,0.6927217841148376,0.6927217841148376,0.6659274697303772,0.02679431438446045,0.02679431438446045
sentence_bert,Q0368,1,0.7537868022918701,0.7189947366714478,0.03479206562042236,0.7189947366714478,0.7189947366714478,0.7537868022918701,-0.03479206562042236,-0.03479206562042236
sentence_bert,Q0369,1,0.662717342376709,0.6551558971405029,0.007561445236206055,0.6551558971405029,0.6551558971405029,0.662717342376709,-0.007561445236206055,-0.007561445236206055
sentence_bert,Q0370,1,0.7691555023193359,0.754938006401062,0.014217495918273926,0.754938006401062,0.754938006401062,0.7691555023193359,-0.014217495918273926,-0.014217495918273926
sentence_bert,Q0371,1,0.7624677419662476,0.7514011263847351,0.011066615581512451,0.7624677419662476,0.7624677419662476,0.7514011263847351,0.011066615581512451,0.011066615581512451
sentence_bert,Q0372,1,0.750255823135376,0.7484524250030518,0.0018033981323242188,0.750255823135376,0.750255823135376,0.7484524250030518,0.0018033981323242188,0.0018033981323242188
sentence_bert,Q0373,1,0.6123124361038208,0.5909558534622192,0.021356582641601562,0.5909558534622192,0.5909558534622192,0.6123124361038208,-0.021356582641601562,-0.021356582641601562
sentence_bert,Q0374,1,0.8604919910430908,0.8337550163269043,0.026736974716186523,0.8337550163269043,0.8337550163269043,0.8604919910430908,-0.026736974716186523,-0.026736974716186523
sentence_bert,Q0375,1,0.7610986828804016,0.7407703399658203,0.0203283429145813,0.7407703399658203,0.7407703399658203,0.7610986828804016,-0.0203283429145813,-0.0203283429145813
sentence_bert,Q0376,1,0.7239410877227783,0.7169550657272339,0.006986021995544434,0.7169550657272339,0.7169550657272339,0.7239410877227783,-0.006986021995544434,-0.006986021995544434
sentence_bert,Q0377,1,0.6267737150192261,0.6135767698287964,0.013196945190429688,0.551700234413147,0.551700234413147,0.6267737150192261,-0.0750734806060791,-0.0750734806060791
sentence_bert,Q0378,1,0.5443053245544434,0.5247762799263,0.01952904462814331,0.5443053245544434,0.5443053245544434,0.5247762799263,0.01952904462814331,0.01952904462814331
sentence_bert,Q0379,1,0.4748406410217285,0.46159985661506653,0.013240784406661987,0.4132883846759796,0.4132883846759796,0.4748406410217285,-0.0615522563457489,-0.0615522563457489
sentence_bert,Q0380,1,0.7841873168945312,0.6839168071746826,0.10027050971984863,0.6760024428367615,0.6760024428367615,0.7841873168945312,-0.10818487405776978,-0.10818487405776978
sentence_bert,Q0381,1,0.685031533241272,0.654700756072998,0.030330777168273926,0.3784014582633972,0.3784014582633972,0.685031533241272,-0.30663007497787476,-0.30663007497787476
sentence_bert,Q0382,1,0.6078290939331055,0.6066648960113525,0.0011641979217529297,0.37096893787384033,0.37096893787384033,0.6078290939331055,-0.23686015605926514,-0.23686015605926514
sentence_bert,Q0383,1,0.6713639497756958,0.6468898057937622,0.024474143981933594,0.5155044794082642,0.5155044794082642,0.6713639497756958,-0.15585947036743164,-0.15585947036743164
sentence_bert,Q0391,1,0.6170920133590698,0.6056455969810486,0.01144641637802124,0.5879316926002502,0.5879316926002502,0.6170920133590698,-0.02916032075881958,-0.02916032075881958
sentence_bert,Q0392,1,0.7689144611358643,0.6946017146110535,0.07431274652481079,0.7689144611358643,0.7689144611358643,0.6946017146110535,0.07431274652481079,0.07431274652481079
sentence_bert,Q0393,1,0.5247774124145508,0.45726656913757324,0.06751084327697754,0.5247774124145508,0.5247774124145508,0.45726656913757324,0.06751084327697754,0.06751084327697754
sentence_bert,Q0394,1,0.7660812139511108,0.6606916189193726,0.10538959503173828,0.7660812139511108,0.7660812139511108,0.6606916189193726,0.10538959503173828,0.10538959503173828
sentence_bert,Q0395,1,0.7546977400779724,0.7184686064720154,0.03622913360595703,0.6487262845039368,0.6487262845039368,0.7546977400779724,-0.10597145557403564,-0.10597145557403564
sentence_bert,Q0396,1,0.7586369514465332,0.7455040216445923,0.013132929801940918,0.7455040216445923,0.7455040216445923,0.7586369514465332,-0.013132929801940918,-0.013132929801940918
sentence_bert,Q0397,1,0.6929925084114075,0.6628432273864746,0.03014928102493286,0.6628432273864746,0.6628432273864746,0.6929925084114075,-0.03014928102493286,-0.03014928102493286
sentence_bert,Q0404,1,0.6453723907470703,0.642227053642273,0.0031453371047973633,0.642227053642273,0.642227053642273,0.6453723907470703,-0.0031453371047973633,-0.0031453371047973633
sentence_bert,Q0405,1,0.4879075884819031,0.464778333902359,0.023129254579544067,0.4622021019458771,0.4622021019458771,0.4879075884819031,-0.025705486536026,-0.025705486536026
sentence_bert,Q0406,1,0.39343175292015076,0.38971710205078125,0.003714650869369507,0.39343175292015076,0.39343175292015076,0.38971710205078125,0.003714650869369507,0.003714650869369507
sentence_bert,Q0407,1,0.6610721349716187,0.6609522104263306,0.00011992454528808594,0.5764423608779907,0.5764423608779907,0.6610721349716187,-0.08462977409362793,-0.08462977409362793
sentence_bert,Q0408,1,0.6150982975959778,0.6101479530334473,0.004950344562530518,0.5129116773605347,0.5129116773605347,0.6150982975959778,-0.10218662023544312,-0.10218662023544312
sentence_bert,Q0409,1,0.7893725037574768,0.7458405494689941,0.043531954288482666,0.7893725037574768,0.7893725037574768,0.7458405494689941,0.043531954288482666,0.043531954288482666
sentence_bert,Q0410,1,0.7117829322814941,0.6939824819564819,0.017800450325012207,0.7117829322814941,0.7117829322814941,0.6939824819564819,0.017800450325012207,0.017800450325012207
sentence_bert,Q0427,1,0.7290120124816895,0.680130124092102,0.0488818883895874,0.7290120124816895,0.7290120124816895,0.680130124092102,0.0488818883895874,0.0488818883895874
sentence_bert,Q0428,1,0.7089861631393433,0.7003554105758667,0.008630752563476562,0.6916293501853943,0.6916293501853943,0.7089861631393433,-0.017356812953948975,-0.017356812953948975
sentence_bert,Q0429,1,0.677209734916687,0.6435362100601196,0.03367352485656738,0.677209734916687,0.677209734916687,0.6435362100601196,0.03367352485656738,0.03367352485656738
sentence_bert,Q0430,1,0.6215819716453552,0.5618289113044739,0.05975306034088135,0.5094168782234192,0.5094168782234192,0.6215819716453552,-0.11216509342193604,-0.11216509342193604
sentence_bert,Q0431,1,0.6531615853309631,0.5358501672744751,0.11731141805648804,0.5358501672744751,0.5358501672744751,0.6531615853309631,-0.11731141805648804,-0.11731141805648804
sentence_bert,Q0432,1,0.5021445751190186,0.4834173321723938,0.018727242946624756,0.42293959856033325,0.42293959856033325,0.5021445751190186,-0.0792049765586853,-0.0792049765586853
sentence_bert,Q0433,1,0.5845313668251038,0.5819647312164307,0.0025666356086730957,0.5278518199920654,0.5278518199920654,0.5845313668251038,-0.05667954683303833,-0.05667954683303833
sentence_bert,Q0434,1,0.5087968707084656,0.496356725692749,0.012440145015716553,0.4481339454650879,0.4481339454650879,0.5087968707084656,-0.060662925243377686,-0.060662925243377686
sentence_bert,Q0439,1,0.6961188316345215,0.6580883264541626,0.03803050518035889,0.6961188316345215,0.6961188316345215,0.6580883264541626,0.03803050518035889,0.03803050518035889
sentence_bert,Q0440,1,0.7569053173065186,0.6775317192077637,0.07937359809875488,0.7569053173065186,0.7569053173065186,0.6775317192077637,0.07937359809875488,0.07937359809875488
sentence_bert,Q0441,1,0.7650548815727234,0.759955644607544,0.005099236965179443,0.667249858379364,0.667249858379364,0.7650548815727234,-0.09780502319335938,-0.09780502319335938
sentence_bert,Q0442,1,0.5913662314414978,0.5446591377258301,0.046707093715667725,0.5357168912887573,0.5357168912887573,0.5913662314414978,-0.05564934015274048,-0.05564934015274048
sentence_bert,Q0445,1,0.7130646705627441,0.6902961730957031,0.022768497467041016,0.7130646705627441,0.7130646705627441,0.6902961730957031,0.022768497467041016,0.022768497467041016
sentence_bert,Q0446,1,0.7185103297233582,0.6655164957046509,0.052993834018707275,0.7185103297233582,0.7185103297233582,0.6655164957046509,0.052993834018707275,0.052993834018707275
sentence_bert,Q0448,1,0.6649109125137329,0.6440441012382507,0.020866811275482178,0.631324291229248,0.631324291229248,0.6649109125137329,-0.03358662128448486,-0.03358662128448486
sentence_bert,Q0449,1,0.6671092510223389,0.6644425392150879,0.0026667118072509766,0.6350178718566895,0.6350178718566895,0.6671092510223389,-0.032091379165649414,-0.032091379165649414
sentence_bert,Q0450,1,0.5756675004959106,0.565049946308136,0.010617554187774658,0.50262051820755,0.50262051820755,0.5756675004959106,-0.0730469822883606,-0.0730469822883606
sentence_bert,Q0451,1,0.6712504029273987,0.6676529049873352,0.0035974979400634766,0.6598029732704163,0.6598029732704163,0.6712504029273987,-0.011447429656982422,-0.011447429656982422
sentence_bert,Q0455,1,0.6153899431228638,0.6017118692398071,0.01367807388305664,0.6153899431228638,0.6153899431228638,0.6017118692398071,0.01367807388305664,0.01367807388305664
sentence_bert,Q0456,1,0.6973089575767517,0.6524813771247864,0.04482758045196533,0.6973089575767517,0.6973089575767517,0.6524813771247864,0.04482758045196533,0.04482758045196533
sentence_bert,Q0457,1,0.7461575269699097,0.7037243843078613,0.04243314266204834,0.7461575269699097,0.7461575269699097,0.7037243843078613,0.04243314266204834,0.04243314266204834
sentence_bert,Q0458,1,0.7737064361572266,0.6712443828582764,0.1024620532989502,0.7737064361572266,0.7737064361572266,0.6712443828582764,0.1024620532989502,0.1024620532989502
sentence_bert,Q0459,1,0.8545101881027222,0.64300537109375,0.21150481700897217,0.8545101881027222,0.8545101881027222,0.64300537109375,0.21150481700897217,0.21150481700897217
sentence_bert,Q0463,1,0.7618658542633057,0.7603743076324463,0.001491546630859375,0.7603743076324463,0.7603743076324463,0.7618658542633057,-0.001491546630859375,-0.001491546630859375
sentence_bert,Q0465,1,0.760084331035614,0.7533462047576904,0.006738126277923584,0.6879779100418091,0.6879779100418091,0.760084331035614,-0.07210642099380493,-0.07210642099380493
sentence_bert,Q0466,1,0.6099467277526855,0.5017802119255066,0.10816651582717896,0.6099467277526855,0.6099467277526855,0.5017802119255066,0.10816651582717896,0.10816651582717896
sentence_bert,Q0467,1,0.6365596055984497,0.6146225929260254,0.021937012672424316,0.6146225929260254,0.6146225929260254,0.6365596055984497,-0.021937012672424316,-0.021937012672424316
sentence_bert,Q0468,1,0.7279365062713623,0.721196174621582,0.0067403316497802734,0.7279365062713623,0.7279365062713623,0.721196174621582,0.0067403316497802734,0.0067403316497802734
sentence_bert,Q0471,1,0.7567452192306519,0.7385830283164978,0.018162190914154053,0.6794332265853882,0.6794332265853882,0.7567452192306519,-0.07731199264526367,-0.07731199264526367
sentence_bert,Q0472,1,0.7519732713699341,0.7209584712982178,0.03101480007171631,0.6353284120559692,0.6353284120559692,0.7519732713699341,-0.11664485931396484,-0.11664485931396484
sentence_bert,Q0473,1,0.7304440140724182,0.7255018949508667,0.004942119121551514,0.6173414587974548,0.6173414587974548,0.7304440140724182,-0.11310255527496338,-0.11310255527496338
sentence_bert,Q0477,1,0.5698083639144897,0.5283435583114624,0.041464805603027344,0.42324477434158325,0.42324477434158325,0.5698083639144897,-0.1465635895729065,-0.1465635895729065
sentence_bert,Q0479,1,0.7832751274108887,0.7714756727218628,0.011799454689025879,0.736381471157074,0.736381471157074,0.7832751274108887,-0.0468936562538147,-0.0468936562538147
sentence_bert,Q0480,1,0.7202589511871338,0.689848780632019,0.030410170555114746,0.7202589511871338,0.7202589511871338,0.689848780632019,0.030410170555114746,0.030410170555114746
sentence_bert,Q0481,1,0.5616546869277954,0.5259951949119568,0.03565949201583862,0.32809001207351685,0.32809001207351685,0.5616546869277954,-0.23356467485427856,-0.23356467485427856
sentence_bert,Q0482,1,0.7676242589950562,0.7331559658050537,0.03446829319000244,0.7676242589950562,0.7676242589950562,0.7331559658050537,0.03446829319000244,0.03446829319000244
sentence_bert,Q0483,1,0.6897825598716736,0.5728178024291992,0.11696475744247437,0.6897825598716736,0.6897825598716736,0.5728178024291992,0.11696475744247437,0.11696475744247437
sentence_bert,Q0484,1,0.7300030589103699,0.6164329051971436,0.11357015371322632,0.7300030589103699,0.7300030589103699,0.6164329051971436,0.11357015371322632,0.11357015371322632
sentence_bert,Q0485,1,0.7315463423728943,0.7276616096496582,0.003884732723236084,0.7315463423728943,0.7315463423728943,0.7276616096496582,0.003884732723236084,0.003884732723236084
sentence_bert,Q0489,1,0.666345477104187,0.6323906183242798,0.03395485877990723,0.666345477104187,0.666345477104187,0.6323906183242798,0.03395485877990723,0.03395485877990723
sentence_bert,Q0490,1,0.6938421726226807,0.6217665672302246,0.07207560539245605,0.6938421726226807,0.6938421726226807,0.6217665672302246,0.07207560539245605,0.07207560539245605
sentence_bert,Q0491,1,0.7432951927185059,0.6807088255882263,0.06258636713027954,0.7432951927185059,0.7432951927185059,0.6807088255882263,0.06258636713027954,0.06258636713027954
sentence_bert,Q0492,1,0.772688090801239,0.7645727396011353,0.00811535120010376,0.772688090801239,0.772688090801239,0.7645727396011353,0.00811535120010376,0.00811535120010376
sentence_bert,Q0493,1,0.801887035369873,0.7749542593955994,0.02693277597427368,0.801887035369873,0.801887035369873,0.7749542593955994,0.02693277597427368,0.02693277597427368
sentence_bert,Q0494,1,0.7711823582649231,0.764855146408081,0.006327211856842041,0.7711823582649231,0.7711823582649231,0.764855146408081,0.006327211856842041,0.006327211856842041
sentence_bert,Q0495,1,0.7656036615371704,0.6845455169677734,0.08105814456939697,0.7656036615371704,0.7656036615371704,0.6845455169677734,0.08105814456939697,0.08105814456939697
sentence_bert,Q0496,1,0.7808691263198853,0.7275464534759521,0.053322672843933105,0.7808691263198853,0.7808691263198853,0.7275464534759521,0.053322672843933105,0.053322672843933105
sentence_bert,Q0497,1,0.7425839900970459,0.6496374011039734,0.09294658899307251,0.7425839900970459,0.7425839900970459,0.6496374011039734,0.09294658899307251,0.09294658899307251
sentence_bert,Q0498,1,0.7842459678649902,0.7027235627174377,0.08152240514755249,0.7842459678649902,0.7842459678649902,0.7027235627174377,0.08152240514755249,0.08152240514755249
sentence_bert,Q0499,1,0.8021717071533203,0.7029572129249573,0.09921449422836304,0.8021717071533203,0.8021717071533203,0.7029572129249573,0.09921449422836304,0.09921449422836304
sentence_bert,Q0500,1,0.813683032989502,0.7205524444580078,0.09313058853149414,0.813683032989502,0.813683032989502,0.7205524444580078,0.09313058853149414,0.09313058853149414
sentence_bert,Q0504,1,0.7042278051376343,0.6614607572555542,0.04276704788208008,0.7042278051376343,0.7042278051376343,0.6614607572555542,0.04276704788208008,0.04276704788208008
sentence_bert,Q0505,1,0.7421374917030334,0.7009161710739136,0.04122132062911987,0.7421374917030334,0.7421374917030334,0.7009161710739136,0.04122132062911987,0.04122132062911987
sentence_bert,Q0506,1,0.7689684629440308,0.730994462966919,0.037973999977111816,0.7689684629440308,0.7689684629440308,0.730994462966919,0.037973999977111816,0.037973999977111816
sentence_bert,Q0516,1,0.6326888799667358,0.6296114325523376,0.0030774474143981934,0.6296114325523376,0.6296114325523376,0.6326888799667358,-0.0030774474143981934,-0.0030774474143981934
sentence_bert,Q0517,1,0.6708021759986877,0.6021525859832764,0.06864959001541138,0.6708021759986877,0.6708021759986877,0.6021525859832764,0.06864959001541138,0.06864959001541138
sentence_bert,Q0518,1,0.6865806579589844,0.6760382652282715,0.01054239273071289,0.6696902513504028,0.6696902513504028,0.6865806579589844,-0.016890406608581543,-0.016890406608581543
sentence_bert,Q0522,1,0.7369981408119202,0.7180768847465515,0.018921256065368652,0.7169800400733948,0.7169800400733948,0.7369981408119202,-0.02001810073852539,-0.02001810073852539
sentence_bert,Q0523,1,0.7768518924713135,0.7705525755882263,0.006299316883087158,0.7705525755882263,0.7705525755882263,0.7768518924713135,-0.006299316883087158,-0.006299316883087158
sentence_bert,Q0524,1,0.8173012733459473,0.8158854246139526,0.001415848731994629,0.8173012733459473,0.8173012733459473,0.8158854246139526,0.001415848731994629,0.001415848731994629
sentence_bert,Q0525,1,0.7271096110343933,0.7062726020812988,0.020837008953094482,0.7271096110343933,0.7271096110343933,0.7062726020812988,0.020837008953094482,0.020837008953094482
sentence_bert,Q0526,1,0.770698070526123,0.7490007281303406,0.02169734239578247,0.770698070526123,0.770698070526123,0.7490007281303406,0.02169734239578247,0.02169734239578247
sentence_bert,Q0527,1,0.7958770990371704,0.7847565412521362,0.01112055778503418,0.7958770990371704,0.7958770990371704,0.7847565412521362,0.01112055778503418,0.01112055778503418
sentence_bert,Q0535,1,0.5472952127456665,0.5255402326583862,0.021754980087280273,0.471290647983551,0.471290647983551,0.5472952127456665,-0.07600456476211548,-0.07600456476211548
sentence_bert,Q0536,1,0.5036420822143555,0.5011537075042725,0.002488374710083008,0.5011537075042725,0.5011537075042725,0.5036420822143555,-0.002488374710083008,-0.002488374710083008
sentence_bert,Q0537,1,0.785598635673523,0.766832709312439,0.018765926361083984,0.785598635673523,0.785598635673523,0.766832709312439,0.018765926361083984,0.018765926361083984
sentence_bert,Q0538,1,0.5660278797149658,0.5399691462516785,0.026058733463287354,0.5660278797149658,0.5660278797149658,0.5399691462516785,0.026058733463287354,0.026058733463287354
sentence_bert,Q0539,1,0.6022474765777588,0.5745982527732849,0.027649223804473877,0.4773868918418884,0.4773868918418884,0.6022474765777588,-0.12486058473587036,-0.12486058473587036
sentence_bert,Q0540,1,0.6570516228675842,0.6385984420776367,0.01845318078994751,0.5985214114189148,0.5985214114189148,0.6570516228675842,-0.058530211448669434,-0.058530211448669434
sentence_bert,Q0548,2,0.6618572473526001,0.6595808863639832,0.0022763609886169434,0.5953454971313477,0.5564529895782471,0.6618572473526001,-0.06651175022125244,-0.10540425777435303
sentence_bert,Q0552,2,0.7067445516586304,0.6977745890617371,0.00896996259689331,0.5513579845428467,0.5306544899940491,0.7067445516586304,-0.1553865671157837,-0.1760900616645813
sentence_bert,Q0553,1,0.6749693155288696,0.6132868528366089,0.06168246269226074,0.5896278619766235,0.5896278619766235,0.6749693155288696,-0.0853414535522461,-0.0853414535522461
sentence_bert,Q0555,1,0.6494704484939575,0.6289945840835571,0.02047586441040039,0.6287440061569214,0.6287440061569214,0.6494704484939575,-0.020726442337036133,-0.020726442337036133
sentence_bert,Q0556,1,0.5636656284332275,0.563586950302124,7.867813110351562e-05,0.563586950302124,0.563586950302124,0.5636656284332275,-7.867813110351562e-05,-7.867813110351562e-05
sentence_bert,Q0557,1,0.7069772481918335,0.5833163261413574,0.12366092205047607,0.5774918794631958,0.5774918794631958,0.7069772481918335,-0.1294853687286377,-0.1294853687286377
sentence_bert,Q0559,1,0.677810549736023,0.6365979313850403,0.041212618350982666,0.599836528301239,0.599836528301239,0.677810549736023,-0.07797402143478394,-0.07797402143478394
sentence_bert,Q0560,2,0.7221643328666687,0.703734815120697,0.01842951774597168,0.6173505187034607,0.5564066171646118,0.7221643328666687,-0.10481381416320801,-0.16575771570205688
sentence_bert,Q0561,1,0.6626786589622498,0.6617288589477539,0.0009498000144958496,0.6428250670433044,0.6428250670433044,0.6626786589622498,-0.019853591918945312,-0.019853591918945312
sentence_bert,Q0562,1,0.585613489151001,0.585149884223938,0.0004636049270629883,0.573813259601593,0.573813259601593,0.585613489151001,-0.011800229549407959,-0.011800229549407959
sentence_bert,Q0563,1,0.7095461487770081,0.6028392910957336,0.10670685768127441,0.584402322769165,0.584402322769165,0.7095461487770081,-0.12514382600784302,-0.12514382600784302
sentence_bert,Q0564,2,0.7290134429931641,0.7282834649085999,0.000729978084564209,0.5623306035995483,0.5233252644538879,0.7290134429931641,-0.16668283939361572,-0.20568817853927612
sentence_bert,Q0565,1,0.6625684499740601,0.6245798468589783,0.03798860311508179,0.5975346565246582,0.5975346565246582,0.6625684499740601,-0.06503379344940186,-0.06503379344940186
sentence_bert,Q0567,1,0.6423015594482422,0.6360827684402466,0.0062187910079956055,0.6316641569137573,0.6316641569137573,0.6423015594482422,-0.010637402534484863,-0.010637402534484863
sentence_bert,Q0568,1,0.5782325267791748,0.5779021382331848,0.00033038854598999023,0.5725760459899902,0.5725760459899902,0.5782325267791748,-0.00565648078918457,-0.00565648078918457
sentence_bert,Q0569,1,0.6687943935394287,0.597345769405365,0.07144862413406372,0.5834487676620483,0.5834487676620483,0.6687943935394287,-0.08534562587738037,-0.08534562587738037
sentence_bert,Q0571,1,0.6255596876144409,0.6097813844680786,0.015778303146362305,0.5736651420593262,0.5736651420593262,0.6255596876144409,-0.051894545555114746,-0.051894545555114746
sentence_bert,Q0572,2,0.6805012822151184,0.6755391359329224,0.004962146282196045,0.5997464060783386,0.5699768662452698,0.6805012822151184,-0.08075487613677979,-0.11052441596984863
sentence_bert,Q0573,1,0.6538578271865845,0.6387819051742554,0.015075922012329102,0.6134611368179321,0.6134611368179321,0.6538578271865845,-0.040396690368652344,-0.040396690368652344
sentence_bert,Q0574,1,0.5605847835540771,0.5597230195999146,0.0008617639541625977,0.5562102198600769,0.5562102198600769,0.5605847835540771,-0.004374563694000244,-0.004374563694000244
sentence_bert,Q0575,1,0.6247951984405518,0.5800962448120117,0.04469895362854004,0.5598620772361755,0.5598620772361755,0.6247951984405518,-0.06493312120437622,-0.06493312120437622
sentence_bert,Q0576,2,0.7322308421134949,0.6830666065216064,0.04916423559188843,0.5439683794975281,0.5411604046821594,0.7322308421134949,-0.1882624626159668,-0.19107043743133545
sentence_bert,Q0579,1,0.7418876886367798,0.7275068759918213,0.014380812644958496,0.600375771522522,0.600375771522522,0.7418876886367798,-0.1415119171142578,-0.1415119171142578
sentence_bert,Q0580,2,0.7828365564346313,0.7220902442932129,0.06074631214141846,0.7209567427635193,0.7074369192123413,0.7828365564346313,-0.06187981367111206,-0.07539963722229004
sentence_bert,Q0582,1,0.7604502439498901,0.7579575777053833,0.002492666244506836,0.6808391213417053,0.6808391213417053,0.7604502439498901,-0.07961112260818481,-0.07961112260818481
sentence_bert,Q0583,2,0.6301589608192444,0.6146796345710754,0.015479326248168945,0.6301589608192444,0.4823185205459595,0.6146796345710754,0.015479326248168945,-0.13236111402511597
sentence_bert,Q0585,1,0.734224796295166,0.7255570888519287,0.008667707443237305,0.6359166502952576,0.6359166502952576,0.734224796295166,-0.09830814599990845,-0.09830814599990845
sentence_bert,Q0586,2,0.5626731514930725,0.5566452741622925,0.006027877330780029,0.49735701084136963,0.37328094244003296,0.5626731514930725,-0.06531614065170288,-0.18939220905303955
sentence_bert,Q0588,2,0.6174418926239014,0.5748934745788574,0.042548418045043945,0.5226454734802246,0.5103302597999573,0.6174418926239014,-0.09479641914367676,-0.10711163282394409
sentence_bert,Q0589,2,0.694046676158905,0.6512922644615173,0.042754411697387695,0.694046676158905,0.5592345595359802,0.6512922644615173,0.042754411697387695,-0.09205770492553711
sentence_bert,Q0591,2,0.5750100612640381,0.5685887336730957,0.006421327590942383,0.5685887336730957,0.4638523459434509,0.5750100612640381,-0.006421327590942383,-0.11115771532058716
sentence_bert,Q0593,2,0.5510842800140381,0.5508427619934082,0.0002415180206298828,0.5510842800140381,0.4884604215621948,0.5508427619934082,0.0002415180206298828,-0.06238234043121338
sentence_bert,Q0594,2,0.6373050212860107,0.6301920413970947,0.007112979888916016,0.573236882686615,0.5032697319984436,0.6373050212860107,-0.06406813859939575,-0.13403528928756714
sentence_bert,Q0597,2,0.7149508595466614,0.6971390843391418,0.01781177520751953,0.5022225379943848,0.43556758761405945,0.7149508595466614,-0.2127283215522766,-0.27938327193260193
sentence_bert,Q0598,2,0.7659705877304077,0.7251194715499878,0.04085111618041992,0.7222155332565308,0.6542009115219116,0.7659705877304077,-0.04375505447387695,-0.1117696762084961
sentence_bert,Q0599,2,0.6936913728713989,0.6556585431098938,0.03803282976150513,0.5776689052581787,0.546194314956665,0.6936913728713989,-0.11602246761322021,-0.1474970579147339
sentence_bert,Q0600,1,0.7594424486160278,0.7594001293182373,4.2319297790527344e-05,0.7594001293182373,0.7594001293182373,0.7594424486160278,-4.2319297790527344e-05,-4.2319297790527344e-05
sentence_bert,Q0601,0,0.8344312906265259,0.8319759368896484,0.0024553537368774414,,,,,
sentence_bert,Q0602,0,0.6883761882781982,0.6092864274978638,0.07908976078033447,,,,,
sentence_bert,Q0603,0,0.5811052322387695,0.5688187479972839,0.012286484241485596,,,,,
sentence_bert,Q0604,0,0.6978611946105957,0.6569615602493286,0.04089963436126709,,,,,
sentence_bert,Q0605,0,0.6019315719604492,0.590635359287262,0.011296212673187256,,,,,
sentence_bert,Q0609,0,0.7056397199630737,0.5827645659446716,0.1228751540184021,,,,,
sentence_bert,Q0610,0,0.7943512201309204,0.7871654629707336,0.007185757160186768,,,,,
sentence_bert,Q0612,0,0.7329232692718506,0.7220308184623718,0.01089245080947876,,,,,
sentence_bert,Q0614,0,0.6738508939743042,0.6728056073188782,0.0010452866554260254,,,,,
sentence_bert,Q0619,0,0.7013446688652039,0.6755068302154541,0.025837838649749756,,,,,
sentence_bert,Q0620,0,0.610377311706543,0.6003471612930298,0.010030150413513184,,,,,
sentence_bert,Q0621,0,0.6488097906112671,0.5905108451843262,0.05829894542694092,,,,,
sentence_bert,Q0622,0,0.7016511559486389,0.6952562928199768,0.006394863128662109,,,,,
sentence_bert,Q0624,0,0.5806021690368652,0.5501155257225037,0.030486643314361572,,,,,
sentence_bert,Q0625,0,0.6518741846084595,0.6219217777252197,0.029952406883239746,,,,,
sentence_bert,Q0626,0,0.609126091003418,0.599387526512146,0.009738564491271973,,,,,
sentence_bert,Q0628,0,0.687855064868927,0.5687032341957092,0.11915183067321777,,,,,
sentence_bert,Q0629,0,0.6796455383300781,0.6103099584579468,0.06933557987213135,,,,,
sentence_bert,Q0632,0,0.7304902672767639,0.6823683381080627,0.04812192916870117,,,,,
sentence_bert,Q0634,0,0.5862472057342529,0.5697858333587646,0.01646137237548828,,,,,
sentence_bert,Q0636,0,0.6161986589431763,0.5747507810592651,0.04144787788391113,,,,,
sentence_bert,Q0639,0,0.6738848686218262,0.6730536222457886,0.0008312463760375977,,,,,
sentence_bert,Q0642,0,0.6836148500442505,0.6193146705627441,0.06430017948150635,,,,,
sentence_bert,Q0643,0,0.6870285272598267,0.6583386659622192,0.028689861297607422,,,,,
sentence_bert,Q0644,0,0.5968999862670898,0.5889950394630432,0.00790494680404663,,,,,
sentence_bert,Q0645,0,0.5981331467628479,0.5728497505187988,0.025283396244049072,,,,,
sentence_bert,Q0646,0,0.5962368249893188,0.5905555486679077,0.005681276321411133,,,,,
sentence_bert,Q0648,0,0.6535192728042603,0.5771910548210144,0.07632821798324585,,,,,
sentence_bert,Q0651,0,0.6680010557174683,0.6077769994735718,0.060224056243896484,,,,,
sentence_bert,Q0652,0,0.591229259967804,0.4945831298828125,0.09664613008499146,,,,,
sentence_bert,Q0653,0,0.641085684299469,0.5681071281433105,0.07297855615615845,,,,,
sentence_bert,Q0655,0,0.5913935899734497,0.5019084215164185,0.08948516845703125,,,,,
sentence_bert,Q0656,0,0.6380249261856079,0.5652074813842773,0.07281744480133057,,,,,
sentence_bert,Q0658,0,0.6249231100082397,0.5105515718460083,0.11437153816223145,,,,,
sentence_bert,Q0659,0,0.5727017521858215,0.5708050727844238,0.001896679401397705,,,,,
sentence_bert,Q0660,0,0.5997178554534912,0.5986380577087402,0.0010797977447509766,,,,,
sentence_bert,Q0663,0,0.6290417909622192,0.6225954294204712,0.006446361541748047,,,,,
sentence_bert,Q0665,0,0.5661064386367798,0.5424291491508484,0.023677289485931396,,,,,
sentence_bert,Q0666,0,0.640802264213562,0.6219372153282166,0.01886504888534546,,,,,
sentence_bert,Q0667,0,0.6739205121994019,0.6493637561798096,0.024556756019592285,,,,,
sentence_bert,Q0668,0,0.8103307485580444,0.8086879253387451,0.0016428232192993164,,,,,
sentence_bert,Q0670,0,0.6808642745018005,0.678627610206604,0.002236664295196533,,,,,
sentence_bert,Q0671,0,0.6271430253982544,0.5923464298248291,0.03479659557342529,,,,,
sentence_bert,Q0672,0,0.5798666477203369,0.576459527015686,0.003407120704650879,,,,,
sentence_bert,Q0675,0,0.7221719026565552,0.7135820388793945,0.008589863777160645,,,,,
sentence_bert,Q0677,0,0.5694934129714966,0.5122493505477905,0.057244062423706055,,,,,
sentence_bert,Q0678,0,0.39446204900741577,0.3853883445262909,0.009073704481124878,,,,,
sentence_bert,Q0679,0,0.5729112029075623,0.48998138308525085,0.0829298198223114,,,,,
sentence_bert,Q0680,0,0.5978760719299316,0.5696367621421814,0.028239309787750244,,,,,
sentence_bert,Q0682,0,0.6312397122383118,0.5980768203735352,0.03316289186477661,,,,,
sentence_bert,Q0683,0,0.6458911895751953,0.633920431137085,0.011970758438110352,,,,,
sentence_bert,Q0684,0,0.6174953579902649,0.5987238883972168,0.018771469593048096,,,,,
sentence_bert,Q0685,0,0.5905243158340454,0.5772339105606079,0.0132904052734375,,,,,
sentence_bert,Q0686,0,0.4949934184551239,0.4707338809967041,0.0242595374584198,,,,,
sentence_bert,Q0688,0,0.595022439956665,0.5069448947906494,0.08807754516601562,,,,,
sentence_bert,Q0689,0,0.6670116186141968,0.5901067852973938,0.07690483331680298,,,,,
sentence_bert,Q0690,0,0.7001830339431763,0.6515907049179077,0.048592329025268555,,,,,
sentence_bert,Q0691,0,0.447536826133728,0.44335493445396423,0.004181891679763794,,,,,
sentence_bert,Q0692,0,0.5943153500556946,0.5761016607284546,0.01821368932723999,,,,,
sentence_bert,Q0693,0,0.6682466864585876,0.635302722454071,0.0329439640045166,,,,,
sentence_bert,Q0694,0,0.7445950508117676,0.7435412406921387,0.0010538101196289062,,,,,
sentence_bert,Q0695,0,0.6150256395339966,0.5749828815460205,0.040042757987976074,,,,,
sentence_bert,Q0696,0,0.6851218938827515,0.6430355310440063,0.04208636283874512,,,,,
sentence_bert,Q0698,0,0.4157440662384033,0.37261897325515747,0.04312509298324585,,,,,
sentence_bert,Q0700,0,0.6579475998878479,0.64262855052948,0.01531904935836792,,,,,
sentence_bert,Q0702,0,0.6613121628761292,0.6522159576416016,0.009096205234527588,,,,,
sentence_bert,Q0703,0,0.7043713331222534,0.6572609543800354,0.04711037874221802,,,,,
sentence_bert,Q0704,0,0.46997159719467163,0.4570959806442261,0.012875616550445557,,,,,
sentence_bert,Q0705,0,0.6662086248397827,0.6651239991188049,0.0010846257209777832,,,,,
sentence_bert,Q0708,0,0.6839151382446289,0.678086519241333,0.0058286190032958984,,,,,
sentence_bert,Q0710,0,0.7366037964820862,0.7265232801437378,0.010080516338348389,,,,,
sentence_bert,Q0713,0,0.5364381074905396,0.5159484148025513,0.02048969268798828,,,,,
sentence_bert,Q0715,0,0.6223543882369995,0.6134285926818848,0.008925795555114746,,,,,
sentence_bert,Q0720,0,0.5729244351387024,0.5724571943283081,0.0004672408103942871,,,,,
