question_id,question,mapping_status,gold_size,gold_chunk_ids,best_score,second_best_score,top1_gap,top_chunk_ids,top_scores,gold_chunk_ranks,best_gold_rank,worst_gold_rank,mean_gold_rank,mrr,best_gold_score,worst_gold_score,best_non_gold_score,best_gold_margin,complete_gold_margin,recall_at_1,hit_at_1,all_gold_at_1,recall_at_2,hit_at_2,all_gold_at_2,recall_at_3,hit_at_3,all_gold_at_3,recall_at_5,hit_at_5,all_gold_at_5,recall_at_10,hit_at_10,all_gold_at_10
Q0001,Welche fachlichen Grundlagen soll das Studium vermitteln?,fully_answerable,1,"[""PO25CL-GEN-C01-P01-A01""]",0.07135146607157664,0.0649161614123797,0.006435304659196936,"[""PO25CL-GEN-C01-P05-A01"", ""PO25CL-PLAN-S01-M01"", ""PO25CL-APP-R07-M01"", ""PO25CL-GEN-C01-P01-A01"", ""PO25CL-APP-R07-M02"", ""PO25CL-APP-R14"", ""PO25CL-GEN-C02-P09-A04"", ""PO25CL-GEN-C03-P19-A01"", ""PO25CL-GEN-C01-P04-A02"", ""PO25CL-PLAN-INTRO""]","[0.07135146607157664, 0.0649161614123797, 0.06294328578991665, 0.05990541280706778, 0.057653543509044385, 0.057379431022910196, 0.05105755154351452, 0.04990353935990303, 0.04990200998326228, 0.046925124931946983]",[4],4.0,4.0,4.0,0.25,0.05990541280706778,0.05990541280706778,0.07135146607157664,-0.011446053264508857,-0.011446053264508857,0.0,0.0,0.0,0.0,0.0,0.0,0.0,0.0,0.0,1.0,1.0,1.0,1.0,1.0,1.0
Q0002,Welche Art von Forschungsergebnissen soll das Studium vermitteln?,fully_answerable,1,"[""PO25CL-GEN-C01-P01-A01""]",0.06770347152011429,0.06768090316611394,2.2568354000343516e-05,"[""PO25CL-GEN-C03-P19-A01"", ""PO25CL-APP-R14"", ""PO25CL-GEN-C01-P05-A01"", ""PO25CL-PLAN-INTRO"", ""PO25CL-GEN-C02-P09-A04"", ""PO25CL-GEN-C04-P28-A06"", ""PO25CL-GEN-C03-P21-A02"", ""PO25CL-GEN-C01-P04-A02"", ""PO25CL-GEN-C02-P09-A01"", ""PO25CL-GEN-C01-P03-A02""]","[0.06770347152011429, 0.06768090316611394, 0.06744557210690545, 0.06099931999848842, 0.056261819684292544, 0.0556573189865522, 0.05503660730478685, 0.05498849440849647, 0.050041190161204716, 0.0487952035987342]",[12],12.0,12.0,12.0,0.08333333333333333,0.0459929014621811,0.0459929014621811,0.06770347152011429,-0.021710570057933185,-0.021710570057933185,0.0,0.0,0.0,0.0,0.0,0.0,0.0,0.0,0.0,0.0,0.0,0.0,0.0,0.0,0.0
Q0003,In der Anwendung welcher Methoden bildet das Studium aus?,fully_answerable,1,"[""PO25CL-GEN-C01-P01-A01""]",0.20132153167135924,0.10982163423836991,0.09149989743298934,"[""PO25CL-GEN-C01-P01-A01"", ""PO25CL-APP-R07-M06"", ""PO25CL-PLAN-S03-M01"", ""PO25CL-PLAN-S02-M04"", ""PO25CL-GEN-C01-P04-A02"", ""PO25CL-GEN-C03-P14-A06"", ""PO25CL-GEN-C04-P28-A06"", ""PO25CL-GEN-C04-P24-A01"", ""PO25CL-GEN-C03-P15-A03"", ""PO25CL-GEN-C02-P09-A02""]","[0.20132153167135924, 0.10982163423836991, 0.0927490661731877, 0.08870938291301993, 0.06947859549845703, 0.062185068497589036, 0.059936347692042743, 0.05175352866658996, 0.049745352325289066, 0.048721922961649684]",[1],1.0,1.0,1.0,1.0,0.20132153167135924,0.20132153167135924,0.10982163423836991,0.09149989743298934,0.09149989743298934,1.0,1.0,1.0,1.0,1.0,1.0,1.0,1.0,1.0,1.0,1.0,1.0,1.0,1.0,1.0
Q0004,Welche Form der Aneignung wissenschaftlicher Theorien sollen Studierende lernen?,fully_answerable,1,"[""PO25CL-GEN-C01-P01-A01""]",0.15454012761626484,0.09083649069147758,0.06370363692478727,"[""PO25CL-GEN-C01-P01-A01"", ""PO25CL-APP-R07-M07"", ""PO25CL-PLAN-S03-M02"", ""PO25CL-PLAN-S04-M01"", ""PO25CL-PLAN-INTRO"", ""PO25CL-GEN-C03-P11-A06"", ""PO25CL-GEN-C04-P27-A01-02"", ""PO25CL-GEN-C02-P07-A02"", ""PO25CL-GEN-C03-P11-A07"", ""PO25CL-GEN-C01-P05-A01""]","[0.15454012761626484, 0.09083649069147758, 0.06768444877728721, 0.06642757578078558, 0.05347319414769568, 0.04234267484669568, 0.041455659688354664, 0.03535203334644549, 0.03131732184100148, 0.03123375856313447]",[1],1.0,1.0,1.0,1.0,0.15454012761626484,0.15454012761626484,0.09083649069147758,0.06370363692478727,0.06370363692478727,1.0,1.0,1.0,1.0,1.0,1.0,1.0,1.0,1.0,1.0,1.0,1.0,1.0,1.0,1.0
Q0005,Welche Art der Beurteilung wissenschaftlicher Methoden sollen Studierende lernen?,fully_answerable,1,"[""PO25CL-GEN-C01-P01-A01""]",0.13889797810729912,0.10322220381188629,0.035675774295412827,"[""PO25CL-GEN-C01-P01-A01"", ""PO25CL-APP-R07-M07"", ""PO25CL-APP-R07-M06"", ""PO25CL-GEN-C03-P10-U01"", ""PO25CL-PLAN-S03-M02"", ""PO25CL-PLAN-S04-M01"", ""PO25CL-PLAN-S03-M01"", ""PO25CL-GEN-C04-P24-A03"", ""PO25CL-PLAN-S02-M04"", ""PO25CL-PLAN-INTRO""]","[0.13889797810729912, 0.10322220381188629, 0.07853721075500314, 0.06323274860436043, 0.06266644216698555, 0.06150275153539477, 0.05048604589084092, 0.04990286927881771, 0.04828712742327958, 0.0397254337246474]",[1],1.0,1.0,1.0,1.0,0.13889797810729912,0.13889797810729912,0.10322220381188629,0.035675774295412827,0.035675774295412827,1.0,1.0,1.0,1.0,1.0,1.0,1.0,1.0,1.0,1.0,1.0,1.0,1.0,1.0,1.0
Q0006,Zu welcher Arbeit auf theoretischem Gebiet sollen Studierende befähigt werden?,fully_answerable,1,"[""PO25CL-GEN-C01-P01-A01""]",0.2080724222342108,0.043548929381803526,0.16452349285240728,"[""PO25CL-GEN-C01-P01-A01"", ""PO25CL-GEN-C03-P14-A09"", ""PO25CL-GEN-C03-P15-A09"", ""PO25CL-PLAN-INTRO"", ""PO25CL-GEN-C02-P07-A02"", ""PO25CL-GEN-C04-P27-A01-02"", ""PO25CL-GEN-C02-P09-A02"", ""PO25CL-GEN-C04-P30-U01"", ""PO25CL-GEN-C03-P15-A03"", ""PO25CL-GEN-C04-P29-U01""]","[0.2080724222342108, 0.043548929381803526, 0.041308942944166586, 0.037005254953382125, 0.034942835056684704, 0.03370103801476109, 0.03306646164460898, 0.026118930525646636, 0.02556027146631064, 0.02484932800055939]",[1],1.0,1.0,1.0,1.0,0.2080724222342108,0.2080724222342108,0.043548929381803526,0.16452349285240728,0.16452349285240728,1.0,1.0,1.0,1.0,1.0,1.0,1.0,1.0,1.0,1.0,1.0,1.0,1.0,1.0,1.0
Q0007,Zu welcher Arbeit auf empirischem Gebiet sollen Studierende befähigt werden?,fully_answerable,1,"[""PO25CL-GEN-C01-P01-A01""]",0.17845929147641465,0.04851618574648811,0.12994310572992654,"[""PO25CL-GEN-C01-P01-A01"", ""PO25CL-GEN-C03-P14-A09"", ""PO25CL-GEN-C03-P15-A09"", ""PO25CL-PLAN-INTRO"", ""PO25CL-GEN-C02-P07-A02"", ""PO25CL-GEN-C04-P27-A01-02"", ""PO25CL-GEN-C02-P09-A02"", ""PO25CL-GEN-C04-P30-U01"", ""PO25CL-GEN-C03-P15-A03"", ""PO25CL-GEN-C04-P29-U01""]","[0.17845929147641465, 0.04851618574648811, 0.04602070308777051, 0.04122612997380841, 0.03892846736267579, 0.03754502908300641, 0.036838071977936995, 0.02909809501336152, 0.028475714461727836, 0.02768367971531104]",[1],1.0,1.0,1.0,1.0,0.17845929147641465,0.17845929147641465,0.04851618574648811,0.12994310572992654,0.12994310572992654,1.0,1.0,1.0,1.0,1.0,1.0,1.0,1.0,1.0,1.0,1.0,1.0,1.0,1.0,1.0
Q0008,Zu welcher Arbeit auf praktischem Gebiet sollen Studierende befähigt werden?,fully_answerable,1,"[""PO25CL-GEN-C01-P01-A01""]",0.19378287978697087,0.04583189659672017,0.14795098319025068,"[""PO25CL-GEN-C01-P01-A01"", ""PO25CL-GEN-C03-P14-A09"", ""PO25CL-GEN-C03-P15-A09"", ""PO25CL-PLAN-INTRO"", ""PO25CL-GEN-C02-P07-A02"", ""PO25CL-GEN-C04-P27-A01-02"", ""PO25CL-GEN-C02-P09-A02"", ""PO25CL-GEN-C04-P30-U01"", ""PO25CL-GEN-C03-P15-A03"", ""PO25CL-GEN-C04-P29-U01""]","[0.19378287978697087, 0.04583189659672017, 0.04347448326313939, 0.03894518286980762, 0.03677464465483257, 0.03546774883839174, 0.03479990604656215, 0.027488164234148592, 0.02690021856926603, 0.026152005286621247]",[1],1.0,1.0,1.0,1.0,0.19378287978697087,0.19378287978697087,0.04583189659672017,0.14795098319025068,0.14795098319025068,1.0,1.0,1.0,1.0,1.0,1.0,1.0,1.0,1.0,1.0,1.0,1.0,1.0,1.0,1.0
Q0009,Welche Fähigkeit zur Urteilsbildung soll der Bachelorstudiengang fördern?,fully_answerable,1,"[""PO25CL-GEN-C01-P01-A01""]",0.07927003062113464,0.06507258244921206,0.014197448171922575,"[""PO25CL-GEN-C01-P03-A01"", ""PO25CL-GEN-C01-P01-A02"", ""PO25CL-GEN-C03-P15-A07"", ""PO25CL-GEN-C03-P19-A07"", ""PO25CL-GEN-C03-P20-A03"", ""PO25CL-PLAN-INTRO"", ""PO25CL-GEN-C03-P12-A01"", ""PO25CL-GEN-C03-P14-A06"", ""PO25CL-GEN-C03-P14-A07"", ""PO25CL-GEN-C03-P14-A05""]","[0.07927003062113464, 0.06507258244921206, 0.06383400836474662, 0.039946113319587195, 0.03699776796947429, 0.03498970754856825, 0.0335851798608604, 0.030836337008580187, 0.028858100917236007, 0.027919864974078952]",[94],94.0,94.0,94.0,0.010638297872340425,0.006922938958359148,0.006922938958359148,0.07927003062113464,-0.07234709166277549,-0.07234709166277549,0.0,0.0,0.0,0.0,0.0,0.0,0.0,0.0,0.0,0.0,0.0,0.0,0.0,0.0,0.0
Q0010,Welche Ausdrucksfähigkeit soll der Bachelorstudiengang fördern?,fully_answerable,1,"[""PO25CL-GEN-C01-P01-A01""]",0.09401303327127156,0.07570614903526388,0.01830688423600768,"[""PO25CL-GEN-C01-P03-A01"", ""PO25CL-GEN-C03-P15-A07"", ""PO25CL-GEN-C03-P19-A07"", ""PO25CL-PLAN-INTRO"", ""PO25CL-GEN-C03-P12-A01"", ""PO25CL-GEN-C03-P14-A06"", ""PO25CL-GEN-C03-P14-A05"", ""PO25CL-GEN-C03-P14-A04"", ""PO25CL-APP-R14"", ""PO25CL-GEN-C01-P01-A02""]","[0.09401303327127156, 0.07570614903526388, 0.0473754740744489, 0.04149725330166049, 0.039831505134285676, 0.03657141992296478, 0.03311252908785521, 0.03251018561561207, 0.02936976855655017, 0.028145089149085836]",[83],83.0,83.0,83.0,0.012048192771084338,0.00821049879162876,0.00821049879162876,0.09401303327127156,-0.0858025344796428,-0.0858025344796428,0.0,0.0,0.0,0.0,0.0,0.0,0.0,0.0,0.0,0.0,0.0,0.0,0.0,0.0,0.0
Q0011,Welche Kommunikationsfähigkeit soll der Bachelorstudiengang fördern?,fully_answerable,1,"[""PO25CL-GEN-C01-P01-A01""]",0.09401303327127156,0.07570614903526388,0.01830688423600768,"[""PO25CL-GEN-C01-P03-A01"", ""PO25CL-GEN-C03-P15-A07"", ""PO25CL-GEN-C03-P19-A07"", ""PO25CL-PLAN-INTRO"", ""PO25CL-GEN-C03-P12-A01"", ""PO25CL-GEN-C03-P14-A06"", ""PO25CL-GEN-C03-P14-A05"", ""PO25CL-GEN-C03-P14-A04"", ""PO25CL-APP-R14"", ""PO25CL-GEN-C01-P01-A02""]","[0.09401303327127156, 0.07570614903526388, 0.0473754740744489, 0.04149725330166049, 0.039831505134285676, 0.03657141992296478, 0.03311252908785521, 0.03251018561561207, 0.02936976855655017, 0.028145089149085836]",[83],83.0,83.0,83.0,0.012048192771084338,0.00821049879162876,0.00821049879162876,0.09401303327127156,-0.0858025344796428,-0.0858025344796428,0.0,0.0,0.0,0.0,0.0,0.0,0.0,0.0,0.0,0.0,0.0,0.0,0.0,0.0,0.0
Q0012,Welche Teamfähigkeit soll der Bachelorstudiengang fördern?,fully_answerable,1,"[""PO25CL-GEN-C01-P01-A01""]",0.08248067772296477,0.06641945550471318,0.016061222218251597,"[""PO25CL-GEN-C01-P03-A01"", ""PO25CL-GEN-C03-P15-A07"", ""PO25CL-GEN-C01-P01-A01"", ""PO25CL-GEN-C03-P19-A07"", ""PO25CL-PLAN-INTRO"", ""PO25CL-GEN-C03-P12-A01"", ""PO25CL-GEN-C03-P14-A06"", ""PO25CL-GEN-C03-P14-A05"", ""PO25CL-GEN-C03-P14-A04"", ""PO25CL-APP-R14""]","[0.08248067772296477, 0.06641945550471318, 0.044066751817943506, 0.041564037167401584, 0.03640688377840488, 0.0349454689832411, 0.03208529068340392, 0.029050693773564944, 0.028522238344738784, 0.025767048789086637]",[3],3.0,3.0,3.0,0.3333333333333333,0.044066751817943506,0.044066751817943506,0.08248067772296477,-0.03841392590502127,-0.03841392590502127,0.0,0.0,0.0,0.0,0.0,0.0,1.0,1.0,1.0,1.0,1.0,1.0,1.0,1.0,1.0
Q0013,Wann wird die Bachelorprüfung abgelegt?,fully_answerable,1,"[""PO25CL-GEN-C01-P01-A02""]",0.180358079859944,0.12984096416774232,0.050517115692201686,"[""PO25CL-GEN-C01-P01-A02"", ""PO25CL-GEN-C03-P10-U01"", ""PO25CL-GEN-C03-P22-U01"", ""PO25CL-GEN-C03-P21-A03"", ""PO25CL-GEN-C03-P19-A10"", ""PO25CL-GEN-C03-P19-A01"", ""PO25CL-GEN-C03-P16-A01"", ""PO25CL-GEN-C04-P25-A06"", ""PO25CL-GEN-C03-P20-A02"", ""PO25CL-GEN-C03-P20-A04""]","[0.180358079859944, 0.12984096416774232, 0.10555198594594453, 0.09201244425496415, 0.08385740826144578, 0.06451487139276402, 0.06361482782451827, 0.062135780506727634, 0.06146098097507166, 0.0585249823447267]",[1],1.0,1.0,1.0,1.0,0.180358079859944,0.180358079859944,0.12984096416774232,0.050517115692201686,0.050517115692201686,1.0,1.0,1.0,1.0,1.0,1.0,1.0,1.0,1.0,1.0,1.0,1.0,1.0,1.0,1.0
Q0014,Als welche Art von Prüfung wird die Bachelorprüfung bezeichnet?,fully_answerable,1,"[""PO25CL-GEN-C01-P01-A02""]",0.11857588656421851,0.1143501910584212,0.004225695505797308,"[""PO25CL-GEN-C01-P01-A02"", ""PO25CL-GEN-C03-P10-U01"", ""PO25CL-GEN-C03-P11-A04"", ""PO25CL-GEN-C03-P22-U01"", ""PO25CL-GEN-C03-P19-A10"", ""PO25CL-GEN-C03-P21-A03"", ""PO25CL-GEN-C03-P17-A05"", ""PO25CL-GEN-C03-P20-A02"", ""PO25CL-GEN-C03-P19-A01"", ""PO25CL-GEN-C03-P20-A01""]","[0.11857588656421851, 0.1143501910584212, 0.07789664132514158, 0.07655359840938221, 0.06862531621905986, 0.06673378660793286, 0.06563809554437297, 0.06432368705731915, 0.05835821446195692, 0.058339377139173296]",[1],1.0,1.0,1.0,1.0,0.11857588656421851,0.11857588656421851,0.1143501910584212,0.004225695505797308,0.004225695505797308,1.0,1.0,1.0,1.0,1.0,1.0,1.0,1.0,1.0,1.0,1.0,1.0,1.0,1.0,1.0
Q0015,Wofür steht die Abkürzung LP in der Prüfungsordnung?,fully_answerable,1,"[""PO25CL-GEN-C01-P02-A01""]",0.13012706749598368,0.10301779611378391,0.027109271382199776,"[""PO25CL-GEN-C04-P24-A02"", ""PO25CL-GEN-C03-P11-A07"", ""PO25CL-APP-R07-M06"", ""PO25CL-GEN-C01-P05-A02"", ""PO25CL-PLAN-S03-M01"", ""PO25CL-PLAN-S02-M04"", ""PO25CL-GEN-C03-P11-A02"", ""PO25CL-GEN-C02-P07-A01"", ""PO25CL-GEN-C01-P03-A02"", ""PO25CL-GEN-C03-P11-A08""]","[0.13012706749598368, 0.10301779611378391, 0.08377267166092991, 0.07831279699707162, 0.07678963078561599, 0.0734450603350642, 0.06970619088206143, 0.06211667714922567, 0.060355642405127065, 0.06004065434119437]",[23],23.0,23.0,23.0,0.043478260869565216,0.04053027128198167,0.04053027128198167,0.13012706749598368,-0.08959679621400202,-0.08959679621400202,0.0,0.0,0.0,0.0,0.0,0.0,0.0,0.0,0.0,0.0,0.0,0.0,0.0,0.0,0.0
Q0016,Welchem durchschnittlichen Arbeitsaufwand entspricht ein ECTS-Leistungspunkt?,fully_answerable,1,"[""PO25CL-GEN-C01-P02-A01""]",0.17905199744574235,0.0952593950291034,0.08379260241663895,"[""PO25CL-GEN-C01-P02-A01"", ""PO25CL-GEN-C01-P03-A01"", ""PO25CL-GEN-C01-P02-A03"", ""PO25CL-GEN-C03-P18-A01"", ""PO25CL-GEN-C01-P02-A02"", ""PO25CL-GEN-C03-P21-A01"", ""PO25CL-APP-R03"", ""PO25CL-GEN-C04-P24-A01"", ""PO25CL-GEN-C01-P03-A05"", ""PO25CL-GEN-C01-P05-A01""]","[0.17905199744574235, 0.0952593950291034, 0.05237757380577478, 0.048425786774730764, 0.04311715580093109, 0.03400628080564413, 0.03380074831803464, 0.03130200914471409, 0.028334086704671524, 0.027330444545439335]",[1],1.0,1.0,1.0,1.0,0.17905199744574235,0.17905199744574235,0.0952593950291034,0.08379260241663895,0.08379260241663895,1.0,1.0,1.0,1.0,1.0,1.0,1.0,1.0,1.0,1.0,1.0,1.0,1.0,1.0,1.0
Q0017,Wodurch muss der Erfolg einer mit ECTS-Leistungspunkten bewerteten Arbeit nachgewiesen werden?,fully_answerable,1,"[""PO25CL-GEN-C01-P02-A01""]",0.22196470674926014,0.13969753151547298,0.08226717523378715,"[""PO25CL-GEN-C01-P02-A02"", ""PO25CL-GEN-C01-P02-A01"", ""PO25CL-GEN-C01-P03-A05"", ""PO25CL-GEN-C01-P03-A04"", ""PO25CL-GEN-C04-P28-A09"", ""PO25CL-GEN-C01-P02-A03"", ""PO25CL-GEN-C03-P15-A09"", ""PO25CL-GEN-C03-P14-A09"", ""PO25CL-GEN-C03-P11-A06"", ""PO25CL-GEN-C01-P03-A02""]","[0.22196470674926014, 0.13969753151547298, 0.12653213582731607, 0.10732850077494334, 0.08239018859010606, 0.060625916422099566, 0.0565561308456595, 0.054530353565045125, 0.04764241674919371, 0.045730077097068264]",[2],2.0,2.0,2.0,0.5,0.13969753151547298,0.13969753151547298,0.22196470674926014,-0.08226717523378715,-0.08226717523378715,0.0,0.0,0.0,1.0,1.0,1.0,1.0,1.0,1.0,1.0,1.0,1.0,1.0,1.0,1.0
Q0018,In welcher Art von Kreditpunktesystem werden Studienleistungen dokumentiert?,fully_answerable,1,"[""PO25CL-GEN-C01-P02-A02""]",0.12911966374169143,0.10218684476737501,0.026932818974316416,"[""PO25CL-GEN-C01-P02-A02"", ""PO25CL-GEN-C02-P07-A01"", ""PO25CL-GEN-C01-P05-A02"", ""PO25CL-PLAN-INTRO"", ""PO25CL-GEN-C04-P28-A01"", ""PO25CL-GEN-C02-P07-A04"", ""PO25CL-GEN-C02-P07-A02"", ""PO25CL-GEN-C04-P28-A02"", ""PO25CL-GEN-C02-P07-A05"", ""PO25CL-GEN-C04-P28-A03""]","[0.12911966374169143, 0.10218684476737501, 0.08295650391477313, 0.06893165979358905, 0.05303663993710243, 0.05290377477350694, 0.045928863418630825, 0.044313238668237054, 0.042375035638804445, 0.04036773072418669]",[1],1.0,1.0,1.0,1.0,0.12911966374169143,0.12911966374169143,0.10218684476737501,0.026932818974316416,0.026932818974316416,1.0,1.0,1.0,1.0,1.0,1.0,1.0,1.0,1.0,1.0,1.0,1.0,1.0,1.0,1.0
Q0019,Mit welcher Einheit werden Prüfungsleistungen im Kreditpunktesystem dokumentiert?,fully_answerable,1,"[""PO25CL-GEN-C01-P02-A02""]",0.20907795417583042,0.059562975580436196,0.14951497859539423,"[""PO25CL-GEN-C01-P02-A02"", ""PO25CL-GEN-C04-P28-A04"", ""PO25CL-GEN-C04-P28-A05"", ""PO25CL-GEN-C03-P18-A04"", ""PO25CL-GEN-C04-P28-A01"", ""PO25CL-GEN-C04-P28-A06"", ""PO25CL-GEN-C04-P28-A03"", ""PO25CL-GEN-C04-P28-A02"", ""PO25CL-GEN-C01-P04-A05"", ""PO25CL-GEN-C03-P13-A02""]","[0.20907795417583042, 0.059562975580436196, 0.047285880743514974, 0.043766562513270164, 0.04369327707471663, 0.04277446984636633, 0.04156926374581111, 0.03875417077808634, 0.03851496234295798, 0.03678024439604848]",[1],1.0,1.0,1.0,1.0,0.20907795417583042,0.20907795417583042,0.059562975580436196,0.14951497859539423,0.14951497859539423,1.0,1.0,1.0,1.0,1.0,1.0,1.0,1.0,1.0,1.0,1.0,1.0,1.0,1.0,1.0
Q0020,Wann werden ECTS-Leistungspunkte gutgeschrieben?,fully_answerable,1,"[""PO25CL-GEN-C01-P02-A03""]",0.4648559399109763,0.21796725011376428,0.246888689797212,"[""PO25CL-GEN-C01-P02-A03"", ""PO25CL-APP-R03"", ""PO25CL-GEN-C01-P02-A02"", ""PO25CL-GEN-C03-P21-A01"", ""PO25CL-PLAN-LEGEND"", ""PO25CL-GEN-C01-P02-A01"", ""PO25CL-GEN-C04-P28-A09"", ""PO25CL-GEN-C04-P28-A03"", ""PO25CL-GEN-C01-P03-A04"", ""PO25CL-GEN-C01-P03-A05""]","[0.4648559399109763, 0.21796725011376428, 0.1884451248837897, 0.15914149034458727, 0.1386763225351833, 0.11810474821820845, 0.10217375056711732, 0.05923024262338511, 0.05197797716144687, 0.05064423670044826]",[1],1.0,1.0,1.0,1.0,0.4648559399109763,0.4648559399109763,0.21796725011376428,0.246888689797212,0.246888689797212,1.0,1.0,1.0,1.0,1.0,1.0,1.0,1.0,1.0,1.0,1.0,1.0,1.0,1.0,1.0
Q0021,Werden Prüfungsleistungen im akkumulierenden Kreditpunktesystem dokumentiert?,fully_answerable,1,"[""PO25CL-GEN-C01-P02-A02""]",0.31730518406556635,0.054117481602349866,0.2631877024632165,"[""PO25CL-GEN-C01-P02-A02"", ""PO25CL-GEN-C04-P28-A04"", ""PO25CL-GEN-C04-P28-A01"", ""PO25CL-GEN-C04-P28-A06"", ""PO25CL-GEN-C04-P28-A03"", ""PO25CL-GEN-C04-P28-A02"", ""PO25CL-GEN-C04-P28-A05"", ""PO25CL-GEN-C04-P28-A09"", ""PO25CL-GEN-C03-P18-A08"", ""PO25CL-GEN-C03-P14-A07""]","[0.31730518406556635, 0.054117481602349866, 0.03969865667715247, 0.03886385061194497, 0.03776882944588927, 0.03521110393931151, 0.03386109526305371, 0.030362252426474293, 0.030253487059376576, 0.028852689153006705]",[1],1.0,1.0,1.0,1.0,0.31730518406556635,0.31730518406556635,0.054117481602349866,0.2631877024632165,0.2631877024632165,1.0,1.0,1.0,1.0,1.0,1.0,1.0,1.0,1.0,1.0,1.0,1.0,1.0,1.0,1.0
Q0022,Wie viele Studienjahre beträgt die reguläre Regelstudienzeit?,fully_answerable,1,"[""PO25CL-GEN-C01-P03-A01""]",0.14662111931041413,0.11412608454865783,0.0324950347617563,"[""PO25CL-GEN-C01-P03-A01"", ""PO25CL-GEN-C01-P03-A02"", ""PO25CL-GEN-C01-P03-A05"", ""PO25CL-GEN-C01-P05-A03"", ""PO25CL-GEN-C01-P03-A04"", ""PO25CL-GEN-C01-P03-A03"", ""PO25CL-GEN-C03-P14-A03"", ""PO25CL-GEN-C03-P14-A06"", ""PO25CL-GEN-C03-P18-A03"", ""PO25CL-GEN-C03-P13-A01""]","[0.14662111931041413, 0.11412608454865783, 0.08487602310417171, 0.08091729493875822, 0.06079457925682599, 0.050657098512526436, 0.04390273679769692, 0.04294222332439829, 0.03804679019365795, 0.03591037821379766]",[1],1.0,1.0,1.0,1.0,0.14662111931041413,0.14662111931041413,0.11412608454865783,0.0324950347617563,0.0324950347617563,1.0,1.0,1.0,1.0,1.0,1.0,1.0,1.0,1.0,1.0,1.0,1.0,1.0,1.0,1.0
Q0023,Wie viele Studienjahre kann die Regelstudienzeit ausnahmsweise betragen?,fully_answerable,1,"[""PO25CL-GEN-C01-P03-A01""]",0.16054584208675426,0.08930886560207824,0.07123697648467603,"[""PO25CL-GEN-C01-P03-A01"", ""PO25CL-GEN-C01-P03-A02"", ""PO25CL-GEN-C03-P14-A03"", ""PO25CL-GEN-C01-P03-A05"", ""PO25CL-GEN-C01-P05-A03"", ""PO25CL-GEN-C03-P15-A04"", ""PO25CL-GEN-C03-P15-A07"", ""PO25CL-GEN-C01-P03-A04"", ""PO25CL-GEN-C01-P03-A03"", ""PO25CL-GEN-C03-P14-A04""]","[0.16054584208675426, 0.08930886560207824, 0.07353598301599927, 0.05966719208915067, 0.05688423660613337, 0.049204534601230934, 0.04609631764425562, 0.0427381220965552, 0.03561155102562036, 0.03449685742730168]",[1],1.0,1.0,1.0,1.0,0.16054584208675426,0.16054584208675426,0.08930886560207824,0.07123697648467603,0.07123697648467603,1.0,1.0,1.0,1.0,1.0,1.0,1.0,1.0,1.0,1.0,1.0,1.0,1.0,1.0,1.0
Q0024,Wo werden Ausnahmen von der Regelstudienzeit beschrieben?,fully_answerable,1,"[""PO25CL-GEN-C01-P03-A01""]",0.17351210127079972,0.0728041105799957,0.10070799069080402,"[""PO25CL-GEN-C01-P03-A01"", ""PO25CL-GEN-C01-P03-A05"", ""PO25CL-GEN-C01-P03-A04"", ""PO25CL-GEN-C03-P17-A05"", ""PO25CL-GEN-C03-P21-A04"", ""PO25CL-GEN-C01-P03-A03"", ""PO25CL-GEN-C03-P12-A02"", ""PO25CL-GEN-C03-P15-A07"", ""PO25CL-GEN-C03-P15-A03"", ""PO25CL-GEN-C04-P28-A03""]","[0.17351210127079972, 0.0728041105799957, 0.0687192097688953, 0.060744698749641564, 0.057465493500984635, 0.055628785362827116, 0.05492215918164957, 0.051067332802895264, 0.05079504886704435, 0.049946226892053636]",[1],1.0,1.0,1.0,1.0,0.17351210127079972,0.17351210127079972,0.0728041105799957,0.10070799069080402,0.10070799069080402,1.0,1.0,1.0,1.0,1.0,1.0,1.0,1.0,1.0,1.0,1.0,1.0,1.0,1.0,1.0
Q0025,Aus wie vielen Semestern besteht ein Studienjahr?,fully_answerable,1,"[""PO25CL-GEN-C01-P03-A01""]",0.1509841266076107,0.0742015357718456,0.07678259083576511,"[""PO25CL-GEN-C01-P03-A01"", ""PO25CL-GEN-C04-P24-A01"", ""PO25CL-PLAN-INTRO"", ""PO25CL-GEN-C01-P04-A02"", ""PO25CL-GEN-C01-P05-A03"", ""PO25CL-GEN-C03-P10-U01"", ""PO25CL-GEN-C04-P28-A03"", ""PO25CL-GEN-C03-P14-A05"", ""PO25CL-GEN-C03-P14-A07"", ""PO25CL-GEN-C03-P14-A04""]","[0.1509841266076107, 0.0742015357718456, 0.07342191060027554, 0.0673952730083937, 0.047557017170996675, 0.045658652995763924, 0.042964025118257414, 0.038149395018865044, 0.03250146999096342, 0.029869775643479098]",[1],1.0,1.0,1.0,1.0,0.1509841266076107,0.1509841266076107,0.0742015357718456,0.07678259083576511,0.07678259083576511,1.0,1.0,1.0,1.0,1.0,1.0,1.0,1.0,1.0,1.0,1.0,1.0,1.0,1.0,1.0
Q0026,Auf wie viele Arbeitsstunden pro Semester ist der Bachelorstudiengang ausgelegt?,fully_answerable,1,"[""PO25CL-GEN-C01-P03-A01""]",0.1507734728471452,0.09138060174676375,0.05939287110038145,"[""PO25CL-GEN-C01-P03-A01"", ""PO25CL-PLAN-INTRO"", ""PO25CL-GEN-C03-P15-A07"", ""PO25CL-GEN-C03-P16-A03"", ""PO25CL-GEN-C03-P14-A03"", ""PO25CL-GEN-C01-P05-A03"", ""PO25CL-GEN-C03-P15-A03"", ""PO25CL-GEN-C03-P17-A06"", ""PO25CL-GEN-C03-P18-A03"", ""PO25CL-GEN-C03-P14-A06""]","[0.1507734728471452, 0.09138060174676375, 0.07005685209222783, 0.05613965231793888, 0.049960571728840344, 0.04978376540083104, 0.03890276332148971, 0.03881967316471611, 0.03743269800661964, 0.0374223888435222]",[1],1.0,1.0,1.0,1.0,0.1507734728471452,0.1507734728471452,0.09138060174676375,0.05939287110038145,0.05939287110038145,1.0,1.0,1.0,1.0,1.0,1.0,1.0,1.0,1.0,1.0,1.0,1.0,1.0,1.0,1.0
Q0027,Wie viele ECTS-Leistungspunkte umfasst ein dreijähriges Bachelorstudium insgesamt?,fully_answerable,1,"[""PO25CL-GEN-C01-P03-A02""]",0.24682814200933717,0.15928526847774463,0.08754287353159254,"[""PO25CL-GEN-C01-P02-A03"", ""PO25CL-APP-R03"", ""PO25CL-GEN-C01-P02-A02"", ""PO25CL-GEN-C03-P21-A01"", ""PO25CL-PLAN-LEGEND"", ""PO25CL-GEN-C01-P02-A01"", ""PO25CL-GEN-C01-P03-A02"", ""PO25CL-GEN-C01-P04-A02"", ""PO25CL-GEN-C04-P28-A09"", ""PO25CL-GEN-C01-P04-A01""]","[0.24682814200933717, 0.15928526847774463, 0.12975383749874433, 0.12848064696763167, 0.10134134946875711, 0.10046761492545846, 0.07195237938369055, 0.0673874819392888, 0.064553798976061, 0.05853326240480761]",[7],7.0,7.0,7.0,0.14285714285714285,0.07195237938369055,0.07195237938369055,0.24682814200933717,-0.17487576262564664,-0.17487576262564664,0.0,0.0,0.0,0.0,0.0,0.0,0.0,0.0,0.0,0.0,0.0,0.0,1.0,1.0,1.0
Q0028,Wie viele ECTS-Leistungspunkte entfallen im dreijährigen Modell auf das Kernfach?,fully_answerable,1,"[""PO25CL-GEN-C01-P03-A02""]",0.22669487957868045,0.14629269767324238,0.08040218190543807,"[""PO25CL-GEN-C01-P02-A03"", ""PO25CL-APP-R03"", ""PO25CL-GEN-C01-P02-A02"", ""PO25CL-GEN-C03-P21-A01"", ""PO25CL-PLAN-LEGEND"", ""PO25CL-GEN-C01-P02-A01"", ""PO25CL-GEN-C01-P03-A02"", ""PO25CL-GEN-C02-P09-A01"", ""PO25CL-GEN-C04-P28-A09"", ""PO25CL-GEN-C04-P28-A03""]","[0.22669487957868045, 0.14629269767324238, 0.12676946460346306, 0.11692575372258396, 0.1006556024908938, 0.08937788974748306, 0.08105047163976434, 0.07503715137880898, 0.06411698248615352, 0.05220585302062047]",[7],7.0,7.0,7.0,0.14285714285714285,0.08105047163976434,0.08105047163976434,0.22669487957868045,-0.14564440793891612,-0.14564440793891612,0.0,0.0,0.0,0.0,0.0,0.0,0.0,0.0,0.0,0.0,0.0,0.0,1.0,1.0,1.0
Q0029,Wie viele ECTS-Leistungspunkte entfallen im dreijährigen Modell auf das Ergänzungsfach?,fully_answerable,1,"[""PO25CL-GEN-C01-P03-A02""]",0.22991563200160872,0.14837114144472718,0.08154449055688154,"[""PO25CL-GEN-C01-P02-A03"", ""PO25CL-APP-R03"", ""PO25CL-GEN-C01-P02-A02"", ""PO25CL-GEN-C03-P21-A01"", ""PO25CL-PLAN-LEGEND"", ""PO25CL-GEN-C01-P02-A01"", ""PO25CL-GEN-C02-P09-A01"", ""PO25CL-GEN-C01-P03-A02"", ""PO25CL-GEN-C04-P28-A09"", ""PO25CL-GEN-C01-P04-A05""]","[0.22991563200160872, 0.14837114144472718, 0.12857053333970336, 0.11858696859124193, 0.10208566026814209, 0.09064772017107017, 0.07610323671590216, 0.07115441148944152, 0.065027920250063, 0.05793205676793728]",[8],8.0,8.0,8.0,0.125,0.07115441148944152,0.07115441148944152,0.22991563200160872,-0.1587612205121672,-0.1587612205121672,0.0,0.0,0.0,0.0,0.0,0.0,0.0,0.0,0.0,0.0,0.0,0.0,1.0,1.0,1.0
Q0030,Wie viele ECTS-Leistungspunkte entfallen im dreijährigen Modell auf den Profilbildungsbereich?,fully_answerable,1,"[""PO25CL-GEN-C01-P03-A02""]",0.24051492191829182,0.15521116676075639,0.08530375515753544,"[""PO25CL-GEN-C01-P02-A03"", ""PO25CL-APP-R03"", ""PO25CL-PLAN-LEGEND"", ""PO25CL-GEN-C01-P02-A02"", ""PO25CL-GEN-C03-P21-A01"", ""PO25CL-PLAN-S02-PBB"", ""PO25CL-PLAN-S03-PBB"", ""PO25CL-PLAN-S04-PBB"", ""PO25CL-PLAN-S05-PBB"", ""PO25CL-PLAN-S06-PBB""]","[0.24051492191829182, 0.15521116676075639, 0.13522194146280656, 0.13449773518216246, 0.1311291124919829, 0.11004134128437598, 0.11004134128437598, 0.11004134128437598, 0.11004134128437598, 0.11004134128437598]",[22],22.0,22.0,22.0,0.045454545454545456,0.045537641830787276,0.045537641830787276,0.24051492191829182,-0.19497728008750453,-0.19497728008750453,0.0,0.0,0.0,0.0,0.0,0.0,0.0,0.0,0.0,0.0,0.0,0.0,0.0,0.0,0.0
Q0031,Wie viele ECTS-Leistungspunkte umfasst ein vierjähriges Bachelorstudium insgesamt?,fully_answerable,1,"[""PO25CL-GEN-C01-P03-A02""]",0.24682814200933717,0.15928526847774463,0.08754287353159254,"[""PO25CL-GEN-C01-P02-A03"", ""PO25CL-APP-R03"", ""PO25CL-GEN-C01-P02-A02"", ""PO25CL-GEN-C03-P21-A01"", ""PO25CL-PLAN-LEGEND"", ""PO25CL-GEN-C01-P02-A01"", ""PO25CL-GEN-C01-P03-A02"", ""PO25CL-GEN-C01-P04-A02"", ""PO25CL-GEN-C04-P28-A09"", ""PO25CL-GEN-C01-P04-A01""]","[0.24682814200933717, 0.15928526847774463, 0.12975383749874433, 0.12848064696763167, 0.10134134946875711, 0.10046761492545846, 0.07195237938369055, 0.0673874819392888, 0.064553798976061, 0.05853326240480761]",[7],7.0,7.0,7.0,0.14285714285714285,0.07195237938369055,0.07195237938369055,0.24682814200933717,-0.17487576262564664,-0.17487576262564664,0.0,0.0,0.0,0.0,0.0,0.0,0.0,0.0,0.0,0.0,0.0,0.0,1.0,1.0,1.0
Q0032,Wie viele ECTS-Leistungspunkte entfallen im vierjährigen Modell auf das Kernfach?,fully_answerable,1,"[""PO25CL-GEN-C01-P03-A02""]",0.21146967117882026,0.1379867861565316,0.07348288502228867,"[""PO25CL-GEN-C01-P02-A03"", ""PO25CL-GEN-C03-P21-A01"", ""PO25CL-APP-R03"", ""PO25CL-GEN-C01-P02-A02"", ""PO25CL-PLAN-LEGEND"", ""PO25CL-GEN-C01-P02-A01"", ""PO25CL-GEN-C01-P03-A02"", ""PO25CL-GEN-C02-P09-A01"", ""PO25CL-GEN-C04-P28-A09"", ""PO25CL-GEN-C04-P28-A03""]","[0.21146967117882026, 0.1379867861565316, 0.13646743468718625, 0.11825541470117343, 0.09389540337485931, 0.08337512073799225, 0.07560698599987775, 0.06999753041517048, 0.05981077838425161, 0.04869962035489524]",[7],7.0,7.0,7.0,0.14285714285714285,0.07560698599987775,0.07560698599987775,0.21146967117882026,-0.1358626851789425,-0.1358626851789425,0.0,0.0,0.0,0.0,0.0,0.0,0.0,0.0,0.0,0.0,0.0,0.0,1.0,1.0,1.0
Q0033,Wie viele ECTS-Leistungspunkte entfallen im vierjährigen Modell auf das Ergänzungsfach?,fully_answerable,1,"[""PO25CL-GEN-C01-P03-A02""]",0.21407685338298998,0.13968800738259418,0.0743888460003958,"[""PO25CL-GEN-C01-P02-A03"", ""PO25CL-GEN-C03-P21-A01"", ""PO25CL-APP-R03"", ""PO25CL-GEN-C01-P02-A02"", ""PO25CL-PLAN-LEGEND"", ""PO25CL-GEN-C01-P02-A01"", ""PO25CL-GEN-C02-P09-A01"", ""PO25CL-GEN-C01-P03-A02"", ""PO25CL-GEN-C04-P28-A09"", ""PO25CL-GEN-C01-P04-A05""]","[0.21407685338298998, 0.13968800738259418, 0.1381499240256421, 0.11971337040251323, 0.09505302764962004, 0.08440304180982665, 0.07086052090745693, 0.06625261789886269, 0.060548177729281574, 0.05394114491005112]",[8],8.0,8.0,8.0,0.125,0.06625261789886269,0.06625261789886269,0.21407685338298998,-0.1478242354841273,-0.1478242354841273,0.0,0.0,0.0,0.0,0.0,0.0,0.0,0.0,0.0,0.0,0.0,0.0,1.0,1.0,1.0
Q0034,In welcher curricularen Einheit werden Lehrinhalte vermittelt?,fully_answerable,1,"[""PO25CL-GEN-C01-P03-A03""]",0.07885336060451377,0.07397715528800802,0.004876205316505747,"[""PO25CL-GEN-C01-P03-A03"", ""PO25CL-PLAN-INTRO"", ""PO25CL-GEN-C02-P09-A02"", ""PO25CL-GEN-C01-P01-A01"", ""PO25CL-GEN-C03-P11-A08"", ""PO25CL-GEN-C03-P17-A03"", ""PO25CL-GEN-C02-P09-A01"", ""PO25CL-GEN-C04-P28-A05"", ""PO25CL-GEN-C04-P28-A03"", ""PO25CL-GEN-C03-P15-A07""]","[0.07885336060451377, 0.07397715528800802, 0.06313925373663797, 0.0458116698039102, 0.0382822608336467, 0.024134762000655105, 0.02372421512659744, 0.0235371570353702, 0.02320784921261625, 0.022769061888747257]",[1],1.0,1.0,1.0,1.0,0.07885336060451377,0.07885336060451377,0.07397715528800802,0.004876205316505747,0.004876205316505747,1.0,1.0,1.0,1.0,1.0,1.0,1.0,1.0,1.0,1.0,1.0,1.0,1.0,1.0,1.0
Q0035,Welche Lehrveranstaltungen werden in einem Modul gebündelt?,fully_answerable,1,"[""PO25CL-GEN-C01-P03-A03""]",0.16898410514994433,0.09632089844148436,0.07266320670845997,"[""PO25CL-GEN-C01-P02-A02"", ""PO25CL-GEN-C03-P11-A03"", ""PO25CL-GEN-C01-P03-A03"", ""PO25CL-GEN-C04-P28-A07"", ""PO25CL-GEN-C01-P04-A02"", ""PO25CL-GEN-C03-P11-A08"", ""PO25CL-GEN-C02-P08-U01"", ""PO25CL-GEN-C03-P14-A09"", ""PO25CL-GEN-C01-P05-A03"", ""PO25CL-GEN-C04-P28-A06""]","[0.16898410514994433, 0.09632089844148436, 0.09251200774123462, 0.0666741409150408, 0.05849084121914175, 0.05699294648524798, 0.050128266529612046, 0.04957371527668731, 0.04871947543057405, 0.048233679744770906]",[3],3.0,3.0,3.0,0.3333333333333333,0.09251200774123462,0.09251200774123462,0.16898410514994433,-0.07647209740870971,-0.07647209740870971,0.0,0.0,0.0,0.0,0.0,0.0,1.0,1.0,1.0,1.0,1.0,1.0,1.0,1.0,1.0
Q0036,Wie viele ECTS-Leistungspunkte umfasst ein Modul mindestens?,fully_answerable,1,"[""PO25CL-GEN-C01-P03-A03""]",0.2495846267820792,0.16106410703929092,0.0885205197427883,"[""PO25CL-GEN-C01-P02-A03"", ""PO25CL-APP-R03"", ""PO25CL-GEN-C01-P03-A03"", ""PO25CL-GEN-C01-P02-A02"", ""PO25CL-GEN-C03-P21-A01"", ""PO25CL-PLAN-LEGEND"", ""PO25CL-GEN-C01-P02-A01"", ""PO25CL-GEN-C02-P07-A04"", ""PO25CL-GEN-C04-P28-A09"", ""PO25CL-GEN-C03-P14-A07""]","[0.2495846267820792, 0.16106410703929092, 0.13631296556833877, 0.13120288003643277, 0.12991547098759662, 0.10247309192075513, 0.10158959983545005, 0.08666801671605234, 0.06527471176360462, 0.05879685254067705]",[3],3.0,3.0,3.0,0.3333333333333333,0.13631296556833877,0.13631296556833877,0.2495846267820792,-0.11327166121374044,-0.11327166121374044,0.0,0.0,0.0,0.0,0.0,0.0,1.0,1.0,1.0,1.0,1.0,1.0,1.0,1.0,1.0
Q0037,Mit wie vielen ECTS-Leistungspunkten wird die Bachelorarbeit bewertet?,fully_answerable,1,"[""PO25CL-GEN-C01-P03-A05""]",0.220164581010043,0.13631236198639474,0.08385221902364826,"[""PO25CL-GEN-C01-P03-A05"", ""PO25CL-GEN-C01-P02-A02"", ""PO25CL-GEN-C03-P16-A01"", ""PO25CL-GEN-C01-P03-A04"", ""PO25CL-PLAN-INTRO"", ""PO25CL-GEN-C04-P25-A03"", ""PO25CL-GEN-C03-P21-A03"", ""PO25CL-GEN-C01-P02-A03"", ""PO25CL-GEN-C03-P15-A02"", ""PO25CL-GEN-C03-P16-A02""]","[0.220164581010043, 0.13631236198639474, 0.13622438531943865, 0.11454819389229798, 0.0886953052623523, 0.07410240403379711, 0.06594895565749712, 0.06137699440377758, 0.058799157183892684, 0.05195591040052717]",[1],1.0,1.0,1.0,1.0,0.220164581010043,0.220164581010043,0.13631236198639474,0.08385221902364826,0.08385221902364826,1.0,1.0,1.0,1.0,1.0,1.0,1.0,1.0,1.0,1.0,1.0,1.0,1.0,1.0,1.0
Q0038,Werden im Bachelorstudium integrierte Studiengänge angeboten?,fully_answerable,1,"[""PO25CL-GEN-C01-P04-A01""]",0.40173302927520527,0.08707810097992649,0.31465492829527875,"[""PO25CL-GEN-C01-P04-A01"", ""PO25CL-GEN-C01-P04-A02"", ""PO25CL-GEN-C02-P07-A05"", ""PO25CL-GEN-C02-P09-A05"", ""PO25CL-GEN-C03-P15-A07"", ""PO25CL-GEN-C01-P05-A02"", ""PO25CL-GEN-C03-P11-A04"", ""PO25CL-GEN-C01-P04-A05"", ""PO25CL-GEN-C01-P04-A04"", ""PO25CL-GEN-C01-P04-A03""]","[0.40173302927520527, 0.08707810097992649, 0.05826733867800289, 0.045294394005701885, 0.04016146644658458, 0.03958266195119981, 0.03915079504370252, 0.033582331905538665, 0.032841417439392354, 0.027808809160560083]",[1],1.0,1.0,1.0,1.0,0.40173302927520527,0.40173302927520527,0.08707810097992649,0.31465492829527875,0.31465492829527875,1.0,1.0,1.0,1.0,1.0,1.0,1.0,1.0,1.0,1.0,1.0,1.0,1.0,1.0,1.0
Q0039,Tragen mehrere Fächer zu einem integrierten Studiengang bei?,fully_answerable,1,"[""PO25CL-GEN-C01-P04-A02""]",0.25851323421921024,0.13749561749061645,0.12101761672859379,"[""PO25CL-GEN-C01-P04-A02"", ""PO25CL-GEN-C01-P04-A03"", ""PO25CL-GEN-C03-P11-A03"", ""PO25CL-GEN-C03-P14-A01"", ""PO25CL-GEN-C01-P05-A02"", ""PO25CL-GEN-C03-P14-A09"", ""PO25CL-APP-R01"", ""PO25CL-GEN-C03-P18-A05"", ""PO25CL-GEN-C02-P09-A04"", ""PO25CL-GEN-C01-P04-A04""]","[0.25851323421921024, 0.13749561749061645, 0.04870139427131966, 0.03853379460263152, 0.03541929287524835, 0.03416623928041926, 0.034046516577120906, 0.03206544807663571, 0.031121529720245667, 0.029388375238411073]",[1],1.0,1.0,1.0,1.0,0.25851323421921024,0.25851323421921024,0.13749561749061645,0.12101761672859379,0.12101761672859379,1.0,1.0,1.0,1.0,1.0,1.0,1.0,1.0,1.0,1.0,1.0,1.0,1.0,1.0,1.0
Q0040,Kann ein integrierter Studiengang einen Profilbildungsbereich enthalten?,fully_answerable,1,"[""PO25CL-GEN-C01-P04-A02""]",0.4542583633207754,0.14143367453076253,0.3128246887900129,"[""PO25CL-APP-R01"", ""PO25CL-PLAN-S02-PBB"", ""PO25CL-PLAN-S03-PBB"", ""PO25CL-PLAN-S04-PBB"", ""PO25CL-PLAN-S05-PBB"", ""PO25CL-PLAN-S06-PBB"", ""PO25CL-APP-R07-M17"", ""PO25CL-PLAN-S01-PBB"", ""PO25CL-APP-R05"", ""PO25CL-GEN-C04-P29-U01""]","[0.4542583633207754, 0.14143367453076253, 0.14143367453076253, 0.14143367453076253, 0.14143367453076253, 0.14143367453076253, 0.08002998351163755, 0.0800083215169477, 0.07000068836822465, 0.05977644384338208]",[83],83.0,83.0,83.0,0.012048192771084338,0.008844961249138075,0.008844961249138075,0.4542583633207754,-0.4454134020716373,-0.4454134020716373,0.0,0.0,0.0,0.0,0.0,0.0,0.0,0.0,0.0,0.0,0.0,0.0,0.0,0.0,0.0
Q0041,Welches Fach bildet den ersten Bestandteil eines Kern- und Ergänzungsfachstudiengangs?,fully_answerable,1,"[""PO25CL-GEN-C01-P04-A02""]",0.11207319526100003,0.10718962129536316,0.004883573965636864,"[""PO25CL-GEN-C01-P04-A02"", ""PO25CL-GEN-C03-P15-A02"", ""PO25CL-GEN-C01-P04-A01"", ""PO25CL-GEN-C03-P14-A07"", ""PO25CL-GEN-C03-P18-A06"", ""PO25CL-GEN-C01-P04-A05"", ""PO25CL-GEN-C04-P24-A01"", ""PO25CL-GEN-C01-P01-A01"", ""PO25CL-GEN-C03-P22-U01"", ""PO25CL-GEN-C03-P19-A07""]","[0.11207319526100003, 0.10718962129536316, 0.10364006753177342, 0.06645970485226521, 0.06241075960549159, 0.06058485454377572, 0.057800404128682835, 0.05335018002503041, 0.05198477409500693, 0.042949826410729745]",[1],1.0,1.0,1.0,1.0,0.11207319526100003,0.11207319526100003,0.10718962129536316,0.004883573965636864,0.004883573965636864,1.0,1.0,1.0,1.0,1.0,1.0,1.0,1.0,1.0,1.0,1.0,1.0,1.0,1.0,1.0
Q0042,Welches Fach bildet den zweiten fachlichen Bestandteil eines Kern- und Ergänzungsfachstudiengangs?,fully_answerable,1,"[""PO25CL-GEN-C01-P04-A02""]",0.10810682682821177,0.10339608681784294,0.004710740010368822,"[""PO25CL-GEN-C01-P04-A02"", ""PO25CL-GEN-C03-P15-A02"", ""PO25CL-GEN-C01-P04-A01"", ""PO25CL-GEN-C03-P14-A07"", ""PO25CL-GEN-C01-P04-A05"", ""PO25CL-GEN-C04-P24-A01"", ""PO25CL-GEN-C01-P01-A01"", ""PO25CL-GEN-C03-P22-U01"", ""PO25CL-GEN-C03-P18-A06"", ""PO25CL-GEN-C03-P19-A07""]","[0.10810682682821177, 0.10339608681784294, 0.09997215486744056, 0.06410763775214764, 0.05844070353596446, 0.055754797257169, 0.05146207047803252, 0.050144987458462124, 0.04302811187750782, 0.04142979447738007]",[1],1.0,1.0,1.0,1.0,0.10810682682821177,0.10810682682821177,0.10339608681784294,0.004710740010368822,0.004710740010368822,1.0,1.0,1.0,1.0,1.0,1.0,1.0,1.0,1.0,1.0,1.0,1.0,1.0,1.0,1.0
Q0043,Welcher Bereich gehört zusätzlich zum Kern- und Ergänzungsfachstudiengang?,fully_answerable,1,"[""PO25CL-GEN-C01-P04-A02""]",0.1463031270988423,0.13154375526096276,0.014759371837879537,"[""PO25CL-GEN-C01-P04-A05"", ""PO25CL-GEN-C01-P04-A02"", ""PO25CL-GEN-C03-P21-A03"", ""PO25CL-GEN-C01-P04-A01"", ""PO25CL-APP-R07-M17"", ""PO25CL-GEN-C03-P18-A08"", ""PO25CL-GEN-C03-P18-A06"", ""PO25CL-GEN-C03-P15-A02"", ""PO25CL-PLAN-S02-PBB"", ""PO25CL-PLAN-S03-PBB""]","[0.1463031270988423, 0.13154375526096276, 0.09046590558351812, 0.07484090597971017, 0.04865702169626823, 0.03904844396418336, 0.032211598117285405, 0.032115905655062005, 0.02908496917533169, 0.02908496917533169]",[2],2.0,2.0,2.0,0.5,0.13154375526096276,0.13154375526096276,0.1463031270988423,-0.014759371837879537,-0.014759371837879537,0.0,0.0,0.0,1.0,1.0,1.0,1.0,1.0,1.0,1.0,1.0,1.0,1.0,1.0,1.0
Q0044,Kann Kommunikations- und Medienwissenschaft als Ergänzungsfach gewählt werden?,fully_answerable,1,"[""PO25CL-GEN-C01-P04-A05""]",0.29670700627082036,0.11258162768228921,0.18412537858853115,"[""PO25CL-GEN-C01-P04-A05"", ""PO25CL-GEN-C01-P04-A04"", ""PO25CL-GEN-C01-P01-A01"", ""PO25CL-GEN-C01-P03-A02"", ""PO25CL-GEN-C03-P19-A05"", ""PO25CL-GEN-C04-P24-A01"", ""PO25CL-GEN-C03-P17-A05"", ""PO25CL-GEN-C01-P05-A02"", ""PO25CL-GEN-C03-P19-A03"", ""PO25CL-GEN-C02-P09-A01""]","[0.29670700627082036, 0.11258162768228921, 0.058217928619874126, 0.04918246639170351, 0.041185834882942834, 0.03838043135816425, 0.031916101698633445, 0.03034457738000956, 0.02963499983813828, 0.028084719026483615]",[1],1.0,1.0,1.0,1.0,0.29670700627082036,0.29670700627082036,0.11258162768228921,0.18412537858853115,0.18412537858853115,1.0,1.0,1.0,1.0,1.0,1.0,1.0,1.0,1.0,1.0,1.0,1.0,1.0,1.0,1.0
Q0045,Zu welcher Studiengangsform gehört Linguistik (integrativ)?,fully_answerable,1,"[""PO25CL-GEN-C01-P04-A03""]",0.20687112063317026,0.08186809670155389,0.12500302393161639,"[""PO25CL-GEN-C01-P04-A03"", ""PO25CL-APP-R07-M08"", ""PO25CL-APP-R07-M04"", ""PO25CL-APP-R07-M05"", ""PO25CL-PLAN-S01-M04"", ""PO25CL-PLAN-S02-M03"", ""PO25CL-PLAN-S03-M03"", ""PO25CL-PLAN-INTRO"", ""PO25CL-GEN-C03-P12-A03"", ""PO25CL-GEN-C04-P28-A03""]","[0.20687112063317026, 0.08186809670155389, 0.06534266065003153, 0.06534266065003153, 0.05175473312784261, 0.05175473312784261, 0.05137907398276927, 0.036073778521743316, 0.03381505166622085, 0.023332560296490862]",[1],1.0,1.0,1.0,1.0,0.20687112063317026,0.20687112063317026,0.08186809670155389,0.12500302393161639,0.12500302393161639,1.0,1.0,1.0,1.0,1.0,1.0,1.0,1.0,1.0,1.0,1.0,1.0,1.0,1.0,1.0
Q0046,Zu welcher Studiengangsform gehört Philosophie (integrativ)?,fully_answerable,1,"[""PO25CL-GEN-C01-P04-A03""]",0.21763133213262048,0.045609655413072964,0.17202167671954752,"[""PO25CL-GEN-C01-P04-A03"", ""PO25CL-GEN-C01-P04-A04"", ""PO25CL-PLAN-INTRO"", ""PO25CL-GEN-C03-P12-A03"", ""PO25CL-GEN-C04-P28-A03"", ""PO25CL-GEN-C02-P07-A02"", ""PO25CL-GEN-C03-P17-A06"", ""PO25CL-GEN-C03-P18-A06"", ""PO25CL-GEN-C03-P14-A10"", ""PO25CL-GEN-C04-P26-U01""]","[0.21763133213262048, 0.045609655413072964, 0.034888833825422204, 0.03270430120509127, 0.022566136741546238, 0.017697447489364696, 0.017647289684547342, 0.01531629999410203, 0.013809559691518175, 0.013691374995724932]",[1],1.0,1.0,1.0,1.0,0.21763133213262048,0.21763133213262048,0.045609655413072964,0.17202167671954752,0.17202167671954752,1.0,1.0,1.0,1.0,1.0,1.0,1.0,1.0,1.0,1.0,1.0,1.0,1.0,1.0,1.0
Q0047,"Zu welcher Studiengangsform gehört Sozialwissenschaften – Medien, Politik, Gesellschaft?",fully_answerable,1,"[""PO25CL-GEN-C01-P04-A03""]",0.3274155507380955,0.023654789143318148,0.30376076159477733,"[""PO25CL-GEN-C01-P04-A03"", ""PO25CL-PLAN-INTRO"", ""PO25CL-GEN-C03-P12-A03"", ""PO25CL-GEN-C01-P04-A05"", ""PO25CL-GEN-C04-P28-A03"", ""PO25CL-GEN-C02-P07-A02"", ""PO25CL-GEN-C03-P17-A06"", ""PO25CL-GEN-C03-P14-A07"", ""PO25CL-GEN-C03-P18-A06"", ""PO25CL-GEN-C03-P14-A10""]","[0.3274155507380955, 0.023654789143318148, 0.022173666020395794, 0.020957867708794164, 0.015299944075849347, 0.011998950461646767, 0.011964943240230794, 0.01155226279797621, 0.010384521552918491, 0.009362944726083147]",[1],1.0,1.0,1.0,1.0,0.3274155507380955,0.3274155507380955,0.023654789143318148,0.30376076159477733,0.30376076159477733,1.0,1.0,1.0,1.0,1.0,1.0,1.0,1.0,1.0,1.0,1.0,1.0,1.0,1.0,1.0
Q0048,Kann Anglistik und Amerikanistik als Kernfach gewählt werden?,fully_answerable,1,"[""PO25CL-GEN-C01-P04-A04""]",0.2782429554387708,0.1515953631304759,0.12664759230829492,"[""PO25CL-GEN-C01-P04-A04"", ""PO25CL-GEN-C03-P15-A07"", ""PO25CL-GEN-C01-P04-A05"", ""PO25CL-GEN-C01-P03-A02"", ""PO25CL-GEN-C03-P19-A05"", ""PO25CL-GEN-C04-P24-A01"", ""PO25CL-GEN-C03-P17-A05"", ""PO25CL-GEN-C03-P19-A03"", ""PO25CL-GEN-C02-P09-A01"", ""PO25CL-GEN-C02-P08-U01""]","[0.2782429554387708, 0.1515953631304759, 0.11414430755740373, 0.06272680617480958, 0.04451408359244004, 0.0414819739516509, 0.034495258454653246, 0.03202981956796928, 0.030354259758683205, 0.02896024102724818]",[1],1.0,1.0,1.0,1.0,0.2782429554387708,0.2782429554387708,0.1515953631304759,0.12664759230829492,0.12664759230829492,1.0,1.0,1.0,1.0,1.0,1.0,1.0,1.0,1.0,1.0,1.0,1.0,1.0,1.0,1.0
Q0049,Kann Germanistik. Sprache – Literatur – Kultur als Ergänzungsfach gewählt werden?,fully_answerable,1,"[""PO25CL-GEN-C01-P04-A04""]",0.37247068292449703,0.18544020104588538,0.18703048187861165,"[""PO25CL-GEN-C01-P04-A04"", ""PO25CL-GEN-C01-P04-A05"", ""PO25CL-GEN-C03-P15-A07"", ""PO25CL-GEN-C03-P11-A08"", ""PO25CL-GEN-C01-P03-A02"", ""PO25CL-GEN-C03-P19-A05"", ""PO25CL-GEN-C03-P17-A05"", ""PO25CL-GEN-C04-P24-A01"", ""PO25CL-GEN-C03-P19-A03"", ""PO25CL-GEN-C02-P09-A01""]","[0.37247068292449703, 0.18544020104588538, 0.06920809062039555, 0.04868884720210233, 0.038873878464851554, 0.03262777266850157, 0.026962503309113702, 0.026071680867285077, 0.021780740549882237, 0.02099986290430486]",[1],1.0,1.0,1.0,1.0,0.37247068292449703,0.37247068292449703,0.18544020104588538,0.18703048187861165,0.18703048187861165,1.0,1.0,1.0,1.0,1.0,1.0,1.0,1.0,1.0,1.0,1.0,1.0,1.0,1.0,1.0
Q0050,Kann Geschichte als Kernfach gewählt werden?,fully_answerable,1,"[""PO25CL-GEN-C01-P04-A04""]",0.1748461657036958,0.14364937265757582,0.03119679304611997,"[""PO25CL-GEN-C01-P04-A04"", ""PO25CL-GEN-C01-P04-A05"", ""PO25CL-GEN-C01-P03-A02"", ""PO25CL-GEN-C03-P19-A05"", ""PO25CL-GEN-C03-P17-A05"", ""PO25CL-GEN-C04-P24-A01"", ""PO25CL-GEN-C03-P19-A03"", ""PO25CL-GEN-C02-P09-A01"", ""PO25CL-GEN-C03-P14-A10"", ""PO25CL-GEN-C03-P15-A05""]","[0.1748461657036958, 0.14364937265757582, 0.07993901793189152, 0.056267710553490474, 0.04649775966654768, 0.044961505879915264, 0.03756163245812298, 0.03621498223515339, 0.034837244163013044, 0.03257146369652206]",[1],1.0,1.0,1.0,1.0,0.1748461657036958,0.1748461657036958,0.14364937265757582,0.03119679304611997,0.03119679304611997,1.0,1.0,1.0,1.0,1.0,1.0,1.0,1.0,1.0,1.0,1.0,1.0,1.0,1.0,1.0
Q0051,Kann Jüdische Studien als Ergänzungsfach gewählt werden?,fully_answerable,1,"[""PO25CL-GEN-C01-P04-A04""]",0.23998718813809358,0.17053879764833266,0.06944839048976092,"[""PO25CL-GEN-C01-P04-A04"", ""PO25CL-GEN-C01-P04-A05"", ""PO25CL-GEN-C01-P03-A02"", ""PO25CL-GEN-C03-P19-A05"", ""PO25CL-GEN-C04-P28-A03"", ""PO25CL-GEN-C04-P28-A05"", ""PO25CL-GEN-C03-P17-A05"", ""PO25CL-GEN-C04-P24-A01"", ""PO25CL-GEN-C04-P28-A07"", ""PO25CL-GEN-C04-P28-A06""]","[0.23998718813809358, 0.17053879764833266, 0.05389979815475438, 0.045239385173813845, 0.03939842354260518, 0.03869194903043267, 0.037384319329549956, 0.03614916730195636, 0.033737200081319745, 0.03329184126169109]",[1],1.0,1.0,1.0,1.0,0.23998718813809358,0.23998718813809358,0.17053879764833266,0.06944839048976092,0.06944839048976092,1.0,1.0,1.0,1.0,1.0,1.0,1.0,1.0,1.0,1.0,1.0,1.0,1.0,1.0,1.0
Q0052,Kann Kunstgeschichte als Kernfach gewählt werden?,fully_answerable,1,"[""PO25CL-GEN-C01-P04-A04""]",0.17484616570369582,0.14364937265757582,0.031196793046119997,"[""PO25CL-GEN-C01-P04-A04"", ""PO25CL-GEN-C01-P04-A05"", ""PO25CL-GEN-C01-P03-A02"", ""PO25CL-GEN-C03-P19-A05"", ""PO25CL-GEN-C03-P17-A05"", ""PO25CL-GEN-C04-P24-A01"", ""PO25CL-GEN-C03-P19-A03"", ""PO25CL-GEN-C02-P09-A01"", ""PO25CL-GEN-C03-P14-A10"", ""PO25CL-GEN-C03-P15-A05""]","[0.17484616570369582, 0.14364937265757582, 0.07993901793189152, 0.056267710553490474, 0.04649775966654768, 0.044961505879915264, 0.03756163245812298, 0.03621498223515339, 0.034837244163013044, 0.03257146369652206]",[1],1.0,1.0,1.0,1.0,0.17484616570369582,0.17484616570369582,0.14364937265757582,0.031196793046119997,0.031196793046119997,1.0,1.0,1.0,1.0,1.0,1.0,1.0,1.0,1.0,1.0,1.0,1.0,1.0,1.0,1.0
Q0053,Kann Modernes Japan als Ergänzungsfach gewählt werden?,fully_answerable,1,"[""PO25CL-GEN-C01-P04-A04""]",0.25612848291191587,0.16315791236923904,0.09297057054267682,"[""PO25CL-GEN-C01-P04-A04"", ""PO25CL-GEN-C01-P04-A05"", ""PO25CL-GEN-C01-P03-A02"", ""PO25CL-GEN-C03-P19-A05"", ""PO25CL-GEN-C03-P17-A05"", ""PO25CL-GEN-C04-P24-A01"", ""PO25CL-GEN-C03-P19-A03"", ""PO25CL-GEN-C02-P09-A01"", ""PO25CL-GEN-C03-P14-A10"", ""PO25CL-GEN-C01-P05-A02""]","[0.25612848291191587, 0.16315791236923904, 0.05156702559957955, 0.043281433571779, 0.035766333416588365, 0.03458463852334555, 0.02889261503786169, 0.027856764252454817, 0.02679700052185188, 0.02658962029275272]",[1],1.0,1.0,1.0,1.0,0.25612848291191587,0.25612848291191587,0.16315791236923904,0.09297057054267682,0.09297057054267682,1.0,1.0,1.0,1.0,1.0,1.0,1.0,1.0,1.0,1.0,1.0,1.0,1.0,1.0,1.0
Q0054,Kann Philosophie als Kernfach gewählt werden?,fully_answerable,1,"[""PO25CL-GEN-C01-P04-A04""]",0.1695875902262498,0.1461428451676189,0.023444745058630895,"[""PO25CL-GEN-C01-P04-A04"", ""PO25CL-GEN-C01-P04-A05"", ""PO25CL-GEN-C01-P03-A02"", ""PO25CL-GEN-C03-P19-A05"", ""PO25CL-GEN-C01-P04-A03"", ""PO25CL-GEN-C03-P17-A05"", ""PO25CL-GEN-C04-P24-A01"", ""PO25CL-GEN-C03-P19-A03"", ""PO25CL-GEN-C02-P09-A01"", ""PO25CL-GEN-C03-P14-A10""]","[0.1695875902262498, 0.1461428451676189, 0.08132660313331219, 0.057244408097465393, 0.05231998868164122, 0.0473048699473806, 0.04574194979587273, 0.03821362902611311, 0.036843603585768755, 0.03544195067191788]",[1],1.0,1.0,1.0,1.0,0.1695875902262498,0.1695875902262498,0.1461428451676189,0.023444745058630895,0.023444745058630895,1.0,1.0,1.0,1.0,1.0,1.0,1.0,1.0,1.0,1.0,1.0,1.0,1.0,1.0,1.0
Q0055,Darf ein Kernfach mit sich selbst als Ergänzungsfach kombiniert werden?,fully_answerable,1,"[""PO25CL-GEN-C01-P04-A05""]",0.3085109131186149,0.07525092350689375,0.23325998961172115,"[""PO25CL-GEN-C01-P04-A05"", ""PO25CL-GEN-C01-P03-A02"", ""PO25CL-APP-R09"", ""PO25CL-GEN-C03-P19-A09"", ""PO25CL-GEN-C01-P04-A04"", ""PO25CL-GEN-C03-P18-A04"", ""PO25CL-GEN-C03-P15-A05"", ""PO25CL-GEN-C03-P19-A05"", ""PO25CL-GEN-C03-P19-A06"", ""PO25CL-GEN-C04-P24-A01""]","[0.3085109131186149, 0.07525092350689375, 0.042179903837108915, 0.04164927878350924, 0.037126058567312506, 0.03661684356724531, 0.032641901482075034, 0.03229991846720458, 0.031939819366433746, 0.03166320948302986]",[1],1.0,1.0,1.0,1.0,0.3085109131186149,0.3085109131186149,0.07525092350689375,0.23325998961172115,0.23325998961172115,1.0,1.0,1.0,1.0,1.0,1.0,1.0,1.0,1.0,1.0,1.0,1.0,1.0,1.0,1.0
Q0056,"Als welche Fachart kann Jiddische Kultur, Sprache und Literatur gewählt werden?",fully_answerable,1,"[""PO25CL-GEN-C01-P04-A05""]",0.3169158489840679,0.14496207497170202,0.17195377401236586,"[""PO25CL-GEN-C01-P04-A05"", ""PO25CL-GEN-C01-P04-A04"", ""PO25CL-GEN-C03-P11-A08"", ""PO25CL-GEN-C03-P15-A07"", ""PO25CL-GEN-C03-P19-A05"", ""PO25CL-GEN-C04-P24-A01"", ""PO25CL-GEN-C03-P17-A05"", ""PO25CL-GEN-C03-P19-A03"", ""PO25CL-GEN-C02-P09-A01"", ""PO25CL-GEN-C02-P08-U01""]","[0.3169158489840679, 0.14496207497170202, 0.04943922420698809, 0.0492437778827601, 0.03284329386768269, 0.03060614867823563, 0.025451223950620713, 0.023632178665772344, 0.022395920412921176, 0.02136738824605095]",[1],1.0,1.0,1.0,1.0,0.3169158489840679,0.3169158489840679,0.14496207497170202,0.17195377401236586,0.17195377401236586,1.0,1.0,1.0,1.0,1.0,1.0,1.0,1.0,1.0,1.0,1.0,1.0,1.0,1.0,1.0
Q0057,Als welche Fachart kann Linguistik zusätzlich gewählt werden?,fully_answerable,1,"[""PO25CL-GEN-C01-P04-A05""]",0.153494285475702,0.11131602344923583,0.042178262026466184,"[""PO25CL-GEN-C01-P04-A05"", ""PO25CL-GEN-C01-P04-A04"", ""PO25CL-APP-R07-M08"", ""PO25CL-GEN-C03-P18-A08"", ""PO25CL-APP-R07-M04"", ""PO25CL-APP-R07-M05"", ""PO25CL-GEN-C03-P19-A05"", ""PO25CL-PLAN-S01-M04"", ""PO25CL-PLAN-S02-M03"", ""PO25CL-PLAN-S03-M03""]","[0.153494285475702, 0.11131602344923583, 0.08377247613621869, 0.07420473274701478, 0.0668626327046138, 0.0668626327046138, 0.05386354577328075, 0.052958628825754424, 0.052958628825754424, 0.05257423126389671]",[1],1.0,1.0,1.0,1.0,0.153494285475702,0.153494285475702,0.11131602344923583,0.042178262026466184,0.042178262026466184,1.0,1.0,1.0,1.0,1.0,1.0,1.0,1.0,1.0,1.0,1.0,1.0,1.0,1.0,1.0
Q0058,Dient der Profilbildungsbereich dem Erwerb von Schlüsselqualifikationen?,fully_answerable,1,"[""PO25CL-GEN-C01-P05-A01""]",0.2919754470326963,0.11868582293654718,0.17328962409614912,"[""PO25CL-GEN-C01-P05-A01"", ""PO25CL-GEN-C01-P05-A02"", ""PO25CL-PLAN-S02-PBB"", ""PO25CL-PLAN-S03-PBB"", ""PO25CL-PLAN-S04-PBB"", ""PO25CL-PLAN-S05-PBB"", ""PO25CL-PLAN-S06-PBB"", ""PO25CL-APP-R07-M17"", ""PO25CL-APP-R05"", ""PO25CL-PLAN-S01-PBB""]","[0.2919754470326963, 0.11868582293654718, 0.08300777409488307, 0.08300777409488307, 0.08300777409488307, 0.08300777409488307, 0.08300777409488307, 0.06671632440756259, 0.050631976936163406, 0.03950673034516403]",[1],1.0,1.0,1.0,1.0,0.2919754470326963,0.2919754470326963,0.11868582293654718,0.17328962409614912,0.17328962409614912,1.0,1.0,1.0,1.0,1.0,1.0,1.0,1.0,1.0,1.0,1.0,1.0,1.0,1.0,1.0
Q0059,Welche Grundlagen wissenschaftlichen Arbeitens vermittelt der Profilbildungsbereich?,fully_answerable,1,"[""PO25CL-GEN-C01-P05-A01""]",0.1194106895235642,0.1194106895235642,0.0,"[""PO25CL-PLAN-S02-PBB"", ""PO25CL-PLAN-S03-PBB"", ""PO25CL-PLAN-S04-PBB"", ""PO25CL-PLAN-S05-PBB"", ""PO25CL-PLAN-S06-PBB"", ""PO25CL-GEN-C01-P05-A01"", ""PO25CL-APP-R07-M17"", ""PO25CL-APP-R07-M02"", ""PO25CL-APP-R07-M01"", ""PO25CL-APP-R05""]","[0.1194106895235642, 0.1194106895235642, 0.1194106895235642, 0.1194106895235642, 0.1194106895235642, 0.10155863221561057, 0.09597465281840321, 0.07785076749655215, 0.07668487002011017, 0.07283654264692749]",[6],6.0,6.0,6.0,0.16666666666666666,0.10155863221561057,0.10155863221561057,0.1194106895235642,-0.01785205730795364,-0.01785205730795364,0.0,0.0,0.0,0.0,0.0,0.0,0.0,0.0,0.0,0.0,0.0,0.0,1.0,1.0,1.0
Q0060,Welche Kompetenzen über die gewählten Fächer hinaus vermittelt der Profilbildungsbereich?,fully_answerable,1,"[""PO25CL-GEN-C01-P05-A01""]",0.21267704696829975,0.08321209465227546,0.12946495231602428,"[""PO25CL-GEN-C01-P05-A01"", ""PO25CL-PLAN-S02-PBB"", ""PO25CL-PLAN-S03-PBB"", ""PO25CL-PLAN-S04-PBB"", ""PO25CL-PLAN-S05-PBB"", ""PO25CL-PLAN-S06-PBB"", ""PO25CL-GEN-C04-P24-A02"", ""PO25CL-APP-R07-M17"", ""PO25CL-GEN-C01-P05-A02"", ""PO25CL-GEN-C01-P01-A01""]","[0.21267704696829975, 0.08321209465227546, 0.08321209465227546, 0.08321209465227546, 0.08321209465227546, 0.08321209465227546, 0.06795332627675472, 0.06688054416575709, 0.06471053662076605, 0.05501829943839098]",[1],1.0,1.0,1.0,1.0,0.21267704696829975,0.21267704696829975,0.08321209465227546,0.12946495231602428,0.12946495231602428,1.0,1.0,1.0,1.0,1.0,1.0,1.0,1.0,1.0,1.0,1.0,1.0,1.0,1.0,1.0
Q0061,Nach welchen persönlichen Neigungen können Studierende den Profilbildungsbereich gestalten?,fully_answerable,1,"[""PO25CL-GEN-C01-P05-A01""]",0.21456037508987938,0.10448683905775538,0.110073536032124,"[""PO25CL-GEN-C01-P05-A01"", ""PO25CL-PLAN-S02-PBB"", ""PO25CL-PLAN-S03-PBB"", ""PO25CL-PLAN-S04-PBB"", ""PO25CL-PLAN-S05-PBB"", ""PO25CL-PLAN-S06-PBB"", ""PO25CL-APP-R07-M17"", ""PO25CL-APP-R05"", ""PO25CL-GEN-C04-P30-U01"", ""PO25CL-PLAN-S01-PBB""]","[0.21456037508987938, 0.10448683905775538, 0.10448683905775538, 0.10448683905775538, 0.10448683905775538, 0.10448683905775538, 0.07286485825770461, 0.06373349102528228, 0.061462280281142756, 0.049729479199801335]",[1],1.0,1.0,1.0,1.0,0.21456037508987938,0.21456037508987938,0.10448683905775538,0.110073536032124,0.110073536032124,1.0,1.0,1.0,1.0,1.0,1.0,1.0,1.0,1.0,1.0,1.0,1.0,1.0,1.0,1.0
Q0062,Nach welchen persönlichen Fähigkeiten können Studierende den Profilbildungsbereich gestalten?,fully_answerable,1,"[""PO25CL-GEN-C01-P05-A01""]",0.18750867183610606,0.11896552993267352,0.06854314190343254,"[""PO25CL-GEN-C01-P05-A01"", ""PO25CL-PLAN-S02-PBB"", ""PO25CL-PLAN-S03-PBB"", ""PO25CL-PLAN-S04-PBB"", ""PO25CL-PLAN-S05-PBB"", ""PO25CL-PLAN-S06-PBB"", ""PO25CL-APP-R07-M17"", ""PO25CL-APP-R05"", ""PO25CL-GEN-C04-P30-U01"", ""PO25CL-GEN-C04-P28-A09""]","[0.18750867183610606, 0.11896552993267352, 0.11896552993267352, 0.11896552993267352, 0.11896552993267352, 0.11896552993267352, 0.08296170651028581, 0.07256501012621291, 0.06997907880508271, 0.06699298755381694]",[1],1.0,1.0,1.0,1.0,0.18750867183610606,0.18750867183610606,0.11896552993267352,0.06854314190343254,0.06854314190343254,1.0,1.0,1.0,1.0,1.0,1.0,1.0,1.0,1.0,1.0,1.0,1.0,1.0,1.0,1.0
Q0063,Was können Studierende im Profilbildungsbereich flexibel auf die Semester verteilen?,fully_answerable,1,"[""PO25CL-GEN-C01-P05-A01""]",0.199649208530055,0.19531787643051196,0.004331332099543034,"[""PO25CL-APP-R05"", ""PO25CL-GEN-C01-P05-A01"", ""PO25CL-PLAN-S02-PBB"", ""PO25CL-PLAN-S03-PBB"", ""PO25CL-PLAN-S04-PBB"", ""PO25CL-PLAN-S05-PBB"", ""PO25CL-PLAN-S06-PBB"", ""PO25CL-PLAN-S01-PBB"", ""PO25CL-APP-R07-M17"", ""PO25CL-GEN-C03-P11-A01""]","[0.199649208530055, 0.19531787643051196, 0.11287484192304606, 0.11287484192304606, 0.11287484192304606, 0.11287484192304606, 0.11287484192304606, 0.06446713989830373, 0.06296977656360075, 0.05658315599913727]",[2],2.0,2.0,2.0,0.5,0.19531787643051196,0.19531787643051196,0.199649208530055,-0.004331332099543034,-0.004331332099543034,0.0,0.0,0.0,1.0,1.0,1.0,1.0,1.0,1.0,1.0,1.0,1.0,1.0,1.0,1.0
Q0064,Wie viele ECTS-Leistungspunkte umfasst der Profilbildungsbereich in der Regel?,fully_answerable,1,"[""PO25CL-GEN-C01-P05-A02""]",0.22276078046660586,0.164675510651684,0.05808526981492185,"[""PO25CL-GEN-C01-P02-A03"", ""PO25CL-GEN-C03-P15-A01"", ""PO25CL-GEN-C01-P05-A02"", ""PO25CL-APP-R03"", ""PO25CL-GEN-C01-P02-A02"", ""PO25CL-PLAN-S05-M01"", ""PO25CL-PLAN-LEGEND"", ""PO25CL-GEN-C03-P11-A08"", ""PO25CL-GEN-C03-P21-A01"", ""PO25CL-PLAN-S02-PBB""]","[0.22276078046660586, 0.164675510651684, 0.14324838521178246, 0.13770625447713863, 0.11896698590953822, 0.11859967645227955, 0.11283590576096589, 0.11146754830968003, 0.10937259910823835, 0.09763073921910187]",[3],3.0,3.0,3.0,0.3333333333333333,0.14324838521178246,0.14324838521178246,0.22276078046660586,-0.0795123952548234,-0.0795123952548234,0.0,0.0,0.0,0.0,0.0,0.0,1.0,1.0,1.0,1.0,1.0,1.0,1.0,1.0,1.0
Q0065,In welcher Studiengangsform kann der Profilbildungsbereich reduziert werden?,fully_answerable,1,"[""PO25CL-GEN-C01-P05-A02""]",0.11154501905443424,0.09683198611979706,0.014713032934637188,"[""PO25CL-GEN-C01-P05-A02"", ""PO25CL-PLAN-S02-PBB"", ""PO25CL-PLAN-S03-PBB"", ""PO25CL-PLAN-S04-PBB"", ""PO25CL-PLAN-S05-PBB"", ""PO25CL-PLAN-S06-PBB"", ""PO25CL-APP-R07-M17"", ""PO25CL-GEN-C01-P05-A01"", ""PO25CL-PLAN-INTRO"", ""PO25CL-APP-R05""]","[0.11154501905443424, 0.09683198611979706, 0.09683198611979706, 0.09683198611979706, 0.09683198611979706, 0.09683198611979706, 0.07782733929972008, 0.06737247243840908, 0.0615567793632862, 0.0590642857414326]",[1],1.0,1.0,1.0,1.0,0.11154501905443424,0.11154501905443424,0.09683198611979706,0.014713032934637188,0.014713032934637188,1.0,1.0,1.0,1.0,1.0,1.0,1.0,1.0,1.0,1.0,1.0,1.0,1.0,1.0,1.0
Q0066,Wo müssen Details zu einer Reduzierung des Profilbildungsbereichs angegeben werden?,fully_answerable,1,"[""PO25CL-GEN-C01-P05-A02""]",0.06456609866644206,0.05407214558393865,0.010493953082503407,"[""PO25CL-GEN-C03-P20-A02"", ""PO25CL-GEN-C02-P06-U01"", ""PO25CL-GEN-C03-P14-A06"", ""PO25CL-GEN-C04-P25-A05"", ""PO25CL-GEN-C03-P14-A09"", ""PO25CL-GEN-C03-P18-A05"", ""PO25CL-GEN-C03-P18-A07"", ""PO25CL-GEN-C03-P17-A03"", ""PO25CL-GEN-C03-P14-A05"", ""PO25CL-GEN-C03-P19-A08""]","[0.06456609866644206, 0.05407214558393865, 0.05230117203016494, 0.052096174956777624, 0.04916633678847607, 0.04791185224007584, 0.04313011445769079, 0.040917122097328396, 0.04080040345971215, 0.04063311190992375]",[16],16.0,16.0,16.0,0.0625,0.03725988458881511,0.03725988458881511,0.06456609866644206,-0.02730621407762695,-0.02730621407762695,0.0,0.0,0.0,0.0,0.0,0.0,0.0,0.0,0.0,0.0,0.0,0.0,0.0,0.0,0.0
Q0067,Wie viele ECTS-Leistungspunkte dürfen fachwissenschaftliche Propädeutika pro Studienfach höchstens umfassen?,fully_answerable,1,"[""PO25CL-GEN-C01-P05-A02""]",0.1761638282360754,0.11368356317971667,0.06248026505635873,"[""PO25CL-GEN-C01-P02-A03"", ""PO25CL-APP-R03"", ""PO25CL-GEN-C01-P02-A02"", ""PO25CL-GEN-C01-P05-A02"", ""PO25CL-GEN-C03-P21-A01"", ""PO25CL-PLAN-LEGEND"", ""PO25CL-GEN-C01-P02-A01"", ""PO25CL-GEN-C04-P28-A09"", ""PO25CL-GEN-C03-P13-A02"", ""PO25CL-PLAN-INTRO""]","[0.1761638282360754, 0.11368356317971667, 0.09260667181635938, 0.08973003874796406, 0.08300224764344398, 0.07232838174648204, 0.06159901819599715, 0.04607272194422127, 0.04237093424458832, 0.04081624305670052]",[4],4.0,4.0,4.0,0.25,0.08973003874796406,0.08973003874796406,0.1761638282360754,-0.08643378948811134,-0.08643378948811134,0.0,0.0,0.0,0.0,0.0,0.0,0.0,0.0,0.0,1.0,1.0,1.0,1.0,1.0,1.0
Q0068,Welche zentrale Einrichtung der HHU kann Angebote für den Profilbildungsbereich bereitstellen?,fully_answerable,1,"[""PO25CL-GEN-C01-P05-A02""]",0.13678923315720018,0.1143290761119776,0.022460157045222584,"[""PO25CL-GEN-C01-P05-A03"", ""PO25CL-GEN-C03-P17-A04"", ""PO25CL-PLAN-S02-PBB"", ""PO25CL-PLAN-S03-PBB"", ""PO25CL-PLAN-S04-PBB"", ""PO25CL-PLAN-S05-PBB"", ""PO25CL-PLAN-S06-PBB"", ""PO25CL-APP-R07-M17"", ""PO25CL-APP-R05"", ""PO25CL-GEN-C03-P14-A10""]","[0.13678923315720018, 0.1143290761119776, 0.10662101210741537, 0.10662101210741537, 0.10662101210741537, 0.10662101210741537, 0.10662101210741537, 0.08569513048609118, 0.06503526548925778, 0.06038068142675244]",[21],21.0,21.0,21.0,0.047619047619047616,0.0405721842889355,0.0405721842889355,0.13678923315720018,-0.09621704886826468,-0.09621704886826468,0.0,0.0,0.0,0.0,0.0,0.0,0.0,0.0,0.0,0.0,0.0,0.0,0.0,0.0,0.0
Q0069,Können Angebote zur Vorbereitung auf die Berufswelt zum Profilbildungsbereich gehören?,fully_answerable,1,"[""PO25CL-GEN-C01-P05-A02""]",0.15215443399967288,0.09949857834161732,0.052655855658055556,"[""PO25CL-GEN-C01-P05-A02"", ""PO25CL-GEN-C01-P05-A03"", ""PO25CL-PLAN-S02-PBB"", ""PO25CL-PLAN-S03-PBB"", ""PO25CL-PLAN-S04-PBB"", ""PO25CL-PLAN-S05-PBB"", ""PO25CL-PLAN-S06-PBB"", ""PO25CL-GEN-C02-P09-A02"", ""PO25CL-GEN-C04-P31-A02"", ""PO25CL-APP-R07-M17""]","[0.15215443399967288, 0.09949857834161732, 0.07244226810066606, 0.07244226810066606, 0.07244226810066606, 0.07244226810066606, 0.07244226810066606, 0.05535801991780079, 0.05472980360378893, 0.05051828196375972]",[1],1.0,1.0,1.0,1.0,0.15215443399967288,0.15215443399967288,0.09949857834161732,0.052655855658055556,0.052655855658055556,1.0,1.0,1.0,1.0,1.0,1.0,1.0,1.0,1.0,1.0,1.0,1.0,1.0,1.0,1.0
Q0070,Können Module aus nicht gewählten Fächern zum Profilbildungsbereich gehören?,fully_answerable,1,"[""PO25CL-GEN-C01-P05-A02""]",0.12489811821768954,0.12356246305123182,0.0013356551664577138,"[""PO25CL-GEN-C01-P05-A01"", ""PO25CL-GEN-C01-P05-A02"", ""PO25CL-PLAN-S02-PBB"", ""PO25CL-PLAN-S03-PBB"", ""PO25CL-PLAN-S04-PBB"", ""PO25CL-PLAN-S05-PBB"", ""PO25CL-PLAN-S06-PBB"", ""PO25CL-APP-R07-M17"", ""PO25CL-PLAN-S01-PBB"", ""PO25CL-APP-R05""]","[0.12489811821768954, 0.12356246305123182, 0.11439595756262959, 0.11439595756262959, 0.11439595756262959, 0.11439595756262959, 0.11439595756262959, 0.091619394151156, 0.062419072967845914, 0.05955892341153633]",[2],2.0,2.0,2.0,0.5,0.12356246305123182,0.12356246305123182,0.12489811821768954,-0.0013356551664577138,-0.0013356551664577138,0.0,0.0,0.0,1.0,1.0,1.0,1.0,1.0,1.0,1.0,1.0,1.0,1.0,1.0,1.0
Q0071,Können weitere Leistungen aus dem Ergänzungsfach zum Profilbildungsbereich gehören?,fully_answerable,1,"[""PO25CL-GEN-C01-P05-A02""]",0.1200593135220982,0.09232679844324959,0.027732515078848607,"[""PO25CL-GEN-C01-P05-A02"", ""PO25CL-PLAN-S02-PBB"", ""PO25CL-PLAN-S03-PBB"", ""PO25CL-PLAN-S04-PBB"", ""PO25CL-PLAN-S05-PBB"", ""PO25CL-PLAN-S06-PBB"", ""PO25CL-GEN-C01-P03-A02"", ""PO25CL-GEN-C03-P18-A06"", ""PO25CL-APP-R07-M17"", ""PO25CL-GEN-C01-P04-A05""]","[0.1200593135220982, 0.09232679844324959, 0.09232679844324959, 0.09232679844324959, 0.09232679844324959, 0.09232679844324959, 0.06808881493451027, 0.06720618844846957, 0.06438494209051981, 0.05642926787507302]",[1],1.0,1.0,1.0,1.0,0.1200593135220982,0.1200593135220982,0.09232679844324959,0.027732515078848607,0.027732515078848607,1.0,1.0,1.0,1.0,1.0,1.0,1.0,1.0,1.0,1.0,1.0,1.0,1.0,1.0,1.0
Q0072,Kann ein fakultatives Berufsfeldpraktikum zum Profilbildungsbereich gehören?,fully_answerable,1,"[""PO25CL-GEN-C01-P05-A02""]",0.12046693343850404,0.11584420001670753,0.004622733421796504,"[""PO25CL-GEN-C01-P05-A02"", ""PO25CL-GEN-C02-P09-A01"", ""PO25CL-PLAN-S02-PBB"", ""PO25CL-PLAN-S03-PBB"", ""PO25CL-PLAN-S04-PBB"", ""PO25CL-PLAN-S05-PBB"", ""PO25CL-PLAN-S06-PBB"", ""PO25CL-GEN-C02-P09-A04"", ""PO25CL-APP-R07-M17"", ""PO25CL-APP-R05""]","[0.12046693343850404, 0.11584420001670753, 0.09437199826876917, 0.09437199826876917, 0.09437199826876917, 0.09437199826876917, 0.09437199826876917, 0.08506422465443418, 0.06581118100002299, 0.05756377510258433]",[1],1.0,1.0,1.0,1.0,0.12046693343850404,0.12046693343850404,0.11584420001670753,0.004622733421796504,0.004622733421796504,1.0,1.0,1.0,1.0,1.0,1.0,1.0,1.0,1.0,1.0,1.0,1.0,1.0,1.0,1.0
Q0073,Wie werden Angebote des Profilbildungsbereichs angekündigt?,fully_answerable,1,"[""PO25CL-GEN-C01-P05-A03""]",0.3684052468641104,0.05920825178097438,0.30919699508313603,"[""PO25CL-GEN-C01-P05-A03"", ""PO25CL-GEN-C04-P31-A02"", ""PO25CL-PLAN-INTRO"", ""PO25CL-GEN-C03-P15-A07"", ""PO25CL-FRONT-PREAMBLE"", ""PO25CL-GEN-C03-P15-A05"", ""PO25CL-GEN-C02-P09-A03"", ""PO25CL-GEN-C03-P18-A03"", ""PO25CL-GEN-C03-P18-A06"", ""PO25CL-GEN-C03-P15-A04""]","[0.3684052468641104, 0.05920825178097438, 0.026176485173255975, 0.02602476481543453, 0.025105517760559797, 0.024714985866512298, 0.023944583083707057, 0.02298736194332507, 0.02255219143981664, 0.0208496502840981]",[1],1.0,1.0,1.0,1.0,0.3684052468641104,0.3684052468641104,0.05920825178097438,0.30919699508313603,0.30919699508313603,1.0,1.0,1.0,1.0,1.0,1.0,1.0,1.0,1.0,1.0,1.0,1.0,1.0,1.0,1.0
Q0074,In welcher Studienform ist die Lehre organisiert?,fully_answerable,1,"[""PO25CL-GEN-C02-P06-U01""]",0.16259209114135048,0.08131277457012083,0.08127931657122965,"[""PO25CL-GEN-C02-P06-U01"", ""PO25CL-PLAN-INTRO"", ""PO25CL-GEN-C04-P31-A01"", ""PO25CL-GEN-C03-P22-U01"", ""PO25CL-GEN-C02-P08-U01"", ""PO25CL-GEN-C03-P14-A09"", ""PO25CL-GEN-C03-P19-A09"", ""PO25CL-GEN-C02-P09-A05"", ""PO25CL-GEN-C03-P11-A08"", ""PO25CL-GEN-C03-P18-A03""]","[0.16259209114135048, 0.08131277457012083, 0.058716879817305875, 0.05534903791903149, 0.05341976073714262, 0.04860544042648185, 0.04677326652218138, 0.0451066949417832, 0.043207107851360706, 0.043005800977256904]",[1],1.0,1.0,1.0,1.0,0.16259209114135048,0.16259209114135048,0.08131277457012083,0.08127931657122965,0.08127931657122965,1.0,1.0,1.0,1.0,1.0,1.0,1.0,1.0,1.0,1.0,1.0,1.0,1.0,1.0,1.0
Q0075,Müssen Studierende Pflichtveranstaltungen belegen?,fully_answerable,1,"[""PO25CL-GEN-C02-P06-U01""]",0.13090029290600316,0.04875783554868944,0.08214245735731372,"[""PO25CL-GEN-C02-P06-U01"", ""PO25CL-GEN-C02-P07-A02"", ""PO25CL-GEN-C04-P30-U01"", ""PO25CL-GEN-C04-P25-A05"", ""PO25CL-GEN-C03-P17-A03"", ""PO25CL-GEN-C03-P12-A01"", ""PO25CL-GEN-C03-P15-A09"", ""PO25CL-GEN-C03-P17-A02"", ""PO25CL-PLAN-INTRO"", ""PO25CL-GEN-C04-P27-A01-02""]","[0.13090029290600316, 0.04875783554868944, 0.04730318148645352, 0.04235061187479166, 0.034322191296275666, 0.030697109284061014, 0.029622774602745188, 0.02780672000563771, 0.027269411938038866, 0.024714670573659413]",[1],1.0,1.0,1.0,1.0,0.13090029290600316,0.13090029290600316,0.04875783554868944,0.08214245735731372,0.08214245735731372,1.0,1.0,1.0,1.0,1.0,1.0,1.0,1.0,1.0,1.0,1.0,1.0,1.0,1.0,1.0
Q0076,Müssen Studierende Wahlpflichtveranstaltungen einschließlich des Profilbildungsbereichs belegen?,fully_answerable,1,"[""PO25CL-GEN-C02-P06-U01""]",0.3077365602385944,0.026730346015133216,0.28100621422346117,"[""PO25CL-GEN-C02-P06-U01"", ""PO25CL-GEN-C02-P07-A02"", ""PO25CL-GEN-C04-P30-U01"", ""PO25CL-GEN-C04-P25-A05"", ""PO25CL-GEN-C04-P27-A01-02"", ""PO25CL-GEN-C03-P12-A01"", ""PO25CL-GEN-C03-P15-A09"", ""PO25CL-GEN-C03-P17-A03"", ""PO25CL-FRONT-PREAMBLE"", ""PO25CL-GEN-C02-P08-U01""]","[0.3077365602385944, 0.026730346015133216, 0.025932865856748085, 0.023217735090708288, 0.022738463467424704, 0.020633496430428153, 0.01991136717040935, 0.018816340779337613, 0.018252812064807996, 0.015962972893016826]",[1],1.0,1.0,1.0,1.0,0.3077365602385944,0.3077365602385944,0.026730346015133216,0.28100621422346117,0.28100621422346117,1.0,1.0,1.0,1.0,1.0,1.0,1.0,1.0,1.0,1.0,1.0,1.0,1.0,1.0,1.0
Q0077,Sind Studienleistungen in allen Lehrveranstaltungen obligatorisch?,fully_answerable,1,"[""PO25CL-GEN-C02-P07-A01""]",0.30591517493523696,0.0700095618527562,0.23590561308248076,"[""PO25CL-GEN-C02-P07-A01"", ""PO25CL-GEN-C04-P31-A01"", ""PO25CL-GEN-C02-P07-A04"", ""PO25CL-GEN-C02-P08-U01"", ""PO25CL-GEN-C02-P07-A02"", ""PO25CL-GEN-C01-P05-A02"", ""PO25CL-GEN-C02-P07-A03"", ""PO25CL-GEN-C03-P11-A02"", ""PO25CL-GEN-C04-P28-A06"", ""PO25CL-GEN-C03-P12-A02""]","[0.30591517493523696, 0.0700095618527562, 0.06810847811557809, 0.06492946784996187, 0.05397989857226425, 0.05178775999688845, 0.046085953793474244, 0.040909421234442196, 0.03864344250902578, 0.035712058594345314]",[1],1.0,1.0,1.0,1.0,0.30591517493523696,0.30591517493523696,0.0700095618527562,0.23590561308248076,0.23590561308248076,1.0,1.0,1.0,1.0,1.0,1.0,1.0,1.0,1.0,1.0,1.0,1.0,1.0,1.0,1.0
Q0078,Wodurch werden Studienleistungen im Sinne der Prüfungsordnung erbracht?,fully_answerable,1,"[""PO25CL-GEN-C02-P07-A01""]",0.23035367783757768,0.08617315241808353,0.14418052541949417,"[""PO25CL-GEN-C02-P07-A01"", ""PO25CL-GEN-C04-P24-A02"", ""PO25CL-GEN-C03-P12-A02"", ""PO25CL-GEN-C01-P02-A01"", ""PO25CL-GEN-C03-P11-A07"", ""PO25CL-GEN-C01-P05-A02"", ""PO25CL-GEN-C04-P27-A01-02"", ""PO25CL-GEN-C04-P28-A03"", ""PO25CL-GEN-C02-P07-A02"", ""PO25CL-GEN-C03-P19-A04""]","[0.23035367783757768, 0.08617315241808353, 0.08094405533044925, 0.07996519705579037, 0.07589645018349689, 0.07285542689901905, 0.05409238316838154, 0.05280960557159598, 0.051328068621064114, 0.0511169687192299]",[1],1.0,1.0,1.0,1.0,0.23035367783757768,0.23035367783757768,0.08617315241808353,0.14418052541949417,0.14418052541949417,1.0,1.0,1.0,1.0,1.0,1.0,1.0,1.0,1.0,1.0,1.0,1.0,1.0,1.0,1.0
Q0079,An welchen Inhalten sind Studienleistungen ausgerichtet?,fully_answerable,1,"[""PO25CL-GEN-C02-P07-A01""]",0.25766633576917936,0.07421523848122252,0.18345109728795683,"[""PO25CL-GEN-C02-P07-A01"", ""PO25CL-GEN-C02-P07-A02"", ""PO25CL-GEN-C02-P07-A04"", ""PO25CL-GEN-C01-P05-A02"", ""PO25CL-GEN-C03-P12-A01"", ""PO25CL-GEN-C04-P28-A03"", ""PO25CL-GEN-C04-P28-A01"", ""PO25CL-GEN-C03-P19-A01"", ""PO25CL-GEN-C02-P07-A05"", ""PO25CL-GEN-C04-P28-A06""]","[0.25766633576917936, 0.07421523848122252, 0.06748814712640178, 0.0657793978235842, 0.06510159178870167, 0.05926639792280572, 0.05553460861078733, 0.04622716470013741, 0.04582549233810134, 0.04193990522779474]",[1],1.0,1.0,1.0,1.0,0.25766633576917936,0.25766633576917936,0.07421523848122252,0.18345109728795683,0.18345109728795683,1.0,1.0,1.0,1.0,1.0,1.0,1.0,1.0,1.0,1.0,1.0,1.0,1.0,1.0,1.0
Q0080,An welchen Kompetenzen sind Studienleistungen ausgerichtet?,fully_answerable,1,"[""PO25CL-GEN-C02-P07-A01""]",0.2602368278441475,0.08532287595857438,0.1749139518855731,"[""PO25CL-GEN-C02-P07-A01"", ""PO25CL-GEN-C04-P28-A03"", ""PO25CL-GEN-C02-P07-A02"", ""PO25CL-GEN-C02-P07-A04"", ""PO25CL-GEN-C01-P05-A02"", ""PO25CL-GEN-C03-P12-A01"", ""PO25CL-GEN-C04-P28-A01"", ""PO25CL-GEN-C03-P14-A07"", ""PO25CL-GEN-C03-P19-A01"", ""PO25CL-GEN-C02-P07-A05""]","[0.2602368278441475, 0.08532287595857438, 0.0677318422849098, 0.06159242536723484, 0.060032951320510966, 0.05941435799124425, 0.050683140400225785, 0.04559730875281827, 0.042188788890578796, 0.0418222063715114]",[1],1.0,1.0,1.0,1.0,0.2602368278441475,0.2602368278441475,0.08532287595857438,0.1749139518855731,0.1749139518855731,1.0,1.0,1.0,1.0,1.0,1.0,1.0,1.0,1.0,1.0,1.0,1.0,1.0,1.0,1.0
Q0081,Wodurch wird der Workload von Studienleistungen begrenzt?,fully_answerable,1,"[""PO25CL-GEN-C02-P07-A01""]",0.2612051303670571,0.061168316976392835,0.2000368133906643,"[""PO25CL-GEN-C02-P07-A01"", ""PO25CL-GEN-C03-P21-A03"", ""PO25CL-GEN-C01-P03-A01"", ""PO25CL-GEN-C01-P05-A02"", ""PO25CL-GEN-C02-P07-A02"", ""PO25CL-GEN-C02-P07-A04"", ""PO25CL-GEN-C02-P07-A05"", ""PO25CL-GEN-C02-P07-A03"", ""PO25CL-GEN-C03-P14-A03"", ""PO25CL-GEN-C04-P28-A02""]","[0.2612051303670571, 0.061168316976392835, 0.05768556465789448, 0.04968817834199875, 0.0424395687485152, 0.0394348668821327, 0.036049573506209534, 0.03356007689511417, 0.033013502909316636, 0.032364233018076755]",[1],1.0,1.0,1.0,1.0,0.2612051303670571,0.2612051303670571,0.061168316976392835,0.2000368133906643,0.2000368133906643,1.0,1.0,1.0,1.0,1.0,1.0,1.0,1.0,1.0,1.0,1.0,1.0,1.0,1.0,1.0
Q0082,Werden Studienleistungen benotet?,fully_answerable,1,"[""PO25CL-GEN-C02-P07-A01""]",0.17792002785720898,0.12945358987892175,0.04846643797828723,"[""PO25CL-GEN-C02-P07-A01"", ""PO25CL-GEN-C01-P05-A02"", ""PO25CL-GEN-C02-P07-A04"", ""PO25CL-GEN-C02-P07-A02"", ""PO25CL-GEN-C02-P07-A03"", ""PO25CL-GEN-C02-P07-A05"", ""PO25CL-GEN-C04-P28-A01"", ""PO25CL-GEN-C04-P28-A03"", ""PO25CL-GEN-C04-P28-A02"", ""PO25CL-GEN-C04-P28-A06""]","[0.17792002785720898, 0.12945358987892175, 0.10479886006949843, 0.07984486788388641, 0.06502511981899736, 0.06235048804819819, 0.05319572881866684, 0.04793278427153333, 0.044523938699981655, 0.035551053140204326]",[1],1.0,1.0,1.0,1.0,0.17792002785720898,0.17792002785720898,0.12945358987892175,0.04846643797828723,0.04846643797828723,1.0,1.0,1.0,1.0,1.0,1.0,1.0,1.0,1.0,1.0,1.0,1.0,1.0,1.0,1.0
Q0083,Können Studienleistungen als Prüfungsvoraussetzung bestimmt werden?,fully_answerable,1,"[""PO25CL-GEN-C02-P07-A01""]",0.2921031575796345,0.060150342385847586,0.2319528151937869,"[""PO25CL-GEN-C02-P07-A01"", ""PO25CL-GEN-C02-P07-A04"", ""PO25CL-GEN-C01-P05-A02"", ""PO25CL-GEN-C02-P07-A03"", ""PO25CL-GEN-C03-P14-A01"", ""PO25CL-GEN-C02-P07-A02"", ""PO25CL-GEN-C03-P15-A02"", ""PO25CL-GEN-C04-P28-A06"", ""PO25CL-GEN-C03-P19-A05"", ""PO25CL-GEN-C04-P25-A04""]","[0.2921031575796345, 0.060150342385847586, 0.04372308486381461, 0.03732181073534242, 0.036727875046343644, 0.03507067087265837, 0.03242079377705026, 0.029852454952406765, 0.027994671878508057, 0.02786389358812709]",[1],1.0,1.0,1.0,1.0,0.2921031575796345,0.2921031575796345,0.060150342385847586,0.2319528151937869,0.2319528151937869,1.0,1.0,1.0,1.0,1.0,1.0,1.0,1.0,1.0,1.0,1.0,1.0,1.0,1.0,1.0
Q0084,Wo werden nähere Regelungen zu Studienleistungen getroffen?,fully_answerable,1,"[""PO25CL-GEN-C02-P07-A01""]",0.18191558212948075,0.14434926935984252,0.03756631276963823,"[""PO25CL-GEN-C02-P07-A01"", ""PO25CL-GEN-C02-P07-A03"", ""PO25CL-GEN-C02-P07-A02"", ""PO25CL-GEN-C02-P07-A04"", ""PO25CL-GEN-C01-P05-A02"", ""PO25CL-GEN-C03-P11-A01"", ""PO25CL-GEN-C02-P07-A05"", ""PO25CL-GEN-C04-P28-A03"", ""PO25CL-GEN-C03-P12-A03"", ""PO25CL-GEN-C04-P28-A01""]","[0.18191558212948075, 0.14434926935984252, 0.1144636809781909, 0.10715233054790882, 0.09210253323243621, 0.07054404810646107, 0.06375069443249094, 0.06288459986943018, 0.06066087923915063, 0.0543903465584899]",[1],1.0,1.0,1.0,1.0,0.18191558212948075,0.18191558212948075,0.14434926935984252,0.03756631276963823,0.03756631276963823,1.0,1.0,1.0,1.0,1.0,1.0,1.0,1.0,1.0,1.0,1.0,1.0,1.0,1.0,1.0
Q0085,Wo werden die konkreten Anforderungen einer Studienleistung angekündigt?,fully_answerable,1,"[""PO25CL-GEN-C02-P07-A02""]",0.205978805396356,0.06971860946779168,0.1362601959285643,"[""PO25CL-GEN-C02-P07-A02"", ""PO25CL-GEN-C01-P05-A03"", ""PO25CL-GEN-C03-P18-A01"", ""PO25CL-GEN-C03-P18-A08"", ""PO25CL-PLAN-LEGEND"", ""PO25CL-GEN-C03-P14-A03"", ""PO25CL-GEN-C03-P13-A01"", ""PO25CL-GEN-C03-P13-A02"", ""PO25CL-GEN-C03-P15-A08"", ""PO25CL-GEN-C03-P14-A08""]","[0.205978805396356, 0.06971860946779168, 0.06641329294816255, 0.04897569182304448, 0.04796650247967028, 0.04350153406580391, 0.042229805095746586, 0.04099529070551457, 0.0408165134005139, 0.03471819652046557]",[1],1.0,1.0,1.0,1.0,0.205978805396356,0.205978805396356,0.06971860946779168,0.1362601959285643,0.1362601959285643,1.0,1.0,1.0,1.0,1.0,1.0,1.0,1.0,1.0,1.0,1.0,1.0,1.0,1.0,1.0
Q0086,In welchem System werden die Anforderungen einer Studienleistung veröffentlicht?,fully_answerable,1,"[""PO25CL-GEN-C02-P07-A02""]",0.10155131921751018,0.09254874223109699,0.009002576986413185,"[""PO25CL-GEN-C03-P15-A08"", ""PO25CL-GEN-C03-P18-A01"", ""PO25CL-GEN-C03-P14-A08"", ""PO25CL-GEN-C02-P07-A02"", ""PO25CL-GEN-C01-P02-A01"", ""PO25CL-GEN-C03-P13-A01"", ""PO25CL-GEN-C03-P18-A08"", ""PO25CL-PLAN-LEGEND"", ""PO25CL-GEN-C03-P14-A03"", ""PO25CL-GEN-C03-P12-A02""]","[0.10155131921751018, 0.09254874223109699, 0.08912626715585514, 0.08190479280064851, 0.0739416029613704, 0.07001721199081236, 0.06824896759235295, 0.06684263460905682, 0.065560718586921, 0.0649474127488904]",[4],4.0,4.0,4.0,0.25,0.08190479280064851,0.08190479280064851,0.10155131921751018,-0.019646526416861668,-0.019646526416861668,0.0,0.0,0.0,0.0,0.0,0.0,0.0,0.0,0.0,1.0,1.0,1.0,1.0,1.0,1.0
Q0087,Bis zu welchem Zeitpunkt müssen die Anforderungen einer Studienleistung bekannt gegeben werden?,fully_answerable,1,"[""PO25CL-GEN-C02-P07-A02""]",0.100246966668815,0.07778129423238117,0.022465672436433826,"[""PO25CL-GEN-C02-P06-U01"", ""PO25CL-GEN-C03-P15-A04"", ""PO25CL-GEN-C03-P14-A10"", ""PO25CL-GEN-C03-P14-A08"", ""PO25CL-GEN-C03-P15-A08"", ""PO25CL-GEN-C02-P07-A02"", ""PO25CL-GEN-C03-P13-A02"", ""PO25CL-GEN-C03-P18-A07"", ""PO25CL-GEN-C03-P18-A01"", ""PO25CL-GEN-C03-P19-A08""]","[0.100246966668815, 0.07778129423238117, 0.07693696944355341, 0.07540974473315515, 0.0719391355389223, 0.06448675872547918, 0.06331931519161114, 0.06006566407684462, 0.057800499190655434, 0.05448714127892983]",[6],6.0,6.0,6.0,0.16666666666666666,0.06448675872547918,0.06448675872547918,0.100246966668815,-0.035760207943335814,-0.035760207943335814,0.0,0.0,0.0,0.0,0.0,0.0,0.0,0.0,0.0,0.0,0.0,0.0,1.0,1.0,1.0
Q0088,Welche Zuordnung wird mit der Anmeldung zu einer Lehrveranstaltung verbindlich festgelegt?,fully_answerable,1,"[""PO25CL-GEN-C02-P07-A03""]",0.17093913543422667,0.08014639866693504,0.09079273676729163,"[""PO25CL-GEN-C02-P07-A03"", ""PO25CL-GEN-C01-P03-A05"", ""PO25CL-GEN-C02-P09-A04"", ""PO25CL-GEN-C03-P14-A06"", ""PO25CL-GEN-C03-P20-A02"", ""PO25CL-GEN-C04-P27-A01-02"", ""PO25CL-GEN-C03-P14-A02"", ""PO25CL-GEN-C03-P19-A10"", ""PO25CL-GEN-C03-P14-A05"", ""PO25CL-GEN-C02-P08-U01""]","[0.17093913543422667, 0.08014639866693504, 0.07988583018446925, 0.055097454699896686, 0.05067889957351822, 0.04039509316398067, 0.03970332334162284, 0.036811760324283994, 0.036237956626496814, 0.036236601000570114]",[1],1.0,1.0,1.0,1.0,0.17093913543422667,0.17093913543422667,0.08014639866693504,0.09079273676729163,0.09079273676729163,1.0,1.0,1.0,1.0,1.0,1.0,1.0,1.0,1.0,1.0,1.0,1.0,1.0,1.0,1.0
Q0089,Ist eine nachträgliche Umbuchung einer Studienleistung möglich?,fully_answerable,1,"[""PO25CL-GEN-C02-P07-A03""]",0.18017327105682657,0.17087453055259688,0.009298740504229686,"[""PO25CL-GEN-C02-P07-A03"", ""PO25CL-GEN-C03-P11-A01"", ""PO25CL-GEN-C01-P02-A01"", ""PO25CL-GEN-C03-P18-A02"", ""PO25CL-GEN-C03-P19-A06"", ""PO25CL-GEN-C04-P28-A07"", ""PO25CL-PLAN-LEGEND"", ""PO25CL-GEN-C03-P19-A09"", ""PO25CL-GEN-C03-P14-A09"", ""PO25CL-PLAN-INTRO""]","[0.18017327105682657, 0.17087453055259688, 0.06058486610262445, 0.05648728105121023, 0.05044799659445792, 0.04941640723740892, 0.049292580041119874, 0.04553766976606037, 0.04011146278598474, 0.039169396548729724]",[1],1.0,1.0,1.0,1.0,0.18017327105682657,0.18017327105682657,0.17087453055259688,0.009298740504229686,0.009298740504229686,1.0,1.0,1.0,1.0,1.0,1.0,1.0,1.0,1.0,1.0,1.0,1.0,1.0,1.0,1.0
Q0090,Bleibt die Zuordnung auch bei einer nicht bestandenen Leistung verbindlich?,fully_answerable,1,"[""PO25CL-GEN-C02-P07-A03""]",0.14452422473242982,0.10109842808477833,0.04342579664765149,"[""PO25CL-GEN-C03-P19-A07"", ""PO25CL-GEN-C03-P19-A06"", ""PO25CL-GEN-C03-P18-A01"", ""PO25CL-GEN-C03-P14-A09"", ""PO25CL-GEN-C03-P20-A01"", ""PO25CL-GEN-C03-P15-A09"", ""PO25CL-GEN-C01-P02-A03"", ""PO25CL-GEN-C03-P17-A05"", ""PO25CL-GEN-C02-P07-A03"", ""PO25CL-GEN-C03-P19-A04""]","[0.14452422473242982, 0.10109842808477833, 0.09276504013420142, 0.0843876368676716, 0.07011792305569287, 0.05948304599482088, 0.05719090108520003, 0.04503555581482833, 0.0430929148937049, 0.04191571325446636]",[9],9.0,9.0,9.0,0.1111111111111111,0.0430929148937049,0.0430929148937049,0.14452422473242982,-0.10143130983872492,-0.10143130983872492,0.0,0.0,0.0,0.0,0.0,0.0,0.0,0.0,0.0,0.0,0.0,0.0,1.0,1.0,1.0
Q0091,Kann der fächerspezifische Anhang Ausnahmen von der verbindlichen Zuordnung vorsehen?,fully_answerable,1,"[""PO25CL-GEN-C02-P07-A03""]",0.14011231780712982,0.13233634364036684,0.007775974166762983,"[""PO25CL-GEN-C03-P14-A03"", ""PO25CL-GEN-C02-P07-A01"", ""PO25CL-GEN-C03-P11-A03"", ""PO25CL-GEN-C03-P17-A05"", ""PO25CL-GEN-C01-P05-A02"", ""PO25CL-GEN-C03-P19-A04"", ""PO25CL-GEN-C03-P20-A01"", ""PO25CL-GEN-C01-P03-A01"", ""PO25CL-GEN-C03-P15-A03"", ""PO25CL-GEN-C03-P15-A07""]","[0.14011231780712982, 0.13233634364036684, 0.09150740531730768, 0.06038497223073518, 0.05980862203963515, 0.0598084237922141, 0.05916393778833135, 0.05793020443551811, 0.05361905869541919, 0.05288552357897331]",[23],23.0,23.0,23.0,0.043478260869565216,0.03596902810428783,0.03596902810428783,0.14011231780712982,-0.10414328970284199,-0.10414328970284199,0.0,0.0,0.0,0.0,0.0,0.0,0.0,0.0,0.0,0.0,0.0,0.0,0.0,0.0,0.0
Q0092,Dürfen nach erfolgreichem Abschluss eines Moduls dort weitere Studienleistungen angemeldet werden?,fully_answerable,1,"[""PO25CL-GEN-C02-P07-A04""]",0.16455888048383432,0.0690031890160452,0.09555569146778913,"[""PO25CL-GEN-C02-P07-A04"", ""PO25CL-GEN-C02-P07-A01"", ""PO25CL-GEN-C03-P19-A07"", ""PO25CL-GEN-C01-P05-A02"", ""PO25CL-GEN-C03-P14-A07"", ""PO25CL-GEN-C04-P30-U01"", ""PO25CL-GEN-C03-P10-U01"", ""PO25CL-GEN-C03-P15-A04"", ""PO25CL-APP-R04"", ""PO25CL-GEN-C03-P11-A01""]","[0.16455888048383432, 0.0690031890160452, 0.0646395900222343, 0.0608997005077422, 0.05883253554113181, 0.04743914198656986, 0.04290341818705682, 0.04212016457483186, 0.04107185531597704, 0.038658465824406525]",[1],1.0,1.0,1.0,1.0,0.16455888048383432,0.16455888048383432,0.0690031890160452,0.09555569146778913,0.09555569146778913,1.0,1.0,1.0,1.0,1.0,1.0,1.0,1.0,1.0,1.0,1.0,1.0,1.0,1.0,1.0
Q0093,Kann eine Anwesenheitspflicht für ein gesamtes Modul vorgeschrieben werden?,fully_answerable,1,"[""PO25CL-GEN-C02-P08-U01""]",0.2238910460041709,0.05978502109250672,0.16410602491166418,"[""PO25CL-GEN-C02-P08-U01"", ""PO25CL-GEN-C04-P24-A01"", ""PO25CL-GEN-C04-P29-U01"", ""PO25CL-GEN-C03-P12-A02"", ""PO25CL-GEN-C03-P18-A01"", ""PO25CL-GEN-C03-P14-A10"", ""PO25CL-GEN-C02-P09-A01"", ""PO25CL-GEN-C03-P19-A03"", ""PO25CL-GEN-C01-P02-A01"", ""PO25CL-GEN-C03-P14-A09""]","[0.2238910460041709, 0.05978502109250672, 0.057373345849143116, 0.05069101076557327, 0.04906683544525181, 0.045310829796087415, 0.044081228822765536, 0.04264069153404661, 0.04173554644984559, 0.04115443604903098]",[1],1.0,1.0,1.0,1.0,0.2238910460041709,0.2238910460041709,0.05978502109250672,0.16410602491166418,0.16410602491166418,1.0,1.0,1.0,1.0,1.0,1.0,1.0,1.0,1.0,1.0,1.0,1.0,1.0,1.0,1.0
Q0094,Wofür kann regelmäßige Anwesenheit erforderlich sein?,fully_answerable,1,"[""PO25CL-GEN-C02-P08-U01""]",0.14606651014667635,0.04944584489443435,0.096620665252242,"[""PO25CL-GEN-C02-P08-U01"", ""PO25CL-GEN-C03-P15-A06"", ""PO25CL-GEN-C03-P11-A04"", ""PO25CL-GEN-C03-P19-A07"", ""PO25CL-GEN-C03-P15-A02"", ""PO25CL-GEN-C03-P14-A07"", ""PO25CL-GEN-C04-P28-A07"", ""PO25CL-GEN-C03-P19-A03"", ""PO25CL-GEN-C04-P29-U01"", ""PO25CL-GEN-C02-P09-A01""]","[0.14606651014667635, 0.04944584489443435, 0.038362944195484035, 0.03744622659286, 0.03580004270590911, 0.030846322249276324, 0.025692598652615632, 0.024610273907850366, 0.024235840125012252, 0.020611863615772913]",[1],1.0,1.0,1.0,1.0,0.14606651014667635,0.14606651014667635,0.04944584489443435,0.096620665252242,0.096620665252242,1.0,1.0,1.0,1.0,1.0,1.0,1.0,1.0,1.0,1.0,1.0,1.0,1.0,1.0,1.0
Q0095,Gelten für E-Learning-Angebote analoge Regeln?,fully_answerable,1,"[""PO25CL-GEN-C02-P07-A05""]",0.3743233388825236,0.10845266344724483,0.26587067543527876,"[""PO25CL-GEN-C02-P07-A05"", ""PO25CL-GEN-C01-P05-A03"", ""PO25CL-GEN-C02-P09-A05"", ""PO25CL-PLAN-S04-M01"", ""PO25CL-GEN-C04-P31-A02"", ""PO25CL-APP-R08"", ""PO25CL-GEN-C03-P18-A01"", ""PO25CL-APP-R10"", ""PO25CL-GEN-C02-P07-A02"", ""PO25CL-GEN-C03-P14-A10""]","[0.3743233388825236, 0.10845266344724483, 0.071947602460215, 0.04689315037529261, 0.043523132388097685, 0.03628070394558523, 0.03105877293689448, 0.02526371857518386, 0.022992784424800673, 0.022426979171665046]",[1],1.0,1.0,1.0,1.0,0.3743233388825236,0.3743233388825236,0.10845266344724483,0.26587067543527876,0.26587067543527876,1.0,1.0,1.0,1.0,1.0,1.0,1.0,1.0,1.0,1.0,1.0,1.0,1.0,1.0,1.0
Q0096,Gilt eine Anwesenheitspflicht generell für Exkursionen?,fully_answerable,1,"[""PO25CL-GEN-C02-P08-U01""]",0.27046199043263136,0.04457053425179207,0.22589145618083928,"[""PO25CL-GEN-C02-P08-U01"", ""PO25CL-GEN-C03-P18-A01"", ""PO25CL-APP-R08"", ""PO25CL-GEN-C03-P23-U01"", ""PO25CL-GEN-C03-P17-A05"", ""PO25CL-GEN-C04-P29-U01"", ""PO25CL-GEN-C01-P02-A01"", ""PO25CL-GEN-C02-P07-A03"", ""PO25CL-GEN-C04-P24-A02"", ""PO25CL-GEN-C03-P11-A01""]","[0.27046199043263136, 0.04457053425179207, 0.03051898880719416, 0.030217488625872597, 0.029302413532096207, 0.02907007678064321, 0.028685769486185668, 0.025834876837003185, 0.024874737595710454, 0.024501539132376307]",[1],1.0,1.0,1.0,1.0,0.27046199043263136,0.27046199043263136,0.04457053425179207,0.22589145618083928,0.22589145618083928,1.0,1.0,1.0,1.0,1.0,1.0,1.0,1.0,1.0,1.0,1.0,1.0,1.0,1.0,1.0
Q0097,Gilt eine Anwesenheitspflicht generell für Forschungsprojekte?,fully_answerable,1,"[""PO25CL-GEN-C02-P08-U01""]",0.2671633961229061,0.04769916381935121,0.2194642323035549,"[""PO25CL-GEN-C02-P08-U01"", ""PO25CL-GEN-C03-P18-A01"", ""PO25CL-APP-R08"", ""PO25CL-GEN-C03-P23-U01"", ""PO25CL-GEN-C03-P17-A05"", ""PO25CL-GEN-C04-P29-U01"", ""PO25CL-GEN-C01-P02-A01"", ""PO25CL-GEN-C02-P07-A03"", ""PO25CL-GEN-C04-P24-A02"", ""PO25CL-GEN-C03-P11-A01""]","[0.2671633961229061, 0.04769916381935121, 0.032661269853564046, 0.03233860586081995, 0.031359297052034614, 0.031110651417539735, 0.030699367664651697, 0.027648356547384872, 0.026620820312322394, 0.0262214251751867]",[1],1.0,1.0,1.0,1.0,0.2671633961229061,0.2671633961229061,0.04769916381935121,0.2194642323035549,0.2194642323035549,1.0,1.0,1.0,1.0,1.0,1.0,1.0,1.0,1.0,1.0,1.0,1.0,1.0,1.0,1.0
Q0098,Gilt eine Anwesenheitspflicht generell für Praktika?,fully_answerable,1,"[""PO25CL-GEN-C02-P08-U01""]",0.266773450148354,0.04818905929644316,0.21858439085191086,"[""PO25CL-GEN-C02-P08-U01"", ""PO25CL-GEN-C03-P18-A01"", ""PO25CL-APP-R08"", ""PO25CL-GEN-C03-P23-U01"", ""PO25CL-GEN-C03-P17-A05"", ""PO25CL-GEN-C04-P29-U01"", ""PO25CL-GEN-C01-P02-A01"", ""PO25CL-GEN-C03-P19-A01"", ""PO25CL-GEN-C02-P07-A03"", ""PO25CL-GEN-C04-P24-A02""]","[0.266773450148354, 0.04818905929644316, 0.03299671825760608, 0.03267074033610498, 0.03168137351125217, 0.03143017415543423, 0.031014666302285145, 0.030447429567990587, 0.027932319697617176, 0.0268942301254771]",[1],1.0,1.0,1.0,1.0,0.266773450148354,0.266773450148354,0.04818905929644316,0.21858439085191086,0.21858439085191086,1.0,1.0,1.0,1.0,1.0,1.0,1.0,1.0,1.0,1.0,1.0,1.0,1.0,1.0,1.0
Q0099,Gilt eine Anwesenheitspflicht generell für Sprachkurse?,fully_answerable,1,"[""PO25CL-GEN-C02-P08-U01""]",0.2671633961229061,0.04769916381935121,0.2194642323035549,"[""PO25CL-GEN-C02-P08-U01"", ""PO25CL-GEN-C03-P18-A01"", ""PO25CL-APP-R08"", ""PO25CL-GEN-C03-P23-U01"", ""PO25CL-GEN-C03-P17-A05"", ""PO25CL-GEN-C04-P29-U01"", ""PO25CL-GEN-C01-P02-A01"", ""PO25CL-GEN-C02-P07-A03"", ""PO25CL-GEN-C04-P24-A02"", ""PO25CL-GEN-C03-P11-A01""]","[0.2671633961229061, 0.04769916381935121, 0.032661269853564046, 0.03233860586081995, 0.031359297052034614, 0.031110651417539735, 0.030699367664651697, 0.027648356547384872, 0.026620820312322394, 0.0262214251751867]",[1],1.0,1.0,1.0,1.0,0.2671633961229061,0.2671633961229061,0.04769916381935121,0.2194642323035549,0.2194642323035549,1.0,1.0,1.0,1.0,1.0,1.0,1.0,1.0,1.0,1.0,1.0,1.0,1.0,1.0,1.0
Q0100,Gilt eine Anwesenheitspflicht generell für Übungen?,fully_answerable,1,"[""PO25CL-GEN-C02-P08-U01""]",0.2671633961229061,0.04769916381935121,0.2194642323035549,"[""PO25CL-GEN-C02-P08-U01"", ""PO25CL-GEN-C03-P18-A01"", ""PO25CL-APP-R08"", ""PO25CL-GEN-C03-P23-U01"", ""PO25CL-GEN-C03-P17-A05"", ""PO25CL-GEN-C04-P29-U01"", ""PO25CL-GEN-C01-P02-A01"", ""PO25CL-GEN-C02-P07-A03"", ""PO25CL-GEN-C04-P24-A02"", ""PO25CL-GEN-C03-P11-A01""]","[0.2671633961229061, 0.04769916381935121, 0.032661269853564046, 0.03233860586081995, 0.031359297052034614, 0.031110651417539735, 0.030699367664651697, 0.027648356547384872, 0.026620820312322394, 0.0262214251751867]",[1],1.0,1.0,1.0,1.0,0.2671633961229061,0.2671633961229061,0.04769916381935121,0.2194642323035549,0.2194642323035549,1.0,1.0,1.0,1.0,1.0,1.0,1.0,1.0,1.0,1.0,1.0,1.0,1.0,1.0,1.0
Q0101,Bis zu welcher Teilnehmendenzahl können Seminare mit Anwesenheitspflicht belegt werden?,fully_answerable,1,"[""PO25CL-GEN-C02-P08-U01""]",0.21430395447841266,0.0695623501007332,0.14474160437767947,"[""PO25CL-GEN-C02-P08-U01"", ""PO25CL-GEN-C03-P15-A04"", ""PO25CL-GEN-C03-P13-A02"", ""PO25CL-GEN-C03-P14-A10"", ""PO25CL-GEN-C04-P28-A09"", ""PO25CL-GEN-C02-P09-A01"", ""PO25CL-GEN-C03-P18-A07"", ""PO25CL-PLAN-INTRO"", ""PO25CL-GEN-C03-P19-A08"", ""PO25CL-GEN-C01-P04-A05""]","[0.21430395447841266, 0.0695623501007332, 0.06836666283351385, 0.06453788739587202, 0.0634880406597231, 0.054728305760834664, 0.05042957632194953, 0.039421752648659644, 0.03823036165507529, 0.0298691366088844]",[1],1.0,1.0,1.0,1.0,0.21430395447841266,0.21430395447841266,0.0695623501007332,0.14474160437767947,0.14474160437767947,1.0,1.0,1.0,1.0,1.0,1.0,1.0,1.0,1.0,1.0,1.0,1.0,1.0,1.0,1.0
Q0102,Kann für Vorlesungen eine Anwesenheitspflicht festgelegt werden?,fully_answerable,1,"[""PO25CL-GEN-C02-P08-U01""]",0.28645846784893736,0.04775858477241859,0.23869988307651877,"[""PO25CL-GEN-C02-P08-U01"", ""PO25CL-GEN-C03-P18-A01"", ""PO25CL-GEN-C03-P14-A10"", ""PO25CL-GEN-C03-P19-A03"", ""PO25CL-GEN-C03-P19-A05"", ""PO25CL-GEN-C03-P15-A04"", ""PO25CL-GEN-C04-P29-U01"", ""PO25CL-GEN-C02-P09-A01"", ""PO25CL-APP-R08"", ""PO25CL-GEN-C03-P14-A02""]","[0.28645846784893736, 0.04775858477241859, 0.04410272409639328, 0.04150377873167657, 0.036808404679427066, 0.03403290002613138, 0.0337843381488223, 0.03352632332224284, 0.031139704215498963, 0.030232863677499226]",[1],1.0,1.0,1.0,1.0,0.28645846784893736,0.28645846784893736,0.04775858477241859,0.23869988307651877,0.23869988307651877,1.0,1.0,1.0,1.0,1.0,1.0,1.0,1.0,1.0,1.0,1.0,1.0,1.0,1.0,1.0
Q0103,Wo muss eine Anwesenheitspflicht für andere Lehrveranstaltungsarten ausdrücklich festgelegt sein?,fully_answerable,1,"[""PO25CL-GEN-C02-P08-U01""]",0.24622063527830718,0.05928129473364184,0.18693934054466532,"[""PO25CL-GEN-C02-P08-U01"", ""PO25CL-GEN-C03-P15-A06"", ""PO25CL-GEN-C04-P25-A03"", ""PO25CL-GEN-C04-P29-U01"", ""PO25CL-GEN-C03-P18-A01"", ""PO25CL-GEN-C04-P28-A07"", ""PO25CL-GEN-C03-P11-A06"", ""PO25CL-GEN-C03-P14-A07"", ""PO25CL-GEN-C03-P12-A02"", ""PO25CL-GEN-C04-P25-A04""]","[0.24622063527830718, 0.05928129473364184, 0.05608984598749377, 0.05442614659713368, 0.05083883744375675, 0.04818252455446318, 0.04506029317615859, 0.04104556473523509, 0.0382060579413597, 0.03798262016744543]",[1],1.0,1.0,1.0,1.0,0.24622063527830718,0.24622063527830718,0.05928129473364184,0.18693934054466532,0.18693934054466532,1.0,1.0,1.0,1.0,1.0,1.0,1.0,1.0,1.0,1.0,1.0,1.0,1.0,1.0,1.0
Q0104,Welcher Anteil der Veranstaltungszeit muss für die Erfüllung der Anwesenheitspflicht besucht werden?,fully_answerable,1,"[""PO25CL-GEN-C02-P08-U01""]",0.19432962775602727,0.08372070784344166,0.11060891991258562,"[""PO25CL-GEN-C02-P08-U01"", ""PO25CL-GEN-C04-P24-A01"", ""PO25CL-APP-R10"", ""PO25CL-GEN-C04-P24-A02"", ""PO25CL-GEN-C04-P25-A03"", ""PO25CL-GEN-C03-P14-A09"", ""PO25CL-GEN-C03-P15-A09"", ""PO25CL-GEN-C03-P20-A02"", ""PO25CL-GEN-C03-P18-A01"", ""PO25CL-GEN-C03-P23-U01""]","[0.19432962775602727, 0.08372070784344166, 0.08319350087826469, 0.07962523374762993, 0.07404370926798776, 0.0650912252418136, 0.06399228942072441, 0.057341413760173716, 0.05710997146366944, 0.05644174109328047]",[1],1.0,1.0,1.0,1.0,0.19432962775602727,0.19432962775602727,0.08372070784344166,0.11060891991258562,0.11060891991258562,1.0,1.0,1.0,1.0,1.0,1.0,1.0,1.0,1.0,1.0,1.0,1.0,1.0,1.0,1.0
Q0105,Auf welche Form der Beteiligung sind Seminare grundsätzlich ausgerichtet?,fully_answerable,1,"[""PO25CL-GEN-C02-P08-U01""]",0.10233129517058245,0.06880561448879316,0.033525680681789294,"[""PO25CL-GEN-C02-P08-U01"", ""PO25CL-GEN-C02-P07-A01"", ""PO25CL-GEN-C03-P11-A06"", ""PO25CL-GEN-C04-P27-A01-02"", ""PO25CL-PLAN-INTRO"", ""PO25CL-GEN-C03-P15-A03"", ""PO25CL-GEN-C04-P28-A02"", ""PO25CL-GEN-C03-P11-A03"", ""PO25CL-GEN-C03-P16-A01"", ""PO25CL-GEN-C03-P11-A07""]","[0.10233129517058245, 0.06880561448879316, 0.04874339501843547, 0.04664445456822228, 0.044362481715527535, 0.04221062458502009, 0.039779416395406254, 0.03910085270365946, 0.03690300749554771, 0.036051397200159103]",[1],1.0,1.0,1.0,1.0,0.10233129517058245,0.10233129517058245,0.06880561448879316,0.033525680681789294,0.033525680681789294,1.0,1.0,1.0,1.0,1.0,1.0,1.0,1.0,1.0,1.0,1.0,1.0,1.0,1.0,1.0
Q0106,Kann eine Anwesenheitspflicht für einzelne Modulteile vorgeschrieben werden?,fully_answerable,1,"[""PO25CL-GEN-C02-P08-U01""]",0.2276424927893082,0.05692533250173394,0.17071716028757428,"[""PO25CL-GEN-C02-P08-U01"", ""PO25CL-GEN-C04-P28-A04"", ""PO25CL-GEN-C03-P18-A01"", ""PO25CL-GEN-C03-P14-A10"", ""PO25CL-GEN-C03-P19-A03"", ""PO25CL-GEN-C03-P14-A09"", ""PO25CL-GEN-C03-P19-A05"", ""PO25CL-GEN-C03-P15-A04"", ""PO25CL-GEN-C03-P14-A04"", ""PO25CL-GEN-C04-P29-U01""]","[0.2276424927893082, 0.05692533250173394, 0.05144768861365103, 0.047509431595120936, 0.04470973113320406, 0.04315135858483108, 0.03965166370269138, 0.0366617656596706, 0.036469248747651645, 0.036394003661990824]",[1],1.0,1.0,1.0,1.0,0.2276424927893082,0.2276424927893082,0.05692533250173394,0.17071716028757428,0.17071716028757428,1.0,1.0,1.0,1.0,1.0,1.0,1.0,1.0,1.0,1.0,1.0,1.0,1.0,1.0,1.0
Q0107,Wo sind nähere Regelungen zum obligatorischen Berufsfeldpraktikum festgelegt?,fully_answerable,1,"[""PO25CL-GEN-C02-P09-A05""]",0.16293639327873605,0.15537108088960996,0.007565312389126083,"[""PO25CL-GEN-C02-P09-A01"", ""PO25CL-GEN-C02-P09-A04"", ""PO25CL-GEN-C02-P09-A05"", ""PO25CL-GEN-C02-P09-A02"", ""PO25CL-GEN-C02-P08-U01"", ""PO25CL-GEN-C03-P17-A06"", ""PO25CL-GEN-C03-P14-A02"", ""PO25CL-GEN-C03-P14-A07"", ""PO25CL-GEN-C02-P09-A03"", ""PO25CL-GEN-C01-P03-A01""]","[0.16293639327873605, 0.15537108088960996, 0.07745503221911508, 0.07587645747060129, 0.07094943798472897, 0.06239891118168121, 0.05272736930605032, 0.05234967834168719, 0.04758131614830362, 0.04720124491001104]",[3],3.0,3.0,3.0,0.3333333333333333,0.07745503221911508,0.07745503221911508,0.16293639327873605,-0.08548136105962097,-0.08548136105962097,0.0,0.0,0.0,0.0,0.0,0.0,1.0,1.0,1.0,1.0,1.0,1.0,1.0,1.0,1.0
Q0108,Wie lange dauert ein obligatorisches Berufsfeldpraktikum mindestens?,fully_answerable,1,"[""PO25CL-GEN-C02-P09-A01""]",0.26793531616785493,0.19136799750184508,0.07656731866600985,"[""PO25CL-GEN-C02-P09-A01"", ""PO25CL-GEN-C02-P09-A04"", ""PO25CL-GEN-C02-P09-A05"", ""PO25CL-GEN-C02-P09-A02"", ""PO25CL-GEN-C02-P09-A03"", ""PO25CL-APP-R14"", ""PO25CL-GEN-C01-P05-A03"", ""PO25CL-GEN-C03-P12-A02"", ""PO25CL-GEN-C04-P24-A01"", ""PO25CL-GEN-C03-P11-A06""]","[0.26793531616785493, 0.19136799750184508, 0.14623496880384002, 0.09345578109223213, 0.08983344378334211, 0.04789141850693655, 0.04550180577219635, 0.040458472943955874, 0.035907196846180864, 0.03441947554855654]",[1],1.0,1.0,1.0,1.0,0.26793531616785493,0.26793531616785493,0.19136799750184508,0.07656731866600985,0.07656731866600985,1.0,1.0,1.0,1.0,1.0,1.0,1.0,1.0,1.0,1.0,1.0,1.0,1.0,1.0,1.0
Q0109,Wie lange darf ein obligatorisches Berufsfeldpraktikum höchstens dauern?,fully_answerable,1,"[""PO25CL-GEN-C02-P09-A01""]",0.27131984388165964,0.1798194457504252,0.09150039813123445,"[""PO25CL-GEN-C02-P09-A01"", ""PO25CL-GEN-C02-P09-A04"", ""PO25CL-GEN-C02-P09-A05"", ""PO25CL-GEN-C02-P09-A02"", ""PO25CL-GEN-C02-P09-A03"", ""PO25CL-GEN-C03-P19-A09"", ""PO25CL-GEN-C01-P05-A03"", ""PO25CL-GEN-C03-P14-A06"", ""PO25CL-APP-R09"", ""PO25CL-APP-R14""]","[0.27131984388165964, 0.1798194457504252, 0.1374100757854442, 0.08781597225009485, 0.08441223340290642, 0.04417442984094445, 0.042755892319565905, 0.03913634031589399, 0.038153486746962194, 0.03608494120471538]",[1],1.0,1.0,1.0,1.0,0.27131984388165964,0.27131984388165964,0.1798194457504252,0.09150039813123445,0.09150039813123445,1.0,1.0,1.0,1.0,1.0,1.0,1.0,1.0,1.0,1.0,1.0,1.0,1.0,1.0,1.0
Q0110,Kann das obligatorische Berufsfeldpraktikum in Abschnitten absolviert werden?,fully_answerable,1,"[""PO25CL-GEN-C02-P09-A01""]",0.32366369748941537,0.08788846122390172,0.23577523626551367,"[""PO25CL-GEN-C02-P09-A01"", ""PO25CL-GEN-C02-P09-A04"", ""PO25CL-GEN-C02-P09-A02"", ""PO25CL-GEN-C01-P03-A04"", ""PO25CL-GEN-C03-P15-A02"", ""PO25CL-APP-R14"", ""PO25CL-GEN-C03-P15-A08"", ""PO25CL-GEN-C03-P21-A02"", ""PO25CL-GEN-C02-P09-A05"", ""PO25CL-GEN-C03-P15-A05""]","[0.32366369748941537, 0.08788846122390172, 0.05712511913830916, 0.05663286813256113, 0.0460175619619025, 0.04456675670295759, 0.03973095318229575, 0.039190420034639156, 0.03573976583915769, 0.0318939000008269]",[1],1.0,1.0,1.0,1.0,0.32366369748941537,0.32366369748941537,0.08788846122390172,0.23577523626551367,0.23577523626551367,1.0,1.0,1.0,1.0,1.0,1.0,1.0,1.0,1.0,1.0,1.0,1.0,1.0,1.0,1.0
Q0111,Können einschlägige Berufstätigkeiten auf das Berufsfeldpraktikum angerechnet werden?,fully_answerable,1,"[""PO25CL-GEN-C02-P09-A01""]",0.38675145916044695,0.12599978482213486,0.2607516743383121,"[""PO25CL-GEN-C02-P09-A01"", ""PO25CL-GEN-C02-P09-A04"", ""PO25CL-GEN-C02-P09-A02"", ""PO25CL-GEN-C04-P28-A09"", ""PO25CL-GEN-C04-P28-A03"", ""PO25CL-GEN-C03-P11-A01"", ""PO25CL-GEN-C02-P09-A05"", ""PO25CL-GEN-C03-P15-A03"", ""PO25CL-GEN-C03-P21-A02"", ""PO25CL-GEN-C04-P28-A04""]","[0.38675145916044695, 0.12599978482213486, 0.09738321743157881, 0.06164386096577423, 0.03775251180333222, 0.035308525452130944, 0.033002892156724035, 0.031155688572861107, 0.0306656254769251, 0.027423143491026272]",[1],1.0,1.0,1.0,1.0,0.38675145916044695,0.38675145916044695,0.12599978482213486,0.2607516743383121,0.2607516743383121,1.0,1.0,1.0,1.0,1.0,1.0,1.0,1.0,1.0,1.0,1.0,1.0,1.0,1.0,1.0
Q0112,Können einschlägige Praxiserfahrungen auf das Berufsfeldpraktikum angerechnet werden?,fully_answerable,1,"[""PO25CL-GEN-C02-P09-A01""]",0.3791179005918536,0.13185941943318497,0.2472584811586686,"[""PO25CL-GEN-C02-P09-A01"", ""PO25CL-GEN-C02-P09-A04"", ""PO25CL-GEN-C02-P09-A02"", ""PO25CL-GEN-C04-P28-A09"", ""PO25CL-GEN-C04-P28-A03"", ""PO25CL-GEN-C03-P11-A01"", ""PO25CL-GEN-C02-P09-A05"", ""PO25CL-GEN-C03-P15-A03"", ""PO25CL-GEN-C03-P21-A02"", ""PO25CL-GEN-C04-P28-A04""]","[0.3791179005918536, 0.13185941943318497, 0.10191203525617282, 0.06451061587161558, 0.039508196744613325, 0.03695055252460974, 0.034537695485311305, 0.03260458748447705, 0.03209173394740974, 0.028698459960579327]",[1],1.0,1.0,1.0,1.0,0.3791179005918536,0.3791179005918536,0.13185941943318497,0.2472584811586686,0.2472584811586686,1.0,1.0,1.0,1.0,1.0,1.0,1.0,1.0,1.0,1.0,1.0,1.0,1.0,1.0,1.0
Q0113,Wie viele ECTS-Leistungspunkte werden für vier Wochen Berufsfeldpraktikum mindestens angerechnet?,fully_answerable,1,"[""PO25CL-GEN-C02-P09-A01""]",0.28614765755566735,0.2832455398337793,0.002902117721888031,"[""PO25CL-GEN-C01-P02-A03"", ""PO25CL-GEN-C02-P09-A01"", ""PO25CL-APP-R03"", ""PO25CL-GEN-C01-P02-A02"", ""PO25CL-GEN-C03-P15-A05"", ""PO25CL-GEN-C03-P21-A01"", ""PO25CL-GEN-C01-P03-A04"", ""PO25CL-GEN-C04-P28-A09"", ""PO25CL-GEN-C02-P09-A04"", ""PO25CL-PLAN-LEGEND""]","[0.28614765755566735, 0.2832455398337793, 0.10777323990509065, 0.09317611541387673, 0.07949715131835677, 0.07868702297619985, 0.07560012323095439, 0.07216821292593563, 0.06887278540432999, 0.06856808337004498]",[2],2.0,2.0,2.0,0.5,0.2832455398337793,0.2832455398337793,0.28614765755566735,-0.002902117721888031,-0.002902117721888031,0.0,0.0,0.0,1.0,1.0,1.0,1.0,1.0,1.0,1.0,1.0,1.0,1.0,1.0,1.0
Q0114,Gibt das Berufsfeldpraktikum Einblick in einschlägige Berufsfelder?,fully_answerable,1,"[""PO25CL-GEN-C02-P09-A02""]",0.3299331998167252,0.16373709274414122,0.16619610707258398,"[""PO25CL-GEN-C02-P09-A02"", ""PO25CL-GEN-C02-P09-A01"", ""PO25CL-GEN-C02-P09-A04"", ""PO25CL-APP-R14"", ""PO25CL-GEN-C03-P21-A02"", ""PO25CL-GEN-C02-P09-A05"", ""PO25CL-GEN-C01-P05-A01"", ""PO25CL-GEN-C03-P15-A03"", ""PO25CL-GEN-C02-P09-A03"", ""PO25CL-GEN-C03-P11-A08""]","[0.3299331998167252, 0.16373709274414122, 0.1352354413351613, 0.06169302110936817, 0.03684017052692203, 0.035421970699804295, 0.03101048608650211, 0.029183149448095254, 0.02176003208797828, 0.020373484368803024]",[1],1.0,1.0,1.0,1.0,0.3299331998167252,0.3299331998167252,0.16373709274414122,0.16619610707258398,0.16619610707258398,1.0,1.0,1.0,1.0,1.0,1.0,1.0,1.0,1.0,1.0,1.0,1.0,1.0,1.0,1.0
Q0115,Was können Studierende im Berufsfeldpraktikum praktisch erproben?,fully_answerable,1,"[""PO25CL-GEN-C02-P09-A02""]",0.2143991777637621,0.17869688701092265,0.035702290752839455,"[""PO25CL-GEN-C02-P09-A01"", ""PO25CL-GEN-C02-P09-A04"", ""PO25CL-GEN-C04-P30-U01"", ""PO25CL-GEN-C02-P09-A05"", ""PO25CL-GEN-C02-P09-A02"", ""PO25CL-GEN-C02-P07-A02"", ""PO25CL-PLAN-INTRO"", ""PO25CL-GEN-C02-P09-A03"", ""PO25CL-GEN-C04-P28-A09"", ""PO25CL-GEN-C03-P14-A01""]","[0.2143991777637621, 0.17869688701092265, 0.09377692162857962, 0.08908332916033772, 0.087267763536038, 0.06917482214955478, 0.06298140876771523, 0.05472468252715227, 0.05321313743156364, 0.05077717651351285]",[5],5.0,5.0,5.0,0.2,0.087267763536038,0.087267763536038,0.2143991777637621,-0.12713141422772412,-0.12713141422772412,0.0,0.0,0.0,0.0,0.0,0.0,0.0,0.0,0.0,1.0,1.0,1.0,1.0,1.0,1.0
Q0116,Welche Art von Fähigkeiten soll das Berufsfeldpraktikum vermitteln?,fully_answerable,1,"[""PO25CL-GEN-C02-P09-A02""]",0.19075427337828565,0.1858109833802385,0.004943289998047162,"[""PO25CL-GEN-C02-P09-A01"", ""PO25CL-GEN-C02-P09-A04"", ""PO25CL-GEN-C02-P09-A02"", ""PO25CL-APP-R14"", ""PO25CL-GEN-C01-P05-A01"", ""PO25CL-GEN-C03-P21-A02"", ""PO25CL-GEN-C02-P09-A05"", ""PO25CL-PLAN-INTRO"", ""PO25CL-GEN-C03-P19-A07"", ""PO25CL-GEN-C03-P15-A03""]","[0.19075427337828565, 0.1858109833802385, 0.1261573963671643, 0.07638291988628587, 0.04937106018691824, 0.049213024882057727, 0.04866912951231936, 0.04496564990446186, 0.04271830664436866, 0.04107078804243987]",[3],3.0,3.0,3.0,0.3333333333333333,0.1261573963671643,0.1261573963671643,0.19075427337828565,-0.06459687701112135,-0.06459687701112135,0.0,0.0,0.0,0.0,0.0,0.0,1.0,1.0,1.0,1.0,1.0,1.0,1.0,1.0,1.0
Q0117,Welchen Übergang soll das Berufsfeldpraktikum erleichtern?,fully_answerable,1,"[""PO25CL-GEN-C02-P09-A02""]",0.21729609689187443,0.2170667123914622,0.00022938450041223857,"[""PO25CL-GEN-C02-P09-A04"", ""PO25CL-GEN-C02-P09-A01"", ""PO25CL-GEN-C02-P09-A02"", ""PO25CL-APP-R14"", ""PO25CL-GEN-C01-P01-A02"", ""PO25CL-GEN-C02-P09-A05"", ""PO25CL-GEN-C03-P21-A02"", ""PO25CL-GEN-C03-P15-A03"", ""PO25CL-GEN-C03-P19-A07"", ""PO25CL-GEN-C02-P09-A03""]","[0.21729609689187443, 0.2170667123914622, 0.14388388102128802, 0.10980098966531641, 0.05820570934647677, 0.056915967451237746, 0.04966873221614201, 0.04217319275325493, 0.03903676210943307, 0.03496398572945868]",[3],3.0,3.0,3.0,0.3333333333333333,0.14388388102128802,0.14388388102128802,0.21729609689187443,-0.07341221587058641,-0.07341221587058641,0.0,0.0,0.0,0.0,0.0,0.0,1.0,1.0,1.0,1.0,1.0,1.0,1.0,1.0,1.0
Q0118,Wer koordiniert die Beratung bei der Vermittlung von Praktikumsplätzen?,fully_answerable,1,"[""PO25CL-GEN-C02-P09-A03""]",0.443991832477159,0.1398332941882335,0.3041585382889255,"[""PO25CL-GEN-C02-P09-A03"", ""PO25CL-APP-R14"", ""PO25CL-GEN-C03-P17-A05"", ""PO25CL-GEN-C04-P24-A03"", ""PO25CL-GEN-C03-P19-A06"", ""PO25CL-GEN-C03-P12-A02"", ""PO25CL-GEN-C03-P14-A02"", ""PO25CL-GEN-C03-P16-A01"", ""PO25CL-GEN-C04-P30-U01"", ""PO25CL-GEN-C01-P03-A03""]","[0.443991832477159, 0.1398332941882335, 0.045941695597324965, 0.037956591691445545, 0.03545413428185177, 0.031487558368309174, 0.03111954127159817, 0.030688470629264223, 0.030280578441407045, 0.028323059391295854]",[1],1.0,1.0,1.0,1.0,0.443991832477159,0.443991832477159,0.1398332941882335,0.3041585382889255,0.3041585382889255,1.0,1.0,1.0,1.0,1.0,1.0,1.0,1.0,1.0,1.0,1.0,1.0,1.0,1.0,1.0
Q0119,Wer koordiniert die fachliche Betreuung im Praktikum?,fully_answerable,1,"[""PO25CL-GEN-C02-P09-A03""]",0.26664328440651525,0.11329958114031395,0.15334370326620128,"[""PO25CL-GEN-C02-P09-A03"", ""PO25CL-PLAN-S05-M01"", ""PO25CL-APP-R14"", ""PO25CL-PLAN-S04-M05"", ""PO25CL-APP-R07-M12"", ""PO25CL-GEN-C03-P17-A05"", ""PO25CL-GEN-C03-P11-A04"", ""PO25CL-GEN-C03-P15-A06"", ""PO25CL-GEN-C03-P12-A01"", ""PO25CL-GEN-C03-P12-A02""]","[0.26664328440651525, 0.11329958114031395, 0.0971698102685294, 0.08254740778958308, 0.08117162354009216, 0.03515516603693748, 0.034608791526128245, 0.02982363925139544, 0.023793277426475683, 0.023521052013206405]",[1],1.0,1.0,1.0,1.0,0.26664328440651525,0.26664328440651525,0.11329958114031395,0.15334370326620128,0.15334370326620128,1.0,1.0,1.0,1.0,1.0,1.0,1.0,1.0,1.0,1.0,1.0,1.0,1.0,1.0,1.0
Q0120,Mit welchem Dokument wird das Berufsfeldpraktikum abgeschlossen?,fully_answerable,1,"[""PO25CL-GEN-C02-P09-A04""]",0.3368304892253313,0.22167401806886733,0.11515647115646399,"[""PO25CL-GEN-C02-P09-A04"", ""PO25CL-GEN-C02-P09-A01"", ""PO25CL-GEN-C02-P09-A02"", ""PO25CL-GEN-C03-P16-A01"", ""PO25CL-GEN-C03-P21-A02"", ""PO25CL-APP-R14"", ""PO25CL-GEN-C02-P09-A05"", ""PO25CL-GEN-C03-P19-A07"", ""PO25CL-GEN-C01-P03-A05"", ""PO25CL-GEN-C03-P19-A10""]","[0.3368304892253313, 0.22167401806886733, 0.10837031843415462, 0.09457014996736546, 0.06431589334935327, 0.05950988471486573, 0.05812402582685909, 0.05068131742274683, 0.04858161255735563, 0.046812652558058256]",[1],1.0,1.0,1.0,1.0,0.3368304892253313,0.3368304892253313,0.22167401806886733,0.11515647115646399,0.11515647115646399,1.0,1.0,1.0,1.0,1.0,1.0,1.0,1.0,1.0,1.0,1.0,1.0,1.0,1.0,1.0
Q0121,Aus welcher Art von Prüfungen besteht die Bachelorprüfung?,fully_answerable,1,"[""PO25CL-GEN-C03-P10-U01""]",0.17675533206013966,0.11560772817780483,0.061147603882334825,"[""PO25CL-GEN-C03-P10-U01"", ""PO25CL-GEN-C04-P28-A03"", ""PO25CL-GEN-C01-P01-A02"", ""PO25CL-GEN-C03-P19-A02"", ""PO25CL-GEN-C03-P19-A10"", ""PO25CL-GEN-C03-P19-A01"", ""PO25CL-GEN-C03-P22-U01"", ""PO25CL-GEN-C01-P04-A02"", ""PO25CL-GEN-C03-P19-A03"", ""PO25CL-GEN-C03-P11-A09""]","[0.17675533206013966, 0.11560772817780483, 0.09898904567096733, 0.09319695384566976, 0.09166686265378135, 0.08548772001490816, 0.08421329750034802, 0.0728670334335661, 0.06914825438345973, 0.06632520064510596]",[1],1.0,1.0,1.0,1.0,0.17675533206013966,0.17675533206013966,0.11560772817780483,0.061147603882334825,0.061147603882334825,1.0,1.0,1.0,1.0,1.0,1.0,1.0,1.0,1.0,1.0,1.0,1.0,1.0,1.0,1.0
Q0122,Welche Abschlussarbeit gehört zur Bachelorprüfung?,fully_answerable,1,"[""PO25CL-GEN-C03-P10-U01""]",0.12919639802674276,0.09830376848936188,0.03089262953738088,"[""PO25CL-APP-R07-M16"", ""PO25CL-PLAN-S06-M02"", ""PO25CL-GEN-C03-P20-A03"", ""PO25CL-GEN-C03-P10-U01"", ""PO25CL-GEN-C03-P19-A10"", ""PO25CL-GEN-C03-P15-A10"", ""PO25CL-GEN-C01-P01-A02"", ""PO25CL-PLAN-INTRO"", ""PO25CL-GEN-C03-P22-U01"", ""PO25CL-GEN-C03-P20-A04""]","[0.12919639802674276, 0.09830376848936188, 0.06599287003594628, 0.05537506377080564, 0.05236422388851959, 0.04771992541050697, 0.03786581381263744, 0.035757313164763875, 0.03173860369639001, 0.02310412972852793]",[4],4.0,4.0,4.0,0.25,0.05537506377080564,0.05537506377080564,0.12919639802674276,-0.07382133425593712,-0.07382133425593712,0.0,0.0,0.0,0.0,0.0,0.0,0.0,0.0,0.0,1.0,1.0,1.0,1.0,1.0,1.0
Q0123,"Wo ist festgelegt, welche Modulprüfungen zur Bachelorprüfung gehören?",fully_answerable,1,"[""PO25CL-GEN-C03-P10-U01""]",0.07638181438108949,0.07054591150203032,0.005835902879059163,"[""PO25CL-GEN-C03-P20-A03"", ""PO25CL-GEN-C02-P08-U01"", ""PO25CL-GEN-C03-P10-U01"", ""PO25CL-GEN-C03-P19-A10"", ""PO25CL-GEN-C01-P04-A03"", ""PO25CL-PLAN-INTRO"", ""PO25CL-GEN-C03-P12-A03"", ""PO25CL-GEN-C03-P14-A01"", ""PO25CL-GEN-C03-P19-A09"", ""PO25CL-APP-R06""]","[0.07638181438108949, 0.07054591150203032, 0.07031412013627489, 0.06012913539108458, 0.05361102504834138, 0.05011056169663579, 0.04957245124444505, 0.04901769641485413, 0.04698318881501584, 0.046131237037138034]",[3],3.0,3.0,3.0,0.3333333333333333,0.07031412013627489,0.07031412013627489,0.07638181438108949,-0.006067694244814598,-0.006067694244814598,0.0,0.0,0.0,0.0,0.0,0.0,1.0,1.0,1.0,1.0,1.0,1.0,1.0,1.0,1.0
Q0124,Auf welche Ziele beziehen sich Modulprüfungen?,fully_answerable,1,"[""PO25CL-GEN-C03-P11-A01""]",0.14118356318961045,0.059158354729983695,0.08202520845962676,"[""PO25CL-GEN-C03-P11-A01"", ""PO25CL-PLAN-INTRO"", ""PO25CL-APP-R06"", ""PO25CL-GEN-C03-P12-A03"", ""PO25CL-GEN-C03-P14-A03"", ""PO25CL-GEN-C03-P15-A02"", ""PO25CL-GEN-C03-P11-A03"", ""PO25CL-GEN-C03-P11-A02"", ""PO25CL-GEN-C03-P14-A01"", ""PO25CL-GEN-C03-P15-A04""]","[0.14118356318961045, 0.059158354729983695, 0.045440267635381094, 0.03753639036868636, 0.034398795244757994, 0.034039581603572455, 0.030558185714005193, 0.029991708385931966, 0.028143499662084535, 0.0268121393550613]",[1],1.0,1.0,1.0,1.0,0.14118356318961045,0.14118356318961045,0.059158354729983695,0.08202520845962676,0.08202520845962676,1.0,1.0,1.0,1.0,1.0,1.0,1.0,1.0,1.0,1.0,1.0,1.0,1.0,1.0,1.0
Q0125,Auf wie viele Lehrveranstaltungen können Modulprüfungen exemplarisch Bezug nehmen?,fully_answerable,1,"[""PO25CL-GEN-C03-P11-A01""]",0.09432452063430355,0.08610962444238182,0.008214896191921728,"[""PO25CL-GEN-C03-P11-A02"", ""PO25CL-GEN-C04-P30-U01"", ""PO25CL-GEN-C03-P11-A01"", ""PO25CL-GEN-C03-P14-A01"", ""PO25CL-GEN-C02-P07-A01"", ""PO25CL-GEN-C01-P05-A03"", ""PO25CL-GEN-C02-P07-A04"", ""PO25CL-GEN-C03-P11-A03"", ""PO25CL-PLAN-INTRO"", ""PO25CL-APP-R06""]","[0.09432452063430355, 0.08610962444238182, 0.08374810863759241, 0.0685722797955895, 0.06819355075309794, 0.06564277358862693, 0.05803867529454456, 0.05456063468867231, 0.05180571693778582, 0.05154795408764691]",[3],3.0,3.0,3.0,0.3333333333333333,0.08374810863759241,0.08374810863759241,0.09432452063430355,-0.010576411996711138,-0.010576411996711138,0.0,0.0,0.0,0.0,0.0,0.0,1.0,1.0,1.0,1.0,1.0,1.0,1.0,1.0,1.0
Q0126,Auf wie viele Themenschwerpunkte können Modulprüfungen exemplarisch Bezug nehmen?,fully_answerable,1,"[""PO25CL-GEN-C03-P11-A01""]",0.10081385982896769,0.07916229244671424,0.021651567382253448,"[""PO25CL-GEN-C03-P11-A01"", ""PO25CL-GEN-C04-P30-U01"", ""PO25CL-GEN-C03-P14-A01"", ""PO25CL-GEN-C01-P05-A03"", ""PO25CL-GEN-C03-P11-A03"", ""PO25CL-PLAN-INTRO"", ""PO25CL-APP-R06"", ""PO25CL-GEN-C03-P12-A03"", ""PO25CL-GEN-C04-P25-A04"", ""PO25CL-GEN-C03-P14-A03""]","[0.10081385982896769, 0.07916229244671424, 0.06303986229261296, 0.06034670890143529, 0.0501586779326052, 0.047626027185669856, 0.047389060664717854, 0.039146210462263506, 0.036531567614986035, 0.0358740535537203]",[1],1.0,1.0,1.0,1.0,0.10081385982896769,0.10081385982896769,0.07916229244671424,0.021651567382253448,0.021651567382253448,1.0,1.0,1.0,1.0,1.0,1.0,1.0,1.0,1.0,1.0,1.0,1.0,1.0,1.0,1.0
Q0127,Ist eine nachträgliche Umbuchung einer Modulprüfung möglich?,fully_answerable,1,"[""PO25CL-GEN-C03-P11-A01""]",0.17539169087491077,0.16633972767039373,0.009051963204517038,"[""PO25CL-GEN-C02-P07-A03"", ""PO25CL-GEN-C03-P11-A01"", ""PO25CL-APP-R09"", ""PO25CL-GEN-C03-P17-A01"", ""PO25CL-GEN-C03-P19-A09"", ""PO25CL-GEN-C03-P18-A02"", ""PO25CL-GEN-C03-P19-A06"", ""PO25CL-GEN-C04-P28-A07"", ""PO25CL-GEN-C03-P11-A04"", ""PO25CL-GEN-C03-P14-A09""]","[0.17539169087491077, 0.16633972767039373, 0.09107371351124924, 0.08342568867869266, 0.06280422321335574, 0.054988177094111135, 0.04910916792515249, 0.0481049556989987, 0.04393914135844517, 0.03904695319252442]",[2],2.0,2.0,2.0,0.5,0.16633972767039373,0.16633972767039373,0.17539169087491077,-0.009051963204517038,-0.009051963204517038,0.0,0.0,0.0,1.0,1.0,1.0,1.0,1.0,1.0,1.0,1.0,1.0,1.0,1.0,1.0
Q0128,Bleibt die Zuordnung einer Modulprüfung bei Nichtbestehen verbindlich?,fully_answerable,1,"[""PO25CL-GEN-C03-P11-A01""]",0.14306051296571404,0.11681988510895483,0.026240627856759208,"[""PO25CL-APP-R09"", ""PO25CL-GEN-C03-P17-A01"", ""PO25CL-GEN-C03-P19-A10"", ""PO25CL-GEN-C03-P19-A06"", ""PO25CL-GEN-C03-P14-A09"", ""PO25CL-GEN-C03-P19-A08"", ""PO25CL-GEN-C03-P19-A02"", ""PO25CL-GEN-C03-P19-A05"", ""PO25CL-GEN-C03-P19-A09"", ""PO25CL-GEN-C03-P19-A03""]","[0.14306051296571404, 0.11681988510895483, 0.08619007104880831, 0.08325583198059883, 0.08030356146703085, 0.07573322783162159, 0.06381634227513246, 0.06324120592706467, 0.05324181881550364, 0.05310245211922141]",[95],95.0,95.0,95.0,0.010526315789473684,0.01019970069801104,0.01019970069801104,0.14306051296571404,-0.132860812267703,-0.132860812267703,0.0,0.0,0.0,0.0,0.0,0.0,0.0,0.0,0.0,0.0,0.0,0.0,0.0,0.0,0.0
Q0129,Welche Wahl haben Studierende bei einer lehrveranstaltungsbezogenen Modulprüfung?,fully_answerable,1,"[""PO25CL-GEN-C03-P11-A02""]",0.10697859411886287,0.07094616154187364,0.03603243257698924,"[""PO25CL-GEN-C03-P19-A06"", ""PO25CL-GEN-C03-P14-A01"", ""PO25CL-PLAN-INTRO"", ""PO25CL-PLAN-S05-M02"", ""PO25CL-PLAN-S06-M01"", ""PO25CL-GEN-C03-P20-A01"", ""PO25CL-GEN-C03-P14-A09"", ""PO25CL-GEN-C04-P24-A04"", ""PO25CL-PLAN-S05-M03"", ""PO25CL-APP-R09""]","[0.10697859411886287, 0.07094616154187364, 0.06850838801610845, 0.06258290187481025, 0.060186352139412695, 0.05944576892232464, 0.05844485775759653, 0.0565877806198809, 0.05285964124799389, 0.04836195264463273]",[19],19.0,19.0,19.0,0.05263157894736842,0.030377881589319772,0.030377881589319772,0.10697859411886287,-0.0766007125295431,-0.0766007125295431,0.0,0.0,0.0,0.0,0.0,0.0,0.0,0.0,0.0,0.0,0.0,0.0,0.0,0.0,0.0
Q0130,Wie viele Modulprüfungen sind einem Modul grundsätzlich zugeordnet?,fully_answerable,1,"[""PO25CL-GEN-C03-P11-A03""]",0.2263578405058809,0.05360785101702586,0.17274998948885503,"[""PO25CL-GEN-C03-P11-A03"", ""PO25CL-GEN-C01-P05-A03"", ""PO25CL-GEN-C04-P28-A02"", ""PO25CL-APP-R06"", ""PO25CL-GEN-C04-P28-A07"", ""PO25CL-GEN-C02-P09-A04"", ""PO25CL-GEN-C01-P04-A02"", ""PO25CL-GEN-C03-P12-A03"", ""PO25CL-GEN-C03-P14-A09"", ""PO25CL-GEN-C03-P18-A03""]","[0.2263578405058809, 0.05360785101702586, 0.04395729999256323, 0.04209717066924545, 0.03923206141000815, 0.03816840512462944, 0.03730457250679495, 0.034774791476528205, 0.03430590333174113, 0.03409386316346456]",[1],1.0,1.0,1.0,1.0,0.2263578405058809,0.2263578405058809,0.05360785101702586,0.17274998948885503,0.17274998948885503,1.0,1.0,1.0,1.0,1.0,1.0,1.0,1.0,1.0,1.0,1.0,1.0,1.0,1.0,1.0
Q0131,Können einem Modul in begründeten Ausnahmefällen mehrere Modulprüfungen zugeordnet werden?,fully_answerable,1,"[""PO25CL-GEN-C03-P11-A03""]",0.4279748489436497,0.0595752250272015,0.3683996239164482,"[""PO25CL-GEN-C03-P11-A03"", ""PO25CL-GEN-C03-P14-A01"", ""PO25CL-GEN-C01-P04-A02"", ""PO25CL-GEN-C04-P25-A04"", ""PO25CL-GEN-C03-P11-A01"", ""PO25CL-GEN-C04-P28-A07"", ""PO25CL-GEN-C03-P11-A08"", ""PO25CL-GEN-C04-P28-A09"", ""PO25CL-GEN-C01-P02-A02"", ""PO25CL-GEN-C03-P14-A07""]","[0.4279748489436497, 0.0595752250272015, 0.04474725066568084, 0.04330921834909621, 0.03954133782073207, 0.03136292319455873, 0.030836318676247705, 0.029088545382508844, 0.02833004653813205, 0.02754846156358958]",[1],1.0,1.0,1.0,1.0,0.4279748489436497,0.4279748489436497,0.0595752250272015,0.3683996239164482,0.3683996239164482,1.0,1.0,1.0,1.0,1.0,1.0,1.0,1.0,1.0,1.0,1.0,1.0,1.0,1.0,1.0
Q0132,Ist für jede Modulprüfung eine gesonderte Meldung erforderlich?,fully_answerable,1,"[""PO25CL-GEN-C03-P11-A04""]",0.2638443907911324,0.044327290800546204,0.21951709999058622,"[""PO25CL-GEN-C03-P11-A04"", ""PO25CL-GEN-C02-P08-U01"", ""PO25CL-GEN-C03-P18-A01"", ""PO25CL-GEN-C03-P19-A09"", ""PO25CL-GEN-C03-P12-A02"", ""PO25CL-GEN-C03-P19-A05"", ""PO25CL-GEN-C01-P02-A01"", ""PO25CL-GEN-C03-P18-A02"", ""PO25CL-GEN-C03-P11-A03"", ""PO25CL-APP-R08""]","[0.2638443907911324, 0.044327290800546204, 0.03994488489610845, 0.03963788806648455, 0.032816815316785194, 0.03228032022097446, 0.030550604969185793, 0.029507277199389947, 0.027879023672211817, 0.02735164645238635]",[1],1.0,1.0,1.0,1.0,0.2638443907911324,0.2638443907911324,0.044327290800546204,0.21951709999058622,0.21951709999058622,1.0,1.0,1.0,1.0,1.0,1.0,1.0,1.0,1.0,1.0,1.0,1.0,1.0,1.0,1.0
Q0133,Nach welchem Paragraphen richten sich die Zulassungsvoraussetzungen für Modulprüfungen?,fully_answerable,1,"[""PO25CL-GEN-C03-P11-A04""]",0.10766453013197916,0.0718174789931723,0.03584705113880686,"[""PO25CL-GEN-C03-P11-A04"", ""PO25CL-GEN-C03-P14-A10"", ""PO25CL-GEN-C04-P27-A03"", ""PO25CL-GEN-C03-P17-A01"", ""PO25CL-GEN-C03-P17-A04"", ""PO25CL-APP-R10"", ""PO25CL-GEN-C03-P15-A04"", ""PO25CL-GEN-C03-P18-A03"", ""PO25CL-GEN-C03-P18-A01"", ""PO25CL-GEN-C03-P23-U01""]","[0.10766453013197916, 0.0718174789931723, 0.06454088675297592, 0.06165821056913644, 0.053532117949812934, 0.05248205931228411, 0.05115084636439474, 0.050411600173019905, 0.04559424442252964, 0.045288285389622346]",[1],1.0,1.0,1.0,1.0,0.10766453013197916,0.10766453013197916,0.0718174789931723,0.03584705113880686,0.03584705113880686,1.0,1.0,1.0,1.0,1.0,1.0,1.0,1.0,1.0,1.0,1.0,1.0,1.0,1.0,1.0
Q0134,Wo werden die Meldetermine für Modulprüfungen elektronisch bekannt gegeben?,fully_answerable,1,"[""PO25CL-GEN-C03-P11-A04""]",0.11194301887824758,0.07183396416383703,0.04010905471441055,"[""PO25CL-GEN-C03-P11-A04"", ""PO25CL-GEN-C03-P23-U01"", ""PO25CL-GEN-C03-P14-A03"", ""PO25CL-GEN-C03-P18-A01"", ""PO25CL-GEN-C02-P07-A02"", ""PO25CL-GEN-C03-P13-A01"", ""PO25CL-APP-R10"", ""PO25CL-GEN-C03-P20-A01"", ""PO25CL-GEN-C03-P14-A10"", ""PO25CL-GEN-C03-P20-A02""]","[0.11194301887824758, 0.07183396416383703, 0.06823178870941668, 0.06021974827935975, 0.05897992639037081, 0.05700694715981207, 0.052050730993777626, 0.051405492838295555, 0.05139920037071957, 0.05041690173362516]",[1],1.0,1.0,1.0,1.0,0.11194301887824758,0.11194301887824758,0.07183396416383703,0.04010905471441055,0.04010905471441055,1.0,1.0,1.0,1.0,1.0,1.0,1.0,1.0,1.0,1.0,1.0,1.0,1.0,1.0,1.0
Q0135,Wo werden die Meldetermine zusätzlich zur elektronischen Bekanntgabe mitgeteilt?,fully_answerable,1,"[""PO25CL-GEN-C03-P11-A04""]",0.13734790953991602,0.08788470261165277,0.049463206928263254,"[""PO25CL-GEN-C03-P11-A04"", ""PO25CL-GEN-C03-P18-A08"", ""PO25CL-GEN-C03-P17-A03"", ""PO25CL-GEN-C03-P16-A01"", ""PO25CL-GEN-C02-P07-A02"", ""PO25CL-GEN-C01-P04-A05"", ""PO25CL-GEN-C03-P21-A03"", ""PO25CL-GEN-C03-P14-A03"", ""PO25CL-GEN-C03-P14-A02"", ""PO25CL-GEN-C03-P18-A01""]","[0.13734790953991602, 0.08788470261165277, 0.05710205448739708, 0.04909746681851464, 0.039947095508993814, 0.039007954456179036, 0.03790032547701506, 0.03515635000965288, 0.03460638496730663, 0.032792912394517065]",[1],1.0,1.0,1.0,1.0,0.13734790953991602,0.13734790953991602,0.08788470261165277,0.049463206928263254,0.049463206928263254,1.0,1.0,1.0,1.0,1.0,1.0,1.0,1.0,1.0,1.0,1.0,1.0,1.0,1.0,1.0
Q0136,In welchem Paragraphen ist die Abmeldung von Prüfungen geregelt?,fully_answerable,1,"[""PO25CL-GEN-C03-P11-A04""]",0.14952559925314865,0.121790141332003,0.02773545792114565,"[""PO25CL-GEN-C03-P11-A04"", ""PO25CL-GEN-C03-P19-A02"", ""PO25CL-GEN-C03-P11-A08"", ""PO25CL-GEN-C03-P11-A09"", ""PO25CL-GEN-C03-P19-A09"", ""PO25CL-GEN-C03-P19-A03"", ""PO25CL-GEN-C03-P15-A02"", ""PO25CL-GEN-C03-P22-U01"", ""PO25CL-GEN-C03-P19-A07"", ""PO25CL-GEN-C03-P19-A01""]","[0.14952559925314865, 0.121790141332003, 0.12097658622265108, 0.10204206668805499, 0.09231352255878221, 0.09036320745170096, 0.08505763691405972, 0.08238997202790868, 0.07547715847118525, 0.07401563788013138]",[1],1.0,1.0,1.0,1.0,0.14952559925314865,0.14952559925314865,0.121790141332003,0.02773545792114565,0.02773545792114565,1.0,1.0,1.0,1.0,1.0,1.0,1.0,1.0,1.0,1.0,1.0,1.0,1.0,1.0,1.0
Q0137,Kann eine Modulprüfung als Klausur erfolgen?,fully_answerable,1,"[""PO25CL-GEN-C03-P11-A05""]",0.09662540389187232,0.0899810142456621,0.006644389646210225,"[""PO25CL-APP-R09"", ""PO25CL-GEN-C03-P19-A05"", ""PO25CL-GEN-C03-P11-A05"", ""PO25CL-GEN-C03-P11-A03"", ""PO25CL-GEN-C03-P17-A01"", ""PO25CL-GEN-C03-P14-A09"", ""PO25CL-GEN-C03-P19-A09"", ""PO25CL-GEN-C03-P14-A04"", ""PO25CL-GEN-C03-P14-A02"", ""PO25CL-GEN-C03-P23-U01""]","[0.09662540389187232, 0.0899810142456621, 0.08636290255829354, 0.07776503220660941, 0.07238090424764904, 0.0618101889953549, 0.059006579314977575, 0.05536962261222374, 0.048773274010326634, 0.048155434221673815]",[3],3.0,3.0,3.0,0.3333333333333333,0.08636290255829354,0.08636290255829354,0.09662540389187232,-0.010262501333578783,-0.010262501333578783,0.0,0.0,0.0,0.0,0.0,0.0,1.0,1.0,1.0,1.0,1.0,1.0,1.0,1.0,1.0
Q0138,Kann eine Modulprüfung in elektronischer Klausurform erfolgen?,fully_answerable,1,"[""PO25CL-GEN-C03-P11-A05""]",0.10025203786141763,0.08493533928559337,0.015316698575824267,"[""PO25CL-GEN-C03-P19-A09"", ""PO25CL-GEN-C03-P17-A01"", ""PO25CL-GEN-C03-P11-A05"", ""PO25CL-GEN-C03-P11-A03"", ""PO25CL-APP-R09"", ""PO25CL-GEN-C03-P19-A05"", ""PO25CL-GEN-C03-P14-A09"", ""PO25CL-GEN-C03-P14-A07"", ""PO25CL-GEN-C03-P16-A01"", ""PO25CL-GEN-C04-P28-A02""]","[0.10025203786141763, 0.08493533928559337, 0.08157240499576826, 0.07195867074079737, 0.06713002065112747, 0.052637815477271185, 0.05255217254222645, 0.044873417925743765, 0.04279094024407965, 0.039316499411166064]",[3],3.0,3.0,3.0,0.3333333333333333,0.08157240499576826,0.08157240499576826,0.10025203786141763,-0.018679632865649373,-0.018679632865649373,0.0,0.0,0.0,0.0,0.0,0.0,1.0,1.0,1.0,1.0,1.0,1.0,1.0,1.0,1.0
Q0139,Kann eine Modulprüfung als mündliche Prüfung erfolgen?,fully_answerable,1,"[""PO25CL-GEN-C03-P11-A05""]",0.3947624739623541,0.07092272586507237,0.3238397480972817,"[""PO25CL-APP-R09"", ""PO25CL-GEN-C03-P12-A02"", ""PO25CL-GEN-C03-P19-A05"", ""PO25CL-GEN-C03-P11-A03"", ""PO25CL-GEN-C03-P13-A01"", ""PO25CL-GEN-C03-P19-A03"", ""PO25CL-GEN-C03-P13-A02"", ""PO25CL-GEN-C03-P17-A01"", ""PO25CL-GEN-C03-P14-A09"", ""PO25CL-GEN-C03-P19-A09""]","[0.3947624739623541, 0.07092272586507237, 0.06553027519156611, 0.05663376884002824, 0.052181190960882806, 0.04905957332773102, 0.046114696028259565, 0.04517297103708509, 0.04501437029204841, 0.04297259164101791]",[15],15.0,15.0,15.0,0.06666666666666667,0.0345508970216505,0.0345508970216505,0.3947624739623541,-0.3602115769407036,-0.3602115769407036,0.0,0.0,0.0,0.0,0.0,0.0,0.0,0.0,0.0,0.0,0.0,0.0,0.0,0.0,0.0
Q0140,Kann eine Modulprüfung als Studienarbeit erfolgen?,fully_answerable,1,"[""PO25CL-GEN-C03-P11-A05""]",0.10450817861281593,0.09732173455203526,0.007186444060780672,"[""PO25CL-APP-R09"", ""PO25CL-GEN-C03-P19-A05"", ""PO25CL-GEN-C03-P14-A04"", ""PO25CL-GEN-C03-P11-A03"", ""PO25CL-GEN-C03-P11-A05"", ""PO25CL-GEN-C03-P14-A09"", ""PO25CL-GEN-C03-P11-A06"", ""PO25CL-GEN-C03-P19-A09"", ""PO25CL-GEN-C03-P23-U01"", ""PO25CL-GEN-C03-P17-A01""]","[0.10450817861281593, 0.09732173455203526, 0.09142502096466272, 0.08410916330838057, 0.06805630709482807, 0.06685271172420752, 0.06541472468912977, 0.06382038141110091, 0.052083991560315936, 0.049689118687694205]",[5],5.0,5.0,5.0,0.2,0.06805630709482807,0.06805630709482807,0.10450817861281593,-0.03645187151798786,-0.03645187151798786,0.0,0.0,0.0,0.0,0.0,0.0,0.0,0.0,0.0,1.0,1.0,1.0,1.0,1.0,1.0
Q0141,Kann eine Modulprüfung als Hausarbeit erfolgen?,fully_answerable,1,"[""PO25CL-GEN-C03-P11-A05""]",0.11555369786551765,0.10536163998818769,0.010192057877329963,"[""PO25CL-GEN-C03-P14-A05"", ""PO25CL-APP-R09"", ""PO25CL-GEN-C03-P19-A05"", ""PO25CL-GEN-C03-P11-A03"", ""PO25CL-GEN-C03-P14-A09"", ""PO25CL-GEN-C03-P11-A05"", ""PO25CL-GEN-C03-P19-A09"", ""PO25CL-GEN-C03-P11-A06"", ""PO25CL-GEN-C03-P23-U01"", ""PO25CL-GEN-C03-P17-A01""]","[0.11555369786551765, 0.10536163998818769, 0.09811650815278919, 0.08479603703588551, 0.06739866141018239, 0.06618360466655718, 0.06434156770693775, 0.062049773090330204, 0.052509333152351546, 0.05009490265732325]",[6],6.0,6.0,6.0,0.16666666666666666,0.06618360466655718,0.06618360466655718,0.11555369786551765,-0.04937009319896048,-0.04937009319896048,0.0,0.0,0.0,0.0,0.0,0.0,0.0,0.0,0.0,0.0,0.0,0.0,1.0,1.0,1.0
Q0142,Kann eine Modulprüfung als Portfolio erfolgen?,fully_answerable,1,"[""PO25CL-GEN-C03-P11-A05""]",0.10450817861281593,0.10409947865524471,0.00040869995757121524,"[""PO25CL-APP-R09"", ""PO25CL-GEN-C03-P14-A07"", ""PO25CL-GEN-C03-P19-A05"", ""PO25CL-GEN-C03-P11-A03"", ""PO25CL-GEN-C03-P11-A05"", ""PO25CL-GEN-C03-P14-A09"", ""PO25CL-GEN-C03-P19-A09"", ""PO25CL-GEN-C03-P23-U01"", ""PO25CL-PLAN-S01-M01"", ""PO25CL-GEN-C03-P17-A01""]","[0.10450817861281593, 0.10409947865524471, 0.09732173455203526, 0.08410916330838057, 0.06805630709482807, 0.06685271172420752, 0.06382038141110091, 0.052083991560315936, 0.05128221885365195, 0.049689118687694205]",[5],5.0,5.0,5.0,0.2,0.06805630709482807,0.06805630709482807,0.10450817861281593,-0.03645187151798786,-0.03645187151798786,0.0,0.0,0.0,0.0,0.0,0.0,0.0,0.0,0.0,1.0,1.0,1.0,1.0,1.0,1.0
Q0143,Kann eine Modulprüfung als Projektarbeit erfolgen?,fully_answerable,1,"[""PO25CL-GEN-C03-P11-A05""]",0.10536163998818769,0.09811650815278919,0.007245131835398502,"[""PO25CL-APP-R09"", ""PO25CL-GEN-C03-P19-A05"", ""PO25CL-GEN-C03-P11-A03"", ""PO25CL-GEN-C03-P14-A09"", ""PO25CL-GEN-C03-P14-A06"", ""PO25CL-GEN-C03-P11-A05"", ""PO25CL-GEN-C03-P19-A09"", ""PO25CL-GEN-C03-P23-U01"", ""PO25CL-GEN-C03-P17-A01"", ""PO25CL-GEN-C03-P14-A04""]","[0.10536163998818769, 0.09811650815278919, 0.08479603703588551, 0.06739866141018239, 0.06661345797540116, 0.06618360466655716, 0.06434156770693775, 0.052509333152351546, 0.05009490265732325, 0.04571409184847104]",[6],6.0,6.0,6.0,0.16666666666666666,0.06618360466655716,0.06618360466655716,0.10536163998818769,-0.03917803532163053,-0.03917803532163053,0.0,0.0,0.0,0.0,0.0,0.0,0.0,0.0,0.0,0.0,0.0,0.0,1.0,1.0,1.0
Q0144,Wie viele Modulabschlussprüfungen müssen mindestens als Hausarbeit oder Studienarbeit abgelegt werden?,fully_answerable,1,"[""PO25CL-GEN-C03-P11-A06""]",0.2665497651212344,0.0919026666307645,0.1746470984904699,"[""PO25CL-GEN-C03-P11-A06"", ""PO25CL-GEN-C03-P14-A05"", ""PO25CL-GEN-C04-P26-U01"", ""PO25CL-GEN-C03-P14-A04"", ""PO25CL-GEN-C03-P11-A05"", ""PO25CL-GEN-C03-P18-A03"", ""PO25CL-GEN-C03-P13-A01"", ""PO25CL-GEN-C01-P05-A03"", ""PO25CL-GEN-C03-P15-A09"", ""PO25CL-GEN-C02-P06-U01""]","[0.2665497651212344, 0.0919026666307645, 0.05592051959903189, 0.05375687863446736, 0.05265932547840241, 0.050449940294518617, 0.045235117544984396, 0.043495171021181826, 0.04057778020275902, 0.0338297413328857]",[1],1.0,1.0,1.0,1.0,0.2665497651212344,0.2665497651212344,0.0919026666307645,0.1746470984904699,0.1746470984904699,1.0,1.0,1.0,1.0,1.0,1.0,1.0,1.0,1.0,1.0,1.0,1.0,1.0,1.0,1.0
Q0145,Wie viele Modulabschlussprüfungen müssen mindestens als mündliche Prüfung abgelegt werden?,fully_answerable,1,"[""PO25CL-GEN-C03-P11-A06""]",0.21447333590778767,0.16688496313091944,0.047588372776868226,"[""PO25CL-APP-R09"", ""PO25CL-GEN-C03-P11-A06"", ""PO25CL-GEN-C03-P12-A02"", ""PO25CL-GEN-C03-P13-A01"", ""PO25CL-GEN-C03-P13-A02"", ""PO25CL-GEN-C04-P26-U01"", ""PO25CL-GEN-C03-P17-A02"", ""PO25CL-GEN-C01-P05-A03"", ""PO25CL-GEN-C03-P18-A03"", ""PO25CL-GEN-C03-P18-A02""]","[0.21447333590778767, 0.16688496313091944, 0.07949910659003283, 0.07287248013977934, 0.05873087985136405, 0.04546218023232206, 0.04422469467008172, 0.04076560685704444, 0.04064382711794119, 0.03290730252441516]",[2],2.0,2.0,2.0,0.5,0.16688496313091944,0.16688496313091944,0.21447333590778767,-0.047588372776868226,-0.047588372776868226,0.0,0.0,0.0,1.0,1.0,1.0,1.0,1.0,1.0,1.0,1.0,1.0,1.0,1.0,1.0
Q0146,Innerhalb welcher Frist muss die Bewertung einer Prüfung bekannt gegeben werden?,fully_answerable,1,"[""PO25CL-GEN-C03-P11-A09""]",0.12700006914094816,0.1236457146794658,0.003354354461482356,"[""PO25CL-GEN-C03-P14-A03"", ""PO25CL-GEN-C03-P14-A05"", ""PO25CL-GEN-C03-P13-A01"", ""PO25CL-GEN-C03-P14-A04"", ""PO25CL-GEN-C03-P14-A06"", ""PO25CL-GEN-C03-P17-A02"", ""PO25CL-GEN-C03-P20-A01"", ""PO25CL-GEN-C03-P16-A03"", ""PO25CL-GEN-C03-P20-A02"", ""PO25CL-GEN-C03-P15-A06""]","[0.12700006914094816, 0.1236457146794658, 0.09640518893306023, 0.09554432568127373, 0.07964011930991081, 0.07835665965296085, 0.06901979579168835, 0.06769697624011155, 0.06439059818431442, 0.06047248670919653]",[13],13.0,13.0,13.0,0.07692307692307693,0.05367459773950524,0.05367459773950524,0.12700006914094816,-0.07332547140144292,-0.07332547140144292,0.0,0.0,0.0,0.0,0.0,0.0,0.0,0.0,0.0,0.0,0.0,0.0,0.0,0.0,0.0
Q0147,In welcher Sprache werden Prüfungen in der Regel abgenommen?,fully_answerable,1,"[""PO25CL-GEN-C03-P11-A08""]",0.2578337163550109,0.17389509607665538,0.08393862027835552,"[""PO25CL-GEN-C03-P11-A08"", ""PO25CL-GEN-C03-P15-A01"", ""PO25CL-PLAN-S05-M01"", ""PO25CL-GEN-C01-P05-A02"", ""PO25CL-GEN-C03-P14-A10"", ""PO25CL-GEN-C03-P13-A01"", ""PO25CL-GEN-C03-P15-A07"", ""PO25CL-GEN-C03-P14-A03"", ""PO25CL-APP-R07-M06"", ""PO25CL-GEN-C03-P15-A02""]","[0.2578337163550109, 0.17389509607665538, 0.1238166360178257, 0.11151070534110304, 0.09358439143616788, 0.08710654579844024, 0.08334771640778454, 0.08234770528627151, 0.07761336629247584, 0.07575292794137518]",[1],1.0,1.0,1.0,1.0,0.2578337163550109,0.2578337163550109,0.17389509607665538,0.08393862027835552,0.08393862027835552,1.0,1.0,1.0,1.0,1.0,1.0,1.0,1.0,1.0,1.0,1.0,1.0,1.0,1.0,1.0
Q0148,Unter welcher Voraussetzung kann eine Prüfung in einer anderen Sprache abgenommen werden?,fully_answerable,1,"[""PO25CL-GEN-C03-P11-A08""]",0.2791914908741091,0.10228474218799619,0.17690674868611292,"[""PO25CL-GEN-C03-P11-A08"", ""PO25CL-GEN-C04-P28-A07"", ""PO25CL-GEN-C04-P27-A01-02"", ""PO25CL-GEN-C03-P14-A09"", ""PO25CL-GEN-C03-P15-A07"", ""PO25CL-GEN-C03-P19-A04"", ""PO25CL-FRONT-TITLE"", ""PO25CL-GEN-C03-P19-A03"", ""PO25CL-PLAN-INTRO"", ""PO25CL-GEN-C03-P11-A06""]","[0.2791914908741091, 0.10228474218799619, 0.06799149588871001, 0.06574822554042338, 0.05423811462708105, 0.05266807144480177, 0.048652576849830854, 0.046649950000701726, 0.045916703166077266, 0.04572958647130292]",[1],1.0,1.0,1.0,1.0,0.2791914908741091,0.2791914908741091,0.10228474218799619,0.17690674868611292,0.17690674868611292,1.0,1.0,1.0,1.0,1.0,1.0,1.0,1.0,1.0,1.0,1.0,1.0,1.0,1.0,1.0
Q0149,Welche Einschreibung ist grundsätzlich für die Zulassung zu einer Modulprüfung erforderlich?,fully_answerable,1,"[""PO25CL-GEN-C03-P12-A01""]",0.20666565163335324,0.08450773181155406,0.12215791982179917,"[""PO25CL-GEN-C03-P20-A02"", ""PO25CL-GEN-C03-P12-A04"", ""PO25CL-GEN-C03-P12-A03"", ""PO25CL-APP-R09"", ""PO25CL-GEN-C03-P12-A05"", ""PO25CL-GEN-C03-P17-A01"", ""PO25CL-GEN-C02-P08-U01"", ""PO25CL-APP-R10"", ""PO25CL-GEN-C03-P21-A02"", ""PO25CL-GEN-C03-P11-A04""]","[0.20666565163335324, 0.08450773181155406, 0.0788823659857829, 0.07456272686161733, 0.061501289198281066, 0.060886187284062504, 0.05398514469773266, 0.0510440189122498, 0.04819643237121456, 0.04741241974338707]",[13],13.0,13.0,13.0,0.07692307692307693,0.04493334571216742,0.04493334571216742,0.20666565163335324,-0.16173230592118581,-0.16173230592118581,0.0,0.0,0.0,0.0,0.0,0.0,0.0,0.0,0.0,0.0,0.0,0.0,0.0,0.0,0.0
Q0150,Können zugelassene Zweithörerinnen und Zweithörer an Modulprüfungen teilnehmen?,fully_answerable,1,"[""PO25CL-GEN-C03-P12-A01""]",0.11601151736867925,0.0697130850748792,0.046298432293800054,"[""PO25CL-GEN-C03-P12-A01"", ""PO25CL-GEN-C03-P14-A01"", ""PO25CL-GEN-C03-P11-A03"", ""PO25CL-APP-R06"", ""PO25CL-GEN-C02-P08-U01"", ""PO25CL-GEN-C03-P12-A02"", ""PO25CL-GEN-C03-P12-A03"", ""PO25CL-GEN-C03-P14-A08"", ""PO25CL-GEN-C03-P11-A01"", ""PO25CL-GEN-C04-P28-A03""]","[0.11601151736867925, 0.0697130850748792, 0.059502884104843654, 0.05240553354008847, 0.05178805036992718, 0.049394441318894235, 0.04329011836427643, 0.043177904329581095, 0.04014992741590208, 0.039021437650346616]",[1],1.0,1.0,1.0,1.0,0.11601151736867925,0.11601151736867925,0.0697130850748792,0.046298432293800054,0.046298432293800054,1.0,1.0,1.0,1.0,1.0,1.0,1.0,1.0,1.0,1.0,1.0,1.0,1.0,1.0,1.0
Q0151,Müssen die fachbezogenen Voraussetzungen des fächerspezifischen Anhangs erfüllt sein?,fully_answerable,1,"[""PO25CL-GEN-C03-P12-A01""]",0.22291720329039183,0.12473272153482992,0.09818448175556191,"[""PO25CL-GEN-C03-P12-A01"", ""PO25CL-GEN-C03-P10-U01"", ""PO25CL-GEN-C03-P11-A02"", ""PO25CL-GEN-C03-P18-A05"", ""PO25CL-GEN-C02-P06-U01"", ""PO25CL-GEN-C03-P18-A06"", ""PO25CL-APP-R08"", ""PO25CL-GEN-C03-P12-A05"", ""PO25CL-GEN-C03-P15-A02"", ""PO25CL-GEN-C03-P20-A02""]","[0.22291720329039183, 0.12473272153482992, 0.10734249755072164, 0.09850733198597522, 0.06959315259049746, 0.06826437874647187, 0.06468204854262674, 0.061311530991954036, 0.040711963662121195, 0.03996976329735052]",[1],1.0,1.0,1.0,1.0,0.22291720329039183,0.22291720329039183,0.12473272153482992,0.09818448175556191,0.09818448175556191,1.0,1.0,1.0,1.0,1.0,1.0,1.0,1.0,1.0,1.0,1.0,1.0,1.0,1.0,1.0
Q0152,Welche ausländischen Studierenden sind von der Einschreibungsverpflichtung ausgenommen?,fully_answerable,1,"[""PO25CL-GEN-C03-P12-A01""]",0.13760686450930296,0.05078215347044519,0.08682471103885776,"[""PO25CL-GEN-C03-P12-A01"", ""PO25CL-GEN-C03-P19-A08"", ""PO25CL-GEN-C03-P15-A03"", ""PO25CL-GEN-C03-P12-A02"", ""PO25CL-GEN-C03-P17-A05"", ""PO25CL-GEN-C04-P28-A03"", ""PO25CL-GEN-C04-P30-U01"", ""PO25CL-GEN-C03-P16-A01"", ""PO25CL-GEN-C03-P21-A04"", ""PO25CL-GEN-C04-P31-A02""]","[0.13760686450930296, 0.05078215347044519, 0.04083800520554218, 0.04060508741441818, 0.03922598433207332, 0.03674379802719991, 0.03589442627234731, 0.03543361053142333, 0.03540434485309854, 0.03409522983475624]",[1],1.0,1.0,1.0,1.0,0.13760686450930296,0.13760686450930296,0.05078215347044519,0.08682471103885776,0.08682471103885776,1.0,1.0,1.0,1.0,1.0,1.0,1.0,1.0,1.0,1.0,1.0,1.0,1.0,1.0,1.0
Q0153,Welche Zugangsprüfung ermöglicht beruflich Qualifizierten die Zulassung zu Modulprüfungen?,fully_answerable,1,"[""PO25CL-GEN-C03-P12-A02""]",0.2043886962539158,0.16901916447403834,0.03536953177987748,"[""PO25CL-GEN-C03-P12-A03"", ""PO25CL-GEN-C03-P12-A04"", ""PO25CL-GEN-C03-P20-A02"", ""PO25CL-GEN-C03-P12-A05"", ""PO25CL-GEN-C03-P12-A01"", ""PO25CL-GEN-C03-P12-A02"", ""PO25CL-GEN-C02-P09-A02"", ""PO25CL-APP-R06"", ""PO25CL-PLAN-INTRO"", ""PO25CL-GEN-C03-P14-A09""]","[0.2043886962539158, 0.16901916447403834, 0.14116572523190668, 0.11051533939324971, 0.1041053007092039, 0.09602654026887511, 0.03712824292587753, 0.02993250006709763, 0.02777954054082951, 0.025564309019334992]",[6],6.0,6.0,6.0,0.16666666666666666,0.09602654026887511,0.09602654026887511,0.2043886962539158,-0.1083621559850407,-0.1083621559850407,0.0,0.0,0.0,0.0,0.0,0.0,0.0,0.0,0.0,0.0,0.0,0.0,1.0,1.0,1.0
Q0154,Wie lange dauert die Klausurarbeit der Zugangsprüfung?,fully_answerable,1,"[""PO25CL-GEN-C03-P12-A02""]",0.11097908131623004,0.07048745726028953,0.040491624055940506,"[""PO25CL-GEN-C03-P12-A02"", ""PO25CL-GEN-C01-P05-A03"", ""PO25CL-GEN-C03-P14-A03"", ""PO25CL-GEN-C03-P18-A03"", ""PO25CL-GEN-C04-P24-A02"", ""PO25CL-PLAN-INTRO"", ""PO25CL-GEN-C03-P14-A06"", ""PO25CL-GEN-C04-P24-A01"", ""PO25CL-GEN-C03-P13-A01"", ""PO25CL-GEN-C03-P15-A03""]","[0.11097908131623004, 0.07048745726028953, 0.061815262441983, 0.04951185748318998, 0.03755405904395246, 0.033685518225123334, 0.03306252859566615, 0.03296300932285492, 0.03167703645040487, 0.031197347421551603]",[1],1.0,1.0,1.0,1.0,0.11097908131623004,0.11097908131623004,0.07048745726028953,0.040491624055940506,0.040491624055940506,1.0,1.0,1.0,1.0,1.0,1.0,1.0,1.0,1.0,1.0,1.0,1.0,1.0,1.0,1.0
Q0155,Wie lange dauert der mündliche Teil der Zugangsprüfung mindestens?,fully_answerable,1,"[""PO25CL-GEN-C03-P12-A02""]",0.11768230224373963,0.09958724186243027,0.018095060381309355,"[""PO25CL-GEN-C03-P12-A02"", ""PO25CL-GEN-C03-P19-A05"", ""PO25CL-GEN-C03-P13-A02"", ""PO25CL-GEN-C03-P13-A01"", ""PO25CL-GEN-C03-P18-A03"", ""PO25CL-GEN-C03-P14-A06"", ""PO25CL-APP-R09"", ""PO25CL-GEN-C03-P11-A06"", ""PO25CL-GEN-C01-P05-A03"", ""PO25CL-GEN-C03-P14-A04""]","[0.11768230224373963, 0.09958724186243027, 0.0674339545368793, 0.06719944502331351, 0.05570263652197901, 0.0455110091614074, 0.044856508606640436, 0.044296938024546234, 0.04332617002934896, 0.038593963680617516]",[1],1.0,1.0,1.0,1.0,0.11768230224373963,0.11768230224373963,0.09958724186243027,0.018095060381309355,0.018095060381309355,1.0,1.0,1.0,1.0,1.0,1.0,1.0,1.0,1.0,1.0,1.0,1.0,1.0,1.0,1.0
Q0156,Wie lange dauert der mündliche Teil der Zugangsprüfung höchstens?,fully_answerable,1,"[""PO25CL-GEN-C03-P12-A02""]",0.10966317583083296,0.0979607443876369,0.011702431443196062,"[""PO25CL-GEN-C03-P12-A02"", ""PO25CL-GEN-C03-P19-A05"", ""PO25CL-GEN-C03-P13-A02"", ""PO25CL-GEN-C03-P13-A01"", ""PO25CL-GEN-C03-P14-A06"", ""PO25CL-APP-R09"", ""PO25CL-GEN-C01-P05-A03"", ""PO25CL-GEN-C03-P19-A06"", ""PO25CL-GEN-C03-P18-A03"", ""PO25CL-GEN-C03-P14-A04""]","[0.10966317583083296, 0.0979607443876369, 0.0750614972240507, 0.0715780389868168, 0.053338834417537145, 0.04412389470337024, 0.042618550209507465, 0.03680908723203802, 0.0364087992870063, 0.03480663419417952]",[1],1.0,1.0,1.0,1.0,0.10966317583083296,0.10966317583083296,0.0979607443876369,0.011702431443196062,0.011702431443196062,1.0,1.0,1.0,1.0,1.0,1.0,1.0,1.0,1.0,1.0,1.0,1.0,1.0,1.0,1.0
Q0157,Welche Mindestbewertung muss jede Teilleistung der Zugangsprüfung erreichen?,fully_answerable,1,"[""PO25CL-GEN-C03-P12-A02""]",0.09264550334417901,0.03193765521502534,0.06070784812915367,"[""PO25CL-GEN-C03-P12-A02"", ""PO25CL-GEN-C03-P11-A06"", ""PO25CL-PLAN-INTRO"", ""PO25CL-GEN-C03-P15-A10"", ""PO25CL-GEN-C03-P15-A07"", ""PO25CL-GEN-C03-P19-A09"", ""PO25CL-GEN-C03-P15-A06"", ""PO25CL-GEN-C04-P25-A03"", ""PO25CL-GEN-C02-P08-U01"", ""PO25CL-GEN-C03-P17-A03""]","[0.09264550334417901, 0.03193765521502534, 0.029772926050085125, 0.027844705055085225, 0.023913714786146383, 0.02203292215508082, 0.021812390213585893, 0.0213080098851744, 0.02124125192110849, 0.018804412537855572]",[1],1.0,1.0,1.0,1.0,0.09264550334417901,0.09264550334417901,0.03193765521502534,0.06070784812915367,0.06070784812915367,1.0,1.0,1.0,1.0,1.0,1.0,1.0,1.0,1.0,1.0,1.0,1.0,1.0,1.0,1.0
Q0158,Wie wird die Gesamtnote der Zugangsprüfung berechnet?,fully_answerable,1,"[""PO25CL-GEN-C03-P12-A02""]",0.1586615644540382,0.13973883328943093,0.01892273116460727,"[""PO25CL-GEN-C03-P18-A05"", ""PO25CL-APP-R10"", ""PO25CL-GEN-C03-P18-A06"", ""PO25CL-GEN-C03-P18-A07"", ""PO25CL-GEN-C03-P21-A03"", ""PO25CL-GEN-C03-P16-A01"", ""PO25CL-GEN-C01-P05-A03"", ""PO25CL-GEN-C03-P21-A02"", ""PO25CL-GEN-C03-P14-A02"", ""PO25CL-GEN-C03-P18-A03""]","[0.1586615644540382, 0.13973883328943093, 0.10779823450176301, 0.06963865839164438, 0.06588240214516544, 0.059809853824983106, 0.05696939871854221, 0.05449649469397999, 0.05444320072241676, 0.048971446005785846]",[11],11.0,11.0,11.0,0.09090909090909091,0.044111396718353124,0.044111396718353124,0.1586615644540382,-0.11455016773568508,-0.11455016773568508,0.0,0.0,0.0,0.0,0.0,0.0,0.0,0.0,0.0,0.0,0.0,0.0,0.0,0.0,0.0
Q0159,Wie viele Semester dauert das Probestudium?,fully_answerable,1,"[""PO25CL-GEN-C03-P12-A02""]",0.06352154314728665,0.05429217532846093,0.009229367818825725,"[""PO25CL-GEN-C01-P05-A03"", ""PO25CL-GEN-C03-P21-A02"", ""PO25CL-GEN-C03-P12-A02"", ""PO25CL-PLAN-INTRO"", ""PO25CL-GEN-C03-P15-A03"", ""PO25CL-PLAN-S02-SUM"", ""PO25CL-PLAN-S03-SUM"", ""PO25CL-PLAN-S04-SUM"", ""PO25CL-PLAN-S05-SUM"", ""PO25CL-PLAN-S01-SUM""]","[0.06352154314728665, 0.05429217532846093, 0.054291358880854644, 0.04618377180728699, 0.046098909172007534, 0.04324263811651097, 0.04324263811651097, 0.04324263811651097, 0.04248690772699086, 0.04212293288839492]",[3],3.0,3.0,3.0,0.3333333333333333,0.054291358880854644,0.054291358880854644,0.06352154314728665,-0.00923018426643201,-0.00923018426643201,0.0,0.0,0.0,0.0,0.0,0.0,1.0,1.0,1.0,1.0,1.0,1.0,1.0,1.0,1.0
Q0160,An wen ist der Antrag zur Zugangsprüfung zu richten?,fully_answerable,1,"[""PO25CL-GEN-C03-P12-A02""]",0.23188461719523512,0.13122700205721635,0.10065761513801877,"[""PO25CL-GEN-C04-P27-A03"", ""PO25CL-GEN-C03-P17-A04"", ""PO25CL-GEN-C03-P12-A02"", ""PO25CL-GEN-C04-P27-A01-02"", ""PO25CL-GEN-C03-P20-A03"", ""PO25CL-GEN-C03-P16-A03"", ""PO25CL-GEN-C04-P26-U01"", ""PO25CL-GEN-C03-P17-A06"", ""PO25CL-GEN-C03-P12-A01"", ""PO25CL-GEN-C04-P28-A03""]","[0.23188461719523512, 0.13122700205721635, 0.10632653881048094, 0.08807315895979904, 0.05634061624640322, 0.05498672136191749, 0.05498008409264893, 0.05489961319862668, 0.05448611349890824, 0.052420194749702366]",[3],3.0,3.0,3.0,0.3333333333333333,0.10632653881048094,0.10632653881048094,0.23188461719523512,-0.1255580783847542,-0.1255580783847542,0.0,0.0,0.0,0.0,0.0,0.0,1.0,1.0,1.0,1.0,1.0,1.0,1.0,1.0,1.0
Q0161,Über welches System wird der Zulassungsantrag zu Modulprüfungen gestellt?,fully_answerable,1,"[""PO25CL-GEN-C03-P12-A03""]",0.38383921981317054,0.0731002213583742,0.31073899845479636,"[""PO25CL-GEN-C03-P12-A03"", ""PO25CL-GEN-C03-P12-A04"", ""PO25CL-GEN-C03-P12-A01"", ""PO25CL-GEN-C01-P02-A01"", ""PO25CL-GEN-C03-P21-A03"", ""PO25CL-GEN-C03-P12-A02"", ""PO25CL-GEN-C02-P07-A02"", ""PO25CL-GEN-C03-P15-A03"", ""PO25CL-GEN-C03-P11-A04"", ""PO25CL-GEN-C04-P24-A02""]","[0.38383921981317054, 0.0731002213583742, 0.0604193288886256, 0.05875812700185576, 0.05494205479650227, 0.05469073893575841, 0.040951259087365036, 0.039956831141607044, 0.038719821458512084, 0.03624378348631662]",[1],1.0,1.0,1.0,1.0,0.38383921981317054,0.38383921981317054,0.0731002213583742,0.31073899845479636,0.31073899845479636,1.0,1.0,1.0,1.0,1.0,1.0,1.0,1.0,1.0,1.0,1.0,1.0,1.0,1.0,1.0
Q0162,Wer entscheidet über die Zulassung zu einer Modulprüfung?,fully_answerable,1,"[""PO25CL-GEN-C03-P12-A04""]",0.23026138421494713,0.1439349187719339,0.08632646544301323,"[""PO25CL-GEN-C03-P20-A02"", ""PO25CL-GEN-C03-P12-A04"", ""PO25CL-GEN-C03-P12-A03"", ""PO25CL-APP-R09"", ""PO25CL-GEN-C03-P12-A05"", ""PO25CL-GEN-C03-P17-A01"", ""PO25CL-GEN-C04-P24-A02"", ""PO25CL-GEN-C03-P12-A01"", ""PO25CL-GEN-C03-P12-A02"", ""PO25CL-GEN-C04-P28-A09""]","[0.23026138421494713, 0.1439349187719339, 0.10094066765453774, 0.08708058846076688, 0.07182634916801853, 0.07110798170872609, 0.0696289611112344, 0.0606834762752813, 0.05710983952512497, 0.0525228528729212]",[2],2.0,2.0,2.0,0.5,0.1439349187719339,0.1439349187719339,0.23026138421494713,-0.08632646544301323,-0.08632646544301323,0.0,0.0,0.0,1.0,1.0,1.0,1.0,1.0,1.0,1.0,1.0,1.0,1.0,1.0,1.0
Q0163,Kann die Stellvertretung des Prüfungsausschussvorsitzes über die Zulassung entscheiden?,fully_answerable,1,"[""PO25CL-GEN-C03-P12-A04""]",0.1718665052083274,0.150401607025484,0.021464898182843417,"[""PO25CL-GEN-C03-P20-A02"", ""PO25CL-GEN-C03-P12-A04"", ""PO25CL-GEN-C04-P24-A02"", ""PO25CL-GEN-C03-P15-A07"", ""PO25CL-GEN-C03-P11-A07"", ""PO25CL-GEN-C03-P19-A04"", ""PO25CL-GEN-C03-P12-A05"", ""PO25CL-GEN-C03-P14-A03"", ""PO25CL-GEN-C04-P28-A08"", ""PO25CL-GEN-C03-P12-A03""]","[0.1718665052083274, 0.150401607025484, 0.11119492611892896, 0.08614771557255138, 0.08066377345474718, 0.07367093674951859, 0.07043939915686033, 0.06900491287415081, 0.06327552314528975, 0.061028967217040125]",[2],2.0,2.0,2.0,0.5,0.150401607025484,0.150401607025484,0.1718665052083274,-0.021464898182843417,-0.021464898182843417,0.0,0.0,0.0,1.0,1.0,1.0,1.0,1.0,1.0,1.0,1.0,1.0,1.0,1.0,1.0
Q0164,Darf die Zulassung bei fehlenden allgemeinen Voraussetzungen abgelehnt werden?,fully_answerable,1,"[""PO25CL-GEN-C03-P12-A05""]",0.18335138578140814,0.1406307878993757,0.042720597882032446,"[""PO25CL-GEN-C03-P12-A05"", ""PO25CL-GEN-C03-P20-A02"", ""PO25CL-APP-R08"", ""PO25CL-GEN-C03-P12-A04"", ""PO25CL-GEN-C03-P19-A09"", ""PO25CL-APP-R09"", ""PO25CL-GEN-C03-P15-A05"", ""PO25CL-GEN-C03-P12-A01"", ""PO25CL-GEN-C03-P15-A06"", ""PO25CL-GEN-C03-P12-A03""]","[0.18335138578140814, 0.1406307878993757, 0.09962898655630552, 0.08173390637097352, 0.06784206673319672, 0.05003906587921521, 0.0481030035145226, 0.0447448575121699, 0.03936465171956534, 0.03889327926490957]",[1],1.0,1.0,1.0,1.0,0.18335138578140814,0.18335138578140814,0.1406307878993757,0.042720597882032446,0.042720597882032446,1.0,1.0,1.0,1.0,1.0,1.0,1.0,1.0,1.0,1.0,1.0,1.0,1.0,1.0,1.0
Q0165,Darf die Zulassung bei fehlenden fächerspezifischen Bedingungen abgelehnt werden?,fully_answerable,1,"[""PO25CL-GEN-C03-P12-A05""]",0.17924111997854697,0.12300136783242994,0.056239752146117025,"[""PO25CL-GEN-C03-P12-A05"", ""PO25CL-GEN-C03-P20-A02"", ""PO25CL-GEN-C03-P12-A04"", ""PO25CL-GEN-C03-P19-A09"", ""PO25CL-GEN-C03-P18-A05"", ""PO25CL-APP-R09"", ""PO25CL-GEN-C03-P15-A05"", ""PO25CL-GEN-C03-P15-A06"", ""PO25CL-GEN-C03-P12-A03"", ""PO25CL-GEN-C03-P12-A01""]","[0.17924111997854697, 0.12300136783242994, 0.08327022413721229, 0.06911726544873958, 0.058483324754434615, 0.05097962909623932, 0.049007175383824715, 0.0401045724756354, 0.03962433983175391, 0.03912850420708705]",[1],1.0,1.0,1.0,1.0,0.17924111997854697,0.17924111997854697,0.12300136783242994,0.056239752146117025,0.056239752146117025,1.0,1.0,1.0,1.0,1.0,1.0,1.0,1.0,1.0,1.0,1.0,1.0,1.0,1.0,1.0
Q0166,Darf die Zulassung nach endgültigem Nichtbestehen desselben Studiengangs abgelehnt werden?,fully_answerable,1,"[""PO25CL-GEN-C03-P12-A05""]",0.13046756681532024,0.10328395933384628,0.027183607481473956,"[""PO25CL-GEN-C03-P12-A05"", ""PO25CL-GEN-C03-P20-A02"", ""PO25CL-GEN-C03-P19-A08"", ""PO25CL-GEN-C03-P12-A04"", ""PO25CL-GEN-C03-P19-A09"", ""PO25CL-GEN-C02-P09-A03"", ""PO25CL-GEN-C03-P19-A02"", ""PO25CL-GEN-C03-P15-A05"", ""PO25CL-GEN-C03-P19-A10"", ""PO25CL-GEN-C03-P19-A03""]","[0.13046756681532024, 0.10328395933384628, 0.09390539704712281, 0.06660929241395802, 0.06652282126820691, 0.05187052625793044, 0.05088407516125275, 0.047742412090699196, 0.04604222017467619, 0.042341335597577995]",[1],1.0,1.0,1.0,1.0,0.13046756681532024,0.13046756681532024,0.10328395933384628,0.027183607481473956,0.027183607481473956,1.0,1.0,1.0,1.0,1.0,1.0,1.0,1.0,1.0,1.0,1.0,1.0,1.0,1.0,1.0
Q0167,Wie lange dauert eine mündliche Einzelprüfung mindestens?,fully_answerable,1,"[""PO25CL-GEN-C03-P13-A01""]",0.09929862825659347,0.0793196156052359,0.01997901265135757,"[""PO25CL-GEN-C03-P12-A02"", ""PO25CL-GEN-C03-P13-A02"", ""PO25CL-GEN-C03-P13-A01"", ""PO25CL-GEN-C03-P11-A06"", ""PO25CL-APP-R09"", ""PO25CL-GEN-C01-P05-A03"", ""PO25CL-GEN-C03-P18-A03"", ""PO25CL-GEN-C03-P18-A02"", ""PO25CL-PLAN-INTRO"", ""PO25CL-GEN-C03-P14-A04""]","[0.09929862825659347, 0.0793196156052359, 0.0778590186818546, 0.05848990974946574, 0.05276275200686654, 0.05096268157454096, 0.04476004696779007, 0.037160413576166194, 0.03446377431844204, 0.03087831210507161]",[3],3.0,3.0,3.0,0.3333333333333333,0.0778590186818546,0.0778590186818546,0.09929862825659347,-0.021439609574738866,-0.021439609574738866,0.0,0.0,0.0,0.0,0.0,0.0,1.0,1.0,1.0,1.0,1.0,1.0,1.0,1.0,1.0
Q0168,Wie lange dauert eine mündliche Einzelprüfung höchstens?,fully_answerable,1,"[""PO25CL-GEN-C03-P13-A01""]",0.08994792503841958,0.08774801328763074,0.0021999117507888466,"[""PO25CL-GEN-C03-P12-A02"", ""PO25CL-GEN-C03-P13-A02"", ""PO25CL-GEN-C03-P13-A01"", ""PO25CL-APP-R09"", ""PO25CL-GEN-C01-P05-A03"", ""PO25CL-GEN-C03-P14-A06"", ""PO25CL-PLAN-INTRO"", ""PO25CL-GEN-C03-P14-A05"", ""PO25CL-GEN-C03-P14-A04"", ""PO25CL-GEN-C01-P02-A01""]","[0.08994792503841958, 0.08774801328763074, 0.08251756927488434, 0.051581493067963745, 0.04982172283242401, 0.03418833718815844, 0.033692195127942456, 0.027269233691718388, 0.026496426905893124, 0.025189583913075568]",[3],3.0,3.0,3.0,0.3333333333333333,0.08251756927488434,0.08251756927488434,0.08994792503841958,-0.0074303557635352485,-0.0074303557635352485,0.0,0.0,0.0,0.0,0.0,0.0,1.0,1.0,1.0,1.0,1.0,1.0,1.0,1.0,1.0
Q0169,In welcher Prüfungsform wird eine mündliche Prüfung grundsätzlich abgelegt?,fully_answerable,1,"[""PO25CL-GEN-C03-P13-A01""]",0.10651200764586004,0.10630815381029504,0.00020385383556499603,"[""PO25CL-GEN-C03-P12-A02"", ""PO25CL-APP-R09"", ""PO25CL-GEN-C03-P13-A01"", ""PO25CL-GEN-C03-P11-A06"", ""PO25CL-PLAN-INTRO"", ""PO25CL-GEN-C04-P28-A07"", ""PO25CL-GEN-C03-P13-A02"", ""PO25CL-GEN-C01-P01-A02"", ""PO25CL-GEN-C03-P11-A03"", ""PO25CL-GEN-C03-P18-A02""]","[0.10651200764586004, 0.10630815381029504, 0.06905773411712358, 0.059763555204498636, 0.05943203685062885, 0.053022755746796595, 0.05158426467591906, 0.04739055588587171, 0.04106177264653714, 0.04077502460570853]",[3],3.0,3.0,3.0,0.3333333333333333,0.06905773411712358,0.06905773411712358,0.10651200764586004,-0.037454273528736454,-0.037454273528736454,0.0,0.0,0.0,0.0,0.0,0.0,1.0,1.0,1.0,1.0,1.0,1.0,1.0,1.0,1.0
Q0170,Vor wie vielen Prüferinnen oder Prüfern wird eine mündliche Einzelprüfung abgelegt?,fully_answerable,1,"[""PO25CL-GEN-C03-P13-A01""]",0.1488565614126573,0.11081079865211399,0.038045762760543306,"[""PO25CL-GEN-C04-P25-A04"", ""PO25CL-GEN-C03-P16-A02"", ""PO25CL-GEN-C03-P13-A01"", ""PO25CL-GEN-C03-P19-A08"", ""PO25CL-GEN-C04-P25-A06"", ""PO25CL-GEN-C04-P25-A03"", ""PO25CL-GEN-C03-P12-A02"", ""PO25CL-GEN-C03-P13-A02"", ""PO25CL-GEN-C04-P25-A02"", ""PO25CL-PLAN-INTRO""]","[0.1488565614126573, 0.11081079865211399, 0.09564370181657247, 0.08901733373516808, 0.06360765865559045, 0.05655276014877355, 0.05642115084335384, 0.05071918269895017, 0.04497856512199089, 0.04440505880921769]",[3],3.0,3.0,3.0,0.3333333333333333,0.09564370181657247,0.09564370181657247,0.1488565614126573,-0.05321285959608482,-0.05321285959608482,0.0,0.0,0.0,0.0,0.0,0.0,1.0,1.0,1.0,1.0,1.0,1.0,1.0,1.0,1.0
Q0171,Welche weitere sachkundige Person muss bei einer mündlichen Einzelprüfung anwesend sein?,fully_answerable,1,"[""PO25CL-GEN-C03-P13-A01""]",0.09501089497642262,0.08331390727745691,0.01169698769896571,"[""PO25CL-GEN-C03-P11-A06"", ""PO25CL-GEN-C03-P19-A06"", ""PO25CL-GEN-C03-P13-A01"", ""PO25CL-GEN-C03-P15-A06"", ""PO25CL-GEN-C04-P24-A03"", ""PO25CL-GEN-C03-P19-A08"", ""PO25CL-GEN-C03-P20-A01"", ""PO25CL-GEN-C03-P11-A05"", ""PO25CL-GEN-C03-P17-A01"", ""PO25CL-PLAN-INTRO""]","[0.09501089497642262, 0.08331390727745691, 0.06653264780884895, 0.0629633961173782, 0.06289417917825156, 0.055363328457816496, 0.04629579703140269, 0.04377534848977313, 0.04127309877216791, 0.038218197187558756]",[3],3.0,3.0,3.0,0.3333333333333333,0.06653264780884895,0.06653264780884895,0.09501089497642262,-0.028478247167573675,-0.028478247167573675,0.0,0.0,0.0,0.0,0.0,0.0,1.0,1.0,1.0,1.0,1.0,1.0,1.0,1.0,1.0
Q0172,Wer führt in der Regel das Protokoll einer mündlichen Prüfung?,fully_answerable,1,"[""PO25CL-GEN-C03-P13-A01""]",0.22439357321029157,0.1720080716822248,0.052385501528066786,"[""PO25CL-GEN-C03-P13-A01"", ""PO25CL-GEN-C03-P19-A08"", ""PO25CL-GEN-C03-P11-A06"", ""PO25CL-GEN-C03-P15-A01"", ""PO25CL-GEN-C03-P11-A08"", ""PO25CL-PLAN-S05-M01"", ""PO25CL-GEN-C03-P11-A05"", ""PO25CL-GEN-C03-P17-A01"", ""PO25CL-GEN-C03-P14-A06"", ""PO25CL-GEN-C01-P05-A02""]","[0.22439357321029157, 0.1720080716822248, 0.16669602096381428, 0.13525936214557266, 0.10300601410841938, 0.10028081244339102, 0.09447314089960286, 0.0824772376233944, 0.08129793669276203, 0.07612705182849432]",[1],1.0,1.0,1.0,1.0,0.22439357321029157,0.22439357321029157,0.1720080716822248,0.052385501528066786,0.052385501528066786,1.0,1.0,1.0,1.0,1.0,1.0,1.0,1.0,1.0,1.0,1.0,1.0,1.0,1.0,1.0
Q0173,Was wird im Protokoll zu den Prüfungsgegenständen festgehalten?,fully_answerable,1,"[""PO25CL-GEN-C03-P13-A01""]",0.10448759717650086,0.07922251027236837,0.025265086904132483,"[""PO25CL-GEN-C03-P13-A01"", ""PO25CL-GEN-C01-P04-A03"", ""PO25CL-GEN-C04-P28-A03"", ""PO25CL-GEN-C03-P19-A08"", ""PO25CL-GEN-C03-P17-A05"", ""PO25CL-GEN-C03-P12-A04"", ""PO25CL-GEN-C01-P05-A01"", ""PO25CL-GEN-C03-P12-A03"", ""PO25CL-GEN-C03-P12-A02"", ""PO25CL-GEN-C03-P15-A02""]","[0.10448759717650086, 0.07922251027236837, 0.07514614613436238, 0.05599050593912841, 0.044160810328757176, 0.04401258693697826, 0.043759206067474646, 0.03957016342253767, 0.039403692375782104, 0.038238051590978935]",[1],1.0,1.0,1.0,1.0,0.10448759717650086,0.10448759717650086,0.07922251027236837,0.025265086904132483,0.025265086904132483,1.0,1.0,1.0,1.0,1.0,1.0,1.0,1.0,1.0,1.0,1.0,1.0,1.0,1.0,1.0
Q0174,Was wird im Protokoll zu den Prüfungsergebnissen festgehalten?,fully_answerable,1,"[""PO25CL-GEN-C03-P13-A01""]",0.10448759717650086,0.07922251027236837,0.025265086904132483,"[""PO25CL-GEN-C03-P13-A01"", ""PO25CL-GEN-C01-P04-A03"", ""PO25CL-GEN-C04-P28-A03"", ""PO25CL-GEN-C03-P19-A08"", ""PO25CL-GEN-C03-P17-A05"", ""PO25CL-GEN-C03-P12-A04"", ""PO25CL-GEN-C01-P05-A01"", ""PO25CL-GEN-C03-P12-A03"", ""PO25CL-GEN-C03-P12-A02"", ""PO25CL-GEN-C03-P15-A02""]","[0.10448759717650086, 0.07922251027236837, 0.07514614613436238, 0.05599050593912841, 0.044160810328757176, 0.04401258693697826, 0.043759206067474646, 0.03957016342253767, 0.039403692375782104, 0.038238051590978935]",[1],1.0,1.0,1.0,1.0,0.10448759717650086,0.10448759717650086,0.07922251027236837,0.025265086904132483,0.025265086904132483,1.0,1.0,1.0,1.0,1.0,1.0,1.0,1.0,1.0,1.0,1.0,1.0,1.0,1.0,1.0
Q0175,Wen hört die prüfende Person vor der Festsetzung der Note?,fully_answerable,1,"[""PO25CL-GEN-C03-P13-A01""]",0.24464659616806833,0.06150336045572732,0.183143235712341,"[""PO25CL-GEN-C03-P13-A01"", ""PO25CL-GEN-C03-P17-A06"", ""PO25CL-GEN-C03-P18-A06"", ""PO25CL-GEN-C03-P20-A03"", ""PO25CL-GEN-C04-P27-A01-02"", ""PO25CL-GEN-C04-P28-A08"", ""PO25CL-GEN-C03-P12-A02"", ""PO25CL-GEN-C03-P18-A02"", ""PO25CL-GEN-C04-P24-A02"", ""PO25CL-GEN-C03-P14-A06""]","[0.24464659616806833, 0.06150336045572732, 0.0452133005819494, 0.04222217333572634, 0.04016855943365412, 0.034258203259826425, 0.0334785132074858, 0.033462652939552834, 0.03240309919625342, 0.03156955202094056]",[1],1.0,1.0,1.0,1.0,0.24464659616806833,0.24464659616806833,0.06150336045572732,0.183143235712341,0.183143235712341,1.0,1.0,1.0,1.0,1.0,1.0,1.0,1.0,1.0,1.0,1.0,1.0,1.0,1.0,1.0
Q0176,Wann wird die Bewertung einer mündlichen Prüfung bekannt gegeben?,fully_answerable,1,"[""PO25CL-GEN-C03-P13-A01""]",0.14517057411593326,0.1318398275712982,0.013330746544635064,"[""PO25CL-GEN-C03-P13-A01"", ""PO25CL-GEN-C03-P14-A03"", ""PO25CL-GEN-C03-P14-A05"", ""PO25CL-GEN-C03-P11-A06"", ""PO25CL-GEN-C03-P14-A04"", ""PO25CL-GEN-C03-P14-A06"", ""PO25CL-GEN-C03-P19-A08"", ""PO25CL-GEN-C03-P11-A05"", ""PO25CL-GEN-C03-P17-A01"", ""PO25CL-GEN-C03-P16-A03""]","[0.14517057411593326, 0.1318398275712982, 0.1313112089151238, 0.1257712726572683, 0.12158826160157313, 0.09860204058466655, 0.08723149124816507, 0.08203192151939381, 0.07670154609199252, 0.06841851365329177]",[1],1.0,1.0,1.0,1.0,0.14517057411593326,0.14517057411593326,0.1318398275712982,0.013330746544635064,0.013330746544635064,1.0,1.0,1.0,1.0,1.0,1.0,1.0,1.0,1.0,1.0,1.0,1.0,1.0,1.0,1.0
Q0177,Wessen Einvernehmen ist für eine mündliche Gruppenprüfung erforderlich?,fully_answerable,1,"[""PO25CL-GEN-C03-P13-A02""]",0.17696402414449014,0.14787683801427848,0.029087186130211662,"[""PO25CL-GEN-C03-P13-A02"", ""PO25CL-GEN-C03-P18-A01"", ""PO25CL-GEN-C03-P12-A02"", ""PO25CL-GEN-C01-P02-A01"", ""PO25CL-GEN-C02-P08-U01"", ""PO25CL-APP-R09"", ""PO25CL-GEN-C03-P11-A04"", ""PO25CL-APP-R14"", ""PO25CL-GEN-C03-P13-A01"", ""PO25CL-GEN-C03-P18-A02""]","[0.17696402414449014, 0.14787683801427848, 0.08082765250110338, 0.07533337278488451, 0.05740271060616532, 0.04892320412433776, 0.047883203578303994, 0.047131492425505295, 0.04041859243035055, 0.03821117111519052]",[1],1.0,1.0,1.0,1.0,0.17696402414449014,0.17696402414449014,0.14787683801427848,0.029087186130211662,0.029087186130211662,1.0,1.0,1.0,1.0,1.0,1.0,1.0,1.0,1.0,1.0,1.0,1.0,1.0,1.0,1.0
Q0178,Wie viele Personen dürfen höchstens an einer mündlichen Gruppenprüfung teilnehmen?,fully_answerable,1,"[""PO25CL-GEN-C03-P13-A02""]",0.10992996084570532,0.06793184407739919,0.04199811676830613,"[""PO25CL-GEN-C03-P13-A02"", ""PO25CL-GEN-C03-P11-A06"", ""PO25CL-APP-R04"", ""PO25CL-GEN-C03-P14-A04"", ""PO25CL-GEN-C03-P13-A01"", ""PO25CL-GEN-C03-P14-A06"", ""PO25CL-GEN-C03-P19-A08"", ""PO25CL-GEN-C03-P12-A05"", ""PO25CL-GEN-C03-P11-A05"", ""PO25CL-GEN-C04-P30-U01""]","[0.10992996084570532, 0.06793184407739919, 0.06673538517967982, 0.05676392638913761, 0.05528336262870791, 0.05017897206727587, 0.0460289360141836, 0.04508769137859022, 0.042309443871538385, 0.04204304460608483]",[1],1.0,1.0,1.0,1.0,0.10992996084570532,0.10992996084570532,0.06793184407739919,0.04199811676830613,0.04199811676830613,1.0,1.0,1.0,1.0,1.0,1.0,1.0,1.0,1.0,1.0,1.0,1.0,1.0,1.0,1.0
Q0179,Wie lange dauert eine mündliche Gruppenprüfung pro Person mindestens?,fully_answerable,1,"[""PO25CL-GEN-C03-P13-A02""]",0.18762370214247268,0.09303449371148981,0.09458920843098287,"[""PO25CL-GEN-C03-P13-A02"", ""PO25CL-GEN-C03-P12-A02"", ""PO25CL-GEN-C03-P11-A06"", ""PO25CL-PLAN-INTRO"", ""PO25CL-APP-R09"", ""PO25CL-GEN-C01-P05-A03"", ""PO25CL-GEN-C03-P13-A01"", ""PO25CL-GEN-C03-P18-A03"", ""PO25CL-GEN-C03-P18-A02"", ""PO25CL-GEN-C03-P14-A04""]","[0.18762370214247268, 0.09303449371148981, 0.054800144134024883, 0.05192374245732202, 0.04943427725002615, 0.04774776209612408, 0.04662242808667788, 0.041936413234130936, 0.03481619357555058, 0.028930390920782468]",[1],1.0,1.0,1.0,1.0,0.18762370214247268,0.18762370214247268,0.09303449371148981,0.09458920843098287,0.09458920843098287,1.0,1.0,1.0,1.0,1.0,1.0,1.0,1.0,1.0,1.0,1.0,1.0,1.0,1.0,1.0
Q0180,Wie lange dauert eine mündliche Gruppenprüfung pro Person höchstens?,fully_answerable,1,"[""PO25CL-GEN-C03-P13-A02""]",0.19350779058721912,0.08450255254664493,0.10900523804057419,"[""PO25CL-GEN-C03-P13-A02"", ""PO25CL-GEN-C03-P12-A02"", ""PO25CL-GEN-C03-P13-A01"", ""PO25CL-PLAN-INTRO"", ""PO25CL-APP-R09"", ""PO25CL-GEN-C01-P05-A03"", ""PO25CL-GEN-C03-P14-A06"", ""PO25CL-GEN-C01-P03-A01"", ""PO25CL-GEN-C03-P14-A05"", ""PO25CL-GEN-C03-P14-A04""]","[0.19350779058721912, 0.08450255254664493, 0.051716545556802586, 0.050899133103385674, 0.048458792424041365, 0.04680555721338807, 0.03211860371977219, 0.025957764575409287, 0.025618376988206515, 0.024892355281761265]",[1],1.0,1.0,1.0,1.0,0.19350779058721912,0.19350779058721912,0.08450255254664493,0.10900523804057419,0.10900523804057419,1.0,1.0,1.0,1.0,1.0,1.0,1.0,1.0,1.0,1.0,1.0,1.0,1.0,1.0,1.0
Q0181,Kann eine schriftliche Modulprüfung als dokumentierter Einzelbericht ausgestaltet werden?,fully_answerable,1,"[""PO25CL-GEN-C03-P14-A01""]",0.15489085649442802,0.09158752777429865,0.06330332872012936,"[""PO25CL-GEN-C03-P14-A01"", ""PO25CL-GEN-C03-P19-A05"", ""PO25CL-GEN-C03-P17-A02"", ""PO25CL-GEN-C03-P14-A09"", ""PO25CL-GEN-C03-P14-A04"", ""PO25CL-GEN-C03-P19-A03"", ""PO25CL-APP-R09"", ""PO25CL-GEN-C03-P17-A01"", ""PO25CL-GEN-C03-P14-A10"", ""PO25CL-GEN-C03-P19-A09""]","[0.15489085649442802, 0.09158752777429865, 0.06558843544955338, 0.05704700000932131, 0.051785239215005684, 0.048588644695061314, 0.04482455025434241, 0.043431315567108345, 0.04312216296130439, 0.04156599422041355]",[1],1.0,1.0,1.0,1.0,0.15489085649442802,0.15489085649442802,0.09158752777429865,0.06330332872012936,0.06330332872012936,1.0,1.0,1.0,1.0,1.0,1.0,1.0,1.0,1.0,1.0,1.0,1.0,1.0,1.0,1.0
Q0182,Dürfen Klausuren Multiple-Choice-Aufgaben enthalten?,fully_answerable,1,"[""PO25CL-GEN-C03-P14-A01""]",0.3509572147422564,0.12991521065483086,0.22104200408742553,"[""PO25CL-GEN-C03-P14-A01"", ""PO25CL-GEN-C03-P14-A02"", ""PO25CL-GEN-C04-P30-U01"", ""PO25CL-GEN-C04-P29-U01"", ""PO25CL-GEN-C03-P12-A02"", ""PO25CL-GEN-C04-P24-A01"", ""PO25CL-FRONT-TITLE"", ""PO25CL-FRONT-PREAMBLE"", ""PO25CL-GEN-C01-P01-A01"", ""PO25CL-GEN-C01-P01-A02""]","[0.3509572147422564, 0.12991521065483086, 0.0391056788199983, 0.022967430134041067, 0.01276008630043617, 0.011377900627028365, 0.0, 0.0, 0.0, 0.0]",[1],1.0,1.0,1.0,1.0,0.3509572147422564,0.3509572147422564,0.12991521065483086,0.22104200408742553,0.22104200408742553,1.0,1.0,1.0,1.0,1.0,1.0,1.0,1.0,1.0,1.0,1.0,1.0,1.0,1.0,1.0
Q0183,Was muss bei elektronischen Prüfungsverfahren hinsichtlich der Authentizität der Ergebnisse sichergestellt werden?,fully_answerable,1,"[""PO25CL-GEN-C03-P14-A02""]",0.11050347738410879,0.09288152635376332,0.017621951030345473,"[""PO25CL-GEN-C03-P14-A02"", ""PO25CL-GEN-C04-P28-A03"", ""PO25CL-GEN-C03-P14-A06"", ""PO25CL-GEN-C03-P15-A06"", ""PO25CL-GEN-C03-P16-A01"", ""PO25CL-GEN-C04-P24-A02"", ""PO25CL-GEN-C02-P07-A02"", ""PO25CL-GEN-C03-P14-A07"", ""PO25CL-GEN-C03-P13-A01"", ""PO25CL-GEN-C03-P15-A10""]","[0.11050347738410879, 0.09288152635376332, 0.07030416876161714, 0.058404342807618796, 0.05324318612674617, 0.048778663707305304, 0.04860857229786621, 0.04834060753596, 0.047790858884509874, 0.04367533567225135]",[1],1.0,1.0,1.0,1.0,0.11050347738410879,0.11050347738410879,0.09288152635376332,0.017621951030345473,0.017621951030345473,1.0,1.0,1.0,1.0,1.0,1.0,1.0,1.0,1.0,1.0,1.0,1.0,1.0,1.0,1.0
Q0184,Muss bei elektronischen Prüfungsverfahren die Integrität der Prüfungsergebnisse sichergestellt werden?,fully_answerable,1,"[""PO25CL-GEN-C03-P14-A02""]",0.2377274258164842,0.062081968145375664,0.17564545767110853,"[""PO25CL-GEN-C03-P14-A02"", ""PO25CL-GEN-C03-P17-A03"", ""PO25CL-GEN-C04-P24-A02"", ""PO25CL-GEN-C03-P16-A01"", ""PO25CL-GEN-C02-P07-A02"", ""PO25CL-GEN-C04-P24-A03"", ""PO25CL-GEN-C03-P11-A04"", ""PO25CL-GEN-C03-P20-A01"", ""PO25CL-GEN-C03-P15-A06"", ""PO25CL-GEN-C03-P15-A10""]","[0.2377274258164842, 0.062081968145375664, 0.04301695062555275, 0.040349247499391006, 0.03781126029494711, 0.033387256989468074, 0.03225262136039398, 0.03222547823544002, 0.03171814200068543, 0.03171677066772363]",[1],1.0,1.0,1.0,1.0,0.2377274258164842,0.2377274258164842,0.062081968145375664,0.17564545767110853,0.17564545767110853,1.0,1.0,1.0,1.0,1.0,1.0,1.0,1.0,1.0,1.0,1.0,1.0,1.0,1.0,1.0
Q0185,Wer legt die Bestehensgrenze einer Multiple-Choice-Klausur fest?,fully_answerable,1,"[""PO25CL-GEN-C03-P14-A02""]",0.14793556400013064,0.09713394968839859,0.05080161431173205,"[""PO25CL-GEN-C03-P14-A02"", ""PO25CL-GEN-C03-P14-A01"", ""PO25CL-GEN-C04-P24-A02"", ""PO25CL-GEN-C04-P24-A06"", ""PO25CL-GEN-C03-P17-A01"", ""PO25CL-GEN-C03-P17-A05"", ""PO25CL-GEN-C03-P14-A03"", ""PO25CL-GEN-C03-P14-A04"", ""PO25CL-GEN-C02-P07-A03"", ""PO25CL-GEN-C03-P14-A05""]","[0.14793556400013064, 0.09713394968839859, 0.07000566088628576, 0.06561329599478741, 0.040600138714060666, 0.039156539351607705, 0.03663406371303994, 0.03144888810908708, 0.028935416355397335, 0.028872205049130843]",[1],1.0,1.0,1.0,1.0,0.14793556400013064,0.14793556400013064,0.09713394968839859,0.05080161431173205,0.05080161431173205,1.0,1.0,1.0,1.0,1.0,1.0,1.0,1.0,1.0,1.0,1.0,1.0,1.0,1.0,1.0
Q0186,In welcher Form wird die Bestehensgrenze einer Multiple-Choice-Klausur angegeben?,fully_answerable,1,"[""PO25CL-GEN-C03-P14-A02""]",0.18215462707726687,0.08819435817289352,0.09396026890437335,"[""PO25CL-GEN-C03-P14-A02"", ""PO25CL-GEN-C03-P14-A01"", ""PO25CL-GEN-C03-P17-A01"", ""PO25CL-PLAN-INTRO"", ""PO25CL-GEN-C03-P11-A06"", ""PO25CL-GEN-C03-P11-A05"", ""PO25CL-GEN-C03-P21-A03"", ""PO25CL-GEN-C03-P14-A09"", ""PO25CL-GEN-C03-P16-A01"", ""PO25CL-GEN-C03-P14-A03""]","[0.18215462707726687, 0.08819435817289352, 0.057077589518198024, 0.056497806331457165, 0.05429625804840253, 0.053205128236178734, 0.04647614758217941, 0.04524019173474707, 0.043344731812163126, 0.04240949728861797]",[1],1.0,1.0,1.0,1.0,0.18215462707726687,0.18215462707726687,0.08819435817289352,0.09396026890437335,0.09396026890437335,1.0,1.0,1.0,1.0,1.0,1.0,1.0,1.0,1.0,1.0,1.0,1.0,1.0,1.0,1.0
Q0187,Wird bei der Festlegung der Multiple-Choice-Bestehensgrenze der Mittelwert der erzielten Leistungen berücksichtigt?,fully_answerable,1,"[""PO25CL-GEN-C03-P14-A02""]",0.24302999376247278,0.09292450915456046,0.15010548460791232,"[""PO25CL-GEN-C03-P14-A02"", ""PO25CL-GEN-C04-P24-A03"", ""PO25CL-GEN-C03-P14-A01"", ""PO25CL-GEN-C03-P16-A01"", ""PO25CL-GEN-C03-P14-A06"", ""PO25CL-GEN-C03-P15-A10"", ""PO25CL-GEN-C03-P20-A01"", ""PO25CL-GEN-C03-P15-A03"", ""PO25CL-GEN-C03-P18-A05"", ""PO25CL-GEN-C03-P19-A06""]","[0.24302999376247278, 0.09292450915456046, 0.09027464171804828, 0.06794161027283299, 0.061193248757356454, 0.053079653385129995, 0.051003680803338156, 0.048290793089540575, 0.04767264059002512, 0.045438265980849546]",[1],1.0,1.0,1.0,1.0,0.24302999376247278,0.24302999376247278,0.09292450915456046,0.15010548460791232,0.15010548460791232,1.0,1.0,1.0,1.0,1.0,1.0,1.0,1.0,1.0,1.0,1.0,1.0,1.0,1.0,1.0
Q0188,Wie lange dauert eine Klausur in der Regel?,fully_answerable,1,"[""PO25CL-GEN-C03-P14-A03""]",0.17151124552994784,0.12715783049760637,0.04435341503234147,"[""PO25CL-GEN-C03-P15-A01"", ""PO25CL-PLAN-S05-M01"", ""PO25CL-GEN-C03-P11-A08"", ""PO25CL-GEN-C01-P05-A02"", ""PO25CL-GEN-C03-P14-A03"", ""PO25CL-GEN-C03-P14-A10"", ""PO25CL-GEN-C03-P14-A02"", ""PO25CL-GEN-C03-P14-A06"", ""PO25CL-GEN-C03-P13-A01"", ""PO25CL-GEN-C03-P15-A02""]","[0.17151124552994784, 0.12715783049760637, 0.12021266101015018, 0.10057528531117636, 0.09519822312491572, 0.08947856442969594, 0.08309403263834589, 0.07683293909174585, 0.07365773900242056, 0.06848151639580757]",[5],5.0,5.0,5.0,0.2,0.09519822312491572,0.09519822312491572,0.17151124552994784,-0.07631302240503213,-0.07631302240503213,0.0,0.0,0.0,0.0,0.0,0.0,0.0,0.0,0.0,1.0,1.0,1.0,1.0,1.0,1.0
Q0189,Auf welche Höchstdauer kann eine Klausur ausnahmsweise verlängert werden?,fully_answerable,1,"[""PO25CL-GEN-C03-P14-A03""]",0.09085810826620147,0.08700490362294634,0.0038532046432551287,"[""PO25CL-GEN-C03-P14-A03"", ""PO25CL-GEN-C03-P14-A04"", ""PO25CL-GEN-C03-P14-A10"", ""PO25CL-GEN-C04-P25-A06"", ""PO25CL-GEN-C03-P15-A04"", ""PO25CL-GEN-C03-P14-A02"", ""PO25CL-GEN-C03-P17-A01"", ""PO25CL-GEN-C03-P19-A03"", ""PO25CL-GEN-C01-P03-A01"", ""PO25CL-GEN-C03-P19-A05""]","[0.09085810826620147, 0.08700490362294634, 0.08089162899054715, 0.07324015318214068, 0.06551501873947985, 0.06051854105414578, 0.04189186319597968, 0.04180750525066987, 0.038198516085278654, 0.03707777023997653]",[1],1.0,1.0,1.0,1.0,0.09085810826620147,0.09085810826620147,0.08700490362294634,0.0038532046432551287,0.0038532046432551287,1.0,1.0,1.0,1.0,1.0,1.0,1.0,1.0,1.0,1.0,1.0,1.0,1.0,1.0,1.0
Q0190,Auf welche Mindestdauer kann eine Klausur ausnahmsweise verkürzt werden?,fully_answerable,1,"[""PO25CL-GEN-C03-P14-A03""]",0.12548492834287872,0.08491995304799743,0.04056497529488129,"[""PO25CL-GEN-C03-P14-A03"", ""PO25CL-GEN-C03-P14-A04"", ""PO25CL-GEN-C03-P15-A04"", ""PO25CL-GEN-C03-P14-A02"", ""PO25CL-GEN-C03-P17-A01"", ""PO25CL-GEN-C03-P19-A03"", ""PO25CL-GEN-C01-P03-A01"", ""PO25CL-GEN-C03-P19-A05"", ""PO25CL-GEN-C02-P09-A01"", ""PO25CL-PLAN-INTRO""]","[0.12548492834287872, 0.08491995304799743, 0.06394504313694793, 0.05906829903660697, 0.04088798340738, 0.04080564698199897, 0.037283142183833495, 0.03618925344195005, 0.03458534519987584, 0.03317790079496814]",[1],1.0,1.0,1.0,1.0,0.12548492834287872,0.12548492834287872,0.08491995304799743,0.04056497529488129,0.04056497529488129,1.0,1.0,1.0,1.0,1.0,1.0,1.0,1.0,1.0,1.0,1.0,1.0,1.0,1.0,1.0
Q0191,Wer bewertet eine Klausur?,fully_answerable,1,"[""PO25CL-GEN-C03-P14-A03""]",0.09120201821267332,0.08313194972735377,0.008070068485319548,"[""PO25CL-GEN-C03-P14-A02"", ""PO25CL-GEN-C03-P17-A05"", ""PO25CL-GEN-C03-P14-A04"", ""PO25CL-GEN-C03-P11-A04"", ""PO25CL-GEN-C03-P17-A01"", ""PO25CL-GEN-C03-P17-A02"", ""PO25CL-GEN-C01-P02-A01"", ""PO25CL-GEN-C03-P12-A02"", ""PO25CL-GEN-C03-P12-A01"", ""PO25CL-GEN-C03-P18-A01""]","[0.09120201821267332, 0.08313194972735377, 0.062140470655979316, 0.05008736747133842, 0.04781585152575735, 0.03561528195860192, 0.033717115965675004, 0.032835696739431486, 0.030869335071835296, 0.03020942486556056]",[20],20.0,20.0,20.0,0.05,0.023661041369863755,0.023661041369863755,0.09120201821267332,-0.06754097684280956,-0.06754097684280956,0.0,0.0,0.0,0.0,0.0,0.0,0.0,0.0,0.0,0.0,0.0,0.0,0.0,0.0,0.0
Q0192,Bis wann muss die Bewertung einer Klausur bekannt gegeben werden?,fully_answerable,1,"[""PO25CL-GEN-C03-P14-A03""]",0.2113306047828438,0.13598781394724466,0.07534279083559914,"[""PO25CL-GEN-C03-P14-A03"", ""PO25CL-GEN-C03-P14-A05"", ""PO25CL-GEN-C03-P14-A04"", ""PO25CL-GEN-C03-P17-A01"", ""PO25CL-GEN-C03-P14-A06"", ""PO25CL-GEN-C03-P16-A03"", ""PO25CL-GEN-C03-P18-A07"", ""PO25CL-GEN-C03-P13-A01"", ""PO25CL-GEN-C03-P11-A09"", ""PO25CL-GEN-C03-P11-A06""]","[0.2113306047828438, 0.13598781394724466, 0.11599383828071026, 0.09873993593084696, 0.08758965691231595, 0.0744543701623344, 0.07241156592696837, 0.0626309626310578, 0.0590323023326357, 0.04732736360281886]",[1],1.0,1.0,1.0,1.0,0.2113306047828438,0.2113306047828438,0.13598781394724466,0.07534279083559914,0.07534279083559914,1.0,1.0,1.0,1.0,1.0,1.0,1.0,1.0,1.0,1.0,1.0,1.0,1.0,1.0,1.0
Q0193,Welcher mündliche Bestandteil gehört zu einer Studienarbeit?,fully_answerable,1,"[""PO25CL-GEN-C03-P14-A04""]",0.08618257553899072,0.08379152177176592,0.0023910537672248017,"[""PO25CL-GEN-C03-P14-A04"", ""PO25CL-GEN-C03-P13-A02"", ""PO25CL-APP-R09"", ""PO25CL-GEN-C03-P11-A06"", ""PO25CL-GEN-C03-P13-A01"", ""PO25CL-GEN-C03-P12-A02"", ""PO25CL-GEN-C03-P20-A02"", ""PO25CL-GEN-C03-P11-A05"", ""PO25CL-GEN-C03-P14-A06"", ""PO25CL-GEN-C03-P14-A05""]","[0.08618257553899072, 0.08379152177176592, 0.06463670934100701, 0.05838223597138785, 0.05819937488684171, 0.04796903390702689, 0.04448235544313027, 0.04138967911083321, 0.03781693760616412, 0.03356917294433274]",[1],1.0,1.0,1.0,1.0,0.08618257553899072,0.08618257553899072,0.08379152177176592,0.0023910537672248017,0.0023910537672248017,1.0,1.0,1.0,1.0,1.0,1.0,1.0,1.0,1.0,1.0,1.0,1.0,1.0,1.0,1.0
Q0194,Welcher schriftliche Bestandteil gehört zu einer Studienarbeit?,fully_answerable,1,"[""PO25CL-GEN-C03-P14-A04""]",0.10023608463785133,0.05963131181255393,0.0406047728252974,"[""PO25CL-GEN-C03-P14-A04"", ""PO25CL-GEN-C03-P11-A06"", ""PO25CL-GEN-C03-P14-A05"", ""PO25CL-GEN-C03-P14-A06"", ""PO25CL-GEN-C03-P20-A02"", ""PO25CL-GEN-C03-P14-A01"", ""PO25CL-GEN-C03-P11-A05"", ""PO25CL-GEN-C03-P14-A03"", ""PO25CL-PLAN-INTRO"", ""PO25CL-GEN-C03-P14-A09""]","[0.10023608463785133, 0.05963131181255393, 0.04988142893746276, 0.04840141072506379, 0.045434046220602486, 0.0439448396131603, 0.0422752027190125, 0.0377516934176018, 0.03343831399752704, 0.03317828990605946]",[1],1.0,1.0,1.0,1.0,0.10023608463785133,0.10023608463785133,0.05963131181255393,0.0406047728252974,0.0406047728252974,1.0,1.0,1.0,1.0,1.0,1.0,1.0,1.0,1.0,1.0,1.0,1.0,1.0,1.0,1.0
Q0195,Welche Prüfung kann die schriftliche Ausarbeitung einer Studienarbeit ersetzen?,fully_answerable,1,"[""PO25CL-GEN-C03-P14-A04""]",0.1877898075230347,0.10469304180787342,0.08309676571516128,"[""PO25CL-GEN-C03-P14-A04"", ""PO25CL-GEN-C03-P19-A03"", ""PO25CL-GEN-C03-P14-A05"", ""PO25CL-GEN-C03-P17-A01"", ""PO25CL-GEN-C03-P14-A06"", ""PO25CL-GEN-C03-P11-A05"", ""PO25CL-GEN-C03-P14-A03"", ""PO25CL-GEN-C03-P11-A06"", ""PO25CL-GEN-C03-P19-A04"", ""PO25CL-GEN-C03-P13-A01""]","[0.1877898075230347, 0.10469304180787342, 0.09259565346260021, 0.08653206433530947, 0.07556033311006502, 0.07033674930403495, 0.06939093778778446, 0.06448166915357931, 0.047178820368353226, 0.04628018967976819]",[1],1.0,1.0,1.0,1.0,0.1877898075230347,0.1877898075230347,0.10469304180787342,0.08309676571516128,0.08309676571516128,1.0,1.0,1.0,1.0,1.0,1.0,1.0,1.0,1.0,1.0,1.0,1.0,1.0,1.0,1.0
Q0196,Wie lange dauert die mündliche Präsentation einer Studienarbeit mindestens?,fully_answerable,1,"[""PO25CL-GEN-C03-P14-A04""]",0.142630890534985,0.1318068465613987,0.0108240439735863,"[""PO25CL-GEN-C03-P14-A04"", ""PO25CL-GEN-C03-P11-A06"", ""PO25CL-GEN-C03-P13-A02"", ""PO25CL-GEN-C03-P13-A01"", ""PO25CL-GEN-C03-P14-A06"", ""PO25CL-GEN-C03-P12-A02"", ""PO25CL-APP-R09"", ""PO25CL-GEN-C01-P05-A03"", ""PO25CL-GEN-C03-P14-A05"", ""PO25CL-GEN-C03-P18-A03""]","[0.142630890534985, 0.1318068465613987, 0.0878711192725424, 0.06949287033354531, 0.06750531564658918, 0.06537324203499333, 0.06433520991642683, 0.052649155681634446, 0.04394740183021095, 0.043723044083898516]",[1],1.0,1.0,1.0,1.0,0.142630890534985,0.142630890534985,0.1318068465613987,0.0108240439735863,0.0108240439735863,1.0,1.0,1.0,1.0,1.0,1.0,1.0,1.0,1.0,1.0,1.0,1.0,1.0,1.0,1.0
Q0197,Wie viele Wörter soll die schriftliche Ausarbeitung einer Studienarbeit mindestens umfassen?,fully_answerable,1,"[""PO25CL-GEN-C03-P14-A04""]",0.22594322350176985,0.1484211331938873,0.07752209030788254,"[""PO25CL-GEN-C03-P14-A04"", ""PO25CL-GEN-C03-P14-A05"", ""PO25CL-GEN-C03-P11-A06"", ""PO25CL-GEN-C03-P14-A06"", ""PO25CL-GEN-C03-P11-A05"", ""PO25CL-GEN-C03-P14-A07"", ""PO25CL-GEN-C03-P14-A03"", ""PO25CL-GEN-C01-P05-A03"", ""PO25CL-GEN-C03-P18-A03"", ""PO25CL-GEN-C03-P14-A01""]","[0.22594322350176985, 0.1484211331938873, 0.11850859070086403, 0.11112767167031208, 0.06828760076239616, 0.04808503403304263, 0.047442484302903445, 0.047337277267417516, 0.039311738886954356, 0.03555332942077847]",[1],1.0,1.0,1.0,1.0,0.22594322350176985,0.22594322350176985,0.1484211331938873,0.07752209030788254,0.07752209030788254,1.0,1.0,1.0,1.0,1.0,1.0,1.0,1.0,1.0,1.0,1.0,1.0,1.0,1.0,1.0
Q0198,Wie viele Wörter soll die schriftliche Ausarbeitung einer Studienarbeit höchstens umfassen?,fully_answerable,1,"[""PO25CL-GEN-C03-P14-A04""]",0.23400763686931747,0.1623917256577103,0.07161591121160718,"[""PO25CL-GEN-C03-P14-A04"", ""PO25CL-GEN-C03-P14-A05"", ""PO25CL-GEN-C03-P14-A06"", ""PO25CL-GEN-C03-P11-A05"", ""PO25CL-GEN-C03-P14-A03"", ""PO25CL-GEN-C03-P11-A06"", ""PO25CL-GEN-C01-P05-A03"", ""PO25CL-GEN-C03-P14-A07"", ""PO25CL-GEN-C03-P13-A02"", ""PO25CL-GEN-C03-P13-A01""]","[0.23400763686931747, 0.1623917256577103, 0.12494843137644243, 0.07165368729210259, 0.05685413817401554, 0.05062248334489731, 0.0496706638498112, 0.04377029224760987, 0.04033744699865606, 0.03885962544171276]",[1],1.0,1.0,1.0,1.0,0.23400763686931747,0.23400763686931747,0.1623917256577103,0.07161591121160718,0.07161591121160718,1.0,1.0,1.0,1.0,1.0,1.0,1.0,1.0,1.0,1.0,1.0,1.0,1.0,1.0,1.0
Q0199,Wer bewertet eine Studienarbeit?,fully_answerable,1,"[""PO25CL-GEN-C03-P14-A04""]",0.09812182570682154,0.07772950891414476,0.02039231679267678,"[""PO25CL-GEN-C03-P14-A04"", ""PO25CL-GEN-C03-P17-A05"", ""PO25CL-GEN-C03-P11-A06"", ""PO25CL-GEN-C03-P11-A04"", ""PO25CL-GEN-C03-P17-A02"", ""PO25CL-GEN-C01-P02-A01"", ""PO25CL-GEN-C03-P12-A02"", ""PO25CL-GEN-C03-P11-A05"", ""PO25CL-GEN-C03-P12-A01"", ""PO25CL-GEN-C03-P18-A01""]","[0.09812182570682154, 0.07772950891414476, 0.07330382980518943, 0.04683237298196559, 0.03330077528026538, 0.03152596414024479, 0.030701825119951242, 0.03046046292722974, 0.028863250092285814, 0.028246225032373264]",[1],1.0,1.0,1.0,1.0,0.09812182570682154,0.09812182570682154,0.07772950891414476,0.02039231679267678,0.02039231679267678,1.0,1.0,1.0,1.0,1.0,1.0,1.0,1.0,1.0,1.0,1.0,1.0,1.0,1.0,1.0
Q0200,Bis wann muss die Bewertung einer Studienarbeit bekannt gegeben werden?,fully_answerable,1,"[""PO25CL-GEN-C03-P14-A04""]",0.17966562723078808,0.13589838017441253,0.04376724705637555,"[""PO25CL-GEN-C03-P14-A04"", ""PO25CL-GEN-C03-P14-A03"", ""PO25CL-GEN-C03-P14-A05"", ""PO25CL-GEN-C03-P14-A06"", ""PO25CL-GEN-C03-P11-A06"", ""PO25CL-GEN-C03-P16-A03"", ""PO25CL-GEN-C03-P18-A07"", ""PO25CL-GEN-C03-P13-A01"", ""PO25CL-GEN-C03-P11-A09"", ""PO25CL-GEN-C03-P18-A04""]","[0.17966562723078808, 0.13589838017441253, 0.13230900151556826, 0.08522013636939213, 0.07790963354101291, 0.07244019216656127, 0.07045265092424152, 0.060936637549662054, 0.05743533006439974, 0.04253669498873739]",[1],1.0,1.0,1.0,1.0,0.17966562723078808,0.17966562723078808,0.13589838017441253,0.04376724705637555,0.04376724705637555,1.0,1.0,1.0,1.0,1.0,1.0,1.0,1.0,1.0,1.0,1.0,1.0,1.0,1.0,1.0
Q0201,Woraus besteht eine Hausarbeit?,fully_answerable,1,"[""PO25CL-GEN-C03-P14-A05""]",0.1920522000852968,0.07127856950591577,0.12077363057938104,"[""PO25CL-GEN-C03-P14-A05"", ""PO25CL-GEN-C03-P14-A02"", ""PO25CL-GEN-C03-P11-A06"", ""PO25CL-GEN-C04-P28-A03"", ""PO25CL-GEN-C01-P04-A02"", ""PO25CL-GEN-C03-P10-U01"", ""PO25CL-GEN-C01-P02-A01"", ""PO25CL-GEN-C03-P14-A04"", ""PO25CL-GEN-C03-P18-A01"", ""PO25CL-GEN-C03-P11-A05""]","[0.1920522000852968, 0.07127856950591577, 0.06856008022574026, 0.05599750722383366, 0.05339586201694654, 0.03617439363941469, 0.03133867225179783, 0.029802434321932084, 0.028078417671929763, 0.027596221819989428]",[1],1.0,1.0,1.0,1.0,0.1920522000852968,0.1920522000852968,0.07127856950591577,0.12077363057938104,0.12077363057938104,1.0,1.0,1.0,1.0,1.0,1.0,1.0,1.0,1.0,1.0,1.0,1.0,1.0,1.0,1.0
Q0202,Wie viele Wörter soll eine Hausarbeit mindestens umfassen?,fully_answerable,1,"[""PO25CL-GEN-C03-P14-A05""]",0.2396702408873433,0.10339394658890849,0.1362762942984348,"[""PO25CL-GEN-C03-P14-A05"", ""PO25CL-GEN-C03-P11-A06"", ""PO25CL-GEN-C03-P14-A04"", ""PO25CL-GEN-C03-P14-A06"", ""PO25CL-GEN-C01-P05-A03"", ""PO25CL-GEN-C03-P18-A03"", ""PO25CL-GEN-C03-P14-A07"", ""PO25CL-GEN-C03-P11-A05"", ""PO25CL-GEN-C03-P18-A02"", ""PO25CL-APP-R14""]","[0.2396702408873433, 0.10339394658890849, 0.09075812908990506, 0.07266349426051728, 0.05551238490345556, 0.048756008883449185, 0.042766723431429725, 0.042676209715261704, 0.0404779167398103, 0.03945299943985178]",[1],1.0,1.0,1.0,1.0,0.2396702408873433,0.2396702408873433,0.10339394658890849,0.1362762942984348,0.1362762942984348,1.0,1.0,1.0,1.0,1.0,1.0,1.0,1.0,1.0,1.0,1.0,1.0,1.0,1.0,1.0
Q0203,Wie viele Wörter soll eine Hausarbeit höchstens umfassen?,fully_answerable,1,"[""PO25CL-GEN-C03-P14-A05""]",0.24201267340090502,0.08435856159360607,0.15765411180729894,"[""PO25CL-GEN-C03-P14-A05"", ""PO25CL-GEN-C03-P14-A04"", ""PO25CL-GEN-C03-P14-A06"", ""PO25CL-GEN-C03-P11-A06"", ""PO25CL-GEN-C01-P05-A03"", ""PO25CL-GEN-C03-P11-A05"", ""PO25CL-PLAN-INTRO"", ""PO25CL-GEN-C03-P19-A07"", ""PO25CL-GEN-C03-P14-A07"", ""PO25CL-GEN-C04-P25-A03""]","[0.24201267340090502, 0.08435856159360607, 0.08161468822570592, 0.05978103803916273, 0.05404686090446387, 0.04154956005622633, 0.03654946637977122, 0.03630591536543751, 0.03292825056689584, 0.03003556633616488]",[1],1.0,1.0,1.0,1.0,0.24201267340090502,0.24201267340090502,0.08435856159360607,0.15765411180729894,0.15765411180729894,1.0,1.0,1.0,1.0,1.0,1.0,1.0,1.0,1.0,1.0,1.0,1.0,1.0,1.0,1.0
Q0204,Wer bewertet eine Hausarbeit?,fully_answerable,1,"[""PO25CL-GEN-C03-P14-A05""]",0.1731216559770494,0.07852913823857856,0.09459251773847084,"[""PO25CL-GEN-C03-P14-A05"", ""PO25CL-GEN-C03-P17-A05"", ""PO25CL-GEN-C03-P11-A06"", ""PO25CL-GEN-C03-P11-A04"", ""PO25CL-GEN-C03-P17-A02"", ""PO25CL-GEN-C01-P02-A01"", ""PO25CL-GEN-C03-P12-A02"", ""PO25CL-GEN-C03-P12-A01"", ""PO25CL-GEN-C03-P18-A01"", ""PO25CL-GEN-C03-P11-A05""]","[0.1731216559770494, 0.07852913823857856, 0.0696793369855345, 0.047314153187351465, 0.033643351437151844, 0.03185028222432573, 0.031017665011679713, 0.029160175950877696, 0.028536803348844925, 0.028046735555024536]",[1],1.0,1.0,1.0,1.0,0.1731216559770494,0.1731216559770494,0.07852913823857856,0.09459251773847084,0.09459251773847084,1.0,1.0,1.0,1.0,1.0,1.0,1.0,1.0,1.0,1.0,1.0,1.0,1.0,1.0,1.0
Q0205,Bis wann muss die Bewertung einer Hausarbeit bekannt gegeben werden?,fully_answerable,1,"[""PO25CL-GEN-C03-P14-A05""]",0.2966757738306576,0.13026000480420696,0.1664157690264506,"[""PO25CL-GEN-C03-P14-A05"", ""PO25CL-GEN-C03-P14-A03"", ""PO25CL-GEN-C03-P11-A06"", ""PO25CL-GEN-C03-P14-A04"", ""PO25CL-GEN-C03-P14-A06"", ""PO25CL-GEN-C03-P16-A03"", ""PO25CL-GEN-C03-P18-A07"", ""PO25CL-GEN-C03-P13-A01"", ""PO25CL-GEN-C03-P11-A09"", ""PO25CL-GEN-C03-P14-A07""]","[0.2966757738306576, 0.13026000480420696, 0.10251139770829752, 0.09799683107609145, 0.08168438327701487, 0.06943467440541726, 0.06752959554104183, 0.05840839817063339, 0.05505235868535079, 0.05138670394904523]",[1],1.0,1.0,1.0,1.0,0.2966757738306576,0.2966757738306576,0.13026000480420696,0.1664157690264506,0.1664157690264506,1.0,1.0,1.0,1.0,1.0,1.0,1.0,1.0,1.0,1.0,1.0,1.0,1.0,1.0,1.0
Q0206,Was wenden Studierende in einer Projektarbeit selbstständig an?,fully_answerable,1,"[""PO25CL-GEN-C03-P14-A06""]",0.11636481683843988,0.08290037662179521,0.03346444021664467,"[""PO25CL-GEN-C03-P14-A06"", ""PO25CL-GEN-C03-P11-A08"", ""PO25CL-GEN-C03-P14-A09"", ""PO25CL-GEN-C03-P12-A01"", ""PO25CL-GEN-C04-P27-A01-02"", ""PO25CL-GEN-C03-P11-A05"", ""PO25CL-GEN-C03-P15-A09"", ""PO25CL-GEN-C04-P30-U01"", ""PO25CL-GEN-C02-P07-A02"", ""PO25CL-GEN-C01-P01-A02""]","[0.11636481683843988, 0.08290037662179521, 0.06689705884629793, 0.062109894131144594, 0.05571468629724218, 0.05471140123281011, 0.047287745837389344, 0.046033147147248064, 0.04091574364062306, 0.03955319486519547]",[1],1.0,1.0,1.0,1.0,0.11636481683843988,0.11636481683843988,0.08290037662179521,0.03346444021664467,0.03346444021664467,1.0,1.0,1.0,1.0,1.0,1.0,1.0,1.0,1.0,1.0,1.0,1.0,1.0,1.0,1.0
Q0207,Welcher mündliche Bestandteil gehört zu einer Projektarbeit?,fully_answerable,1,"[""PO25CL-GEN-C03-P14-A06""]",0.13268937594845587,0.07768947458904168,0.05499990135941418,"[""PO25CL-GEN-C03-P14-A06"", ""PO25CL-GEN-C03-P13-A02"", ""PO25CL-APP-R09"", ""PO25CL-GEN-C03-P13-A01"", ""PO25CL-GEN-C03-P12-A02"", ""PO25CL-GEN-C03-P20-A02"", ""PO25CL-GEN-C03-P11-A05"", ""PO25CL-GEN-C03-P14-A05"", ""PO25CL-PLAN-INTRO"", ""PO25CL-GEN-C03-P12-A03""]","[0.13268937594845587, 0.07768947458904168, 0.05992959528226989, 0.05396105430195136, 0.04447572930984261, 0.04124296527604355, 0.03645521499419518, 0.03112452612494091, 0.030353783952970607, 0.028453209358602106]",[1],1.0,1.0,1.0,1.0,0.13268937594845587,0.13268937594845587,0.07768947458904168,0.05499990135941418,0.05499990135941418,1.0,1.0,1.0,1.0,1.0,1.0,1.0,1.0,1.0,1.0,1.0,1.0,1.0,1.0,1.0
Q0208,Welcher schriftliche Bestandteil gehört zu einer Projektarbeit?,fully_answerable,1,"[""PO25CL-GEN-C03-P14-A06""]",0.14415492533373395,0.04610913675201505,0.09804578858171889,"[""PO25CL-GEN-C03-P14-A06"", ""PO25CL-GEN-C03-P14-A05"", ""PO25CL-GEN-C03-P20-A02"", ""PO25CL-GEN-C03-P14-A01"", ""PO25CL-GEN-C03-P11-A05"", ""PO25CL-GEN-C03-P14-A03"", ""PO25CL-GEN-C03-P14-A10"", ""PO25CL-PLAN-INTRO"", ""PO25CL-GEN-C03-P14-A04"", ""PO25CL-GEN-C03-P14-A09""]","[0.14415492533373395, 0.04610913675201505, 0.041998088166431184, 0.04062150308101504, 0.0371226783332609, 0.034896714699065495, 0.033771114141283545, 0.030909535386441925, 0.030904035340044846, 0.030669175664443417]",[1],1.0,1.0,1.0,1.0,0.14415492533373395,0.14415492533373395,0.04610913675201505,0.09804578858171889,0.09804578858171889,1.0,1.0,1.0,1.0,1.0,1.0,1.0,1.0,1.0,1.0,1.0,1.0,1.0,1.0,1.0
Q0209,Kann eine Projektarbeit einen schriftlichen Test enthalten?,fully_answerable,1,"[""PO25CL-GEN-C03-P14-A06""]",0.13260311201207012,0.09616238240807594,0.03644072960399418,"[""PO25CL-GEN-C03-P14-A06"", ""PO25CL-GEN-C03-P14-A04"", ""PO25CL-GEN-C03-P19-A04"", ""PO25CL-APP-R14"", ""PO25CL-GEN-C03-P14-A10"", ""PO25CL-GEN-C03-P14-A01"", ""PO25CL-GEN-C03-P19-A03"", ""PO25CL-GEN-C04-P29-U01"", ""PO25CL-GEN-C03-P19-A05"", ""PO25CL-GEN-C03-P14-A09""]","[0.13260311201207012, 0.09616238240807594, 0.07948735850631854, 0.06009437745064406, 0.05991657525921079, 0.042207991948658555, 0.03470780911527081, 0.0331724880248322, 0.03272365849050994, 0.03146316092430659]",[1],1.0,1.0,1.0,1.0,0.13260311201207012,0.13260311201207012,0.09616238240807594,0.03644072960399418,0.03644072960399418,1.0,1.0,1.0,1.0,1.0,1.0,1.0,1.0,1.0,1.0,1.0,1.0,1.0,1.0,1.0
Q0210,Wie lange dauert die Präsentation einer Projektarbeit mindestens?,fully_answerable,1,"[""PO25CL-GEN-C03-P14-A06""]",0.16910846569193855,0.09603552414659103,0.07307294154534752,"[""PO25CL-GEN-C03-P14-A06"", ""PO25CL-GEN-C03-P14-A04"", ""PO25CL-GEN-C01-P05-A03"", ""PO25CL-GEN-C03-P11-A06"", ""PO25CL-GEN-C03-P14-A05"", ""PO25CL-GEN-C03-P18-A03"", ""PO25CL-GEN-C03-P14-A03"", ""PO25CL-GEN-C03-P11-A05"", ""PO25CL-GEN-C03-P13-A01"", ""PO25CL-APP-R14""]","[0.16910846569193855, 0.09603552414659103, 0.06127311278689401, 0.06101941192951044, 0.05114600745578133, 0.05088489980236439, 0.04405163135075914, 0.04161157758366331, 0.04136129966195637, 0.03957672256966574]",[1],1.0,1.0,1.0,1.0,0.16910846569193855,0.16910846569193855,0.09603552414659103,0.07307294154534752,0.07307294154534752,1.0,1.0,1.0,1.0,1.0,1.0,1.0,1.0,1.0,1.0,1.0,1.0,1.0,1.0,1.0
Q0211,Wie lange dauert die Präsentation einer Projektarbeit höchstens?,fully_answerable,1,"[""PO25CL-GEN-C03-P14-A06""]",0.17535152265408382,0.09016297115956884,0.08518855149451499,"[""PO25CL-GEN-C03-P14-A06"", ""PO25CL-GEN-C03-P14-A04"", ""PO25CL-GEN-C01-P05-A03"", ""PO25CL-GEN-C03-P14-A05"", ""PO25CL-GEN-C03-P14-A03"", ""PO25CL-GEN-C03-P13-A02"", ""PO25CL-GEN-C03-P13-A01"", ""PO25CL-GEN-C03-P11-A05"", ""PO25CL-GEN-C03-P14-A09"", ""PO25CL-APP-R14""]","[0.17535152265408382, 0.09016297115956884, 0.059890295066106984, 0.05801538860775888, 0.0515858222058396, 0.04863678911696577, 0.046854908984096874, 0.040672483350394625, 0.03129609149016527, 0.028252474969880398]",[1],1.0,1.0,1.0,1.0,0.17535152265408382,0.17535152265408382,0.09016297115956884,0.08518855149451499,0.08518855149451499,1.0,1.0,1.0,1.0,1.0,1.0,1.0,1.0,1.0,1.0,1.0,1.0,1.0,1.0,1.0
Q0212,Wie viele Wörter soll die schriftliche Ausarbeitung einer Projektarbeit mindestens umfassen?,fully_answerable,1,"[""PO25CL-GEN-C03-P14-A06""]",0.1938899596772402,0.18405644018546496,0.009833519491775244,"[""PO25CL-GEN-C03-P14-A06"", ""PO25CL-GEN-C03-P14-A04"", ""PO25CL-GEN-C03-P14-A05"", ""PO25CL-GEN-C03-P11-A05"", ""PO25CL-GEN-C03-P14-A07"", ""PO25CL-GEN-C03-P14-A03"", ""PO25CL-GEN-C01-P05-A03"", ""PO25CL-GEN-C03-P11-A06"", ""PO25CL-APP-R14"", ""PO25CL-GEN-C03-P18-A03""]","[0.1938899596772402, 0.18405644018546496, 0.15892085110010404, 0.07128589739687514, 0.05148670118106419, 0.05079869572125904, 0.050686046051624044, 0.05047618086352101, 0.04486387494295233, 0.0420927590815426]",[1],1.0,1.0,1.0,1.0,0.1938899596772402,0.1938899596772402,0.18405644018546496,0.009833519491775244,0.009833519491775244,1.0,1.0,1.0,1.0,1.0,1.0,1.0,1.0,1.0,1.0,1.0,1.0,1.0,1.0,1.0
Q0213,Wie viele Wörter soll die schriftliche Ausarbeitung einer Projektarbeit höchstens umfassen?,fully_answerable,1,"[""PO25CL-GEN-C03-P14-A06""]",0.19924420659950426,0.1780967141640563,0.021147492435447945,"[""PO25CL-GEN-C03-P14-A06"", ""PO25CL-GEN-C03-P14-A04"", ""PO25CL-GEN-C03-P14-A05"", ""PO25CL-GEN-C03-P11-A05"", ""PO25CL-GEN-C03-P14-A03"", ""PO25CL-GEN-C01-P05-A03"", ""PO25CL-GEN-C03-P14-A07"", ""PO25CL-GEN-C03-P13-A02"", ""PO25CL-GEN-C03-P13-A01"", ""PO25CL-GEN-C03-P14-A01""]","[0.19924420659950426, 0.1780967141640563, 0.1631248341372963, 0.07017321236470575, 0.05711080304179815, 0.04989489931936781, 0.04396789081533688, 0.04051954817603931, 0.03903505507526998, 0.03747426751853056]",[1],1.0,1.0,1.0,1.0,0.19924420659950426,0.19924420659950426,0.1780967141640563,0.021147492435447945,0.021147492435447945,1.0,1.0,1.0,1.0,1.0,1.0,1.0,1.0,1.0,1.0,1.0,1.0,1.0,1.0,1.0
Q0214,Wie lange dauert ein schriftlicher Test innerhalb einer Projektarbeit in der Regel?,fully_answerable,1,"[""PO25CL-GEN-C03-P14-A06""]",0.18378038914486303,0.11229268688781946,0.07148770225704357,"[""PO25CL-GEN-C03-P14-A06"", ""PO25CL-GEN-C03-P15-A01"", ""PO25CL-GEN-C03-P11-A08"", ""PO25CL-PLAN-S05-M01"", ""PO25CL-GEN-C01-P05-A02"", ""PO25CL-GEN-C03-P14-A10"", ""PO25CL-GEN-C03-P14-A03"", ""PO25CL-GEN-C01-P05-A03"", ""PO25CL-GEN-C03-P13-A01"", ""PO25CL-GEN-C04-P26-U01""]","[0.18378038914486303, 0.11229268688781946, 0.0855158704459236, 0.0832534006810001, 0.06749528683669839, 0.06534741624397782, 0.06095316454637518, 0.05995386810691866, 0.05969037209217394, 0.052591239065887446]",[1],1.0,1.0,1.0,1.0,0.18378038914486303,0.18378038914486303,0.11229268688781946,0.07148770225704357,0.07148770225704357,1.0,1.0,1.0,1.0,1.0,1.0,1.0,1.0,1.0,1.0,1.0,1.0,1.0,1.0,1.0
Q0215,Aus wie vielen abgeschlossenen Objekten besteht ein Portfolio mindestens?,fully_answerable,1,"[""PO25CL-GEN-C03-P14-A07""]",0.21633195063692912,0.07932318247589654,0.13700876816103258,"[""PO25CL-GEN-C03-P14-A07"", ""PO25CL-GEN-C04-P24-A01"", ""PO25CL-GEN-C01-P04-A02"", ""PO25CL-GEN-C03-P11-A05"", ""PO25CL-GEN-C03-P14-A05"", ""PO25CL-PLAN-INTRO"", ""PO25CL-GEN-C03-P14-A04"", ""PO25CL-GEN-C01-P05-A03"", ""PO25CL-GEN-C03-P10-U01"", ""PO25CL-GEN-C01-P03-A01""]","[0.21633195063692912, 0.07932318247589654, 0.07204712790979889, 0.0561022864371087, 0.05374769493144146, 0.05279183433337062, 0.05223401622066917, 0.05083956702275792, 0.04881017118463528, 0.046220230979455504]",[1],1.0,1.0,1.0,1.0,0.21633195063692912,0.21633195063692912,0.07932318247589654,0.13700876816103258,0.13700876816103258,1.0,1.0,1.0,1.0,1.0,1.0,1.0,1.0,1.0,1.0,1.0,1.0,1.0,1.0,1.0
Q0216,Kann ein Portfolio elektronisch geführt werden?,fully_answerable,1,"[""PO25CL-GEN-C03-P14-A07""]",0.2999396538872537,0.06821474530623971,0.23172490858101397,"[""PO25CL-GEN-C03-P14-A07"", ""PO25CL-GEN-C04-P24-A01"", ""PO25CL-GEN-C02-P09-A01"", ""PO25CL-GEN-C03-P11-A05"", ""PO25CL-GEN-C03-P17-A03"", ""PO25CL-GEN-C03-P19-A03"", ""PO25CL-GEN-C04-P29-U01"", ""PO25CL-PLAN-S01-M01"", ""PO25CL-GEN-C02-P08-U01"", ""PO25CL-GEN-C03-P15-A05""]","[0.2999396538872537, 0.06821474530623971, 0.06324751191433664, 0.062378579902065606, 0.05221421868555511, 0.04854485280883207, 0.04589942814847898, 0.044793079358905315, 0.04452029509272256, 0.042095532260977106]",[1],1.0,1.0,1.0,1.0,0.2999396538872537,0.2999396538872537,0.06821474530623971,0.23172490858101397,0.23172490858101397,1.0,1.0,1.0,1.0,1.0,1.0,1.0,1.0,1.0,1.0,1.0,1.0,1.0,1.0,1.0
Q0217,Muss der individuelle Beitrag einer schriftlichen Gruppenarbeit eindeutig abgrenzbar sein?,fully_answerable,1,"[""PO25CL-GEN-C03-P14-A08""]",0.12143570287574335,0.10753757502727972,0.013898127848463629,"[""PO25CL-GEN-C03-P14-A04"", ""PO25CL-GEN-C03-P14-A06"", ""PO25CL-GEN-C03-P15-A08"", ""PO25CL-GEN-C03-P14-A08"", ""PO25CL-GEN-C03-P15-A06"", ""PO25CL-GEN-C03-P14-A05"", ""PO25CL-GEN-C03-P11-A06"", ""PO25CL-GEN-C03-P19-A06"", ""PO25CL-GEN-C04-P25-A03"", ""PO25CL-GEN-C03-P19-A07""]","[0.12143570287574335, 0.10753757502727972, 0.09843506171734931, 0.08978222886885903, 0.0845538154353711, 0.07415592898587238, 0.07020461434802325, 0.060753856604027934, 0.057604996800637645, 0.04853112511147868]",[4],4.0,4.0,4.0,0.25,0.08978222886885903,0.08978222886885903,0.12143570287574335,-0.03165347400688431,-0.03165347400688431,0.0,0.0,0.0,0.0,0.0,0.0,0.0,0.0,0.0,1.0,1.0,1.0,1.0,1.0,1.0
Q0218,Welche Versicherung muss schriftlichen Arbeiten beigefügt werden?,fully_answerable,1,"[""PO25CL-GEN-C03-P14-A09""]",0.07787006342950269,0.06723167229219636,0.01063839113730633,"[""PO25CL-GEN-C03-P14-A04"", ""PO25CL-GEN-C03-P14-A09"", ""PO25CL-GEN-C03-P15-A09"", ""PO25CL-GEN-C03-P14-A06"", ""PO25CL-GEN-C03-P11-A06"", ""PO25CL-GEN-C03-P17-A03"", ""PO25CL-PLAN-INTRO"", ""PO25CL-GEN-C03-P15-A07"", ""PO25CL-GEN-C03-P19-A04"", ""PO25CL-GEN-C03-P15-A06""]","[0.07787006342950269, 0.06723167229219636, 0.06545437610160065, 0.06514352527039492, 0.03894864646567362, 0.03778718485031836, 0.03278691188895248, 0.03120655706401684, 0.029753820474469006, 0.02660067150454401]",[2],2.0,2.0,2.0,0.5,0.06723167229219636,0.06723167229219636,0.07787006342950269,-0.01063839113730633,-0.01063839113730633,0.0,0.0,0.0,1.0,1.0,1.0,1.0,1.0,1.0,1.0,1.0,1.0,1.0,1.0,1.0
Q0219,Muss die Nutzung generativer Künstlicher Intelligenz methodisch reflektiert werden?,fully_answerable,1,"[""PO25CL-GEN-C03-P14-A09""]",0.11483131825575629,0.0931500138292935,0.021681304426462794,"[""PO25CL-GEN-C02-P07-A05"", ""PO25CL-GEN-C03-P17-A05"", ""PO25CL-GEN-C03-P14-A09"", ""PO25CL-GEN-C01-P03-A03"", ""PO25CL-GEN-C03-P14-A07"", ""PO25CL-GEN-C03-P17-A03"", ""PO25CL-GEN-C03-P11-A06"", ""PO25CL-GEN-C03-P15-A07"", ""PO25CL-GEN-C04-P25-A03"", ""PO25CL-GEN-C03-P15-A06""]","[0.11483131825575629, 0.0931500138292935, 0.03824452110334473, 0.03683209300053101, 0.03661141508625753, 0.02850189611554558, 0.02353272008298726, 0.022430835965307813, 0.022325009188704784, 0.01963835804186579]",[3],3.0,3.0,3.0,0.3333333333333333,0.03824452110334473,0.03824452110334473,0.11483131825575629,-0.07658679715241157,-0.07658679715241157,0.0,0.0,0.0,0.0,0.0,0.0,1.0,1.0,1.0,1.0,1.0,1.0,1.0,1.0,1.0
Q0220,Wie lange beträgt die Bearbeitungszeit einer Hausarbeit in der Regel?,fully_answerable,1,"[""PO25CL-GEN-C03-P14-A10""]",0.17722610327846766,0.17510082795775173,0.002125275320715936,"[""PO25CL-GEN-C03-P14-A10"", ""PO25CL-GEN-C03-P14-A05"", ""PO25CL-GEN-C03-P14-A03"", ""PO25CL-GEN-C03-P15-A01"", ""PO25CL-GEN-C03-P11-A06"", ""PO25CL-GEN-C03-P11-A08"", ""PO25CL-PLAN-S05-M01"", ""PO25CL-GEN-C03-P13-A01"", ""PO25CL-GEN-C03-P14-A06"", ""PO25CL-GEN-C01-P05-A02""]","[0.17722610327846766, 0.17510082795775173, 0.16131983069632622, 0.16059831912843764, 0.13079745669355458, 0.1246623689118329, 0.11486877131016525, 0.10615755306968247, 0.10284016579597442, 0.09298344815379586]",[1],1.0,1.0,1.0,1.0,0.17722610327846766,0.17722610327846766,0.17510082795775173,0.002125275320715936,0.002125275320715936,1.0,1.0,1.0,1.0,1.0,1.0,1.0,1.0,1.0,1.0,1.0,1.0,1.0,1.0,1.0
Q0221,In welchem Fachsemester wird die Bachelorarbeit in der Regel angefertigt?,fully_answerable,1,"[""PO25CL-GEN-C03-P15-A01""]",0.20859588815663632,0.1388138824782055,0.06978200567843082,"[""PO25CL-GEN-C03-P15-A01"", ""PO25CL-GEN-C03-P11-A08"", ""PO25CL-GEN-C03-P16-A01"", ""PO25CL-GEN-C03-P15-A02"", ""PO25CL-PLAN-S05-M01"", ""PO25CL-GEN-C01-P05-A02"", ""PO25CL-GEN-C04-P25-A03"", ""PO25CL-GEN-C03-P14-A03"", ""PO25CL-GEN-C03-P14-A10"", ""PO25CL-GEN-C03-P13-A01""]","[0.20859588815663632, 0.1388138824782055, 0.13264651586765677, 0.12222454804691367, 0.1199698035305902, 0.10051052319630997, 0.09508562365304243, 0.09303316369861392, 0.09016644427973033, 0.08523403898427562]",[1],1.0,1.0,1.0,1.0,0.20859588815663632,0.20859588815663632,0.1388138824782055,0.06978200567843082,0.06978200567843082,1.0,1.0,1.0,1.0,1.0,1.0,1.0,1.0,1.0,1.0,1.0,1.0,1.0,1.0,1.0
Q0222,Auf den Inhalt welcher Modulart bezieht sich die Bachelorarbeit in der Regel?,fully_answerable,1,"[""PO25CL-GEN-C03-P15-A02""]",0.3165769293052044,0.15959020955845346,0.15698671974675096,"[""PO25CL-GEN-C03-P15-A02"", ""PO25CL-GEN-C03-P15-A01"", ""PO25CL-GEN-C03-P11-A08"", ""PO25CL-PLAN-S05-M01"", ""PO25CL-GEN-C01-P05-A02"", ""PO25CL-GEN-C03-P14-A10"", ""PO25CL-GEN-C03-P14-A03"", ""PO25CL-GEN-C04-P25-A03"", ""PO25CL-GEN-C03-P14-A06"", ""PO25CL-GEN-C03-P13-A01""]","[0.3165769293052044, 0.15959020955845346, 0.10365512117240147, 0.09050089614308127, 0.0872618574553314, 0.08597038056110412, 0.07952473447515783, 0.07167294936167845, 0.06569045043932488, 0.06487694763170744]",[1],1.0,1.0,1.0,1.0,0.3165769293052044,0.3165769293052044,0.15959020955845346,0.15698671974675096,0.15698671974675096,1.0,1.0,1.0,1.0,1.0,1.0,1.0,1.0,1.0,1.0,1.0,1.0,1.0,1.0,1.0
Q0223,Aus welchem Fach muss das Aufbaumodul bei einem Kern- und Ergänzungsfachstudiengang stammen?,fully_answerable,1,"[""PO25CL-GEN-C03-P15-A02""]",0.20113749772285722,0.12622321006350412,0.0749142876593531,"[""PO25CL-GEN-C01-P04-A02"", ""PO25CL-GEN-C01-P04-A05"", ""PO25CL-GEN-C01-P04-A01"", ""PO25CL-APP-R07-M09"", ""PO25CL-GEN-C03-P18-A06"", ""PO25CL-APP-R07-M10"", ""PO25CL-APP-R07-M08"", ""PO25CL-APP-R07-M07"", ""PO25CL-APP-R07-M11"", ""PO25CL-GEN-C03-P15-A02""]","[0.20113749772285722, 0.12622321006350412, 0.07592180397179374, 0.06909479368718006, 0.06301496518803387, 0.060854768235280715, 0.06063115185459136, 0.05893601764113095, 0.05834564749568254, 0.057811891070881416]",[10],10.0,10.0,10.0,0.1,0.057811891070881416,0.057811891070881416,0.20113749772285722,-0.1433256066519758,-0.1433256066519758,0.0,0.0,0.0,0.0,0.0,0.0,0.0,0.0,0.0,0.0,0.0,0.0,1.0,1.0,1.0
Q0224,Wessen Zustimmung ist für ein Thema aus einem anderen Themenbereich erforderlich?,fully_answerable,1,"[""PO25CL-GEN-C03-P15-A02""]",0.21568387874305991,0.06785061113115853,0.14783326761190138,"[""PO25CL-GEN-C03-P15-A02"", ""PO25CL-GEN-C04-P24-A01"", ""PO25CL-GEN-C01-P04-A02"", ""PO25CL-GEN-C03-P15-A03"", ""PO25CL-GEN-C02-P08-U01"", ""PO25CL-GEN-C03-P14-A09"", ""PO25CL-GEN-C01-P05-A02"", ""PO25CL-GEN-C03-P12-A02"", ""PO25CL-GEN-C03-P14-A07"", ""PO25CL-GEN-C01-P03-A01""]","[0.21568387874305991, 0.06785061113115853, 0.0677429774703294, 0.051165394493185044, 0.040289962883645114, 0.037009370848939856, 0.036829358478113, 0.035487885714552476, 0.03460658695094759, 0.032540828317317805]",[1],1.0,1.0,1.0,1.0,0.21568387874305991,0.21568387874305991,0.06785061113115853,0.14783326761190138,0.14783326761190138,1.0,1.0,1.0,1.0,1.0,1.0,1.0,1.0,1.0,1.0,1.0,1.0,1.0,1.0,1.0
Q0225,Dürfen Studierende einen Themenbereich für die Bachelorarbeit vorschlagen?,fully_answerable,1,"[""PO25CL-GEN-C03-P15-A02""]",0.23172342490392245,0.15224574985489847,0.07947767504902398,"[""PO25CL-GEN-C03-P15-A02"", ""PO25CL-GEN-C04-P25-A03"", ""PO25CL-APP-R10"", ""PO25CL-GEN-C04-P30-U01"", ""PO25CL-GEN-C01-P03-A05"", ""PO25CL-GEN-C04-P24-A02"", ""PO25CL-GEN-C04-P29-U01"", ""PO25CL-GEN-C03-P16-A01"", ""PO25CL-GEN-C02-P07-A02"", ""PO25CL-GEN-C03-P23-U01""]","[0.23172342490392245, 0.15224574985489847, 0.0670316068989973, 0.06112941468511615, 0.049745367849204816, 0.04845111464072406, 0.04528905826413749, 0.04274131214712318, 0.04246496090166668, 0.04113580424213743]",[1],1.0,1.0,1.0,1.0,0.23172342490392245,0.23172342490392245,0.15224574985489847,0.07947767504902398,0.07947767504902398,1.0,1.0,1.0,1.0,1.0,1.0,1.0,1.0,1.0,1.0,1.0,1.0,1.0,1.0,1.0
Q0226,Wer bestellt die Betreuung der Bachelorarbeit?,fully_answerable,1,"[""PO25CL-GEN-C03-P15-A03""]",0.13806435740843095,0.11712212311388831,0.020942234294542644,"[""PO25CL-GEN-C03-P16-A03"", ""PO25CL-GEN-C03-P15-A01"", ""PO25CL-GEN-C04-P25-A06"", ""PO25CL-GEN-C03-P15-A06"", ""PO25CL-GEN-C04-P29-U01"", ""PO25CL-GEN-C03-P18-A03"", ""PO25CL-GEN-C03-P16-A02"", ""PO25CL-GEN-C03-P16-A01"", ""PO25CL-GEN-C03-P18-A05"", ""PO25CL-GEN-C02-P09-A03""]","[0.13806435740843095, 0.11712212311388831, 0.09957464983804726, 0.08734789074797727, 0.07977690483902272, 0.07935073727941881, 0.07488995544741552, 0.07460035951737405, 0.07314322244691444, 0.07191525771104228]",[14],14.0,14.0,14.0,0.07142857142857142,0.06795506721503639,0.06795506721503639,0.13806435740843095,-0.07010929019339457,-0.07010929019339457,0.0,0.0,0.0,0.0,0.0,0.0,0.0,0.0,0.0,0.0,0.0,0.0,0.0,0.0,0.0
Q0227,Wer formuliert das Thema der Bachelorarbeit?,fully_answerable,1,"[""PO25CL-GEN-C03-P15-A03""]",0.26942598840506393,0.25946936245412455,0.00995662595093938,"[""PO25CL-GEN-C03-P15-A05"", ""PO25CL-GEN-C03-P15-A03"", ""PO25CL-GEN-C03-P15-A06"", ""PO25CL-GEN-C03-P16-A03"", ""PO25CL-GEN-C03-P21-A02"", ""PO25CL-GEN-C03-P15-A01"", ""PO25CL-GEN-C03-P15-A02"", ""PO25CL-GEN-C03-P16-A01"", ""PO25CL-GEN-C03-P19-A06"", ""PO25CL-GEN-C03-P15-A10""]","[0.26942598840506393, 0.25946936245412455, 0.09941527006566497, 0.09905378164606295, 0.08442210908258486, 0.08240038925996251, 0.06908652787547719, 0.06812289695570432, 0.05320099509825405, 0.048973919913024064]",[2],2.0,2.0,2.0,0.5,0.25946936245412455,0.25946936245412455,0.26942598840506393,-0.00995662595093938,-0.00995662595093938,0.0,0.0,0.0,1.0,1.0,1.0,1.0,1.0,1.0,1.0,1.0,1.0,1.0,1.0,1.0
Q0228,Wer genehmigt das Thema der Bachelorarbeit?,fully_answerable,1,"[""PO25CL-GEN-C03-P15-A03""]",0.2825744779747507,0.23644490353241931,0.0461295744423314,"[""PO25CL-GEN-C03-P15-A03"", ""PO25CL-GEN-C03-P15-A05"", ""PO25CL-GEN-C03-P15-A06"", ""PO25CL-GEN-C03-P16-A03"", ""PO25CL-GEN-C03-P21-A02"", ""PO25CL-GEN-C03-P15-A01"", ""PO25CL-GEN-C03-P15-A02"", ""PO25CL-GEN-C03-P16-A01"", ""PO25CL-GEN-C03-P19-A06"", ""PO25CL-GEN-C03-P15-A10""]","[0.2825744779747507, 0.23644490353241931, 0.08724560714976581, 0.08692836939921747, 0.0740877951536912, 0.07231355892926714, 0.06062947941884575, 0.059783808883440696, 0.04668853301160966, 0.04297890429200244]",[1],1.0,1.0,1.0,1.0,0.2825744779747507,0.2825744779747507,0.23644490353241931,0.0461295744423314,0.0461295744423314,1.0,1.0,1.0,1.0,1.0,1.0,1.0,1.0,1.0,1.0,1.0,1.0,1.0,1.0,1.0
Q0229,In welcher Form wird das Thema der Bachelorarbeit ausgehändigt?,fully_answerable,1,"[""PO25CL-GEN-C03-P15-A03""]",0.2372289376500197,0.2158470926412221,0.021381845008797612,"[""PO25CL-GEN-C03-P15-A05"", ""PO25CL-GEN-C03-P15-A03"", ""PO25CL-GEN-C03-P21-A02"", ""PO25CL-GEN-C03-P15-A06"", ""PO25CL-GEN-C03-P16-A03"", ""PO25CL-GEN-C03-P16-A01"", ""PO25CL-GEN-C03-P15-A01"", ""PO25CL-PLAN-INTRO"", ""PO25CL-GEN-C03-P15-A02"", ""PO25CL-GEN-C03-P21-A03""]","[0.2372289376500197, 0.2158470926412221, 0.1055566526443132, 0.09064338546916811, 0.0872166175550379, 0.08334666346564325, 0.0799884934035315, 0.06946865635726515, 0.06645692074579652, 0.054477339614300485]",[2],2.0,2.0,2.0,0.5,0.2158470926412221,0.2158470926412221,0.2372289376500197,-0.021381845008797612,-0.021381845008797612,0.0,0.0,0.0,1.0,1.0,1.0,1.0,1.0,1.0,1.0,1.0,1.0,1.0,1.0,1.0
Q0230,Über welches System wird das Thema der Bachelorarbeit ausgehändigt?,fully_answerable,1,"[""PO25CL-GEN-C03-P15-A03""]",0.24662651057786095,0.23452105365223944,0.01210545692562151,"[""PO25CL-GEN-C03-P15-A05"", ""PO25CL-GEN-C03-P15-A03"", ""PO25CL-GEN-C03-P21-A02"", ""PO25CL-GEN-C03-P15-A06"", ""PO25CL-GEN-C03-P16-A03"", ""PO25CL-GEN-C03-P16-A01"", ""PO25CL-GEN-C03-P15-A01"", ""PO25CL-GEN-C03-P12-A03"", ""PO25CL-GEN-C01-P02-A01"", ""PO25CL-GEN-C03-P15-A02""]","[0.24662651057786095, 0.23452105365223944, 0.10311263945371267, 0.09100250981575242, 0.09067161141924467, 0.0872541581974562, 0.0754274693163195, 0.0670243007881037, 0.06656308772205795, 0.06324025903638038]",[2],2.0,2.0,2.0,0.5,0.23452105365223944,0.23452105365223944,0.24662651057786095,-0.01210545692562151,-0.01210545692562151,0.0,0.0,0.0,1.0,1.0,1.0,1.0,1.0,1.0,1.0,1.0,1.0,1.0,1.0,1.0
Q0231,Was muss zum Zeitpunkt der Themenausgabe dokumentiert werden?,fully_answerable,1,"[""PO25CL-GEN-C03-P15-A03""]",0.10020637572664826,0.07251542219011885,0.02769095353652941,"[""PO25CL-GEN-C03-P15-A03"", ""PO25CL-GEN-C01-P02-A02"", ""PO25CL-GEN-C03-P11-A06"", ""PO25CL-GEN-C03-P14-A07"", ""PO25CL-GEN-C03-P17-A06"", ""PO25CL-GEN-C03-P15-A07"", ""PO25CL-GEN-C03-P17-A03"", ""PO25CL-GEN-C03-P15-A10"", ""PO25CL-GEN-C01-P03-A01"", ""PO25CL-GEN-C03-P21-A03""]","[0.10020637572664826, 0.07251542219011885, 0.0466292162510234, 0.04648710426644768, 0.03916435592373763, 0.039047622893343376, 0.03799542121350395, 0.03484904053490135, 0.03479077024865044, 0.033620542745099694]",[1],1.0,1.0,1.0,1.0,0.10020637572664826,0.10020637572664826,0.07251542219011885,0.02769095353652941,0.02769095353652941,1.0,1.0,1.0,1.0,1.0,1.0,1.0,1.0,1.0,1.0,1.0,1.0,1.0,1.0,1.0
Q0232,Wie lange beträgt die maximale Bearbeitungszeit der Bachelorarbeit?,fully_answerable,1,"[""PO25CL-GEN-C03-P15-A04""]",0.15970474063008233,0.1354799938597757,0.024224746770306643,"[""PO25CL-GEN-C03-P16-A03"", ""PO25CL-GEN-C03-P15-A01"", ""PO25CL-GEN-C03-P14-A10"", ""PO25CL-GEN-C03-P15-A04"", ""PO25CL-GEN-C03-P14-A03"", ""PO25CL-GEN-C03-P16-A01"", ""PO25CL-GEN-C03-P18-A05"", ""PO25CL-GEN-C03-P15-A05"", ""PO25CL-GEN-C03-P19-A06"", ""PO25CL-GEN-C01-P05-A03""]","[0.15970474063008233, 0.1354799938597757, 0.09653746067160777, 0.08884732659260582, 0.08872182867569953, 0.08629331488059772, 0.08460778428987613, 0.08277728468885456, 0.08192140008778984, 0.08140912813889109]",[4],4.0,4.0,4.0,0.25,0.08884732659260582,0.08884732659260582,0.15970474063008233,-0.07085741403747652,-0.07085741403747652,0.0,0.0,0.0,0.0,0.0,0.0,0.0,0.0,0.0,1.0,1.0,1.0,1.0,1.0,1.0
Q0233,Wie lang kann eine begründete Nachfrist für die Bachelorarbeit höchstens sein?,fully_answerable,1,"[""PO25CL-GEN-C03-P15-A04""]",0.18189157136065562,0.12943564461404092,0.0524559267466147,"[""PO25CL-GEN-C04-P25-A03"", ""PO25CL-GEN-C03-P15-A02"", ""PO25CL-GEN-C03-P15-A04"", ""PO25CL-APP-R10"", ""PO25CL-GEN-C04-P29-U01"", ""PO25CL-GEN-C03-P15-A06"", ""PO25CL-GEN-C03-P18-A01"", ""PO25CL-GEN-C03-P15-A08"", ""PO25CL-GEN-C03-P14-A09"", ""PO25CL-GEN-C03-P14-A10""]","[0.18189157136065562, 0.12943564461404092, 0.11888145780786552, 0.08572937465484726, 0.07394611965587322, 0.07153810484585219, 0.06786280470771472, 0.06649310810439832, 0.06517174400428691, 0.06413838602449061]",[3],3.0,3.0,3.0,0.3333333333333333,0.11888145780786552,0.11888145780786552,0.18189157136065562,-0.0630101135527901,-0.0630101135527901,0.0,0.0,0.0,0.0,0.0,0.0,1.0,1.0,1.0,1.0,1.0,1.0,1.0,1.0,1.0
Q0234,Wie lang kann die zusätzliche Nachfrist bei Erkrankung höchstens sein?,fully_answerable,1,"[""PO25CL-GEN-C03-P15-A04""]",0.14236980894890092,0.07413323062933466,0.06823657831956625,"[""PO25CL-GEN-C03-P15-A04"", ""PO25CL-GEN-C03-P14-A03"", ""PO25CL-GEN-C03-P15-A06"", ""PO25CL-GEN-C01-P05-A03"", ""PO25CL-GEN-C04-P27-A01-02"", ""PO25CL-GEN-C03-P15-A07"", ""PO25CL-GEN-C03-P14-A10"", ""PO25CL-GEN-C03-P14-A06"", ""PO25CL-GEN-C03-P20-A01"", ""PO25CL-GEN-C03-P15-A02""]","[0.14236980894890092, 0.07413323062933466, 0.0635058319940714, 0.0621900156681346, 0.05684782491687673, 0.050395872170858495, 0.050323539925318746, 0.04912554688199916, 0.04289506422603671, 0.042588382356324596]",[1],1.0,1.0,1.0,1.0,0.14236980894890092,0.14236980894890092,0.07413323062933466,0.06823657831956625,0.06823657831956625,1.0,1.0,1.0,1.0,1.0,1.0,1.0,1.0,1.0,1.0,1.0,1.0,1.0,1.0,1.0
Q0235,Bis wann kann das Thema der Bachelorarbeit zurückgegeben werden?,fully_answerable,1,"[""PO25CL-GEN-C03-P15-A05""]",0.3474554136646158,0.19038152628783067,0.15707388737678513,"[""PO25CL-GEN-C03-P15-A05"", ""PO25CL-GEN-C03-P15-A03"", ""PO25CL-GEN-C03-P15-A02"", ""PO25CL-GEN-C03-P15-A06"", ""PO25CL-GEN-C03-P16-A03"", ""PO25CL-GEN-C02-P09-A01"", ""PO25CL-GEN-C03-P21-A02"", ""PO25CL-GEN-C03-P15-A01"", ""PO25CL-GEN-C03-P15-A10"", ""PO25CL-GEN-C03-P16-A01""]","[0.3474554136646158, 0.19038152628783067, 0.11604203384804572, 0.09280317370002009, 0.08263481672703077, 0.0775331734961401, 0.07246727661425093, 0.06874185873148475, 0.06047258418122708, 0.05683097617578718]",[1],1.0,1.0,1.0,1.0,0.3474554136646158,0.3474554136646158,0.19038152628783067,0.15707388737678513,0.15707388737678513,1.0,1.0,1.0,1.0,1.0,1.0,1.0,1.0,1.0,1.0,1.0,1.0,1.0,1.0,1.0
Q0236,Wie oft darf das Thema der Bachelorarbeit zurückgegeben werden?,fully_answerable,1,"[""PO25CL-GEN-C03-P15-A05""]",0.36789645889911193,0.20276066600957177,0.16513579288954017,"[""PO25CL-GEN-C03-P15-A05"", ""PO25CL-GEN-C03-P15-A03"", ""PO25CL-GEN-C03-P15-A06"", ""PO25CL-GEN-C03-P16-A03"", ""PO25CL-GEN-C03-P21-A02"", ""PO25CL-GEN-C03-P15-A01"", ""PO25CL-GEN-C03-P15-A02"", ""PO25CL-GEN-C03-P16-A01"", ""PO25CL-GEN-C03-P19-A09"", ""PO25CL-GEN-C03-P19-A06""]","[0.36789645889911193, 0.20276066600957177, 0.10801458014482693, 0.08800796380747712, 0.07717930177737313, 0.07321164679633457, 0.0642579358291346, 0.06052628531801657, 0.054621779271483345, 0.05041321921880678]",[1],1.0,1.0,1.0,1.0,0.36789645889911193,0.36789645889911193,0.20276066600957177,0.16513579288954017,0.16513579288954017,1.0,1.0,1.0,1.0,1.0,1.0,1.0,1.0,1.0,1.0,1.0,1.0,1.0,1.0,1.0
Q0237,Welche Fragestellung sollen Studierende in der Bachelorarbeit selbstständig bearbeiten?,fully_answerable,1,"[""PO25CL-GEN-C03-P15-A06""]",0.1763933139620351,0.10919019904852131,0.06720311491351377,"[""PO25CL-GEN-C03-P15-A06"", ""PO25CL-GEN-C03-P15-A01"", ""PO25CL-GEN-C03-P16-A03"", ""PO25CL-GEN-C03-P15-A09"", ""PO25CL-APP-R07-M06"", ""PO25CL-GEN-C02-P07-A02"", ""PO25CL-GEN-C03-P15-A10"", ""PO25CL-GEN-C02-P09-A02"", ""PO25CL-GEN-C03-P15-A05"", ""PO25CL-GEN-C03-P19-A06""]","[0.1763933139620351, 0.10919019904852131, 0.09560102048134236, 0.05788681920378837, 0.05590564124892558, 0.05442478429141823, 0.05406217166120368, 0.05324852318853683, 0.05188299442766346, 0.051346544649748194]",[1],1.0,1.0,1.0,1.0,0.1763933139620351,0.1763933139620351,0.10919019904852131,0.06720311491351377,0.06720311491351377,1.0,1.0,1.0,1.0,1.0,1.0,1.0,1.0,1.0,1.0,1.0,1.0,1.0,1.0,1.0
Q0238,Wie sollen die Ergebnisse der Bachelorarbeit dargestellt werden?,fully_answerable,1,"[""PO25CL-GEN-C03-P15-A06""]",0.11449066289120413,0.10004755551341461,0.014443107377789519,"[""PO25CL-GEN-C03-P15-A06"", ""PO25CL-GEN-C03-P16-A03"", ""PO25CL-GEN-C03-P15-A01"", ""PO25CL-GEN-C03-P13-A01"", ""PO25CL-GEN-C01-P01-A01"", ""PO25CL-GEN-C03-P15-A05"", ""PO25CL-GEN-C01-P05-A03"", ""PO25CL-GEN-C03-P18-A05"", ""PO25CL-GEN-C03-P19-A06"", ""PO25CL-GEN-C03-P16-A01""]","[0.11449066289120413, 0.10004755551341461, 0.08487188391006245, 0.06990147976687623, 0.0640976567925345, 0.06328730133458328, 0.05743871870059096, 0.056995968561861385, 0.054734329573597765, 0.05405872848164506]",[1],1.0,1.0,1.0,1.0,0.11449066289120413,0.11449066289120413,0.10004755551341461,0.014443107377789519,0.014443107377789519,1.0,1.0,1.0,1.0,1.0,1.0,1.0,1.0,1.0,1.0,1.0,1.0,1.0,1.0,1.0
Q0239,Darf das Thema der Bachelorarbeit mit einer bereits abgelegten Abschlussprüfung deckungsgleich sein?,fully_answerable,1,"[""PO25CL-GEN-C03-P15-A06""]",0.32187208033062537,0.17325394861092303,0.14861813171970234,"[""PO25CL-GEN-C03-P15-A06"", ""PO25CL-GEN-C03-P15-A05"", ""PO25CL-GEN-C03-P15-A03"", ""PO25CL-GEN-C03-P16-A03"", ""PO25CL-GEN-C03-P15-A02"", ""PO25CL-GEN-C03-P19-A06"", ""PO25CL-GEN-C03-P21-A02"", ""PO25CL-GEN-C03-P15-A01"", ""PO25CL-GEN-C03-P16-A01"", ""PO25CL-GEN-C03-P19-A10""]","[0.32187208033062537, 0.17325394861092303, 0.13170116481766808, 0.05716469360052677, 0.052198726756068396, 0.0500821974852443, 0.04872064366063532, 0.04755389371645576, 0.046226964371715806, 0.04419143362721879]",[1],1.0,1.0,1.0,1.0,0.32187208033062537,0.32187208033062537,0.17325394861092303,0.14861813171970234,0.14861813171970234,1.0,1.0,1.0,1.0,1.0,1.0,1.0,1.0,1.0,1.0,1.0,1.0,1.0,1.0,1.0
Q0240,Muss das Thema der Bachelorarbeit innerhalb der vorgesehenen Frist bearbeitbar sein?,fully_answerable,1,"[""PO25CL-GEN-C03-P15-A06""]",0.25777120354909044,0.19633185062732295,0.0614393529217675,"[""PO25CL-GEN-C03-P15-A06"", ""PO25CL-GEN-C03-P15-A05"", ""PO25CL-GEN-C03-P15-A03"", ""PO25CL-GEN-C03-P16-A03"", ""PO25CL-GEN-C03-P21-A02"", ""PO25CL-GEN-C03-P15-A01"", ""PO25CL-GEN-C03-P15-A02"", ""PO25CL-GEN-C03-P16-A01"", ""PO25CL-GEN-C03-P15-A10"", ""PO25CL-GEN-C04-P28-A09""]","[0.25777120354909044, 0.19633185062732295, 0.1759967296915671, 0.07994903967649516, 0.07283237042539462, 0.06621875405086927, 0.06309245355901064, 0.05998879607190288, 0.054981815724666046, 0.053933929835730046]",[1],1.0,1.0,1.0,1.0,0.25777120354909044,0.25777120354909044,0.19633185062732295,0.0614393529217675,0.0614393529217675,1.0,1.0,1.0,1.0,1.0,1.0,1.0,1.0,1.0,1.0,1.0,1.0,1.0,1.0,1.0
Q0241,Darf eine Bachelorarbeit grundsätzlich in englischer Sprache verfasst werden?,fully_answerable,1,"[""PO25CL-GEN-C03-P15-A07""]",0.23309354317718303,0.08774760067940109,0.14534594249778193,"[""PO25CL-GEN-C03-P15-A07"", ""PO25CL-GEN-C03-P19-A09"", ""PO25CL-GEN-C03-P11-A08"", ""PO25CL-GEN-C03-P15-A05"", ""PO25CL-GEN-C03-P11-A03"", ""PO25CL-GEN-C03-P15-A09"", ""PO25CL-GEN-C03-P15-A01"", ""PO25CL-GEN-C03-P19-A06"", ""PO25CL-GEN-C03-P15-A06"", ""PO25CL-GEN-C03-P12-A05""]","[0.23309354317718303, 0.08774760067940109, 0.08018325698602416, 0.06304890719057671, 0.04616890386271311, 0.045960983839840076, 0.04405334502020679, 0.04373731600568638, 0.0432299583084159, 0.04024750879298299]",[1],1.0,1.0,1.0,1.0,0.23309354317718303,0.23309354317718303,0.08774760067940109,0.14534594249778193,0.14534594249778193,1.0,1.0,1.0,1.0,1.0,1.0,1.0,1.0,1.0,1.0,1.0,1.0,1.0,1.0,1.0
Q0242,In welcher Sprache muss die Bachelorarbeit im Studiengang Germanistik verfasst werden?,fully_answerable,1,"[""PO25CL-GEN-C03-P15-A07""]",0.15246246318434117,0.10708447153147266,0.045377991652868516,"[""PO25CL-GEN-C03-P15-A07"", ""PO25CL-GEN-C04-P25-A03"", ""PO25CL-GEN-C03-P11-A08"", ""PO25CL-GEN-C01-P04-A04"", ""PO25CL-GEN-C03-P15-A02"", ""PO25CL-GEN-C03-P15-A10"", ""PO25CL-GEN-C03-P15-A01"", ""PO25CL-GEN-C01-P03-A05"", ""PO25CL-PLAN-INTRO"", ""PO25CL-GEN-C03-P16-A01""]","[0.15246246318434117, 0.10708447153147266, 0.10536212915374925, 0.08270065250151702, 0.07292807546371852, 0.07196552531909498, 0.06609538910324202, 0.06319407958515011, 0.061449043791629514, 0.06057981057507068]",[1],1.0,1.0,1.0,1.0,0.15246246318434117,0.15246246318434117,0.10708447153147266,0.045377991652868516,0.045377991652868516,1.0,1.0,1.0,1.0,1.0,1.0,1.0,1.0,1.0,1.0,1.0,1.0,1.0,1.0,1.0
Q0243,In welcher Sprache muss die Bachelorarbeit im Studiengang Anglistik und Amerikanistik verfasst werden?,fully_answerable,1,"[""PO25CL-GEN-C03-P15-A07""]",0.2130074988265318,0.20111047646198155,0.011897022364550258,"[""PO25CL-GEN-C03-P15-A07"", ""PO25CL-GEN-C01-P04-A04"", ""PO25CL-GEN-C04-P25-A03"", ""PO25CL-GEN-C03-P11-A08"", ""PO25CL-GEN-C03-P15-A02"", ""PO25CL-GEN-C03-P15-A10"", ""PO25CL-GEN-C01-P03-A05"", ""PO25CL-GEN-C03-P15-A01"", ""PO25CL-GEN-C03-P15-A08"", ""PO25CL-GEN-C03-P16-A01""]","[0.2130074988265318, 0.20111047646198155, 0.09637805655663396, 0.08868146625566979, 0.06117712918565959, 0.057764659974265, 0.0543590531772283, 0.053052870252619025, 0.0512419689475592, 0.051084969066501514]",[1],1.0,1.0,1.0,1.0,0.2130074988265318,0.2130074988265318,0.20111047646198155,0.011897022364550258,0.011897022364550258,1.0,1.0,1.0,1.0,1.0,1.0,1.0,1.0,1.0,1.0,1.0,1.0,1.0,1.0,1.0
Q0244,Wer kann weitere Ausnahmen von der vorgegebenen Sprache gestatten?,fully_answerable,1,"[""PO25CL-GEN-C03-P15-A07""]",0.16055424471079388,0.07257024942417563,0.08798399528661825,"[""PO25CL-GEN-C03-P15-A07"", ""PO25CL-GEN-C03-P17-A05"", ""PO25CL-GEN-C03-P17-A02"", ""PO25CL-GEN-C03-P11-A08"", ""PO25CL-GEN-C03-P15-A04"", ""PO25CL-GEN-C03-P11-A01"", ""PO25CL-GEN-C03-P12-A02"", ""PO25CL-GEN-C01-P03-A01"", ""PO25CL-GEN-C03-P12-A01"", ""PO25CL-GEN-C01-P05-A02""]","[0.16055424471079388, 0.07257024942417563, 0.06893547441521924, 0.05977369387895814, 0.0506840521226049, 0.047967270962389584, 0.04456819607450076, 0.04079797725153946, 0.0406800139448827, 0.04056983841234616]",[1],1.0,1.0,1.0,1.0,0.16055424471079388,0.16055424471079388,0.07257024942417563,0.08798399528661825,0.08798399528661825,1.0,1.0,1.0,1.0,1.0,1.0,1.0,1.0,1.0,1.0,1.0,1.0,1.0,1.0,1.0
Q0245,Kann die Bachelorarbeit als Gruppenarbeit zugelassen werden?,answerable_with_multiple_chunks,2,"[""PO25CL-GEN-C03-P15-A08"", ""PO25CL-GEN-C03-P15-A06""]",0.23866253553449662,0.08276926983144602,0.15589326570305062,"[""PO25CL-GEN-C03-P15-A08"", ""PO25CL-GEN-C03-P15-A07"", ""PO25CL-GEN-C03-P19-A05"", ""PO25CL-GEN-C04-P25-A03"", ""PO25CL-GEN-C03-P15-A02"", ""PO25CL-GEN-C03-P19-A06"", ""PO25CL-GEN-C01-P03-A05"", ""PO25CL-GEN-C03-P15-A09"", ""PO25CL-GEN-C03-P16-A01"", ""PO25CL-GEN-C03-P18-A05""]","[0.23866253553449662, 0.08276926983144602, 0.07642068743463426, 0.07500549047071499, 0.07427089457139861, 0.07229578802996926, 0.06275272425767409, 0.06157503207986189, 0.06028621619512871, 0.05785159066998402]","[1, 27]",1.0,27.0,14.0,1.0,0.23866253553449662,0.034496981156823085,0.08276926983144602,0.15589326570305062,-0.04827228867462293,0.5,1.0,0.0,0.5,1.0,0.0,0.5,1.0,0.0,0.5,1.0,0.0,0.5,1.0,0.0
Q0246,Müssen individuelle Beiträge zu einer Bachelor-Gruppenarbeit eindeutig unterscheidbar sein?,fully_answerable,1,"[""PO25CL-GEN-C03-P15-A08""]",0.08052735256756036,0.07344867847174542,0.0070786740958149325,"[""PO25CL-GEN-C03-P15-A08"", ""PO25CL-GEN-C03-P14-A08"", ""PO25CL-GEN-C03-P15-A06"", ""PO25CL-GEN-C03-P14-A09"", ""PO25CL-GEN-C03-P20-A02"", ""PO25CL-GEN-C03-P15-A09"", ""PO25CL-GEN-C04-P25-A05"", ""PO25CL-GEN-C03-P19-A06"", ""PO25CL-GEN-C03-P14-A06"", ""PO25CL-GEN-C03-P19-A07""]","[0.08052735256756036, 0.07344867847174542, 0.05143571183537542, 0.05056689295167942, 0.047277828889926085, 0.04608122917049694, 0.04555664882722414, 0.04365649806705277, 0.04019352589300343, 0.03597875157091513]",[1],1.0,1.0,1.0,1.0,0.08052735256756036,0.08052735256756036,0.07344867847174542,0.0070786740958149325,0.0070786740958149325,1.0,1.0,1.0,1.0,1.0,1.0,1.0,1.0,1.0,1.0,1.0,1.0,1.0,1.0,1.0
Q0247,Wie viele Wörter muss eine Bachelorarbeit mindestens umfassen?,fully_answerable,1,"[""PO25CL-GEN-C03-P15-A10""]",0.11632492305224543,0.0988313434800909,0.017493579572154527,"[""PO25CL-GEN-C03-P11-A06"", ""PO25CL-GEN-C03-P15-A10"", ""PO25CL-GEN-C03-P14-A04"", ""PO25CL-GEN-C03-P14-A05"", ""PO25CL-GEN-C04-P25-A03"", ""PO25CL-GEN-C03-P14-A06"", ""PO25CL-GEN-C03-P19-A06"", ""PO25CL-GEN-C01-P05-A03"", ""PO25CL-GEN-C03-P18-A03"", ""PO25CL-GEN-C03-P15-A01""]","[0.11632492305224543, 0.0988313434800909, 0.0916663061125428, 0.09100862229866538, 0.07524825213869493, 0.07339060616259935, 0.07005473414322129, 0.06736888494473557, 0.06651372067659654, 0.06311660282766227]",[2],2.0,2.0,2.0,0.5,0.0988313434800909,0.0988313434800909,0.11632492305224543,-0.017493579572154527,-0.017493579572154527,0.0,0.0,0.0,1.0,1.0,1.0,1.0,1.0,1.0,1.0,1.0,1.0,1.0,1.0,1.0
Q0248,Wie viele Wörter darf eine Bachelorarbeit höchstens umfassen?,fully_answerable,1,"[""PO25CL-GEN-C03-P15-A10""]",0.11127677271375593,0.08704080264330251,0.024235970070453416,"[""PO25CL-GEN-C03-P19-A09"", ""PO25CL-GEN-C03-P14-A06"", ""PO25CL-GEN-C03-P14-A05"", ""PO25CL-GEN-C03-P15-A05"", ""PO25CL-GEN-C03-P14-A04"", ""PO25CL-GEN-C03-P15-A10"", ""PO25CL-GEN-C03-P19-A06"", ""PO25CL-GEN-C01-P05-A03"", ""PO25CL-GEN-C03-P15-A06"", ""PO25CL-GEN-C03-P15-A01""]","[0.11127677271375593, 0.08704080264330251, 0.0848180487047161, 0.0755507999925558, 0.07220603357516718, 0.06020261610787407, 0.058359634866770205, 0.056122167542857725, 0.05309682891689503, 0.0525797712332015]",[6],6.0,6.0,6.0,0.16666666666666666,0.06020261610787407,0.06020261610787407,0.11127677271375593,-0.051074156605881854,-0.051074156605881854,0.0,0.0,0.0,0.0,0.0,0.0,0.0,0.0,0.0,0.0,0.0,0.0,1.0,1.0,1.0
Q0249,In welchem Dateiformat ist die Bachelorarbeit einzureichen?,fully_answerable,1,"[""PO25CL-GEN-C03-P16-A01""]",0.13467160719311644,0.12874856170575144,0.005923045487364997,"[""PO25CL-GEN-C03-P15-A02"", ""PO25CL-GEN-C04-P25-A03"", ""PO25CL-GEN-C03-P16-A02"", ""PO25CL-GEN-C01-P03-A05"", ""PO25CL-GEN-C03-P16-A01"", ""PO25CL-GEN-C03-P19-A09"", ""PO25CL-GEN-C03-P14-A09"", ""PO25CL-GEN-C03-P15-A08"", ""PO25CL-GEN-C03-P15-A01"", ""PO25CL-GEN-C03-P15-A10""]","[0.13467160719311644, 0.12874856170575144, 0.11655800129436536, 0.10333734532791111, 0.1003753878586471, 0.09987379980737224, 0.09606165397322122, 0.09562165994000271, 0.09312867249886729, 0.08996289960381358]",[5],5.0,5.0,5.0,0.2,0.1003753878586471,0.1003753878586471,0.13467160719311644,-0.034296219334469344,-0.034296219334469344,0.0,0.0,0.0,0.0,0.0,0.0,0.0,0.0,0.0,1.0,1.0,1.0,1.0,1.0,1.0
Q0250,Bis zu welchem Zeitpunkt muss die Bachelorarbeit abgegeben werden?,fully_answerable,1,"[""PO25CL-GEN-C03-P16-A01""]",0.11209547065953841,0.10708382372882908,0.0050116469307093375,"[""PO25CL-GEN-C03-P15-A04"", ""PO25CL-GEN-C04-P25-A03"", ""PO25CL-GEN-C03-P14-A10"", ""PO25CL-GEN-C03-P15-A10"", ""PO25CL-GEN-C03-P16-A01"", ""PO25CL-GEN-C03-P18-A07"", ""PO25CL-GEN-C01-P03-A05"", ""PO25CL-GEN-C03-P15-A07"", ""PO25CL-GEN-C03-P15-A05"", ""PO25CL-GEN-C03-P15-A02""]","[0.11209547065953841, 0.10708382372882908, 0.10038658434242108, 0.0995046334541892, 0.09469875656002086, 0.07837307469405315, 0.07389973198225283, 0.07263932274428006, 0.07218570719046226, 0.06950820734790025]",[5],5.0,5.0,5.0,0.2,0.09469875656002086,0.09469875656002086,0.11209547065953841,-0.017396714099517555,-0.017396714099517555,0.0,0.0,0.0,0.0,0.0,0.0,0.0,0.0,0.0,1.0,1.0,1.0,1.0,1.0,1.0
Q0251,Wie erfolgt die elektronische Abgabe der Bachelorarbeit?,fully_answerable,1,"[""PO25CL-GEN-C03-P16-A01""]",0.1411032291304223,0.10487331417346059,0.03622991495696172,"[""PO25CL-GEN-C03-P15-A01"", ""PO25CL-GEN-C03-P16-A03"", ""PO25CL-GEN-C03-P16-A01"", ""PO25CL-GEN-C04-P25-A02"", ""PO25CL-GEN-C03-P14-A05"", ""PO25CL-GEN-C03-P15-A03"", ""PO25CL-GEN-C03-P14-A09"", ""PO25CL-GEN-C03-P18-A05"", ""PO25CL-GEN-C03-P14-A04"", ""PO25CL-GEN-C03-P15-A05""]","[0.1411032291304223, 0.10487331417346059, 0.09342169209475482, 0.06218911896476456, 0.06012819222713628, 0.056827325888007346, 0.05670492315465771, 0.05555939484542268, 0.05542862929637203, 0.05435736064784691]",[3],3.0,3.0,3.0,0.3333333333333333,0.09342169209475482,0.09342169209475482,0.1411032291304223,-0.04768153703566749,-0.04768153703566749,0.0,0.0,0.0,0.0,0.0,0.0,1.0,1.0,1.0,1.0,1.0,1.0,1.0,1.0,1.0
Q0252,Wer hält das Datum der Abgabe aktenkundig fest?,fully_answerable,1,"[""PO25CL-GEN-C03-P16-A01""]",0.18803676570798022,0.06683246498929041,0.12120430071868982,"[""PO25CL-GEN-C03-P16-A01"", ""PO25CL-GEN-C03-P21-A02"", ""PO25CL-GEN-C03-P15-A03"", ""PO25CL-GEN-C04-P24-A06"", ""PO25CL-GEN-C03-P17-A05"", ""PO25CL-GEN-C03-P14-A06"", ""PO25CL-GEN-C03-P20-A04"", ""PO25CL-GEN-C03-P21-A03"", ""PO25CL-GEN-C04-P24-A02"", ""PO25CL-GEN-C03-P14-A05""]","[0.18803676570798022, 0.06683246498929041, 0.06357291203105689, 0.0548168064464777, 0.0486207825036708, 0.04030606712087241, 0.03793144237723465, 0.02958062951166049, 0.028107254995158835, 0.02565705316041369]",[1],1.0,1.0,1.0,1.0,0.18803676570798022,0.18803676570798022,0.06683246498929041,0.12120430071868982,0.12120430071868982,1.0,1.0,1.0,1.0,1.0,1.0,1.0,1.0,1.0,1.0,1.0,1.0,1.0,1.0,1.0
Q0253,Mit welcher Note wird eine verspätet abgegebene Bachelorarbeit bewertet?,fully_answerable,1,"[""PO25CL-GEN-C03-P16-A01""]",0.08102126943766046,0.07533760916816008,0.0056836602695003735,"[""PO25CL-GEN-C03-P16-A01"", ""PO25CL-GEN-C03-P19-A06"", ""PO25CL-GEN-C01-P03-A05"", ""PO25CL-GEN-C03-P17-A05"", ""PO25CL-GEN-C03-P18-A02"", ""PO25CL-GEN-C03-P15-A01"", ""PO25CL-GEN-C04-P25-A03"", ""PO25CL-GEN-C03-P21-A03"", ""PO25CL-GEN-C02-P09-A04"", ""PO25CL-PLAN-INTRO""]","[0.08102126943766046, 0.07533760916816008, 0.0724750987884056, 0.05782700280818879, 0.05294557028558493, 0.05196212159563506, 0.0506591413208132, 0.04989689239100617, 0.04525555012028128, 0.045051512065291024]",[1],1.0,1.0,1.0,1.0,0.08102126943766046,0.08102126943766046,0.07533760916816008,0.0056836602695003735,0.0056836602695003735,1.0,1.0,1.0,1.0,1.0,1.0,1.0,1.0,1.0,1.0,1.0,1.0,1.0,1.0,1.0
Q0254,Wie viele gebundene Exemplare können zusätzlich verlangt werden?,fully_answerable,1,"[""PO25CL-GEN-C03-P16-A01""]",0.10259256219103491,0.08263957858212144,0.01995298360891347,"[""PO25CL-GEN-C03-P16-A01"", ""PO25CL-GEN-C01-P04-A05"", ""PO25CL-GEN-C01-P05-A03"", ""PO25CL-GEN-C03-P18-A08"", ""PO25CL-PLAN-INTRO"", ""PO25CL-GEN-C03-P21-A03"", ""PO25CL-GEN-C04-P28-A09"", ""PO25CL-GEN-C03-P14-A01"", ""PO25CL-GEN-C02-P07-A04"", ""PO25CL-GEN-C02-P09-A01""]","[0.10259256219103491, 0.08263957858212144, 0.0543001639459485, 0.05012663184350356, 0.03722587427561109, 0.03290318339317302, 0.03201562676289946, 0.03164669918896012, 0.023008916034618764, 0.021805832602087398]",[1],1.0,1.0,1.0,1.0,0.10259256219103491,0.10259256219103491,0.08263957858212144,0.01995298360891347,0.01995298360891347,1.0,1.0,1.0,1.0,1.0,1.0,1.0,1.0,1.0,1.0,1.0,1.0,1.0,1.0,1.0
Q0255,Bei wem sind zusätzlich verlangte gebundene Exemplare einzureichen?,fully_answerable,1,"[""PO25CL-GEN-C03-P16-A01""]",0.11967915312637956,0.06436402530039942,0.05531512782598014,"[""PO25CL-GEN-C03-P16-A01"", ""PO25CL-GEN-C03-P18-A08"", ""PO25CL-GEN-C03-P14-A09"", ""PO25CL-GEN-C03-P21-A03"", ""PO25CL-GEN-C03-P16-A02"", ""PO25CL-GEN-C04-P24-A03"", ""PO25CL-APP-R14"", ""PO25CL-GEN-C03-P21-A01"", ""PO25CL-GEN-C03-P19-A01"", ""PO25CL-GEN-C01-P04-A05""]","[0.11967915312637956, 0.06436402530039942, 0.03766920308626987, 0.035844891989510956, 0.03485808474072859, 0.03055025484370109, 0.02980101486269022, 0.02883879840442924, 0.02878820940289898, 0.02839257145204489]",[1],1.0,1.0,1.0,1.0,0.11967915312637956,0.11967915312637956,0.06436402530039942,0.05531512782598014,0.05531512782598014,1.0,1.0,1.0,1.0,1.0,1.0,1.0,1.0,1.0,1.0,1.0,1.0,1.0,1.0,1.0
Q0256,Von wie vielen Personen wird die Bachelorarbeit begutachtet?,fully_answerable,1,"[""PO25CL-GEN-C03-P16-A02""]",0.11736550373814625,0.08163705756106293,0.03572844617708332,"[""PO25CL-GEN-C03-P16-A01"", ""PO25CL-GEN-C01-P03-A05"", ""PO25CL-GEN-C04-P25-A03"", ""PO25CL-GEN-C03-P16-A02"", ""PO25CL-GEN-C03-P21-A03"", ""PO25CL-PLAN-INTRO"", ""PO25CL-GEN-C03-P15-A02"", ""PO25CL-GEN-C01-P05-A03"", ""PO25CL-GEN-C03-P18-A05"", ""PO25CL-GEN-C03-P15-A08""]","[0.11736550373814625, 0.08163705756106293, 0.07854759836872141, 0.0689110654514607, 0.05953567654515027, 0.05639256832775137, 0.05575841710479034, 0.05401225887022973, 0.053662898930833564, 0.05333253276630293]",[4],4.0,4.0,4.0,0.25,0.0689110654514607,0.0689110654514607,0.11736550373814625,-0.04845443828668555,-0.04845443828668555,0.0,0.0,0.0,0.0,0.0,0.0,0.0,0.0,0.0,1.0,1.0,1.0,1.0,1.0,1.0
Q0257,Müssen die Gutachten unabhängig voneinander erstellt werden?,fully_answerable,1,"[""PO25CL-GEN-C03-P16-A02""]",0.14080839740897955,0.08442686779914238,0.05638152960983717,"[""PO25CL-GEN-C03-P16-A02"", ""PO25CL-GEN-C02-P06-U01"", ""PO25CL-GEN-C03-P18-A03"", ""PO25CL-GEN-C03-P17-A03"", ""PO25CL-GEN-C02-P07-A03"", ""PO25CL-GEN-C03-P11-A01"", ""PO25CL-GEN-C03-P15-A09"", ""PO25CL-GEN-C04-P25-A01"", ""PO25CL-GEN-C03-P14-A09"", ""PO25CL-GEN-C03-P17-A02""]","[0.14080839740897955, 0.08442686779914238, 0.04433995019177749, 0.03952337895025401, 0.03545745396124605, 0.03362749515885351, 0.03177780283077898, 0.03106525142128081, 0.02988935518210034, 0.025713300865054325]",[1],1.0,1.0,1.0,1.0,0.14080839740897955,0.14080839740897955,0.08442686779914238,0.05638152960983717,0.05638152960983717,1.0,1.0,1.0,1.0,1.0,1.0,1.0,1.0,1.0,1.0,1.0,1.0,1.0,1.0,1.0
Q0258,Wer bestellt die Gutachtenden der Bachelorarbeit?,fully_answerable,1,"[""PO25CL-GEN-C03-P16-A02""]",0.1355914289487893,0.11502429977310262,0.02056712917568669,"[""PO25CL-GEN-C03-P16-A03"", ""PO25CL-GEN-C03-P15-A01"", ""PO25CL-GEN-C04-P25-A06"", ""PO25CL-GEN-C04-P29-U01"", ""PO25CL-GEN-C03-P18-A03"", ""PO25CL-GEN-C03-P16-A02"", ""PO25CL-GEN-C03-P16-A01"", ""PO25CL-GEN-C03-P18-A05"", ""PO25CL-GEN-C03-P15-A05"", ""PO25CL-GEN-C03-P19-A06""]","[0.1355914289487893, 0.11502429977310262, 0.09779112663143931, 0.07834798732474403, 0.07792945303057157, 0.07354857012796379, 0.07326416127176699, 0.0718331235929156, 0.07027900531431298, 0.06955234801149418]",[6],6.0,6.0,6.0,0.16666666666666666,0.07354857012796379,0.07354857012796379,0.1355914289487893,-0.062042858820825525,-0.062042858820825525,0.0,0.0,0.0,0.0,0.0,0.0,0.0,0.0,0.0,0.0,0.0,0.0,1.0,1.0,1.0
Q0259,Wer übernimmt das Erstgutachten der Bachelorarbeit?,fully_answerable,1,"[""PO25CL-GEN-C03-P16-A02""]",0.1327804369735411,0.11498097016182157,0.01779946681171954,"[""PO25CL-GEN-C03-P16-A03"", ""PO25CL-GEN-C03-P16-A02"", ""PO25CL-GEN-C03-P15-A01"", ""PO25CL-GEN-C03-P16-A01"", ""PO25CL-GEN-C03-P15-A05"", ""PO25CL-GEN-C03-P21-A02"", ""PO25CL-GEN-C03-P15-A03"", ""PO25CL-GEN-C03-P19-A06"", ""PO25CL-GEN-C03-P15-A10"", ""PO25CL-GEN-C03-P18-A05""]","[0.1327804369735411, 0.11498097016182157, 0.11045675905461588, 0.09131794743589638, 0.08958174697573235, 0.07790029187747556, 0.07656135279738366, 0.07131531234026504, 0.06564896744269838, 0.06278955923705659]",[2],2.0,2.0,2.0,0.5,0.11498097016182157,0.11498097016182157,0.1327804369735411,-0.01779946681171954,-0.01779946681171954,0.0,0.0,0.0,1.0,1.0,1.0,1.0,1.0,1.0,1.0,1.0,1.0,1.0,1.0,1.0
Q0260,Was macht die zweitbegutachtende Person bei übereinstimmender Beurteilung?,fully_answerable,1,"[""PO25CL-GEN-C03-P16-A02""]",0.0888249332357118,0.07174588596562204,0.01707904727008977,"[""PO25CL-GEN-C03-P14-A09"", ""PO25CL-GEN-C04-P24-A03"", ""PO25CL-GEN-C04-P27-A01-02"", ""PO25CL-GEN-C03-P16-A02"", ""PO25CL-GEN-C01-P01-A01"", ""PO25CL-GEN-C03-P20-A01"", ""PO25CL-GEN-C03-P19-A06"", ""PO25CL-GEN-C02-P09-A03"", ""PO25CL-GEN-C03-P18-A08"", ""PO25CL-GEN-C03-P15-A09""]","[0.0888249332357118, 0.07174588596562204, 0.0705084516898317, 0.05963608301375814, 0.0454891343722863, 0.04240024582977732, 0.036871949112749734, 0.035294167333042636, 0.029891686233766097, 0.027798175726969618]",[4],4.0,4.0,4.0,0.25,0.05963608301375814,0.05963608301375814,0.0888249332357118,-0.029188850221953666,-0.029188850221953666,0.0,0.0,0.0,0.0,0.0,0.0,0.0,0.0,0.0,1.0,1.0,1.0,1.0,1.0,1.0
Q0261,Was erstellt die zweitbegutachtende Person bei abweichender Beurteilung?,fully_answerable,1,"[""PO25CL-GEN-C03-P16-A02""]",0.16198292745468673,0.04882415094885672,0.11315877650583,"[""PO25CL-GEN-C03-P16-A02"", ""PO25CL-GEN-C04-P24-A03"", ""PO25CL-GEN-C01-P01-A01"", ""PO25CL-GEN-C03-P20-A01"", ""PO25CL-GEN-C03-P14-A09"", ""PO25CL-GEN-C03-P19-A06"", ""PO25CL-GEN-C02-P09-A03"", ""PO25CL-GEN-C03-P18-A08"", ""PO25CL-GEN-C03-P15-A09"", ""PO25CL-GEN-C03-P21-A01""]","[0.16198292745468673, 0.04882415094885672, 0.030956037872185985, 0.02885400291319313, 0.02665513936198735, 0.025091914122045485, 0.024018209968281367, 0.020341740591126936, 0.01891707530724117, 0.0183435808552911]",[1],1.0,1.0,1.0,1.0,0.16198292745468673,0.16198292745468673,0.04882415094885672,0.11315877650583,0.11315877650583,1.0,1.0,1.0,1.0,1.0,1.0,1.0,1.0,1.0,1.0,1.0,1.0,1.0,1.0,1.0
Q0262,Wer kann ein ausführliches Zweitgutachten verlangen?,fully_answerable,1,"[""PO25CL-GEN-C03-P16-A02""]",0.10109462225928278,0.06839719575429468,0.03269742650498811,"[""PO25CL-GEN-C03-P16-A02"", ""PO25CL-GEN-C03-P17-A05"", ""PO25CL-GEN-C04-P24-A01"", ""PO25CL-GEN-C03-P14-A07"", ""PO25CL-GEN-C03-P16-A01"", ""PO25CL-GEN-C03-P12-A02"", ""PO25CL-GEN-C02-P09-A01"", ""PO25CL-GEN-C03-P11-A04"", ""PO25CL-GEN-C04-P29-U01"", ""PO25CL-APP-R14""]","[0.10109462225928278, 0.06839719575429468, 0.04483666944943453, 0.037341398508713375, 0.03603940214448876, 0.035815623492494585, 0.03495614595157382, 0.0335045419742815, 0.030169100222722314, 0.02981422714035957]",[1],1.0,1.0,1.0,1.0,0.10109462225928278,0.10109462225928278,0.06839719575429468,0.03269742650498811,0.03269742650498811,1.0,1.0,1.0,1.0,1.0,1.0,1.0,1.0,1.0,1.0,1.0,1.0,1.0,1.0,1.0
Q0263,Nach welcher Vorschrift ergibt sich die Endnote der Bachelorarbeit?,fully_answerable,1,"[""PO25CL-GEN-C03-P16-A02""]",0.2085909953239885,0.12661856070349498,0.08197243462049353,"[""PO25CL-GEN-C03-P18-A03"", ""PO25CL-GEN-C03-P16-A02"", ""PO25CL-GEN-C03-P16-A03"", ""PO25CL-GEN-C03-P15-A01"", ""PO25CL-GEN-C03-P18-A05"", ""PO25CL-GEN-C03-P19-A08"", ""PO25CL-GEN-C03-P15-A05"", ""PO25CL-GEN-C03-P15-A10"", ""PO25CL-GEN-C03-P18-A07"", ""PO25CL-GEN-C03-P19-A06""]","[0.2085909953239885, 0.12661856070349498, 0.11146942689643234, 0.0853479882852721, 0.07240268785259801, 0.06993412089686511, 0.06115756360181564, 0.06079780248676758, 0.0601435190761649, 0.05699057442916649]",[2],2.0,2.0,2.0,0.5,0.12661856070349498,0.12661856070349498,0.2085909953239885,-0.08197243462049353,-0.08197243462049353,0.0,0.0,0.0,1.0,1.0,1.0,1.0,1.0,1.0,1.0,1.0,1.0,1.0,1.0,1.0
Q0264,Bis wann muss die Bewertung der Bachelorarbeit mitgeteilt werden?,fully_answerable,1,"[""PO25CL-GEN-C03-P16-A03""]",0.4066868867872635,0.10337670690381326,0.3033101798834502,"[""PO25CL-GEN-C03-P16-A03"", ""PO25CL-GEN-C03-P16-A01"", ""PO25CL-GEN-C03-P18-A07"", ""PO25CL-GEN-C03-P15-A10"", ""PO25CL-GEN-C03-P16-A02"", ""PO25CL-GEN-C03-P15-A01"", ""PO25CL-GEN-C03-P18-A05"", ""PO25CL-GEN-C03-P15-A05"", ""PO25CL-GEN-C03-P18-A01"", ""PO25CL-GEN-C03-P14-A03""]","[0.4066868867872635, 0.10337670690381326, 0.10213088900601841, 0.09874786975407512, 0.09637662211651, 0.09420453770498598, 0.09349810872789002, 0.09116310053644519, 0.09094551838451032, 0.08316519619573286]",[1],1.0,1.0,1.0,1.0,0.4066868867872635,0.4066868867872635,0.10337670690381326,0.3033101798834502,0.3033101798834502,1.0,1.0,1.0,1.0,1.0,1.0,1.0,1.0,1.0,1.0,1.0,1.0,1.0,1.0,1.0
Q0265,Bis wann kann man sich von einer Klausur abmelden?,fully_answerable,1,"[""PO25CL-GEN-C03-P17-A01""]",0.2751522824913574,0.08192414782039534,0.1932281346709621,"[""PO25CL-GEN-C03-P17-A01"", ""PO25CL-GEN-C03-P18-A07"", ""PO25CL-GEN-C03-P14-A03"", ""PO25CL-GEN-C03-P15-A04"", ""PO25CL-GEN-C03-P19-A08"", ""PO25CL-GEN-C03-P14-A10"", ""PO25CL-GEN-C03-P15-A05"", ""PO25CL-GEN-C03-P17-A05"", ""PO25CL-GEN-C03-P14-A04"", ""PO25CL-GEN-C03-P15-A10""]","[0.2751522824913574, 0.08192414782039534, 0.0785293075025431, 0.073225995579261, 0.05848513485543981, 0.05619802000527303, 0.04820353018713684, 0.0442033366409111, 0.04353587481075415, 0.04155714531353576]",[1],1.0,1.0,1.0,1.0,0.2751522824913574,0.2751522824913574,0.08192414782039534,0.1932281346709621,0.1932281346709621,1.0,1.0,1.0,1.0,1.0,1.0,1.0,1.0,1.0,1.0,1.0,1.0,1.0,1.0,1.0
Q0266,Bis wann kann man sich von einer mündlichen Prüfung abmelden?,fully_answerable,1,"[""PO25CL-GEN-C03-P17-A01""]",0.24275163441154884,0.15095104810939955,0.0918005863021493,"[""PO25CL-GEN-C03-P17-A01"", ""PO25CL-GEN-C03-P11-A06"", ""PO25CL-GEN-C03-P19-A08"", ""PO25CL-GEN-C03-P13-A01"", ""PO25CL-GEN-C03-P11-A05"", ""PO25CL-GEN-C03-P18-A07"", ""PO25CL-GEN-C03-P15-A04"", ""PO25CL-GEN-C03-P12-A02"", ""PO25CL-GEN-C03-P14-A10"", ""PO25CL-GEN-C03-P19-A03""]","[0.24275163441154884, 0.15095104810939955, 0.13988408247805106, 0.1019317167873053, 0.10186303638626498, 0.07172729924775412, 0.06411177946144948, 0.06368019879442863, 0.058351630559061576, 0.05636043973250355]",[1],1.0,1.0,1.0,1.0,0.24275163441154884,0.24275163441154884,0.15095104810939955,0.0918005863021493,0.0918005863021493,1.0,1.0,1.0,1.0,1.0,1.0,1.0,1.0,1.0,1.0,1.0,1.0,1.0,1.0,1.0
Q0267,Was muss bei einem Rücktritt nach Ablauf der Abmeldefrist geltend gemacht werden?,fully_answerable,1,"[""PO25CL-GEN-C03-P17-A02""]",0.11866549485591205,0.10269307965852723,0.01597241519738482,"[""PO25CL-GEN-C03-P17-A02"", ""PO25CL-GEN-C03-P17-A03"", ""PO25CL-GEN-C03-P15-A05"", ""PO25CL-GEN-C03-P16-A01"", ""PO25CL-GEN-C04-P26-U01"", ""PO25CL-GEN-C03-P18-A07"", ""PO25CL-GEN-C03-P14-A09"", ""PO25CL-GEN-C03-P17-A05"", ""PO25CL-GEN-C03-P15-A09"", ""PO25CL-GEN-C03-P19-A06""]","[0.11866549485591205, 0.10269307965852723, 0.07116773987944659, 0.06509625689875877, 0.06491025623537412, 0.054885730890233395, 0.05296527556712113, 0.050951582501886694, 0.048729814710141615, 0.046359812093906876]",[1],1.0,1.0,1.0,1.0,0.11866549485591205,0.11866549485591205,0.10269307965852723,0.01597241519738482,0.01597241519738482,1.0,1.0,1.0,1.0,1.0,1.0,1.0,1.0,1.0,1.0,1.0,1.0,1.0,1.0,1.0
Q0268,Welche Note erhält eine versäumte Prüfung ohne anerkannten Grund?,fully_answerable,1,"[""PO25CL-GEN-C03-P17-A02""]",0.09191250705853611,0.06664523353311541,0.0252672735254207,"[""PO25CL-GEN-C03-P18-A02"", ""PO25CL-GEN-C03-P19-A08"", ""PO25CL-GEN-C03-P12-A02"", ""PO25CL-GEN-C03-P19-A03"", ""PO25CL-GEN-C03-P13-A01"", ""PO25CL-PLAN-INTRO"", ""PO25CL-GEN-C01-P02-A01"", ""PO25CL-GEN-C03-P19-A04"", ""PO25CL-GEN-C03-P20-A02"", ""PO25CL-GEN-C04-P28-A05""]","[0.09191250705853611, 0.06664523353311541, 0.05985028608304428, 0.050876230323358765, 0.049455450565576035, 0.04894114568206968, 0.046097524593593876, 0.04530646315056356, 0.043823213283074605, 0.043652716825175755]",[14],14.0,14.0,14.0,0.07142857142857142,0.03885056393013722,0.03885056393013722,0.09191250705853611,-0.05306194312839889,-0.05306194312839889,0.0,0.0,0.0,0.0,0.0,0.0,0.0,0.0,0.0,0.0,0.0,0.0,0.0,0.0,0.0
Q0269,Welche Note erhält ein Rücktritt nach Prüfungsbeginn ohne anerkannten Grund?,fully_answerable,1,"[""PO25CL-GEN-C03-P17-A02""]",0.050107551316129074,0.04916320112241063,0.0009443501937184476,"[""PO25CL-GEN-C03-P19-A08"", ""PO25CL-GEN-C03-P17-A03"", ""PO25CL-GEN-C03-P12-A02"", ""PO25CL-GEN-C04-P24-A01"", ""PO25CL-GEN-C03-P18-A06"", ""PO25CL-GEN-C04-P28-A05"", ""PO25CL-APP-R11"", ""PO25CL-GEN-C03-P20-A04"", ""PO25CL-APP-R14"", ""PO25CL-GEN-C03-P14-A07""]","[0.050107551316129074, 0.04916320112241063, 0.048116035702451786, 0.044159345121471044, 0.04388501910824233, 0.040542792034989505, 0.03840235847598564, 0.03614613154249453, 0.0350997960501673, 0.03468612037524163]",[17],17.0,17.0,17.0,0.058823529411764705,0.031209048775430723,0.031209048775430723,0.050107551316129074,-0.01889850254069835,-0.01889850254069835,0.0,0.0,0.0,0.0,0.0,0.0,0.0,0.0,0.0,0.0,0.0,0.0,0.0,0.0,0.0
Q0270,Welche Note erhält eine nicht fristgerecht erbrachte schriftliche Prüfungsleistung ohne anerkannten Grund?,fully_answerable,1,"[""PO25CL-GEN-C03-P17-A02""]",0.09347021813027165,0.07402029373258624,0.019449924397685406,"[""PO25CL-GEN-C03-P19-A05"", ""PO25CL-GEN-C03-P17-A02"", ""PO25CL-GEN-C03-P17-A05"", ""PO25CL-GEN-C03-P18-A02"", ""PO25CL-GEN-C04-P28-A01"", ""PO25CL-GEN-C03-P14-A08"", ""PO25CL-GEN-C03-P19-A08"", ""PO25CL-GEN-C03-P14-A01"", ""PO25CL-PLAN-INTRO"", ""PO25CL-GEN-C03-P19-A09""]","[0.09347021813027165, 0.07402029373258624, 0.05533221732994676, 0.037912050006637145, 0.037289759641610694, 0.03623226273633173, 0.03582348512702993, 0.035714623079044924, 0.03567654445968292, 0.03524871555927503]",[2],2.0,2.0,2.0,0.5,0.07402029373258624,0.07402029373258624,0.09347021813027165,-0.019449924397685406,-0.019449924397685406,0.0,0.0,0.0,1.0,1.0,1.0,1.0,1.0,1.0,1.0,1.0,1.0,1.0,1.0,1.0
Q0271,Gilt Krankheit als triftiger Rücktrittsgrund?,fully_answerable,1,"[""PO25CL-GEN-C03-P17-A02""]",0.10869685827380074,0.09660917407298046,0.012087684200820278,"[""PO25CL-GEN-C03-P17-A05"", ""PO25CL-GEN-C03-P17-A02"", ""PO25CL-GEN-C04-P27-A01-02"", ""PO25CL-GEN-C02-P08-U01"", ""PO25CL-GEN-C03-P23-U01"", ""PO25CL-GEN-C03-P17-A03"", ""PO25CL-GEN-C03-P19-A05"", ""PO25CL-GEN-C03-P19-A04"", ""PO25CL-GEN-C03-P16-A01"", ""PO25CL-GEN-C03-P18-A03""]","[0.10869685827380074, 0.09660917407298046, 0.061765253199299805, 0.05625053844770735, 0.05372793411539184, 0.05349583467821937, 0.052279437841565544, 0.0463091276484469, 0.03898187858636734, 0.03514921339281165]",[2],2.0,2.0,2.0,0.5,0.09660917407298046,0.09660917407298046,0.10869685827380074,-0.012087684200820278,-0.012087684200820278,0.0,0.0,0.0,1.0,1.0,1.0,1.0,1.0,1.0,1.0,1.0,1.0,1.0,1.0,1.0
Q0272,Gilt Mutterschutz als triftiger Rücktrittsgrund?,fully_answerable,1,"[""PO25CL-GEN-C03-P17-A02""]",0.1019486913313267,0.10103874604914583,0.0009099452821808712,"[""PO25CL-GEN-C03-P17-A02"", ""PO25CL-GEN-C03-P17-A05"", ""PO25CL-GEN-C02-P08-U01"", ""PO25CL-GEN-C03-P23-U01"", ""PO25CL-GEN-C03-P19-A05"", ""PO25CL-GEN-C03-P19-A04"", ""PO25CL-GEN-C03-P16-A01"", ""PO25CL-GEN-C03-P18-A03"", ""PO25CL-APP-R09"", ""PO25CL-GEN-C04-P28-A06""]","[0.1019486913313267, 0.10103874604914583, 0.05228747140997644, 0.0499425942666714, 0.04859615013306441, 0.04304647128293946, 0.036235455132339806, 0.03267281596012361, 0.031118453859007668, 0.030686637516562813]",[1],1.0,1.0,1.0,1.0,0.1019486913313267,0.1019486913313267,0.10103874604914583,0.0009099452821808712,0.0009099452821808712,1.0,1.0,1.0,1.0,1.0,1.0,1.0,1.0,1.0,1.0,1.0,1.0,1.0,1.0,1.0
Q0273,Gilt Kinderbetreuung im Rahmen der Elternzeit als triftiger Rücktrittsgrund?,fully_answerable,1,"[""PO25CL-GEN-C03-P17-A02""]",0.22630871221616922,0.0730430164250299,0.1532656957911393,"[""PO25CL-GEN-C03-P17-A02"", ""PO25CL-GEN-C03-P17-A05"", ""PO25CL-GEN-C04-P28-A02"", ""PO25CL-GEN-C03-P14-A09"", ""PO25CL-GEN-C01-P05-A02"", ""PO25CL-GEN-C03-P16-A01"", ""PO25CL-GEN-C03-P19-A04"", ""PO25CL-GEN-C02-P08-U01"", ""PO25CL-GEN-C03-P18-A03"", ""PO25CL-GEN-C03-P15-A10""]","[0.22630871221616922, 0.0730430164250299, 0.065303092013271, 0.06176467997429588, 0.03450587787582421, 0.030122442704590423, 0.02752496159904409, 0.025140077275122144, 0.023650036290139304, 0.022979436963094874]",[1],1.0,1.0,1.0,1.0,0.22630871221616922,0.22630871221616922,0.0730430164250299,0.1532656957911393,0.1532656957911393,1.0,1.0,1.0,1.0,1.0,1.0,1.0,1.0,1.0,1.0,1.0,1.0,1.0,1.0,1.0
Q0274,Gilt die notwendige Pflege naher Angehöriger als triftiger Rücktrittsgrund?,fully_answerable,1,"[""PO25CL-GEN-C03-P17-A02""]",0.2474087908438231,0.06595881171441507,0.18144997912940802,"[""PO25CL-GEN-C03-P17-A02"", ""PO25CL-GEN-C03-P17-A05"", ""PO25CL-APP-R04"", ""PO25CL-GEN-C03-P19-A09"", ""PO25CL-GEN-C03-P23-U01"", ""PO25CL-GEN-C02-P08-U01"", ""PO25CL-GEN-C03-P19-A04"", ""PO25CL-GEN-C03-P18-A03"", ""PO25CL-GEN-C03-P16-A01"", ""PO25CL-GEN-C04-P24-A02""]","[0.2474087908438231, 0.06595881171441507, 0.05741546106462907, 0.034569824023967376, 0.024624775392940446, 0.024546456623518523, 0.021224561966906672, 0.02081706558106047, 0.01932054462972943, 0.018677342151852606]",[1],1.0,1.0,1.0,1.0,0.2474087908438231,0.2474087908438231,0.06595881171441507,0.18144997912940802,0.18144997912940802,1.0,1.0,1.0,1.0,1.0,1.0,1.0,1.0,1.0,1.0,1.0,1.0,1.0,1.0,1.0
Q0275,Muss eine Krankheit bei einer Prüfung den Prüfenden unverzüglich angezeigt werden?,fully_answerable,1,"[""PO25CL-GEN-C03-P17-A02""]",0.12891267458610317,0.112907557364044,0.016005117222059176,"[""PO25CL-GEN-C03-P17-A02"", ""PO25CL-GEN-C03-P20-A01"", ""PO25CL-GEN-C03-P17-A03"", ""PO25CL-GEN-C03-P19-A06"", ""PO25CL-GEN-C03-P14-A09"", ""PO25CL-GEN-C03-P11-A06"", ""PO25CL-GEN-C03-P17-A05"", ""PO25CL-GEN-C03-P13-A01"", ""PO25CL-GEN-C03-P15-A09"", ""PO25CL-GEN-C03-P19-A03""]","[0.12891267458610317, 0.112907557364044, 0.10630473516619858, 0.09055135997684445, 0.07624918638947871, 0.0720278198816728, 0.04630648600118588, 0.04226344628438134, 0.041991180014552626, 0.04125795433999587]",[1],1.0,1.0,1.0,1.0,0.12891267458610317,0.12891267458610317,0.112907557364044,0.016005117222059176,0.016005117222059176,1.0,1.0,1.0,1.0,1.0,1.0,1.0,1.0,1.0,1.0,1.0,1.0,1.0,1.0,1.0
Q0276,In welcher Form müssen Rücktrittsgründe angezeigt werden?,fully_answerable,1,"[""PO25CL-GEN-C03-P17-A03""]",0.08927491101595611,0.08637263357076233,0.0029022774451937794,"[""PO25CL-GEN-C03-P17-A03"", ""PO25CL-PLAN-INTRO"", ""PO25CL-GEN-C03-P11-A06"", ""PO25CL-GEN-C03-P14-A09"", ""PO25CL-GEN-C03-P11-A05"", ""PO25CL-GEN-C04-P27-A01-02"", ""PO25CL-GEN-C03-P11-A08"", ""PO25CL-GEN-C02-P06-U01"", ""PO25CL-GEN-C03-P13-A02"", ""PO25CL-GEN-C03-P17-A01""]","[0.08927491101595611, 0.08637263357076233, 0.06780313534691737, 0.04775389505252206, 0.04621438445194913, 0.03872873225064868, 0.03751195202805949, 0.03545809971267841, 0.032012489246795506, 0.03178476398579718]",[1],1.0,1.0,1.0,1.0,0.08927491101595611,0.08927491101595611,0.08637263357076233,0.0029022774451937794,0.0029022774451937794,1.0,1.0,1.0,1.0,1.0,1.0,1.0,1.0,1.0,1.0,1.0,1.0,1.0,1.0,1.0
Q0277,Was muss mit den geltend gemachten Rücktrittsgründen geschehen?,fully_answerable,1,"[""PO25CL-GEN-C03-P17-A03""]",0.1358544860780652,0.0685568050704604,0.06729768100760479,"[""PO25CL-GEN-C03-P17-A03"", ""PO25CL-GEN-C03-P11-A08"", ""PO25CL-GEN-C03-P13-A02"", ""PO25CL-GEN-C03-P11-A05"", ""PO25CL-GEN-C04-P28-A05"", ""PO25CL-GEN-C03-P17-A02"", ""PO25CL-GEN-C03-P15-A02"", ""PO25CL-GEN-C03-P11-A06"", ""PO25CL-GEN-C03-P15-A06"", ""PO25CL-GEN-C03-P12-A02""]","[0.1358544860780652, 0.0685568050704604, 0.06347488567560919, 0.053787928562657863, 0.04336448197541126, 0.04099370833454212, 0.03287040703390342, 0.031046200323667474, 0.029830232636132468, 0.028024270444339687]",[1],1.0,1.0,1.0,1.0,0.1358544860780652,0.1358544860780652,0.0685568050704604,0.06729768100760479,0.06729768100760479,1.0,1.0,1.0,1.0,1.0,1.0,1.0,1.0,1.0,1.0,1.0,1.0,1.0,1.0,1.0
Q0278,Welcher Nachweis ist bei Krankheit vorzulegen?,fully_answerable,1,"[""PO25CL-GEN-C03-P17-A03""]",0.06899260774802163,0.057769050276845355,0.011223557471176274,"[""PO25CL-GEN-C03-P17-A03"", ""PO25CL-GEN-C03-P19-A01"", ""PO25CL-PLAN-INTRO"", ""PO25CL-GEN-C03-P21-A01"", ""PO25CL-APP-R14"", ""PO25CL-GEN-C04-P27-A01-02"", ""PO25CL-GEN-C03-P19-A06"", ""PO25CL-GEN-C04-P24-A03"", ""PO25CL-GEN-C03-P17-A02"", ""PO25CL-GEN-C03-P18-A02""]","[0.06899260774802163, 0.057769050276845355, 0.05336642917572808, 0.05302234756079606, 0.04046710917001158, 0.029876126152058962, 0.029726100842460145, 0.025516731253945477, 0.021152478868356497, 0.020131468605090734]",[1],1.0,1.0,1.0,1.0,0.06899260774802163,0.06899260774802163,0.057769050276845355,0.011223557471176274,0.011223557471176274,1.0,1.0,1.0,1.0,1.0,1.0,1.0,1.0,1.0,1.0,1.0,1.0,1.0,1.0,1.0
Q0279,"Was wird festgesetzt, wenn ein Rücktrittsgrund anerkannt wird?",fully_answerable,1,"[""PO25CL-GEN-C03-P17-A03""]",0.13679750748125083,0.06440597543461779,0.07239153204663304,"[""PO25CL-GEN-C03-P17-A03"", ""PO25CL-GEN-C03-P20-A04"", ""PO25CL-GEN-C02-P08-U01"", ""PO25CL-GEN-C01-P02-A01"", ""PO25CL-GEN-C04-P24-A01"", ""PO25CL-GEN-C03-P21-A03"", ""PO25CL-GEN-C01-P03-A05"", ""PO25CL-GEN-C02-P09-A04"", ""PO25CL-APP-R14"", ""PO25CL-GEN-C03-P18-A02""]","[0.13679750748125083, 0.06440597543461779, 0.056914238046415835, 0.05526777327614304, 0.052510090375751425, 0.05066669382393098, 0.04418965568244666, 0.04404598819752682, 0.042073699378744354, 0.04057941619680914]",[1],1.0,1.0,1.0,1.0,0.13679750748125083,0.13679750748125083,0.06440597543461779,0.07239153204663304,0.07239153204663304,1.0,1.0,1.0,1.0,1.0,1.0,1.0,1.0,1.0,1.0,1.0,1.0,1.0,1.0,1.0
Q0280,Was geschieht mit bereits vorliegenden Prüfungsergebnissen nach anerkanntem Rücktritt?,fully_answerable,1,"[""PO25CL-GEN-C03-P17-A03""]",0.1455481446533471,0.05611722250109536,0.08943092215225174,"[""PO25CL-GEN-C03-P17-A03"", ""PO25CL-GEN-C03-P15-A06"", ""PO25CL-GEN-C03-P17-A02"", ""PO25CL-GEN-C04-P28-A07"", ""PO25CL-APP-R11"", ""PO25CL-GEN-C03-P17-A04"", ""PO25CL-GEN-C03-P17-A01"", ""PO25CL-GEN-C03-P17-A06"", ""PO25CL-GEN-C03-P17-A05"", ""PO25CL-GEN-C03-P11-A04""]","[0.1455481446533471, 0.05611722250109536, 0.04108514519299264, 0.04108453660846553, 0.04051671287945824, 0.03596283098482733, 0.035485428084511064, 0.0350590163007029, 0.031814189035321086, 0.028198727385368372]",[1],1.0,1.0,1.0,1.0,0.1455481446533471,0.1455481446533471,0.05611722250109536,0.08943092215225174,0.08943092215225174,1.0,1.0,1.0,1.0,1.0,1.0,1.0,1.0,1.0,1.0,1.0,1.0,1.0,1.0,1.0
Q0281,Über welche Stelle sind ärztliche Atteste einzureichen?,fully_answerable,1,"[""PO25CL-GEN-C03-P17-A04""]",0.1732289278839936,0.03194720956771263,0.14128171831628097,"[""PO25CL-GEN-C03-P17-A04"", ""PO25CL-GEN-C04-P24-A02"", ""PO25CL-APP-R14"", ""PO25CL-PLAN-INTRO"", ""PO25CL-GEN-C04-P28-A08"", ""PO25CL-GEN-C04-P28-A06"", ""PO25CL-GEN-C03-P14-A04"", ""PO25CL-GEN-C03-P14-A09"", ""PO25CL-GEN-C02-P07-A01"", ""PO25CL-GEN-C04-P28-A04""]","[0.1732289278839936, 0.03194720956771263, 0.028077712339480646, 0.02671190029341601, 0.025985279548871303, 0.025318303368880322, 0.02451474391205751, 0.023231435327153174, 0.02116598851311213, 0.01944272924874456]",[1],1.0,1.0,1.0,1.0,0.1732289278839936,0.1732289278839936,0.03194720956771263,0.14128171831628097,0.14128171831628097,1.0,1.0,1.0,1.0,1.0,1.0,1.0,1.0,1.0,1.0,1.0,1.0,1.0,1.0,1.0
Q0282,Welche Note erhält eine durch Täuschung beeinflusste Prüfungsleistung?,fully_answerable,1,"[""PO25CL-GEN-C03-P17-A05""]",0.13699958120228437,0.07978908831342385,0.057210492888860515,"[""PO25CL-GEN-C03-P17-A05"", ""PO25CL-GEN-C03-P23-U01"", ""PO25CL-GEN-C03-P17-A02"", ""PO25CL-GEN-C03-P19-A05"", ""PO25CL-GEN-C03-P18-A02"", ""PO25CL-PLAN-INTRO"", ""PO25CL-GEN-C04-P28-A07"", ""PO25CL-GEN-C03-P17-A01"", ""PO25CL-GEN-C01-P02-A01"", ""PO25CL-GEN-C03-P21-A02""]","[0.13699958120228437, 0.07978908831342385, 0.060537573969457456, 0.05861125095562299, 0.05432322595993143, 0.046223762565188585, 0.04598171967117422, 0.04575944115274313, 0.04392022537442905, 0.03535885056223064]",[1],1.0,1.0,1.0,1.0,0.13699958120228437,0.13699958120228437,0.07978908831342385,0.057210492888860515,0.057210492888860515,1.0,1.0,1.0,1.0,1.0,1.0,1.0,1.0,1.0,1.0,1.0,1.0,1.0,1.0,1.0
Q0283,Ist generative Künstliche Intelligenz in Präsenzprüfungen zulässig?,fully_answerable,1,"[""PO25CL-GEN-C03-P17-A05""]",0.11622402835095198,0.03827445928939832,0.07794956906155366,"[""PO25CL-GEN-C03-P14-A09"", ""PO25CL-GEN-C03-P17-A05"", ""PO25CL-GEN-C03-P11-A08"", ""PO25CL-GEN-C03-P19-A06"", ""PO25CL-GEN-C04-P24-A01"", ""PO25CL-GEN-C03-P18-A02"", ""PO25CL-GEN-C03-P19-A09"", ""PO25CL-GEN-C04-P27-A01-02"", ""PO25CL-GEN-C02-P08-U01"", ""PO25CL-PLAN-INTRO""]","[0.11622402835095198, 0.03827445928939832, 0.028779484470347096, 0.02823610048145391, 0.02506602850558022, 0.022196877259512054, 0.02005747011804744, 0.01714922279054293, 0.016478893450733324, 0.016198186227637097]",[2],2.0,2.0,2.0,0.5,0.03827445928939832,0.03827445928939832,0.11622402835095198,-0.07794956906155366,-0.07794956906155366,0.0,0.0,0.0,1.0,1.0,1.0,1.0,1.0,1.0,1.0,1.0,1.0,1.0,1.0,1.0
Q0284,Gelten nicht gekennzeichnete Zitate aus Internetquellen als Täuschungsversuch?,fully_answerable,1,"[""PO25CL-GEN-C03-P17-A05""]",0.19341918841749603,0.04249910397250634,0.1509200844449897,"[""PO25CL-GEN-C03-P17-A05"", ""PO25CL-GEN-C02-P07-A05"", ""PO25CL-GEN-C03-P17-A02"", ""PO25CL-GEN-C03-P19-A05"", ""PO25CL-GEN-C03-P18-A03"", ""PO25CL-GEN-C03-P19-A09"", ""PO25CL-GEN-C03-P18-A06"", ""PO25CL-GEN-C03-P11-A05"", ""PO25CL-GEN-C04-P24-A01"", ""PO25CL-GEN-C01-P04-A02""]","[0.19341918841749603, 0.04249910397250634, 0.034106907214926714, 0.024425391234501756, 0.02409428547140683, 0.02256115137947622, 0.020124012431113385, 0.01923523866648802, 0.01874598732559494, 0.018744373233837902]",[1],1.0,1.0,1.0,1.0,0.19341918841749603,0.19341918841749603,0.04249910397250634,0.1509200844449897,0.1509200844449897,1.0,1.0,1.0,1.0,1.0,1.0,1.0,1.0,1.0,1.0,1.0,1.0,1.0,1.0,1.0
Q0285,Kann eine störende Person nach einer Abmahnung von der Prüfung ausgeschlossen werden?,fully_answerable,1,"[""PO25CL-GEN-C03-P17-A05""]",0.15724409808622636,0.10905754267332665,0.048186555412899706,"[""PO25CL-GEN-C03-P17-A05"", ""PO25CL-GEN-C03-P17-A02"", ""PO25CL-GEN-C03-P20-A04"", ""PO25CL-GEN-C03-P13-A01"", ""PO25CL-GEN-C03-P19-A03"", ""PO25CL-GEN-C03-P14-A04"", ""PO25CL-GEN-C04-P28-A07"", ""PO25CL-GEN-C03-P19-A04"", ""PO25CL-GEN-C03-P12-A02"", ""PO25CL-GEN-C03-P17-A01""]","[0.15724409808622636, 0.10905754267332665, 0.09178393183183287, 0.07628006159785222, 0.06297977208798101, 0.06014628910211169, 0.05839256266746148, 0.05553371506387434, 0.05310068488564269, 0.05274465223443709]",[1],1.0,1.0,1.0,1.0,0.15724409808622636,0.15724409808622636,0.10905754267332665,0.048186555412899706,0.048186555412899706,1.0,1.0,1.0,1.0,1.0,1.0,1.0,1.0,1.0,1.0,1.0,1.0,1.0,1.0,1.0
Q0286,Welches Gremium überprüft auf Verlangen den Ausschluss von einer Prüfungsleistung?,fully_answerable,1,"[""PO25CL-GEN-C03-P17-A05""]",0.18428784941706247,0.0673801275992321,0.11690772181783037,"[""PO25CL-GEN-C03-P17-A05"", ""PO25CL-GEN-C03-P17-A01"", ""PO25CL-GEN-C03-P16-A02"", ""PO25CL-GEN-C03-P16-A01"", ""PO25CL-GEN-C03-P17-A02"", ""PO25CL-GEN-C01-P05-A01"", ""PO25CL-GEN-C03-P15-A02"", ""PO25CL-GEN-C04-P28-A07"", ""PO25CL-GEN-C04-P27-A01-02"", ""PO25CL-GEN-C03-P18-A07""]","[0.18428784941706247, 0.0673801275992321, 0.05121368567889952, 0.048877168551504674, 0.03781789922566059, 0.036360562157025544, 0.033298549396771945, 0.03173175822445692, 0.031684061006649195, 0.031097127611677673]",[1],1.0,1.0,1.0,1.0,0.18428784941706247,0.18428784941706247,0.0673801275992321,0.11690772181783037,0.11690772181783037,1.0,1.0,1.0,1.0,1.0,1.0,1.0,1.0,1.0,1.0,1.0,1.0,1.0,1.0,1.0
Q0287,Welche verbale Bewertung entspricht der Note 1?,fully_answerable,1,"[""PO25CL-GEN-C03-P18-A01""]",0.07657157393437988,0.07605836557566525,0.0005132083587146286,"[""PO25CL-GEN-C03-P18-A06"", ""PO25CL-GEN-C03-P13-A01"", ""PO25CL-GEN-C03-P16-A03"", ""PO25CL-GEN-C03-P18-A04"", ""PO25CL-GEN-C03-P18-A02"", ""PO25CL-GEN-C03-P18-A01"", ""PO25CL-GEN-C03-P12-A02"", ""PO25CL-GEN-C03-P14-A06"", ""PO25CL-PLAN-INTRO"", ""PO25CL-GEN-C03-P14-A05""]","[0.07657157393437988, 0.07605836557566525, 0.07337775599791405, 0.06760775707495927, 0.06186968657803882, 0.058700336959243135, 0.03956463924284305, 0.03935411020672801, 0.039238308706603275, 0.03892486212196045]",[6],6.0,6.0,6.0,0.16666666666666666,0.058700336959243135,0.058700336959243135,0.07657157393437988,-0.017871236975136748,-0.017871236975136748,0.0,0.0,0.0,0.0,0.0,0.0,0.0,0.0,0.0,0.0,0.0,0.0,1.0,1.0,1.0
Q0288,Welche verbale Bewertung entspricht der Note 2?,fully_answerable,1,"[""PO25CL-GEN-C03-P18-A01""]",0.07657157393437988,0.07605836557566525,0.0005132083587146286,"[""PO25CL-GEN-C03-P18-A06"", ""PO25CL-GEN-C03-P13-A01"", ""PO25CL-GEN-C03-P16-A03"", ""PO25CL-GEN-C03-P18-A04"", ""PO25CL-GEN-C03-P18-A02"", ""PO25CL-GEN-C03-P18-A01"", ""PO25CL-GEN-C03-P12-A02"", ""PO25CL-GEN-C03-P14-A06"", ""PO25CL-PLAN-INTRO"", ""PO25CL-GEN-C03-P14-A05""]","[0.07657157393437988, 0.07605836557566525, 0.07337775599791405, 0.06760775707495927, 0.06186968657803882, 0.058700336959243135, 0.03956463924284305, 0.03935411020672801, 0.039238308706603275, 0.03892486212196045]",[6],6.0,6.0,6.0,0.16666666666666666,0.058700336959243135,0.058700336959243135,0.07657157393437988,-0.017871236975136748,-0.017871236975136748,0.0,0.0,0.0,0.0,0.0,0.0,0.0,0.0,0.0,0.0,0.0,0.0,1.0,1.0,1.0
Q0289,Welche verbale Bewertung entspricht der Note 3?,fully_answerable,1,"[""PO25CL-GEN-C03-P18-A01""]",0.07657157393437988,0.07605836557566525,0.0005132083587146286,"[""PO25CL-GEN-C03-P18-A06"", ""PO25CL-GEN-C03-P13-A01"", ""PO25CL-GEN-C03-P16-A03"", ""PO25CL-GEN-C03-P18-A04"", ""PO25CL-GEN-C03-P18-A02"", ""PO25CL-GEN-C03-P18-A01"", ""PO25CL-GEN-C03-P12-A02"", ""PO25CL-GEN-C03-P14-A06"", ""PO25CL-PLAN-INTRO"", ""PO25CL-GEN-C03-P14-A05""]","[0.07657157393437988, 0.07605836557566525, 0.07337775599791405, 0.06760775707495927, 0.06186968657803882, 0.058700336959243135, 0.03956463924284305, 0.03935411020672801, 0.039238308706603275, 0.03892486212196045]",[6],6.0,6.0,6.0,0.16666666666666666,0.058700336959243135,0.058700336959243135,0.07657157393437988,-0.017871236975136748,-0.017871236975136748,0.0,0.0,0.0,0.0,0.0,0.0,0.0,0.0,0.0,0.0,0.0,0.0,1.0,1.0,1.0
Q0290,Welche verbale Bewertung entspricht der Note 4?,fully_answerable,1,"[""PO25CL-GEN-C03-P18-A01""]",0.07657157393437988,0.07605836557566525,0.0005132083587146286,"[""PO25CL-GEN-C03-P18-A06"", ""PO25CL-GEN-C03-P13-A01"", ""PO25CL-GEN-C03-P16-A03"", ""PO25CL-GEN-C03-P18-A04"", ""PO25CL-GEN-C03-P18-A02"", ""PO25CL-GEN-C03-P18-A01"", ""PO25CL-GEN-C03-P12-A02"", ""PO25CL-GEN-C03-P14-A06"", ""PO25CL-PLAN-INTRO"", ""PO25CL-GEN-C03-P14-A05""]","[0.07657157393437988, 0.07605836557566525, 0.07337775599791405, 0.06760775707495927, 0.06186968657803882, 0.058700336959243135, 0.03956463924284305, 0.03935411020672801, 0.039238308706603275, 0.03892486212196045]",[6],6.0,6.0,6.0,0.16666666666666666,0.058700336959243135,0.058700336959243135,0.07657157393437988,-0.017871236975136748,-0.017871236975136748,0.0,0.0,0.0,0.0,0.0,0.0,0.0,0.0,0.0,0.0,0.0,0.0,1.0,1.0,1.0
Q0291,Welche verbale Bewertung entspricht der Note 5?,fully_answerable,1,"[""PO25CL-GEN-C03-P18-A01""]",0.07657157393437988,0.07605836557566525,0.0005132083587146286,"[""PO25CL-GEN-C03-P18-A06"", ""PO25CL-GEN-C03-P13-A01"", ""PO25CL-GEN-C03-P16-A03"", ""PO25CL-GEN-C03-P18-A04"", ""PO25CL-GEN-C03-P18-A02"", ""PO25CL-GEN-C03-P18-A01"", ""PO25CL-GEN-C03-P12-A02"", ""PO25CL-GEN-C03-P14-A06"", ""PO25CL-PLAN-INTRO"", ""PO25CL-GEN-C03-P14-A05""]","[0.07657157393437988, 0.07605836557566525, 0.07337775599791405, 0.06760775707495927, 0.06186968657803882, 0.058700336959243135, 0.03956463924284305, 0.03935411020672801, 0.039238308706603275, 0.03892486212196045]",[6],6.0,6.0,6.0,0.16666666666666666,0.058700336959243135,0.058700336959243135,0.07657157393437988,-0.017871236975136748,-0.017871236975136748,0.0,0.0,0.0,0.0,0.0,0.0,0.0,0.0,0.0,0.0,0.0,0.0,1.0,1.0,1.0
Q0292,In welchen Schritten können Zwischennoten gebildet werden?,fully_answerable,1,"[""PO25CL-GEN-C03-P18-A01""]",0.08185624460901154,0.06276475386864605,0.019091490740365494,"[""PO25CL-GEN-C03-P18-A01"", ""PO25CL-GEN-C04-P28-A09"", ""PO25CL-GEN-C03-P11-A08"", ""PO25CL-GEN-C03-P14-A01"", ""PO25CL-GEN-C04-P30-U01"", ""PO25CL-GEN-C02-P09-A01"", ""PO25CL-GEN-C04-P25-A04"", ""PO25CL-GEN-C03-P11-A03"", ""PO25CL-GEN-C02-P07-A01"", ""PO25CL-GEN-C02-P08-U01""]","[0.08185624460901154, 0.06276475386864605, 0.04879341627655588, 0.0483234898779324, 0.04646624045381195, 0.04529883739819211, 0.0397634083246688, 0.03933822921938196, 0.03847617060729837, 0.036110268687400575]",[1],1.0,1.0,1.0,1.0,0.08185624460901154,0.08185624460901154,0.06276475386864605,0.019091490740365494,0.019091490740365494,1.0,1.0,1.0,1.0,1.0,1.0,1.0,1.0,1.0,1.0,1.0,1.0,1.0,1.0,1.0
Q0293,"Ist die Note 0,7 zulässig?",fully_answerable,1,"[""PO25CL-GEN-C03-P18-A01""]",0.12331426361691061,0.0736457489154321,0.04966851470147851,"[""PO25CL-GEN-C03-P18-A02"", ""PO25CL-GEN-C03-P22-U01"", ""PO25CL-GEN-C03-P21-A02"", ""PO25CL-GEN-C03-P19-A08"", ""PO25CL-GEN-C04-P24-A01"", ""PO25CL-GEN-C03-P19-A09"", ""PO25CL-GEN-C03-P18-A03"", ""PO25CL-GEN-C03-P14-A09"", ""PO25CL-GEN-C03-P12-A02"", ""PO25CL-GEN-C03-P19-A06""]","[0.12331426361691061, 0.0736457489154321, 0.07280468339005804, 0.07072566612044007, 0.05855353152321045, 0.057863310693187495, 0.05722221270243765, 0.05166874510261621, 0.051197115451165905, 0.04664053860922388]",[61],61.0,61.0,61.0,0.01639344262295082,0.014367229382456112,0.014367229382456112,0.12331426361691061,-0.1089470342344545,-0.1089470342344545,0.0,0.0,0.0,0.0,0.0,0.0,0.0,0.0,0.0,0.0,0.0,0.0,0.0,0.0,0.0
Q0294,"Ist die Note 4,3 zulässig?",fully_answerable,1,"[""PO25CL-GEN-C03-P18-A01""]",0.12331426361691061,0.0736457489154321,0.04966851470147851,"[""PO25CL-GEN-C03-P18-A02"", ""PO25CL-GEN-C03-P22-U01"", ""PO25CL-GEN-C03-P21-A02"", ""PO25CL-GEN-C03-P19-A08"", ""PO25CL-GEN-C04-P24-A01"", ""PO25CL-GEN-C03-P19-A09"", ""PO25CL-GEN-C03-P18-A03"", ""PO25CL-GEN-C03-P14-A09"", ""PO25CL-GEN-C03-P12-A02"", ""PO25CL-GEN-C03-P19-A06""]","[0.12331426361691061, 0.0736457489154321, 0.07280468339005804, 0.07072566612044007, 0.05855353152321045, 0.057863310693187495, 0.05722221270243765, 0.05166874510261621, 0.051197115451165905, 0.04664053860922388]",[61],61.0,61.0,61.0,0.01639344262295082,0.014367229382456112,0.014367229382456112,0.12331426361691061,-0.1089470342344545,-0.1089470342344545,0.0,0.0,0.0,0.0,0.0,0.0,0.0,0.0,0.0,0.0,0.0,0.0,0.0,0.0,0.0
Q0295,"Ist die Note 4,7 zulässig?",fully_answerable,1,"[""PO25CL-GEN-C03-P18-A01""]",0.12331426361691061,0.0736457489154321,0.04966851470147851,"[""PO25CL-GEN-C03-P18-A02"", ""PO25CL-GEN-C03-P22-U01"", ""PO25CL-GEN-C03-P21-A02"", ""PO25CL-GEN-C03-P19-A08"", ""PO25CL-GEN-C04-P24-A01"", ""PO25CL-GEN-C03-P19-A09"", ""PO25CL-GEN-C03-P18-A03"", ""PO25CL-GEN-C03-P14-A09"", ""PO25CL-GEN-C03-P12-A02"", ""PO25CL-GEN-C03-P19-A06""]","[0.12331426361691061, 0.0736457489154321, 0.07280468339005804, 0.07072566612044007, 0.05855353152321045, 0.057863310693187495, 0.05722221270243765, 0.05166874510261621, 0.051197115451165905, 0.04664053860922388]",[61],61.0,61.0,61.0,0.01639344262295082,0.014367229382456112,0.014367229382456112,0.12331426361691061,-0.1089470342344545,-0.1089470342344545,0.0,0.0,0.0,0.0,0.0,0.0,0.0,0.0,0.0,0.0,0.0,0.0,0.0,0.0,0.0
Q0296,"Ist die Note 5,3 zulässig?",fully_answerable,1,"[""PO25CL-GEN-C03-P18-A01""]",0.12331426361691061,0.0736457489154321,0.04966851470147851,"[""PO25CL-GEN-C03-P18-A02"", ""PO25CL-GEN-C03-P22-U01"", ""PO25CL-GEN-C03-P21-A02"", ""PO25CL-GEN-C03-P19-A08"", ""PO25CL-GEN-C04-P24-A01"", ""PO25CL-GEN-C03-P19-A09"", ""PO25CL-GEN-C03-P18-A03"", ""PO25CL-GEN-C03-P14-A09"", ""PO25CL-GEN-C03-P12-A02"", ""PO25CL-GEN-C03-P19-A06""]","[0.12331426361691061, 0.0736457489154321, 0.07280468339005804, 0.07072566612044007, 0.05855353152321045, 0.057863310693187495, 0.05722221270243765, 0.05166874510261621, 0.051197115451165905, 0.04664053860922388]",[61],61.0,61.0,61.0,0.01639344262295082,0.014367229382456112,0.014367229382456112,0.12331426361691061,-0.1089470342344545,-0.1089470342344545,0.0,0.0,0.0,0.0,0.0,0.0,0.0,0.0,0.0,0.0,0.0,0.0,0.0,0.0,0.0
Q0297,Welche Note ist mindestens zum Bestehen einer benoteten Prüfung erforderlich?,fully_answerable,1,"[""PO25CL-GEN-C03-P18-A02""]",0.2395943849617348,0.07298856859912091,0.1666058163626139,"[""PO25CL-GEN-C03-P18-A04"", ""PO25CL-GEN-C03-P18-A02"", ""PO25CL-GEN-C04-P25-A05"", ""PO25CL-GEN-C03-P11-A06"", ""PO25CL-GEN-C03-P13-A01"", ""PO25CL-GEN-C03-P19-A08"", ""PO25CL-GEN-C03-P19-A04"", ""PO25CL-GEN-C03-P19-A03"", ""PO25CL-GEN-C03-P11-A04"", ""PO25CL-GEN-C03-P17-A02""]","[0.2395943849617348, 0.07298856859912091, 0.06663243425667573, 0.05587696037826736, 0.05467437853820127, 0.04970837853722227, 0.04819628084266557, 0.04799622034227599, 0.04116744609552547, 0.036620663876222564]",[2],2.0,2.0,2.0,0.5,0.07298856859912091,0.07298856859912091,0.2395943849617348,-0.1666058163626139,-0.1666058163626139,0.0,0.0,0.0,1.0,1.0,1.0,1.0,1.0,1.0,1.0,1.0,1.0,1.0,1.0,1.0
Q0298,Wann ist eine unbenotete Prüfung bestanden?,fully_answerable,1,"[""PO25CL-GEN-C03-P18-A02""]",0.3139919974978719,0.08043286920677735,0.23355912829109454,"[""PO25CL-GEN-C03-P18-A02"", ""PO25CL-GEN-C03-P19-A04"", ""PO25CL-GEN-C03-P11-A01"", ""PO25CL-GEN-C03-P19-A09"", ""PO25CL-GEN-C03-P19-A01"", ""PO25CL-GEN-C04-P28-A07"", ""PO25CL-GEN-C02-P07-A03"", ""PO25CL-GEN-C03-P12-A02"", ""PO25CL-GEN-C03-P11-A04"", ""PO25CL-GEN-C01-P01-A02""]","[0.3139919974978719, 0.08043286920677735, 0.08012617704657482, 0.06901582029986156, 0.05450473251990081, 0.050280148002601874, 0.04423160019224858, 0.042463574717308064, 0.04005519737942759, 0.03730078731113552]",[1],1.0,1.0,1.0,1.0,0.3139919974978719,0.3139919974978719,0.08043286920677735,0.23355912829109454,0.23355912829109454,1.0,1.0,1.0,1.0,1.0,1.0,1.0,1.0,1.0,1.0,1.0,1.0,1.0,1.0,1.0
Q0299,"Wie wird die Endnote der Bachelorarbeit bei zwei bestandenen, höchstens 2,0 auseinanderliegenden Gutachten berechnet?",fully_answerable,1,"[""PO25CL-GEN-C03-P18-A03""]",0.18326817504045598,0.1393786549298148,0.04388952011064118,"[""PO25CL-GEN-C03-P18-A03"", ""PO25CL-GEN-C03-P16-A02"", ""PO25CL-GEN-C03-P16-A01"", ""PO25CL-GEN-C03-P16-A03"", ""PO25CL-GEN-C03-P15-A01"", ""PO25CL-GEN-C03-P19-A06"", ""PO25CL-GEN-C03-P18-A05"", ""PO25CL-GEN-C03-P18-A07"", ""PO25CL-GEN-C03-P19-A07"", ""PO25CL-GEN-C03-P21-A03""]","[0.18326817504045598, 0.1393786549298148, 0.10209063871855792, 0.09914688069339452, 0.08410782757332155, 0.07375421548658041, 0.06963932824255756, 0.0674673701370268, 0.06357029008919521, 0.05844698877507856]",[1],1.0,1.0,1.0,1.0,0.18326817504045598,0.18326817504045598,0.1393786549298148,0.04388952011064118,0.04388952011064118,1.0,1.0,1.0,1.0,1.0,1.0,1.0,1.0,1.0,1.0,1.0,1.0,1.0,1.0,1.0
Q0300,"Welche Endnote erhält die Bachelorarbeit bei zwei Noten von 5,0?",fully_answerable,1,"[""PO25CL-GEN-C03-P18-A03""]",0.192574188655693,0.11462265729380226,0.07795153136189074,"[""PO25CL-GEN-C03-P18-A03"", ""PO25CL-GEN-C03-P18-A08"", ""PO25CL-GEN-C03-P18-A07"", ""PO25CL-GEN-C03-P16-A02"", ""PO25CL-GEN-C03-P16-A01"", ""PO25CL-GEN-C04-P25-A03"", ""PO25CL-GEN-C03-P19-A06"", ""PO25CL-GEN-C01-P03-A05"", ""PO25CL-GEN-C04-P24-A03"", ""PO25CL-GEN-C03-P15-A02""]","[0.192574188655693, 0.11462265729380226, 0.10269488062086946, 0.10192300096575328, 0.09661060358295183, 0.09071275788957883, 0.08631068255364541, 0.07934463500677819, 0.0738405087390966, 0.07045183949923302]",[1],1.0,1.0,1.0,1.0,0.192574188655693,0.192574188655693,0.11462265729380226,0.07795153136189074,0.07795153136189074,1.0,1.0,1.0,1.0,1.0,1.0,1.0,1.0,1.0,1.0,1.0,1.0,1.0,1.0,1.0
Q0301,"Wann wird bei der Bachelorarbeit ein drittes Gutachten bestellt, wenn eine Bewertung 5,0 lautet?",fully_answerable,1,"[""PO25CL-GEN-C03-P18-A03""]",0.1447976001484229,0.13021412024157505,0.014583479906847857,"[""PO25CL-GEN-C03-P16-A03"", ""PO25CL-GEN-C03-P16-A02"", ""PO25CL-GEN-C03-P19-A06"", ""PO25CL-GEN-C03-P18-A03"", ""PO25CL-GEN-C03-P16-A01"", ""PO25CL-GEN-C03-P15-A01"", ""PO25CL-GEN-C03-P18-A05"", ""PO25CL-GEN-C03-P18-A02"", ""PO25CL-APP-R14"", ""PO25CL-GEN-C04-P29-U01""]","[0.1447976001484229, 0.13021412024157505, 0.12650140342702212, 0.123614951083276, 0.09807985191133216, 0.08411598231632689, 0.07875041046620215, 0.07214081828831226, 0.0656586349098222, 0.06444304906607597]",[4],4.0,4.0,4.0,0.25,0.123614951083276,0.123614951083276,0.1447976001484229,-0.021182649065146913,-0.021182649065146913,0.0,0.0,0.0,0.0,0.0,0.0,0.0,0.0,0.0,1.0,1.0,1.0,1.0,1.0,1.0
Q0302,Wann wird wegen eines Abstands zwischen zwei Gutachten ein drittes Gutachten bestellt?,fully_answerable,1,"[""PO25CL-GEN-C03-P18-A03""]",0.12917372292915172,0.08012915745314354,0.049044565476008176,"[""PO25CL-GEN-C03-P16-A02"", ""PO25CL-GEN-C03-P18-A03"", ""PO25CL-GEN-C04-P24-A01"", ""PO25CL-GEN-C03-P14-A07"", ""PO25CL-GEN-C04-P25-A06"", ""PO25CL-GEN-C04-P29-U01"", ""PO25CL-GEN-C04-P28-A04"", ""PO25CL-GEN-C01-P04-A02"", ""PO25CL-GEN-C03-P12-A02"", ""PO25CL-GEN-C03-P20-A04""]","[0.12917372292915172, 0.08012915745314354, 0.06689796455388433, 0.05998383703123119, 0.055129032943317745, 0.04811711890509484, 0.043321108444358006, 0.041714694098596336, 0.03659453961446748, 0.034821548022944064]",[2],2.0,2.0,2.0,0.5,0.08012915745314354,0.08012915745314354,0.12917372292915172,-0.049044565476008176,-0.049044565476008176,0.0,0.0,0.0,1.0,1.0,1.0,1.0,1.0,1.0,1.0,1.0,1.0,1.0,1.0,1.0
Q0303,Aus welchen Bewertungen wird nach einem dritten Gutachten die Endnote gebildet?,fully_answerable,1,"[""PO25CL-GEN-C03-P18-A03""]",0.16447616750897753,0.10837892708159241,0.05609724042738512,"[""PO25CL-GEN-C03-P18-A03"", ""PO25CL-GEN-C03-P16-A02"", ""PO25CL-GEN-C03-P18-A07"", ""PO25CL-GEN-C03-P18-A05"", ""PO25CL-GEN-C01-P04-A02"", ""PO25CL-GEN-C02-P09-A04"", ""PO25CL-GEN-C03-P14-A05"", ""PO25CL-GEN-C03-P14-A09"", ""PO25CL-GEN-C04-P24-A01"", ""PO25CL-GEN-C03-P14-A04""]","[0.16447616750897753, 0.10837892708159241, 0.07154694957773619, 0.07084400313295634, 0.05553939331375281, 0.05006853007773271, 0.04546686699527517, 0.04256847568857092, 0.04056668020230626, 0.03922527504334721]",[1],1.0,1.0,1.0,1.0,0.16447616750897753,0.16447616750897753,0.10837892708159241,0.05609724042738512,0.05609724042738512,1.0,1.0,1.0,1.0,1.0,1.0,1.0,1.0,1.0,1.0,1.0,1.0,1.0,1.0,1.0
Q0304,Wie werden Dezimalstellen bei der Endnote der Bachelorarbeit behandelt?,fully_answerable,1,"[""PO25CL-GEN-C03-P18-A03""]",0.13365425634985856,0.12995800182680461,0.0036962545230539434,"[""PO25CL-GEN-C03-P18-A03"", ""PO25CL-GEN-C03-P16-A03"", ""PO25CL-GEN-C03-P19-A06"", ""PO25CL-GEN-C03-P18-A05"", ""PO25CL-GEN-C03-P15-A01"", ""PO25CL-GEN-C03-P16-A01"", ""PO25CL-GEN-C03-P15-A06"", ""PO25CL-GEN-C03-P16-A02"", ""PO25CL-GEN-C03-P15-A05"", ""PO25CL-GEN-C03-P18-A07""]","[0.13365425634985856, 0.12995800182680461, 0.11722753002226159, 0.10780426319042599, 0.1076392786546708, 0.0956187710237453, 0.09464389621741266, 0.08974124526512786, 0.08065329702565156, 0.08005191005245804]",[1],1.0,1.0,1.0,1.0,0.13365425634985856,0.13365425634985856,0.12995800182680461,0.0036962545230539434,0.0036962545230539434,1.0,1.0,1.0,1.0,1.0,1.0,1.0,1.0,1.0,1.0,1.0,1.0,1.0,1.0,1.0
Q0305,"Welche Endnote gilt, wenn zwei von drei Gutachten die Note 5,0 vergeben?",fully_answerable,1,"[""PO25CL-GEN-C03-P18-A03""]",0.13745454059748868,0.09385508787383925,0.04359945272364943,"[""PO25CL-GEN-C03-P18-A03"", ""PO25CL-GEN-C03-P18-A02"", ""PO25CL-GEN-C03-P16-A02"", ""PO25CL-GEN-C03-P14-A10"", ""PO25CL-GEN-C03-P19-A08"", ""PO25CL-GEN-C03-P12-A02"", ""PO25CL-GEN-C01-P02-A01"", ""PO25CL-GEN-C03-P23-U01"", ""PO25CL-GEN-C03-P18-A07"", ""PO25CL-GEN-C03-P15-A04""]","[0.13745454059748868, 0.09385508787383925, 0.0814975976318755, 0.06721547515697218, 0.0671905208095778, 0.057082210411674314, 0.0531142082073299, 0.05188184699709753, 0.050063431415060936, 0.04852850676969381]",[1],1.0,1.0,1.0,1.0,0.13745454059748868,0.13745454059748868,0.09385508787383925,0.04359945272364943,0.04359945272364943,1.0,1.0,1.0,1.0,1.0,1.0,1.0,1.0,1.0,1.0,1.0,1.0,1.0,1.0,1.0
Q0306,Wie wird die Modulnote bei genau einer benoteten Prüfung bestimmt?,fully_answerable,1,"[""PO25CL-GEN-C03-P18-A04""]",0.35927338979646095,0.04616301415318936,0.3131103756432716,"[""PO25CL-GEN-C03-P18-A04"", ""PO25CL-GEN-C03-P20-A01"", ""PO25CL-GEN-C03-P21-A03"", ""PO25CL-GEN-C01-P05-A03"", ""PO25CL-GEN-C03-P20-A02"", ""PO25CL-GEN-C03-P13-A01"", ""PO25CL-GEN-C03-P16-A01"", ""PO25CL-GEN-C03-P14-A02"", ""PO25CL-GEN-C03-P19-A06"", ""PO25CL-GEN-C03-P14-A09""]","[0.35927338979646095, 0.04616301415318936, 0.043180563179097374, 0.039174489851021996, 0.03765963633480273, 0.035728610572413166, 0.034892941918748234, 0.03314685935392074, 0.03221005530128951, 0.031083104200216545]",[1],1.0,1.0,1.0,1.0,0.35927338979646095,0.35927338979646095,0.04616301415318936,0.3131103756432716,0.3131103756432716,1.0,1.0,1.0,1.0,1.0,1.0,1.0,1.0,1.0,1.0,1.0,1.0,1.0,1.0,1.0
Q0307,Wie wird die Modulnote bei mehreren benoteten Prüfungen berechnet?,fully_answerable,1,"[""PO25CL-GEN-C03-P18-A04""]",0.24273908322227272,0.06558575512938078,0.17715332809289194,"[""PO25CL-GEN-C03-P18-A04"", ""PO25CL-GEN-C03-P21-A03"", ""PO25CL-GEN-C01-P05-A03"", ""PO25CL-GEN-C03-P16-A01"", ""PO25CL-GEN-C03-P14-A02"", ""PO25CL-GEN-C03-P20-A01"", ""PO25CL-PLAN-INTRO"", ""PO25CL-GEN-C03-P14-A09"", ""PO25CL-GEN-C03-P20-A02"", ""PO25CL-GEN-C03-P19-A06""]","[0.24273908322227272, 0.06558575512938078, 0.05555174165067241, 0.052048943787280325, 0.04995932748626439, 0.04064323428683812, 0.0372759713913968, 0.033320978933381595, 0.031619388922254764, 0.031197989363820372]",[1],1.0,1.0,1.0,1.0,0.24273908322227272,0.24273908322227272,0.06558575512938078,0.17715332809289194,0.17715332809289194,1.0,1.0,1.0,1.0,1.0,1.0,1.0,1.0,1.0,1.0,1.0,1.0,1.0,1.0,1.0
Q0308,Wie wird die Gesamtnote eines integrierten Studiengangs grundsätzlich berechnet?,fully_answerable,1,"[""PO25CL-GEN-C03-P18-A05""]",0.13308108710087974,0.10528262991211511,0.027798457188764628,"[""PO25CL-APP-R10"", ""PO25CL-GEN-C03-P18-A05"", ""PO25CL-GEN-C03-P21-A02"", ""PO25CL-GEN-C01-P04-A02"", ""PO25CL-GEN-C03-P18-A07"", ""PO25CL-GEN-C03-P21-A03"", ""PO25CL-GEN-C01-P05-A03"", ""PO25CL-GEN-C02-P09-A03"", ""PO25CL-GEN-C03-P18-A06"", ""PO25CL-GEN-C03-P16-A01""]","[0.13308108710087974, 0.10528262991211511, 0.08429114651155771, 0.06948340986895267, 0.06528622031080711, 0.06302862317700735, 0.05718114765503568, 0.05513038618074358, 0.048971143567048736, 0.04357622541046067]",[2],2.0,2.0,2.0,0.5,0.10528262991211511,0.10528262991211511,0.13308108710087974,-0.027798457188764628,-0.027798457188764628,0.0,0.0,0.0,1.0,1.0,1.0,1.0,1.0,1.0,1.0,1.0,1.0,1.0,1.0,1.0
Q0309,Wie stark kann die Bachelorarbeit in einem integrierten Studiengang gewichtet werden?,fully_answerable,1,"[""PO25CL-GEN-C03-P18-A05""]",0.19075523609370365,0.08139250752851518,0.10936272856518847,"[""PO25CL-GEN-C01-P04-A02"", ""PO25CL-GEN-C03-P18-A05"", ""PO25CL-GEN-C03-P15-A07"", ""PO25CL-GEN-C03-P15-A02"", ""PO25CL-GEN-C04-P25-A03"", ""PO25CL-GEN-C01-P02-A02"", ""PO25CL-GEN-C03-P14-A09"", ""PO25CL-GEN-C01-P05-A03"", ""PO25CL-GEN-C03-P15-A08"", ""PO25CL-GEN-C03-P18-A06""]","[0.19075523609370365, 0.08139250752851518, 0.07329050998128213, 0.07241054050777866, 0.06812934731282216, 0.06165394530621006, 0.0555028160101973, 0.05286181139918615, 0.052537334630299894, 0.05237784821074607]",[2],2.0,2.0,2.0,0.5,0.08139250752851518,0.08139250752851518,0.19075523609370365,-0.10936272856518847,-0.10936272856518847,0.0,0.0,0.0,1.0,1.0,1.0,1.0,1.0,1.0,1.0,1.0,1.0,1.0,1.0,1.0
Q0310,Welchen Anteil hat die Bachelorarbeit an der Gesamtnote eines Kern- und Ergänzungsfachstudiengangs?,fully_answerable,1,"[""PO25CL-GEN-C03-P18-A06""]",0.13025871352205298,0.12647712176974205,0.0037815917523109366,"[""PO25CL-GEN-C03-P15-A02"", ""PO25CL-GEN-C03-P15-A09"", ""PO25CL-GEN-C03-P18-A05"", ""PO25CL-GEN-C01-P04-A02"", ""PO25CL-GEN-C04-P25-A03"", ""PO25CL-GEN-C01-P04-A01"", ""PO25CL-GEN-C03-P18-A06"", ""PO25CL-GEN-C03-P12-A01"", ""PO25CL-APP-R10"", ""PO25CL-GEN-C03-P20-A01""]","[0.13025871352205298, 0.12647712176974205, 0.09906531798349162, 0.09489363825207196, 0.09281830941164852, 0.08775321390522349, 0.08423856085965682, 0.08232088190914315, 0.0820905843208541, 0.08165734776410793]",[7],7.0,7.0,7.0,0.14285714285714285,0.08423856085965682,0.08423856085965682,0.13025871352205298,-0.04602015266239616,-0.04602015266239616,0.0,0.0,0.0,0.0,0.0,0.0,0.0,0.0,0.0,0.0,0.0,0.0,1.0,1.0,1.0
Q0311,Welchen Anteil hat das Kernfach an der Gesamtnote eines Kern- und Ergänzungsfachstudiengangs?,fully_answerable,1,"[""PO25CL-GEN-C03-P18-A06""]",0.11886215024077813,0.09067462689205912,0.028187523348719018,"[""PO25CL-GEN-C01-P04-A02"", ""PO25CL-GEN-C01-P04-A01"", ""PO25CL-GEN-C01-P04-A05"", ""PO25CL-GEN-C03-P15-A02"", ""PO25CL-GEN-C03-P15-A09"", ""PO25CL-GEN-C03-P12-A01"", ""PO25CL-GEN-C03-P18-A06"", ""PO25CL-GEN-C03-P21-A02"", ""PO25CL-GEN-C01-P03-A02"", ""PO25CL-APP-R10""]","[0.11886215024077813, 0.09067462689205912, 0.08558723362160761, 0.08305784999849468, 0.0804686875251881, 0.0802533431792554, 0.07667672070056072, 0.07232250975600354, 0.07157351191366565, 0.06088658194892932]",[7],7.0,7.0,7.0,0.14285714285714285,0.07667672070056072,0.07667672070056072,0.11886215024077813,-0.04218542954021741,-0.04218542954021741,0.0,0.0,0.0,0.0,0.0,0.0,0.0,0.0,0.0,0.0,0.0,0.0,1.0,1.0,1.0
Q0312,Welchen Anteil hat das Ergänzungsfach an der Gesamtnote eines Kern- und Ergänzungsfachstudiengangs?,fully_answerable,1,"[""PO25CL-GEN-C03-P18-A06""]",0.12057892003356331,0.1075475929723819,0.013031327061181416,"[""PO25CL-GEN-C01-P04-A02"", ""PO25CL-GEN-C01-P04-A05"", ""PO25CL-GEN-C01-P04-A01"", ""PO25CL-GEN-C03-P15-A02"", ""PO25CL-GEN-C03-P15-A09"", ""PO25CL-GEN-C03-P12-A01"", ""PO25CL-GEN-C03-P18-A06"", ""PO25CL-GEN-C03-P21-A02"", ""PO25CL-GEN-C01-P04-A04"", ""PO25CL-APP-R10""]","[0.12057892003356331, 0.1075475929723819, 0.09198427390841392, 0.08425748510220306, 0.08163092640214321, 0.08141247175854723, 0.0777841908047267, 0.0733670903885767, 0.06990286587967393, 0.06176598926626387]",[7],7.0,7.0,7.0,0.14285714285714285,0.0777841908047267,0.0777841908047267,0.12057892003356331,-0.042794729228836606,-0.042794729228836606,0.0,0.0,0.0,0.0,0.0,0.0,0.0,0.0,0.0,0.0,0.0,0.0,1.0,1.0,1.0
Q0313,Muss die Bachelorarbeit für den Studienabschluss bestanden sein?,fully_answerable,1,"[""PO25CL-GEN-C03-P19-A01""]",0.16045234853333412,0.13688354752191273,0.023568801011421392,"[""PO25CL-GEN-C04-P25-A03"", ""PO25CL-GEN-C03-P15-A02"", ""PO25CL-GEN-C03-P19-A01"", ""PO25CL-GEN-C03-P15-A06"", ""PO25CL-GEN-C03-P19-A09"", ""PO25CL-GEN-C01-P03-A05"", ""PO25CL-GEN-C03-P15-A10"", ""PO25CL-GEN-C03-P12-A02"", ""PO25CL-GEN-C01-P01-A02"", ""PO25CL-GEN-C03-P18-A01""]","[0.16045234853333412, 0.13688354752191273, 0.11128596986971089, 0.10278461151507756, 0.09763022899790699, 0.08723301085935424, 0.08408649079241941, 0.08176195478781427, 0.07954291678900453, 0.07563159789028706]",[3],3.0,3.0,3.0,0.3333333333333333,0.11128596986971089,0.11128596986971089,0.16045234853333412,-0.049166378663623236,-0.049166378663623236,0.0,0.0,0.0,0.0,0.0,0.0,1.0,1.0,1.0,1.0,1.0,1.0,1.0,1.0,1.0
Q0314,Müssen alle notwendigen Modulprüfungen bestanden sein?,fully_answerable,1,"[""PO25CL-GEN-C03-P19-A01""]",0.32817569399526736,0.05389430502652853,0.2742813889687388,"[""PO25CL-GEN-C03-P19-A01"", ""PO25CL-GEN-C03-P21-A01"", ""PO25CL-GEN-C03-P19-A09"", ""PO25CL-GEN-C03-P11-A01"", ""PO25CL-GEN-C03-P12-A02"", ""PO25CL-GEN-C03-P18-A02"", ""PO25CL-APP-R10"", ""PO25CL-APP-R06"", ""PO25CL-GEN-C03-P15-A06"", ""PO25CL-GEN-C03-P19-A07""]","[0.32817569399526736, 0.05389430502652853, 0.04637119740527898, 0.0395793336645343, 0.03667542591604246, 0.03444769725155156, 0.03213064180920544, 0.03146170071606846, 0.02994469705662302, 0.028347554357012653]",[1],1.0,1.0,1.0,1.0,0.32817569399526736,0.32817569399526736,0.05389430502652853,0.2742813889687388,0.2742813889687388,1.0,1.0,1.0,1.0,1.0,1.0,1.0,1.0,1.0,1.0,1.0,1.0,1.0,1.0,1.0
Q0315,Müssen alle notwendigen Studienleistungen vorliegen?,fully_answerable,1,"[""PO25CL-GEN-C03-P19-A01""]",0.3173356615638627,0.07025747237169604,0.24707818919216668,"[""PO25CL-GEN-C03-P19-A01"", ""PO25CL-GEN-C02-P07-A01"", ""PO25CL-GEN-C03-P21-A01"", ""PO25CL-GEN-C03-P18-A08"", ""PO25CL-GEN-C02-P07-A04"", ""PO25CL-GEN-C01-P05-A02"", ""PO25CL-GEN-C02-P07-A02"", ""PO25CL-GEN-C01-P01-A02"", ""PO25CL-GEN-C02-P07-A05"", ""PO25CL-GEN-C03-P18-A07""]","[0.3173356615638627, 0.07025747237169604, 0.05275216301096813, 0.04477854688977792, 0.0396754805575216, 0.03496878713811821, 0.03449919646454017, 0.026977132889879102, 0.026940262960455822, 0.026329375355251847]",[1],1.0,1.0,1.0,1.0,0.3173356615638627,0.3173356615638627,0.07025747237169604,0.24707818919216668,0.24707818919216668,1.0,1.0,1.0,1.0,1.0,1.0,1.0,1.0,1.0,1.0,1.0,1.0,1.0,1.0,1.0
Q0316,Muss der Nachweis vorgeschriebener Praktika vorliegen?,fully_answerable,1,"[""PO25CL-GEN-C03-P19-A01""]",0.1666781378424652,0.06602424830203385,0.10065388954043136,"[""PO25CL-GEN-C03-P19-A01"", ""PO25CL-GEN-C03-P18-A08"", ""PO25CL-GEN-C03-P11-A06"", ""PO25CL-GEN-C03-P15-A10"", ""PO25CL-GEN-C03-P15-A07"", ""PO25CL-GEN-C03-P12-A02"", ""PO25CL-GEN-C03-P15-A06"", ""PO25CL-GEN-C04-P25-A03"", ""PO25CL-GEN-C02-P08-U01"", ""PO25CL-GEN-C03-P17-A03""]","[0.1666781378424652, 0.06602424830203385, 0.039002271622104755, 0.03400395998028391, 0.029203433793224504, 0.02853012453835676, 0.02663729575981464, 0.02602134639104894, 0.025939821550546176, 0.022963952756009272]",[1],1.0,1.0,1.0,1.0,0.1666781378424652,0.1666781378424652,0.06602424830203385,0.10065388954043136,0.10065388954043136,1.0,1.0,1.0,1.0,1.0,1.0,1.0,1.0,1.0,1.0,1.0,1.0,1.0,1.0,1.0
Q0317,Wie viele ECTS-Leistungspunkte sind für den Abschluss eines dreijährigen Studiums erforderlich?,fully_answerable,1,"[""PO25CL-GEN-C03-P19-A01""]",0.1936592922972361,0.12497388715752017,0.06868540513971594,"[""PO25CL-GEN-C01-P02-A03"", ""PO25CL-APP-R03"", ""PO25CL-GEN-C03-P21-A01"", ""PO25CL-GEN-C01-P02-A02"", ""PO25CL-GEN-C04-P28-A06"", ""PO25CL-GEN-C04-P28-A09"", ""PO25CL-PLAN-LEGEND"", ""PO25CL-GEN-C01-P02-A01"", ""PO25CL-GEN-C03-P19-A07"", ""PO25CL-GEN-C01-P01-A02""]","[0.1936592922972361, 0.12497388715752017, 0.10363625273056917, 0.10180377382538025, 0.09429896773976151, 0.08406676632401835, 0.07951157375654505, 0.07580363394804912, 0.0634783022756745, 0.05772346407836169]",[62],62.0,62.0,62.0,0.016129032258064516,0.014215586515210179,0.014215586515210179,0.1936592922972361,-0.17944370578202593,-0.17944370578202593,0.0,0.0,0.0,0.0,0.0,0.0,0.0,0.0,0.0,0.0,0.0,0.0,0.0,0.0,0.0
Q0318,Werden Prüfungen bescheinigt?,fully_answerable,1,"[""PO25CL-GEN-C03-P19-A02""]",0.2900304208247781,0.125660856188956,0.16436956463582209,"[""PO25CL-GEN-C03-P19-A02"", ""PO25CL-GEN-C03-P19-A10"", ""PO25CL-GEN-C03-P19-A03"", ""PO25CL-GEN-C03-P15-A05"", ""PO25CL-GEN-C03-P19-A05"", ""PO25CL-GEN-C03-P17-A03"", ""PO25CL-APP-R08"", ""PO25CL-GEN-C03-P19-A09"", ""PO25CL-GEN-C01-P05-A02"", ""PO25CL-GEN-C03-P11-A08""]","[0.2900304208247781, 0.125660856188956, 0.05835405202429007, 0.041657626503941184, 0.03882982148746495, 0.036135996887164915, 0.0344688176819992, 0.033833829118050565, 0.033065136579845854, 0.03304386503925941]",[1],1.0,1.0,1.0,1.0,0.2900304208247781,0.2900304208247781,0.125660856188956,0.16436956463582209,0.16436956463582209,1.0,1.0,1.0,1.0,1.0,1.0,1.0,1.0,1.0,1.0,1.0,1.0,1.0,1.0,1.0
Q0319,Kann eine bestandene Prüfung wiederholt werden?,fully_answerable,1,"[""PO25CL-GEN-C03-P19-A03""]",0.38750270467452563,0.17204249388500042,0.2154602107895252,"[""PO25CL-GEN-C03-P19-A03"", ""PO25CL-GEN-C03-P19-A04"", ""PO25CL-GEN-C03-P19-A05"", ""PO25CL-GEN-C03-P19-A09"", ""PO25CL-GEN-C03-P19-A06"", ""PO25CL-GEN-C03-P18-A02"", ""PO25CL-GEN-C03-P15-A04"", ""PO25CL-GEN-C03-P14-A04"", ""PO25CL-GEN-C03-P11-A06"", ""PO25CL-GEN-C03-P17-A01""]","[0.38750270467452563, 0.17204249388500042, 0.12436539316073328, 0.10268997198152348, 0.04827482916972881, 0.03673135594326297, 0.03195546112019045, 0.03178765778103572, 0.0316379165663878, 0.031199051491677836]",[1],1.0,1.0,1.0,1.0,0.38750270467452563,0.38750270467452563,0.17204249388500042,0.2154602107895252,0.2154602107895252,1.0,1.0,1.0,1.0,1.0,1.0,1.0,1.0,1.0,1.0,1.0,1.0,1.0,1.0,1.0
Q0320,In welcher Form wird über eine nicht bestandene Prüfung informiert?,fully_answerable,1,"[""PO25CL-GEN-C03-P19-A04""]",0.16624430620428055,0.13710688722072537,0.02913741898355518,"[""PO25CL-GEN-C03-P19-A05"", ""PO25CL-GEN-C03-P19-A03"", ""PO25CL-GEN-C03-P19-A04"", ""PO25CL-GEN-C03-P19-A10"", ""PO25CL-GEN-C03-P12-A04"", ""PO25CL-PLAN-INTRO"", ""PO25CL-GEN-C03-P11-A06"", ""PO25CL-GEN-C03-P17-A01"", ""PO25CL-GEN-C03-P12-A02"", ""PO25CL-GEN-C03-P18-A02""]","[0.16624430620428055, 0.13710688722072537, 0.1301248897381459, 0.08529204533533243, 0.07655090993748898, 0.06738380511959545, 0.06476986997157279, 0.03924942321410571, 0.039157631746515445, 0.03790886942217554]",[3],3.0,3.0,3.0,0.3333333333333333,0.1301248897381459,0.1301248897381459,0.16624430620428055,-0.036119416466134646,-0.036119416466134646,0.0,0.0,0.0,0.0,0.0,0.0,1.0,1.0,1.0,1.0,1.0,1.0,1.0,1.0,1.0
Q0321,Welche Information zur Wiederholung muss der Bescheid enthalten?,fully_answerable,1,"[""PO25CL-GEN-C03-P19-A04""]",0.12615556535058958,0.11600154512179572,0.010154020228793859,"[""PO25CL-GEN-C03-P19-A10"", ""PO25CL-GEN-C03-P19-A04"", ""PO25CL-GEN-C03-P14-A01"", ""PO25CL-GEN-C03-P19-A02"", ""PO25CL-GEN-C03-P15-A10"", ""PO25CL-GEN-C03-P19-A03"", ""PO25CL-GEN-C03-P19-A06"", ""PO25CL-GEN-C03-P11-A06"", ""PO25CL-GEN-C03-P20-A03"", ""PO25CL-GEN-C03-P19-A07""]","[0.12615556535058958, 0.11600154512179572, 0.06621085794615604, 0.048564379195454234, 0.043720545968889385, 0.04041108482538719, 0.03892192341232689, 0.03576965838589568, 0.0352588785476268, 0.035066344112882675]",[2],2.0,2.0,2.0,0.5,0.11600154512179572,0.11600154512179572,0.12615556535058958,-0.010154020228793859,-0.010154020228793859,0.0,0.0,0.0,1.0,1.0,1.0,1.0,1.0,1.0,1.0,1.0,1.0,1.0,1.0,1.0
Q0322,Welche Belehrung muss ein Bescheid über eine nicht bestandene Prüfung enthalten?,fully_answerable,1,"[""PO25CL-GEN-C03-P19-A04""]",0.17243857614451785,0.14695737217027915,0.025481203974238698,"[""PO25CL-GEN-C03-P19-A04"", ""PO25CL-GEN-C03-P19-A05"", ""PO25CL-GEN-C03-P19-A10"", ""PO25CL-GEN-C03-P19-A03"", ""PO25CL-GEN-C03-P12-A04"", ""PO25CL-GEN-C03-P17-A03"", ""PO25CL-GEN-C03-P12-A02"", ""PO25CL-GEN-C03-P11-A06"", ""PO25CL-GEN-C01-P02-A01"", ""PO25CL-GEN-C03-P14-A01""]","[0.17243857614451785, 0.14695737217027915, 0.12653734217050872, 0.12120034852589631, 0.05842961929654686, 0.05150129575571193, 0.04445382111171962, 0.04047971306922972, 0.03305897803114097, 0.03087652413055576]",[1],1.0,1.0,1.0,1.0,0.17243857614451785,0.17243857614451785,0.14695737217027915,0.025481203974238698,0.025481203974238698,1.0,1.0,1.0,1.0,1.0,1.0,1.0,1.0,1.0,1.0,1.0,1.0,1.0,1.0,1.0
Q0323,Wie oft kann eine nicht bestandene Modulprüfung wiederholt werden?,fully_answerable,1,"[""PO25CL-GEN-C03-P19-A05""]",0.34510741722025207,0.174811588232559,0.17029582898769308,"[""PO25CL-GEN-C03-P19-A05"", ""PO25CL-GEN-C03-P19-A03"", ""PO25CL-GEN-C03-P19-A09"", ""PO25CL-GEN-C03-P19-A04"", ""PO25CL-GEN-C03-P19-A10"", ""PO25CL-GEN-C03-P19-A06"", ""PO25CL-GEN-C01-P05-A03"", ""PO25CL-GEN-C03-P17-A01"", ""PO25CL-GEN-C03-P18-A03"", ""PO25CL-GEN-C03-P15-A04""]","[0.34510741722025207, 0.174811588232559, 0.13866496165092157, 0.09785139457564143, 0.06496698223410576, 0.049653160407818746, 0.04269933653918429, 0.03312229673193013, 0.030904240140157815, 0.030385302411410922]",[1],1.0,1.0,1.0,1.0,0.34510741722025207,0.34510741722025207,0.174811588232559,0.17029582898769308,0.17029582898769308,1.0,1.0,1.0,1.0,1.0,1.0,1.0,1.0,1.0,1.0,1.0,1.0,1.0,1.0,1.0
Q0324,Wie oft kann eine nicht bestandene individuelle Prüfungsleistung einer Gruppenarbeit wiederholt werden?,fully_answerable,1,"[""PO25CL-GEN-C03-P19-A05""]",0.2971899464372158,0.17871207850723803,0.11847786792997778,"[""PO25CL-GEN-C03-P19-A05"", ""PO25CL-GEN-C03-P19-A03"", ""PO25CL-GEN-C03-P19-A09"", ""PO25CL-GEN-C03-P19-A04"", ""PO25CL-GEN-C03-P19-A06"", ""PO25CL-GEN-C03-P15-A08"", ""PO25CL-GEN-C03-P19-A10"", ""PO25CL-GEN-C03-P17-A05"", ""PO25CL-GEN-C03-P14-A08"", ""PO25CL-GEN-C03-P14-A09""]","[0.2971899464372158, 0.17871207850723803, 0.12518512410756943, 0.10568857282642458, 0.10024519702604481, 0.08303909532174787, 0.07519709471188693, 0.07464762500698628, 0.06777477596362697, 0.059710164022204394]",[1],1.0,1.0,1.0,1.0,0.2971899464372158,0.2971899464372158,0.17871207850723803,0.11847786792997778,0.11847786792997778,1.0,1.0,1.0,1.0,1.0,1.0,1.0,1.0,1.0,1.0,1.0,1.0,1.0,1.0,1.0
Q0325,Wie oft kann eine nicht bestandene Bachelorarbeit wiederholt werden?,fully_answerable,1,"[""PO25CL-GEN-C03-P19-A06""]",0.2754575071415377,0.19810553601749148,0.07735197112404624,"[""PO25CL-GEN-C03-P19-A05"", ""PO25CL-GEN-C03-P19-A03"", ""PO25CL-GEN-C03-P19-A09"", ""PO25CL-GEN-C03-P19-A04"", ""PO25CL-GEN-C03-P19-A06"", ""PO25CL-GEN-C03-P19-A10"", ""PO25CL-GEN-C03-P15-A05"", ""PO25CL-GEN-C01-P05-A03"", ""PO25CL-GEN-C03-P15-A04"", ""PO25CL-GEN-C03-P15-A08""]","[0.2754575071415377, 0.19810553601749148, 0.14550740677108676, 0.11089026287363729, 0.08886182192531786, 0.07362394546638668, 0.05157482933972702, 0.048389097303052034, 0.04283307650267892, 0.04108662147719252]",[5],5.0,5.0,5.0,0.2,0.08886182192531786,0.08886182192531786,0.2754575071415377,-0.18659568521621986,-0.18659568521621986,0.0,0.0,0.0,0.0,0.0,0.0,0.0,0.0,0.0,1.0,1.0,1.0,1.0,1.0,1.0
Q0326,Wie oft kann ein nicht bestandener individueller Teil einer Bachelor-Gruppenarbeit wiederholt werden?,fully_answerable,1,"[""PO25CL-GEN-C03-P19-A06""]",0.2120890704895731,0.14637953599188291,0.06570953449769018,"[""PO25CL-GEN-C03-P19-A06"", ""PO25CL-GEN-C03-P19-A05"", ""PO25CL-GEN-C03-P19-A03"", ""PO25CL-GEN-C03-P19-A09"", ""PO25CL-GEN-C03-P19-A04"", ""PO25CL-GEN-C01-P05-A03"", ""PO25CL-GEN-C03-P15-A08"", ""PO25CL-GEN-C04-P24-A01"", ""PO25CL-PLAN-S02-PBB"", ""PO25CL-PLAN-S03-PBB""]","[0.2120890704895731, 0.14637953599188291, 0.12204027613518742, 0.11884245464303564, 0.06275759662855546, 0.04438034963786392, 0.03979058875802978, 0.03610879163096052, 0.035038723808490574, 0.035038723808490574]",[1],1.0,1.0,1.0,1.0,0.2120890704895731,0.2120890704895731,0.14637953599188291,0.06570953449769018,0.06570953449769018,1.0,1.0,1.0,1.0,1.0,1.0,1.0,1.0,1.0,1.0,1.0,1.0,1.0,1.0,1.0
Q0327,Wann darf bei der Wiederholung einer Bachelorarbeit das Thema zurückgegeben werden?,answerable_with_multiple_chunks,2,"[""PO25CL-GEN-C03-P19-A06"", ""PO25CL-GEN-C03-P15-A05""]",0.20796252851850705,0.14307751880596148,0.06488500971254557,"[""PO25CL-GEN-C03-P15-A05"", ""PO25CL-GEN-C03-P15-A03"", ""PO25CL-GEN-C03-P19-A06"", ""PO25CL-APP-R09"", ""PO25CL-GEN-C03-P15-A06"", ""PO25CL-GEN-C03-P14-A06"", ""PO25CL-GEN-C03-P21-A02"", ""PO25CL-GEN-C03-P16-A01"", ""PO25CL-GEN-C03-P19-A09"", ""PO25CL-GEN-C03-P15-A02""]","[0.20796252851850705, 0.14307751880596148, 0.13082997517594822, 0.12215449893167396, 0.10096812665337249, 0.07680068097606364, 0.06389810125126127, 0.06184110449558221, 0.0600218763671707, 0.05933650209103361]","[3, 1]",1.0,3.0,2.0,1.0,0.20796252851850705,0.13082997517594822,0.14307751880596148,0.06488500971254557,-0.012247543630013263,0.5,1.0,0.0,0.5,1.0,0.0,1.0,1.0,1.0,1.0,1.0,1.0,1.0,1.0,1.0
Q0328,Innerhalb welchen Zeitraums soll eine Wiederholungsprüfung abgeschlossen sein?,fully_answerable,1,"[""PO25CL-GEN-C03-P19-A07""]",0.30344435859061547,0.0682229224713573,0.23522143611925816,"[""PO25CL-GEN-C03-P19-A07"", ""PO25CL-GEN-C03-P15-A06"", ""PO25CL-GEN-C02-P09-A04"", ""PO25CL-GEN-C04-P25-A03"", ""PO25CL-GEN-C04-P28-A07"", ""PO25CL-GEN-C04-P29-U01"", ""PO25CL-GEN-C02-P07-A04"", ""PO25CL-GEN-C03-P14-A07"", ""PO25CL-GEN-C01-P05-A03"", ""PO25CL-GEN-C03-P15-A04""]","[0.30344435859061547, 0.0682229224713573, 0.060926050800155604, 0.048370679477244244, 0.04527017364702758, 0.042703375620947816, 0.04247610881784354, 0.04191880831722243, 0.03793192022415346, 0.03555452567445398]",[1],1.0,1.0,1.0,1.0,0.30344435859061547,0.30344435859061547,0.0682229224713573,0.23522143611925816,0.23522143611925816,1.0,1.0,1.0,1.0,1.0,1.0,1.0,1.0,1.0,1.0,1.0,1.0,1.0,1.0,1.0
Q0329,Von wie vielen Personen wird eine Wiederholungsprüfung ohne Ausgleichsmöglichkeit bewertet?,fully_answerable,1,"[""PO25CL-GEN-C03-P19-A08""]",0.06400453142838801,0.0624646005033313,0.0015399309250567067,"[""PO25CL-GEN-C03-P19-A07"", ""PO25CL-GEN-C03-P19-A08"", ""PO25CL-PLAN-INTRO"", ""PO25CL-GEN-C04-P25-A02"", ""PO25CL-GEN-C03-P17-A05"", ""PO25CL-GEN-C01-P05-A03"", ""PO25CL-GEN-C04-P29-U01"", ""PO25CL-GEN-C01-P02-A01"", ""PO25CL-GEN-C03-P12-A02"", ""PO25CL-GEN-C03-P18-A07""]","[0.06400453142838801, 0.0624646005033313, 0.060725661059914136, 0.05232036795013591, 0.048982995931334525, 0.042445933022741786, 0.03929207627438848, 0.03574651470347551, 0.03570155141697282, 0.03392592833767391]",[2],2.0,2.0,2.0,0.5,0.0624646005033313,0.0624646005033313,0.06400453142838801,-0.0015399309250567067,-0.0015399309250567067,0.0,0.0,0.0,1.0,1.0,1.0,1.0,1.0,1.0,1.0,1.0,1.0,1.0,1.0,1.0
Q0330,Wer führt bei einer mündlichen Wiederholungsprüfung das Protokoll?,fully_answerable,1,"[""PO25CL-GEN-C03-P19-A08""]",0.14185478796176224,0.1325603621761855,0.009294425785576738,"[""PO25CL-GEN-C03-P19-A08"", ""PO25CL-GEN-C03-P13-A01"", ""PO25CL-GEN-C03-P19-A06"", ""PO25CL-GEN-C03-P11-A06"", ""PO25CL-GEN-C03-P19-A07"", ""PO25CL-GEN-C03-P17-A05"", ""PO25CL-GEN-C03-P20-A01"", ""PO25CL-GEN-C03-P11-A05"", ""PO25CL-GEN-C03-P17-A01"", ""PO25CL-GEN-C03-P14-A09""]","[0.14185478796176224, 0.1325603621761855, 0.08489607012857328, 0.07162024194835663, 0.057440449922492955, 0.0495658540682258, 0.047174971860905954, 0.04460665904089804, 0.04205689064751847, 0.03916639842707787]",[1],1.0,1.0,1.0,1.0,0.14185478796176224,0.14185478796176224,0.1325603621761855,0.009294425785576738,0.009294425785576738,1.0,1.0,1.0,1.0,1.0,1.0,1.0,1.0,1.0,1.0,1.0,1.0,1.0,1.0,1.0
Q0331,Wann führt eine nicht mehr wiederholbare Bachelorarbeit zum endgültigen Nichtbestehen?,fully_answerable,1,"[""PO25CL-GEN-C03-P19-A09""]",0.1854607582904465,0.12129184512574878,0.06416891316469772,"[""PO25CL-GEN-C03-P19-A09"", ""PO25CL-GEN-C03-P19-A05"", ""PO25CL-GEN-C03-P19-A06"", ""PO25CL-GEN-C03-P19-A03"", ""PO25CL-GEN-C03-P19-A08"", ""PO25CL-GEN-C03-P18-A03"", ""PO25CL-GEN-C03-P19-A10"", ""PO25CL-GEN-C03-P18-A01"", ""PO25CL-GEN-C03-P19-A02"", ""PO25CL-GEN-C02-P08-U01""]","[0.1854607582904465, 0.12129184512574878, 0.07695146847285081, 0.07447024244942298, 0.07294631599476795, 0.06983448486903135, 0.06313823068439739, 0.06299082593717437, 0.052728458668217494, 0.048899889726219704]",[1],1.0,1.0,1.0,1.0,0.1854607582904465,0.1854607582904465,0.12129184512574878,0.06416891316469772,0.06416891316469772,1.0,1.0,1.0,1.0,1.0,1.0,1.0,1.0,1.0,1.0,1.0,1.0,1.0,1.0,1.0
Q0332,Wann führt eine nicht mehr wiederholbare Pflichtmodulprüfung zum endgültigen Nichtbestehen?,fully_answerable,1,"[""PO25CL-GEN-C03-P19-A09""]",0.18251805393275877,0.1250010022430465,0.05751705168971227,"[""PO25CL-GEN-C03-P19-A09"", ""PO25CL-GEN-C03-P19-A05"", ""PO25CL-GEN-C03-P19-A03"", ""PO25CL-GEN-C03-P19-A08"", ""PO25CL-GEN-C03-P18-A03"", ""PO25CL-GEN-C03-P19-A10"", ""PO25CL-GEN-C03-P18-A01"", ""PO25CL-GEN-C03-P19-A02"", ""PO25CL-GEN-C02-P08-U01"", ""PO25CL-GEN-C03-P19-A07""]","[0.18251805393275877, 0.1250010022430465, 0.07674757469316776, 0.07517704590799609, 0.0661112793059837, 0.06506902510403724, 0.06491711265584951, 0.054340917754404146, 0.05039526951721093, 0.04479836676904365]",[1],1.0,1.0,1.0,1.0,0.18251805393275877,0.18251805393275877,0.1250010022430465,0.05751705168971227,0.05751705168971227,1.0,1.0,1.0,1.0,1.0,1.0,1.0,1.0,1.0,1.0,1.0,1.0,1.0,1.0,1.0
Q0333,Wann führt eine endgültig nicht bestandene Wahlpflichtprüfung zum endgültigen Nichtbestehen?,fully_answerable,1,"[""PO25CL-GEN-C03-P19-A09""]",0.25446040523877556,0.13134194804880953,0.12311845718996603,"[""PO25CL-GEN-C03-P19-A10"", ""PO25CL-GEN-C03-P19-A05"", ""PO25CL-GEN-C03-P19-A03"", ""PO25CL-GEN-C03-P19-A09"", ""PO25CL-GEN-C03-P12-A05"", ""PO25CL-GEN-C03-P19-A04"", ""PO25CL-GEN-C03-P19-A08"", ""PO25CL-GEN-C03-P19-A02"", ""PO25CL-GEN-C03-P19-A07"", ""PO25CL-GEN-C03-P21-A03""]","[0.25446040523877556, 0.13134194804880953, 0.12108149873555168, 0.09350978212031619, 0.08361991336094995, 0.08268948961543357, 0.06408508559503565, 0.046323213735555646, 0.03818861374821065, 0.03320817463529664]",[4],4.0,4.0,4.0,0.25,0.09350978212031619,0.09350978212031619,0.25446040523877556,-0.16095062311845937,-0.16095062311845937,0.0,0.0,0.0,0.0,0.0,0.0,0.0,0.0,0.0,1.0,1.0,1.0,1.0,1.0,1.0
Q0334,Welche Belehrung enthält der Bescheid über das endgültige Nichtbestehen?,fully_answerable,1,"[""PO25CL-GEN-C03-P19-A10""]",0.3379920156015554,0.1282213159584504,0.209770699643105,"[""PO25CL-GEN-C03-P19-A10"", ""PO25CL-GEN-C03-P19-A04"", ""PO25CL-GEN-C03-P12-A03"", ""PO25CL-GEN-C03-P15-A03"", ""PO25CL-GEN-C03-P21-A02"", ""PO25CL-APP-R14"", ""PO25CL-GEN-C04-P24-A02"", ""PO25CL-GEN-C03-P19-A02"", ""PO25CL-GEN-C03-P19-A08"", ""PO25CL-GEN-C03-P19-A03""]","[0.3379920156015554, 0.1282213159584504, 0.06550639062906367, 0.0638856859678116, 0.061430295000035044, 0.03718456133392406, 0.034685425786565104, 0.03452500430343651, 0.03357470122289191, 0.028728728764098464]",[1],1.0,1.0,1.0,1.0,0.3379920156015554,0.3379920156015554,0.1282213159584504,0.209770699643105,0.209770699643105,1.0,1.0,1.0,1.0,1.0,1.0,1.0,1.0,1.0,1.0,1.0,1.0,1.0,1.0,1.0
Q0335,"Wer kann nachträglich Noten berichtigen, wenn eine Täuschung erst nach Ausstellung des Zeugnisses bekannt wird?",fully_answerable,1,"[""PO25CL-GEN-C03-P20-A01""]",0.191791775359394,0.161545706494179,0.030246068865215026,"[""PO25CL-GEN-C03-P20-A01"", ""PO25CL-GEN-C03-P20-A02"", ""PO25CL-GEN-C03-P18-A03"", ""PO25CL-GEN-C03-P21-A03"", ""PO25CL-GEN-C03-P23-U01"", ""PO25CL-GEN-C03-P17-A05"", ""PO25CL-GEN-C03-P21-A01"", ""PO25CL-GEN-C03-P18-A08"", ""PO25CL-GEN-C03-P18-A01"", ""PO25CL-GEN-C03-P21-A02""]","[0.191791775359394, 0.161545706494179, 0.08216717284567518, 0.07140906410160555, 0.06462576667400928, 0.05528416363441968, 0.05088197149641275, 0.045382058243116495, 0.03780751670324825, 0.03337521158138011]",[1],1.0,1.0,1.0,1.0,0.191791775359394,0.191791775359394,0.161545706494179,0.030246068865215026,0.030246068865215026,1.0,1.0,1.0,1.0,1.0,1.0,1.0,1.0,1.0,1.0,1.0,1.0,1.0,1.0,1.0
Q0336,Kann eine Prüfung nach später entdeckter Täuschung teilweise für nicht bestanden erklärt werden?,fully_answerable,1,"[""PO25CL-GEN-C03-P20-A01""]",0.21071369148628072,0.12878696259321692,0.0819267288930638,"[""PO25CL-GEN-C03-P20-A01"", ""PO25CL-GEN-C03-P19-A09"", ""PO25CL-GEN-C03-P19-A04"", ""PO25CL-GEN-C03-P11-A01"", ""PO25CL-GEN-C03-P18-A02"", ""PO25CL-GEN-C03-P19-A03"", ""PO25CL-GEN-C02-P07-A03"", ""PO25CL-GEN-C01-P02-A01"", ""PO25CL-GEN-C03-P17-A05"", ""PO25CL-GEN-C03-P12-A05""]","[0.21071369148628072, 0.12878696259321692, 0.12319564499626755, 0.06787481907318757, 0.0666995755414532, 0.06535603595616027, 0.0633831483223815, 0.060711836569466965, 0.060033592842011395, 0.05691038910307784]",[1],1.0,1.0,1.0,1.0,0.21071369148628072,0.21071369148628072,0.12878696259321692,0.0819267288930638,0.0819267288930638,1.0,1.0,1.0,1.0,1.0,1.0,1.0,1.0,1.0,1.0,1.0,1.0,1.0,1.0,1.0
Q0337,Kann eine Prüfung nach später entdeckter Täuschung vollständig für nicht bestanden erklärt werden?,fully_answerable,1,"[""PO25CL-GEN-C03-P20-A01""]",0.15641447658676694,0.15394751477484966,0.002466961811917273,"[""PO25CL-GEN-C03-P20-A01"", ""PO25CL-GEN-C03-P19-A09"", ""PO25CL-GEN-C03-P19-A04"", ""PO25CL-GEN-C03-P11-A01"", ""PO25CL-GEN-C03-P18-A02"", ""PO25CL-GEN-C03-P19-A03"", ""PO25CL-GEN-C02-P07-A03"", ""PO25CL-GEN-C01-P02-A01"", ""PO25CL-GEN-C03-P17-A05"", ""PO25CL-GEN-C03-P12-A05""]","[0.15641447658676694, 0.15394751477484966, 0.14726384562826034, 0.08113522907683, 0.07973038329646022, 0.07812436219003206, 0.07576604002733302, 0.07257284564438157, 0.07176209637169927, 0.06802872581878845]",[1],1.0,1.0,1.0,1.0,0.15641447658676694,0.15641447658676694,0.15394751477484966,0.002466961811917273,0.002466961811917273,1.0,1.0,1.0,1.0,1.0,1.0,1.0,1.0,1.0,1.0,1.0,1.0,1.0,1.0,1.0
Q0338,Wie wird eine unbeabsichtigt fehlende Zulassungsvoraussetzung nach bestandener Prüfung behandelt?,fully_answerable,1,"[""PO25CL-GEN-C03-P20-A02""]",0.06465615312151615,0.05960605042889521,0.0050501026926209405,"[""PO25CL-GEN-C03-P15-A06"", ""PO25CL-GEN-C01-P05-A03"", ""PO25CL-GEN-C03-P20-A04"", ""PO25CL-GEN-C01-P02-A01"", ""PO25CL-GEN-C03-P18-A02"", ""PO25CL-GEN-C03-P17-A02"", ""PO25CL-GEN-C03-P19-A03"", ""PO25CL-GEN-C03-P20-A02"", ""PO25CL-GEN-C03-P20-A01"", ""PO25CL-GEN-C03-P19-A04""]","[0.06465615312151615, 0.05960605042889521, 0.05912806364486668, 0.05820321990888589, 0.05612697725277919, 0.051434155759578375, 0.05033127036634618, 0.0494261702681391, 0.045508753504538285, 0.04482116366878204]",[8],8.0,8.0,8.0,0.125,0.0494261702681391,0.0494261702681391,0.06465615312151615,-0.015229982853377053,-0.015229982853377053,0.0,0.0,0.0,0.0,0.0,0.0,0.0,0.0,0.0,0.0,0.0,0.0,1.0,1.0,1.0
Q0339,Wer entscheidet bei vorsätzlich zu Unrecht erlangter Zulassung über die Rechtsfolgen?,fully_answerable,1,"[""PO25CL-GEN-C03-P20-A02""]",0.25728351970690966,0.10310681416528295,0.1541767055416267,"[""PO25CL-GEN-C03-P20-A02"", ""PO25CL-GEN-C03-P12-A04"", ""PO25CL-GEN-C03-P12-A03"", ""PO25CL-GEN-C04-P24-A02"", ""PO25CL-GEN-C04-P28-A09"", ""PO25CL-GEN-C04-P27-A03"", ""PO25CL-GEN-C03-P12-A02"", ""PO25CL-GEN-C03-P12-A05"", ""PO25CL-GEN-C04-P28-A08"", ""PO25CL-GEN-C03-P12-A01""]","[0.25728351970690966, 0.10310681416528295, 0.06309643292655884, 0.06192347047199673, 0.04671041010917225, 0.04337474558463246, 0.04282746785043576, 0.04228281212763314, 0.04047547221261898, 0.040336795471919734]",[1],1.0,1.0,1.0,1.0,0.25728351970690966,0.25728351970690966,0.10310681416528295,0.1541767055416267,0.1541767055416267,1.0,1.0,1.0,1.0,1.0,1.0,1.0,1.0,1.0,1.0,1.0,1.0,1.0,1.0,1.0
Q0340,Welche Gelegenheit muss vor einer Entscheidung über die Ungültigkeit gegeben werden?,fully_answerable,1,"[""PO25CL-GEN-C03-P20-A03""]",0.2932218932994931,0.08465621443454069,0.20856567886495242,"[""PO25CL-GEN-C03-P20-A03"", ""PO25CL-GEN-C04-P24-A02"", ""PO25CL-GEN-C03-P17-A06"", ""PO25CL-GEN-C03-P13-A01"", ""PO25CL-GEN-C04-P28-A08"", ""PO25CL-GEN-C03-P23-U01"", ""PO25CL-GEN-C03-P20-A04"", ""PO25CL-GEN-C03-P20-A02"", ""PO25CL-GEN-C01-P05-A01"", ""PO25CL-GEN-C03-P12-A04""]","[0.2932218932994931, 0.08465621443454069, 0.07261749474744164, 0.06696643872444824, 0.05877963545666253, 0.05200551966592866, 0.05069316744997796, 0.0499010804258591, 0.04750899654758767, 0.04522415068415581]",[1],1.0,1.0,1.0,1.0,0.2932218932994931,0.2932218932994931,0.08465621443454069,0.20856567886495242,0.20856567886495242,1.0,1.0,1.0,1.0,1.0,1.0,1.0,1.0,1.0,1.0,1.0,1.0,1.0,1.0,1.0
Q0341,Was geschieht mit einem unrichtigen Prüfungszeugnis?,fully_answerable,1,"[""PO25CL-GEN-C03-P20-A04""]",0.18804528231035295,0.0859873860209084,0.10205789628944455,"[""PO25CL-GEN-C02-P09-A04"", ""PO25CL-GEN-C01-P03-A01"", ""PO25CL-GEN-C03-P20-A04"", ""PO25CL-GEN-C01-P02-A02"", ""PO25CL-GEN-C01-P04-A02"", ""PO25CL-GEN-C03-P18-A04"", ""PO25CL-GEN-C03-P11-A05"", ""PO25CL-GEN-C03-P11-A03"", ""PO25CL-GEN-C03-P13-A02"", ""PO25CL-GEN-C03-P15-A02""]","[0.18804528231035295, 0.0859873860209084, 0.06914536308432022, 0.06131471539876172, 0.05028093501575881, 0.032645158333722064, 0.03180221196494415, 0.031278924580952105, 0.02930603120579452, 0.029261882360564075]",[3],3.0,3.0,3.0,0.3333333333333333,0.06914536308432022,0.06914536308432022,0.18804528231035295,-0.11889991922603273,-0.11889991922603273,0.0,0.0,0.0,0.0,0.0,0.0,1.0,1.0,1.0,1.0,1.0,1.0,1.0,1.0,1.0
Q0342,Kann nach dem Einzug eines unrichtigen Zeugnisses ein neues Zeugnis ausgestellt werden?,fully_answerable,1,"[""PO25CL-GEN-C03-P20-A04""]",0.12094459678600178,0.08006614715626172,0.04087844962974006,"[""PO25CL-GEN-C03-P20-A04"", ""PO25CL-GEN-C03-P21-A03"", ""PO25CL-GEN-C03-P15-A04"", ""PO25CL-APP-R14"", ""PO25CL-GEN-C03-P21-A02"", ""PO25CL-GEN-C01-P04-A02"", ""PO25CL-GEN-C03-P14-A07"", ""PO25CL-GEN-C03-P14-A10"", ""PO25CL-GEN-C03-P15-A02"", ""PO25CL-GEN-C04-P24-A01""]","[0.12094459678600178, 0.08006614715626172, 0.07749308466658864, 0.07272144507267596, 0.05553690891891952, 0.05529877942232728, 0.05490837877385033, 0.05062259956253586, 0.04766737300412672, 0.04492377594256998]",[1],1.0,1.0,1.0,1.0,0.12094459678600178,0.12094459678600178,0.08006614715626172,0.04087844962974006,0.04087844962974006,1.0,1.0,1.0,1.0,1.0,1.0,1.0,1.0,1.0,1.0,1.0,1.0,1.0,1.0,1.0
Q0343,Nach wie vielen Jahren sind bestimmte Entscheidungen zur Ungültigkeit ausgeschlossen?,fully_answerable,1,"[""PO25CL-GEN-C03-P20-A04""]",0.12258984590117875,0.07414236606927527,0.04844747983190348,"[""PO25CL-GEN-C03-P20-A04"", ""PO25CL-GEN-C03-P20-A03"", ""PO25CL-PLAN-INTRO"", ""PO25CL-GEN-C01-P05-A03"", ""PO25CL-GEN-C03-P17-A06"", ""PO25CL-GEN-C04-P28-A07"", ""PO25CL-GEN-C04-P24-A03"", ""PO25CL-GEN-C04-P24-A02"", ""PO25CL-GEN-C03-P17-A05"", ""PO25CL-GEN-C04-P24-A05""]","[0.12258984590117875, 0.07414236606927527, 0.05066472667622013, 0.04879112082523745, 0.04688741249194389, 0.04680233743306626, 0.04676614812094021, 0.04591203218232908, 0.03909062719170805, 0.037779611913357436]",[1],1.0,1.0,1.0,1.0,0.12258984590117875,0.12258984590117875,0.07414236606927527,0.04844747983190348,0.04844747983190348,1.0,1.0,1.0,1.0,1.0,1.0,1.0,1.0,1.0,1.0,1.0,1.0,1.0,1.0,1.0
Q0344,Müssen vor dem Antrag auf das Bachelorzeugnis alle Abschlussprüfungen bestanden sein?,fully_answerable,1,"[""PO25CL-GEN-C03-P21-A01""]",0.1871271897707629,0.07237721502951305,0.11474997474124984,"[""PO25CL-GEN-C03-P21-A01"", ""PO25CL-GEN-C03-P21-A02"", ""PO25CL-GEN-C03-P19-A01"", ""PO25CL-GEN-C04-P26-U01"", ""PO25CL-GEN-C04-P27-A03"", ""PO25CL-GEN-C03-P17-A01"", ""PO25CL-GEN-C04-P27-A01-02"", ""PO25CL-GEN-C02-P09-A01"", ""PO25CL-GEN-C04-P25-A05"", ""PO25CL-GEN-C03-P21-A04""]","[0.1871271897707629, 0.07237721502951305, 0.0627189790830104, 0.06185284153756994, 0.06169666274189947, 0.0605148487731217, 0.05807249996749508, 0.04690114071494174, 0.04206054335132903, 0.039996305157881364]",[1],1.0,1.0,1.0,1.0,0.1871271897707629,0.1871271897707629,0.07237721502951305,0.11474997474124984,0.11474997474124984,1.0,1.0,1.0,1.0,1.0,1.0,1.0,1.0,1.0,1.0,1.0,1.0,1.0,1.0,1.0
Q0345,Bei welcher Stelle wird das Bachelorzeugnis beantragt?,fully_answerable,1,"[""PO25CL-GEN-C03-P21-A01""]",0.12057942972921512,0.06368300677069534,0.05689642295851978,"[""PO25CL-GEN-C03-P21-A02"", ""PO25CL-GEN-C03-P21-A03"", ""PO25CL-GEN-C03-P21-A04"", ""PO25CL-PLAN-INTRO"", ""PO25CL-GEN-C03-P21-A01"", ""PO25CL-GEN-C03-P16-A01"", ""PO25CL-GEN-C02-P09-A04"", ""PO25CL-GEN-C03-P15-A03"", ""PO25CL-GEN-C03-P20-A04"", ""PO25CL-GEN-C03-P14-A04""]","[0.12057942972921512, 0.06368300677069534, 0.0577631231671724, 0.056590991728607425, 0.05015056783565929, 0.04809575017175342, 0.046561225243879845, 0.039284771271541875, 0.038177909456551556, 0.03618448416032918]",[5],5.0,5.0,5.0,0.2,0.05015056783565929,0.05015056783565929,0.12057942972921512,-0.07042886189355582,-0.07042886189355582,0.0,0.0,0.0,0.0,0.0,0.0,0.0,0.0,0.0,1.0,1.0,1.0,1.0,1.0,1.0
Q0346,Nach welchem Paragraphen sind die Nachweise für die Abschlussdokumente vorzulegen?,fully_answerable,1,"[""PO25CL-GEN-C03-P21-A01""]",0.12868128387884847,0.10191187378102401,0.026769410097824464,"[""PO25CL-GEN-C04-P28-A08"", ""PO25CL-GEN-C03-P10-U01"", ""PO25CL-APP-R10"", ""PO25CL-GEN-C03-P21-A01"", ""PO25CL-GEN-C03-P23-U01"", ""PO25CL-GEN-C03-P18-A01"", ""PO25CL-GEN-C04-P24-A02"", ""PO25CL-GEN-C03-P14-A09"", ""PO25CL-GEN-C04-P24-A01"", ""PO25CL-GEN-C04-P25-A03""]","[0.12868128387884847, 0.10191187378102401, 0.09868467334765309, 0.09590825201079411, 0.08639887311059283, 0.08302581480782634, 0.08047532410768263, 0.07979451366627058, 0.0781157974078932, 0.07596051334897225]",[4],4.0,4.0,4.0,0.25,0.09590825201079411,0.09590825201079411,0.12868128387884847,-0.03277303186805436,-0.03277303186805436,0.0,0.0,0.0,0.0,0.0,0.0,0.0,0.0,0.0,1.0,1.0,1.0,1.0,1.0,1.0
Q0347,Wie schnell soll das Bachelorzeugnis grundsätzlich ausgestellt werden?,fully_answerable,1,"[""PO25CL-GEN-C03-P21-A02""]",0.13560170272479763,0.0653848695621305,0.07021683316266714,"[""PO25CL-GEN-C03-P21-A02"", ""PO25CL-GEN-C01-P05-A03"", ""PO25CL-GEN-C03-P11-A03"", ""PO25CL-GEN-C04-P28-A02"", ""PO25CL-GEN-C02-P09-A01"", ""PO25CL-GEN-C03-P21-A04"", ""PO25CL-GEN-C03-P15-A03"", ""PO25CL-GEN-C03-P21-A03"", ""PO25CL-GEN-C03-P19-A07"", ""PO25CL-GEN-C02-P08-U01""]","[0.13560170272479763, 0.0653848695621305, 0.048830614993072986, 0.04657285614906823, 0.04610468888452591, 0.04512011539528536, 0.0412192296224567, 0.0396199605673934, 0.038153745449631654, 0.03790618224557388]",[1],1.0,1.0,1.0,1.0,0.13560170272479763,0.13560170272479763,0.0653848695621305,0.07021683316266714,0.07021683316266714,1.0,1.0,1.0,1.0,1.0,1.0,1.0,1.0,1.0,1.0,1.0,1.0,1.0,1.0,1.0
Q0348,Innerhalb welcher Frist soll das Bachelorzeugnis möglichst ausgestellt werden?,fully_answerable,1,"[""PO25CL-GEN-C03-P21-A02""]",0.13043920058863578,0.06616132883258902,0.06427787175604677,"[""PO25CL-GEN-C03-P21-A02"", ""PO25CL-GEN-C03-P19-A07"", ""PO25CL-PLAN-INTRO"", ""PO25CL-GEN-C03-P15-A06"", ""PO25CL-GEN-C04-P25-A06"", ""PO25CL-GEN-C03-P20-A04"", ""PO25CL-GEN-C01-P05-A03"", ""PO25CL-GEN-C02-P09-A01"", ""PO25CL-GEN-C03-P17-A02"", ""PO25CL-GEN-C03-P21-A04""]","[0.13043920058863578, 0.06616132883258902, 0.05963142474149032, 0.05379886715598519, 0.051148755444093114, 0.04390737222707212, 0.04071565051838961, 0.038936802888498975, 0.03884533207680677, 0.038105300826402476]",[1],1.0,1.0,1.0,1.0,0.13043920058863578,0.13043920058863578,0.06616132883258902,0.06427787175604677,0.06427787175604677,1.0,1.0,1.0,1.0,1.0,1.0,1.0,1.0,1.0,1.0,1.0,1.0,1.0,1.0,1.0
Q0349,Enthält das Bachelorzeugnis die Noten der Prüfungen?,fully_answerable,1,"[""PO25CL-GEN-C03-P21-A02""]",0.2519060993546534,0.14278078008285636,0.10912531927179706,"[""PO25CL-GEN-C03-P21-A02"", ""PO25CL-GEN-C03-P18-A03"", ""PO25CL-GEN-C03-P18-A08"", ""PO25CL-GEN-C03-P18-A01"", ""PO25CL-GEN-C03-P20-A01"", ""PO25CL-GEN-C03-P15-A03"", ""PO25CL-APP-R10"", ""PO25CL-GEN-C03-P21-A04"", ""PO25CL-GEN-C04-P24-A02"", ""PO25CL-GEN-C03-P16-A01""]","[0.2519060993546534, 0.14278078008285636, 0.11456270594883342, 0.06377304272730747, 0.0626885173608181, 0.05570604840161479, 0.055692953829926166, 0.05092856264591167, 0.04634151278798516, 0.043394792000738]",[1],1.0,1.0,1.0,1.0,0.2519060993546534,0.2519060993546534,0.14278078008285636,0.10912531927179706,0.10912531927179706,1.0,1.0,1.0,1.0,1.0,1.0,1.0,1.0,1.0,1.0,1.0,1.0,1.0,1.0,1.0
Q0350,Welche Angabe zur Bachelorarbeit enthält das Zeugnis neben der Note?,fully_answerable,1,"[""PO25CL-GEN-C03-P21-A02""]",0.14771279917638205,0.07989410654723407,0.06781869262914798,"[""PO25CL-GEN-C03-P21-A02"", ""PO25CL-GEN-C03-P15-A10"", ""PO25CL-GEN-C04-P24-A03"", ""PO25CL-GEN-C03-P15-A03"", ""PO25CL-GEN-C03-P16-A01"", ""PO25CL-GEN-C03-P18-A06"", ""PO25CL-GEN-C03-P13-A01"", ""PO25CL-GEN-C03-P15-A01"", ""PO25CL-APP-R13"", ""PO25CL-GEN-C03-P15-A08""]","[0.14771279917638205, 0.07989410654723407, 0.05290774820027935, 0.05131226061314943, 0.05124577537385587, 0.04976648354893694, 0.04902812462284783, 0.045782716912659394, 0.04502268774450887, 0.0431534200783674]",[1],1.0,1.0,1.0,1.0,0.14771279917638205,0.14771279917638205,0.07989410654723407,0.06781869262914798,0.06781869262914798,1.0,1.0,1.0,1.0,1.0,1.0,1.0,1.0,1.0,1.0,1.0,1.0,1.0,1.0,1.0
Q0351,Führt das Transcript of Records die zugeordneten Lehrveranstaltungen auf?,fully_answerable,1,"[""PO25CL-GEN-C03-P21-A02""]",0.18342054676556757,0.040123721939943596,0.14329682482562398,"[""PO25CL-GEN-C03-P21-A02"", ""PO25CL-GEN-C03-P15-A03"", ""PO25CL-GEN-C03-P22-U01"", ""PO25CL-GEN-C03-P11-A02"", ""PO25CL-GEN-C02-P07-A01"", ""PO25CL-FRONT-TITLE"", ""PO25CL-GEN-C02-P08-U01"", ""PO25CL-GEN-C03-P11-A01"", ""PO25CL-GEN-C03-P13-A01"", ""PO25CL-GEN-C03-P19-A08""]","[0.18342054676556757, 0.040123721939943596, 0.03880127019592237, 0.036847893444915646, 0.03680505045745825, 0.03573176453415994, 0.03268484738800133, 0.03239786470889984, 0.03203140672862071, 0.030494528192402413]",[1],1.0,1.0,1.0,1.0,0.18342054676556757,0.18342054676556757,0.040123721939943596,0.14329682482562398,0.14329682482562398,1.0,1.0,1.0,1.0,1.0,1.0,1.0,1.0,1.0,1.0,1.0,1.0,1.0,1.0,1.0
Q0352,Welche Abschlussnote enthält das Bachelorzeugnis?,fully_answerable,1,"[""PO25CL-GEN-C03-P21-A02""]",0.16490827981247147,0.046476100460728774,0.11843217935174269,"[""PO25CL-GEN-C03-P21-A02"", ""PO25CL-GEN-C03-P21-A04"", ""PO25CL-PLAN-INTRO"", ""PO25CL-GEN-C03-P15-A03"", ""PO25CL-GEN-C03-P21-A03"", ""PO25CL-GEN-C03-P15-A10"", ""PO25CL-GEN-C02-P09-A01"", ""PO25CL-GEN-C03-P21-A01"", ""PO25CL-GEN-C03-P16-A01"", ""PO25CL-GEN-C02-P09-A04""]","[0.16490827981247147, 0.046476100460728774, 0.04315864421001694, 0.04245798221179459, 0.04081065066984948, 0.03501120771749011, 0.03267741552643096, 0.03100136690956137, 0.026438244926297167, 0.025966806580441888]",[1],1.0,1.0,1.0,1.0,0.16490827981247147,0.16490827981247147,0.046476100460728774,0.11843217935174269,0.11843217935174269,1.0,1.0,1.0,1.0,1.0,1.0,1.0,1.0,1.0,1.0,1.0,1.0,1.0,1.0,1.0
Q0353,In welcher Form werden die Noten im Zeugnis angegeben?,fully_answerable,1,"[""PO25CL-GEN-C03-P21-A02""]",0.17993783921646478,0.09991969973419387,0.0800181394822709,"[""PO25CL-GEN-C03-P18-A08"", ""PO25CL-GEN-C03-P18-A03"", ""PO25CL-GEN-C03-P21-A02"", ""PO25CL-GEN-C04-P28-A06"", ""PO25CL-GEN-C03-P18-A01"", ""PO25CL-PLAN-INTRO"", ""PO25CL-GEN-C03-P18-A07"", ""PO25CL-GEN-C04-P27-A01-02"", ""PO25CL-GEN-C03-P11-A06"", ""PO25CL-GEN-C03-P13-A02""]","[0.17993783921646478, 0.09991969973419387, 0.09528150940100409, 0.09320104872749695, 0.08428571694296089, 0.06538753945317471, 0.05898191966668222, 0.052712118779582096, 0.04990534847826613, 0.047974566547186265]",[3],3.0,3.0,3.0,0.3333333333333333,0.09528150940100409,0.09528150940100409,0.17993783921646478,-0.08465632981546069,-0.08465632981546069,0.0,0.0,0.0,0.0,0.0,0.0,1.0,1.0,1.0,1.0,1.0,1.0,1.0,1.0,1.0
Q0354,Wird neben dem Bachelorzeugnis ein Diploma Supplement ausgehändigt?,fully_answerable,1,"[""PO25CL-GEN-C03-P21-A02""]",0.25818967077060173,0.08379600307580941,0.1743936676947923,"[""PO25CL-GEN-C03-P21-A02"", ""PO25CL-GEN-C03-P21-A03"", ""PO25CL-GEN-C03-P21-A04"", ""PO25CL-GEN-C04-P24-A01"", ""PO25CL-GEN-C03-P20-A04"", ""PO25CL-APP-R14"", ""PO25CL-GEN-C03-P17-A03"", ""PO25CL-GEN-C03-P21-A01"", ""PO25CL-GEN-C03-P14-A07"", ""PO25CL-GEN-C04-P24-A03""]","[0.25818967077060173, 0.08379600307580941, 0.052728851458602, 0.03348360322389045, 0.03274590154243456, 0.030625489797695072, 0.027069133311186495, 0.02615116726712941, 0.022053725166779548, 0.021672556302738653]",[1],1.0,1.0,1.0,1.0,0.25818967077060173,0.25818967077060173,0.08379600307580941,0.1743936676947923,0.1743936676947923,1.0,1.0,1.0,1.0,1.0,1.0,1.0,1.0,1.0,1.0,1.0,1.0,1.0,1.0,1.0
Q0355,Was beschreibt das Diploma Supplement allgemein?,fully_answerable,1,"[""PO25CL-GEN-C03-P21-A02""]",0.2326540082064422,0.03618263797222992,0.19647137023421227,"[""PO25CL-GEN-C03-P21-A02"", ""PO25CL-GEN-C03-P15-A03"", ""PO25CL-GEN-C02-P09-A01"", ""PO25CL-GEN-C03-P16-A01"", ""PO25CL-GEN-C02-P09-A04"", ""PO25CL-GEN-C01-P04-A02"", ""PO25CL-GEN-C04-P24-A04"", ""PO25CL-GEN-C03-P20-A02"", ""PO25CL-GEN-C03-P12-A03"", ""PO25CL-GEN-C03-P15-A05""]","[0.2326540082064422, 0.03618263797222992, 0.027847651590294484, 0.02253063840899192, 0.022128879255454714, 0.02162805540298916, 0.02037995443831298, 0.016911125960054927, 0.016526880323011823, 0.014759059396458135]",[1],1.0,1.0,1.0,1.0,0.2326540082064422,0.2326540082064422,0.03618263797222992,0.19647137023421227,0.19647137023421227,1.0,1.0,1.0,1.0,1.0,1.0,1.0,1.0,1.0,1.0,1.0,1.0,1.0,1.0,1.0
Q0356,Führt das Transcript of Records die absolvierten Module auf?,fully_answerable,1,"[""PO25CL-GEN-C03-P21-A02""]",0.15519379364055325,0.04277590978976798,0.11241788385078527,"[""PO25CL-GEN-C03-P21-A02"", ""PO25CL-GEN-C03-P15-A03"", ""PO25CL-GEN-C03-P22-U01"", ""PO25CL-GEN-C01-P05-A02"", ""PO25CL-FRONT-TITLE"", ""PO25CL-GEN-C04-P28-A07"", ""PO25CL-GEN-C03-P13-A01"", ""PO25CL-GEN-C03-P19-A08"", ""PO25CL-GEN-C03-P16-A01"", ""PO25CL-GEN-C02-P09-A01""]","[0.15519379364055325, 0.04277590978976798, 0.041366043661489924, 0.03925685975927103, 0.03809364292351102, 0.035685575954553544, 0.03414869056050418, 0.03251022397653411, 0.031335573339628914, 0.03004929305357853]",[1],1.0,1.0,1.0,1.0,0.15519379364055325,0.15519379364055325,0.04277590978976798,0.11241788385078527,0.11241788385078527,1.0,1.0,1.0,1.0,1.0,1.0,1.0,1.0,1.0,1.0,1.0,1.0,1.0,1.0,1.0
Q0357,Welche Fassung des Diploma Supplements ist zu verwenden?,fully_answerable,1,"[""PO25CL-GEN-C03-P21-A02""]",0.13898970882377668,0.05692780710649127,0.0820619017172854,"[""PO25CL-GEN-C03-P21-A02"", ""PO25CL-GEN-C03-P14-A09"", ""PO25CL-PLAN-INTRO"", ""PO25CL-GEN-C03-P12-A03"", ""PO25CL-GEN-C03-P18-A01"", ""PO25CL-GEN-C04-P27-A01-02"", ""PO25CL-GEN-C03-P17-A06"", ""PO25CL-GEN-C03-P19-A09"", ""PO25CL-GEN-C03-P18-A06"", ""PO25CL-GEN-C03-P15-A03""]","[0.13898970882377668, 0.05692780710649127, 0.048619396116941896, 0.042812172848299176, 0.04117597863764802, 0.03698167875656622, 0.033106680121252785, 0.030839750072223324, 0.02806236206257698, 0.026808617589255575]",[1],1.0,1.0,1.0,1.0,0.13898970882377668,0.13898970882377668,0.05692780710649127,0.0820619017172854,0.0820619017172854,1.0,1.0,1.0,1.0,1.0,1.0,1.0,1.0,1.0,1.0,1.0,1.0,1.0,1.0,1.0
Q0358,Wer unterzeichnet das Zeugnis im Auftrag des Prüfungsausschussvorsitzes?,fully_answerable,1,"[""PO25CL-GEN-C03-P21-A02""]",0.17338825972953273,0.04666500191265158,0.12672325781688115,"[""PO25CL-GEN-C03-P21-A02"", ""PO25CL-GEN-C03-P21-A04"", ""PO25CL-GEN-C03-P15-A03"", ""PO25CL-GEN-C03-P21-A03"", ""PO25CL-GEN-C03-P17-A05"", ""PO25CL-GEN-C04-P28-A06"", ""PO25CL-GEN-C04-P24-A04"", ""PO25CL-APP-R14"", ""PO25CL-GEN-C01-P04-A02"", ""PO25CL-GEN-C03-P16-A01""]","[0.17338825972953273, 0.04666500191265158, 0.043912921150913685, 0.043788703487922596, 0.040373342925629295, 0.03988125957115268, 0.039141791525062204, 0.03810641854019123, 0.036653248065259, 0.036486350624813924]",[1],1.0,1.0,1.0,1.0,0.17338825972953273,0.17338825972953273,0.04666500191265158,0.12672325781688115,0.12672325781688115,1.0,1.0,1.0,1.0,1.0,1.0,1.0,1.0,1.0,1.0,1.0,1.0,1.0,1.0,1.0
Q0359,Welches Leistungsdatum trägt das Zeugnis zusätzlich zum Ausstellungsdatum?,fully_answerable,1,"[""PO25CL-GEN-C03-P21-A02""]",0.14446834808277476,0.12286874479170695,0.021599603291067804,"[""PO25CL-GEN-C03-P21-A02"", ""PO25CL-GEN-C03-P21-A03"", ""PO25CL-GEN-C03-P18-A08"", ""PO25CL-GEN-C03-P16-A01"", ""PO25CL-GEN-C03-P15-A03"", ""PO25CL-GEN-C04-P28-A06"", ""PO25CL-APP-R14"", ""PO25CL-GEN-C03-P17-A06"", ""PO25CL-GEN-C02-P09-A01"", ""PO25CL-GEN-C01-P04-A05""]","[0.14446834808277476, 0.12286874479170695, 0.03899339223605113, 0.036940627208246646, 0.03104588820889468, 0.028167851129658528, 0.027919038738333075, 0.02400781006077161, 0.023894196957559434, 0.023637182532594718]",[1],1.0,1.0,1.0,1.0,0.14446834808277476,0.14446834808277476,0.12286874479170695,0.021599603291067804,0.021599603291067804,1.0,1.0,1.0,1.0,1.0,1.0,1.0,1.0,1.0,1.0,1.0,1.0,1.0,1.0,1.0
Q0360,Welches Dokument wird mit dem Datum des Zeugnisses zusätzlich ausgehändigt?,fully_answerable,1,"[""PO25CL-GEN-C03-P21-A03""]",0.3446390373321712,0.1291824309603059,0.2154566063718653,"[""PO25CL-GEN-C03-P21-A03"", ""PO25CL-GEN-C03-P20-A04"", ""PO25CL-GEN-C03-P16-A01"", ""PO25CL-GEN-C01-P03-A05"", ""PO25CL-GEN-C02-P09-A04"", ""PO25CL-GEN-C03-P21-A02"", ""PO25CL-GEN-C03-P21-A04"", ""PO25CL-GEN-C03-P20-A02"", ""PO25CL-GEN-C03-P20-A01"", ""PO25CL-FRONT-TITLE""]","[0.3446390373321712, 0.1291824309603059, 0.07825685431651426, 0.07777500576495262, 0.07752214705185985, 0.06380143686065849, 0.056950468815377776, 0.05093654182905884, 0.04848422190633467, 0.046923737514619854]",[1],1.0,1.0,1.0,1.0,0.3446390373321712,0.3446390373321712,0.1291824309603059,0.2154566063718653,0.2154566063718653,1.0,1.0,1.0,1.0,1.0,1.0,1.0,1.0,1.0,1.0,1.0,1.0,1.0,1.0,1.0
Q0361,Welcher akademische Grad wird in der Bachelorurkunde beurkundet?,fully_answerable,1,"[""PO25CL-GEN-C03-P21-A03""]",0.14406414594769604,0.10225032244263416,0.04181382350506188,"[""PO25CL-GEN-C03-P21-A03"", ""PO25CL-GEN-C03-P21-A04"", ""PO25CL-GEN-C03-P21-A01"", ""PO25CL-GEN-C03-P22-U01"", ""PO25CL-APP-R07-M06"", ""PO25CL-PLAN-S03-M01"", ""PO25CL-PLAN-S02-M04"", ""PO25CL-GEN-C03-P11-A06"", ""PO25CL-GEN-C03-P11-A08"", ""PO25CL-GEN-C03-P15-A01""]","[0.14406414594769604, 0.10225032244263416, 0.09400056223279801, 0.06452602155350405, 0.06439183265600604, 0.05097791243465119, 0.048757570732061724, 0.048355107663945684, 0.04538842932044479, 0.04482760105385424]",[1],1.0,1.0,1.0,1.0,0.14406414594769604,0.14406414594769604,0.10225032244263416,0.04181382350506188,0.04181382350506188,1.0,1.0,1.0,1.0,1.0,1.0,1.0,1.0,1.0,1.0,1.0,1.0,1.0,1.0,1.0
Q0362,Wer unterzeichnet die Bachelorurkunde?,fully_answerable,1,"[""PO25CL-GEN-C03-P21-A04""]",0.2368835833532608,0.09202197448978028,0.1448616088634805,"[""PO25CL-GEN-C03-P21-A04"", ""PO25CL-GEN-C03-P21-A03"", ""PO25CL-GEN-C03-P21-A01"", ""PO25CL-GEN-C03-P21-A02"", ""PO25CL-GEN-C03-P17-A05"", ""PO25CL-GEN-C03-P11-A04"", ""PO25CL-GEN-C03-P12-A01"", ""PO25CL-GEN-C03-P12-A02"", ""PO25CL-GEN-C01-P01-A02"", ""PO25CL-GEN-C03-P14-A09""]","[0.2368835833532608, 0.09202197448978028, 0.06631372977647111, 0.062362016363842775, 0.045334351621997004, 0.044887883729226086, 0.035235872337149816, 0.026077380716958184, 0.0223207185804203, 0.022142302925786287]",[1],1.0,1.0,1.0,1.0,0.2368835833532608,0.2368835833532608,0.09202197448978028,0.1448616088634805,0.1448616088634805,1.0,1.0,1.0,1.0,1.0,1.0,1.0,1.0,1.0,1.0,1.0,1.0,1.0,1.0,1.0
Q0363,Mit welchem Kennzeichen der Universität wird die Bachelorurkunde versehen?,fully_answerable,1,"[""PO25CL-GEN-C03-P21-A04""]",0.27204376492799015,0.16636688032013724,0.1056768846078529,"[""PO25CL-GEN-C03-P21-A04"", ""PO25CL-GEN-C03-P21-A03"", ""PO25CL-GEN-C03-P16-A01"", ""PO25CL-GEN-C03-P19-A10"", ""PO25CL-GEN-C03-P14-A02"", ""PO25CL-GEN-C03-P21-A01"", ""PO25CL-FRONT-TITLE"", ""PO25CL-GEN-C03-P19-A04"", ""PO25CL-GEN-C03-P12-A01"", ""PO25CL-GEN-C01-P03-A05""]","[0.27204376492799015, 0.16636688032013724, 0.09835588369564319, 0.08665484432276241, 0.07187705221890153, 0.06403183801318645, 0.06387088369656896, 0.05740112217959893, 0.052668406444521615, 0.052533431526799894]",[1],1.0,1.0,1.0,1.0,0.27204376492799015,0.27204376492799015,0.16636688032013724,0.1056768846078529,0.1056768846078529,1.0,1.0,1.0,1.0,1.0,1.0,1.0,1.0,1.0,1.0,1.0,1.0,1.0,1.0,1.0
Q0364,Welche Fakultät verleiht nach bestandener Bachelorprüfung den akademischen Grad?,fully_answerable,1,"[""PO25CL-GEN-C03-P22-U01""]",0.3670808631768793,0.04474438601623189,0.32233647716064745,"[""PO25CL-GEN-C03-P22-U01"", ""PO25CL-GEN-C03-P10-U01"", ""PO25CL-GEN-C01-P01-A02"", ""PO25CL-GEN-C03-P19-A10"", ""PO25CL-GEN-C03-P21-A03"", ""PO25CL-GEN-C05-P32-U01"", ""PO25CL-GEN-C03-P20-A04"", ""PO25CL-FRONT-TITLE"", ""PO25CL-APP-R11"", ""PO25CL-GEN-C03-P18-A05""]","[0.3670808631768793, 0.04474438601623189, 0.03650444668796502, 0.03440913002156594, 0.03431074189204267, 0.03121436726616509, 0.02912881128814618, 0.0286888754116146, 0.027459707384834924, 0.024664665919156364]",[1],1.0,1.0,1.0,1.0,0.3670808631768793,0.3670808631768793,0.04474438601623189,0.32233647716064745,0.32233647716064745,1.0,1.0,1.0,1.0,1.0,1.0,1.0,1.0,1.0,1.0,1.0,1.0,1.0,1.0,1.0
Q0365,Wie lautet die Abkürzung des verliehenen Bachelorgrades?,fully_answerable,1,"[""PO25CL-GEN-C03-P22-U01""]",0.1341164206220195,0.1027902371054384,0.031326183516581105,"[""PO25CL-GEN-C03-P23-U01"", ""PO25CL-GEN-C01-P05-A03"", ""PO25CL-GEN-C03-P18-A07"", ""PO25CL-GEN-C03-P18-A03"", ""PO25CL-FRONT-PREAMBLE"", ""PO25CL-GEN-C02-P09-A03"", ""PO25CL-GEN-C03-P21-A02"", ""PO25CL-PLAN-INTRO"", ""PO25CL-GEN-C04-P24-A05"", ""PO25CL-GEN-C03-P16-A02""]","[0.1341164206220195, 0.1027902371054384, 0.06023632129922001, 0.040780453947485244, 0.03820183786257862, 0.03514100030330302, 0.0339589225886595, 0.03282017303567093, 0.03230140490505268, 0.03214091151794912]",[63],63.0,63.0,63.0,0.015873015873015872,0.013197493886068471,0.013197493886068471,0.1341164206220195,-0.12091892673595103,-0.12091892673595103,0.0,0.0,0.0,0.0,0.0,0.0,0.0,0.0,0.0,0.0,0.0,0.0,0.0,0.0,0.0
Q0366,Kann der Bachelorgrad wegen nachträglich festgestellter Täuschung aberkannt werden?,fully_answerable,1,"[""PO25CL-GEN-C03-P23-U01""]",0.09293560465972606,0.07911817497639978,0.013817429683326277,"[""PO25CL-GEN-C03-P20-A01"", ""PO25CL-GEN-C03-P23-U01"", ""PO25CL-GEN-C03-P22-U01"", ""PO25CL-GEN-C03-P17-A05"", ""PO25CL-GEN-C03-P19-A04"", ""PO25CL-GEN-C04-P28-A04"", ""PO25CL-GEN-C03-P17-A01"", ""PO25CL-GEN-C04-P28-A01"", ""PO25CL-GEN-C04-P28-A03"", ""PO25CL-GEN-C03-P17-A04""]","[0.09293560465972606, 0.07911817497639978, 0.07289633415076942, 0.06773149521164831, 0.054716580507045934, 0.05431366685351198, 0.052906487038617125, 0.04353361758767827, 0.04249400632859138, 0.04153502064004905]",[2],2.0,2.0,2.0,0.5,0.07911817497639978,0.07911817497639978,0.09293560465972606,-0.013817429683326277,-0.013817429683326277,0.0,0.0,0.0,1.0,1.0,1.0,1.0,1.0,1.0,1.0,1.0,1.0,1.0,1.0,1.0
Q0367,Kann der Bachelorgrad bei irrtümlich angenommenen wesentlichen Voraussetzungen aberkannt werden?,fully_answerable,1,"[""PO25CL-GEN-C03-P23-U01""]",0.10139127831886292,0.07954894161416301,0.021842336704699913,"[""PO25CL-APP-R08"", ""PO25CL-GEN-C03-P23-U01"", ""PO25CL-GEN-C03-P20-A01"", ""PO25CL-GEN-C03-P22-U01"", ""PO25CL-GEN-C03-P19-A04"", ""PO25CL-GEN-C03-P13-A01"", ""PO25CL-GEN-C04-P24-A03"", ""PO25CL-GEN-C03-P14-A10"", ""PO25CL-GEN-C03-P19-A06"", ""PO25CL-GEN-C01-P05-A02""]","[0.10139127831886292, 0.07954894161416301, 0.07209757428512847, 0.06664827554814365, 0.050026736970658646, 0.04901139977227613, 0.03883183203613072, 0.03855589322727671, 0.038401387394625904, 0.03722199913855358]",[2],2.0,2.0,2.0,0.5,0.07954894161416301,0.07954894161416301,0.10139127831886292,-0.021842336704699913,-0.021842336704699913,0.0,0.0,0.0,1.0,1.0,1.0,1.0,1.0,1.0,1.0,1.0,1.0,1.0,1.0,1.0
Q0368,Welche Vorschrift gilt bei der Aberkennung des Bachelorgrades entsprechend?,fully_answerable,1,"[""PO25CL-GEN-C03-P23-U01""]",0.37399716648491343,0.05569240462305637,0.3183047618618571,"[""PO25CL-GEN-C03-P23-U01"", ""PO25CL-GEN-C03-P17-A05"", ""PO25CL-GEN-C03-P16-A01"", ""PO25CL-PLAN-INTRO"", ""PO25CL-GEN-C03-P20-A01"", ""PO25CL-GEN-C03-P15-A10"", ""PO25CL-GEN-C04-P24-A03"", ""PO25CL-GEN-C02-P09-A03"", ""PO25CL-GEN-C03-P19-A06"", ""PO25CL-GEN-C03-P21-A01""]","[0.37399716648491343, 0.05569240462305637, 0.05152439356892402, 0.04988299342116263, 0.04851533520061055, 0.04656785750997207, 0.04541497250619394, 0.04484655073922652, 0.04363785101034804, 0.03783210534364626]",[1],1.0,1.0,1.0,1.0,0.37399716648491343,0.37399716648491343,0.05569240462305637,0.3183047618618571,0.3183047618618571,1.0,1.0,1.0,1.0,1.0,1.0,1.0,1.0,1.0,1.0,1.0,1.0,1.0,1.0,1.0
Q0369,Wer entscheidet über die Aberkennung des Bachelorgrades?,fully_answerable,1,"[""PO25CL-GEN-C03-P23-U01""]",0.37961423263095573,0.07341008539916082,0.3062041472317949,"[""PO25CL-GEN-C03-P23-U01"", ""PO25CL-GEN-C04-P24-A02"", ""PO25CL-GEN-C03-P12-A04"", ""PO25CL-GEN-C03-P20-A02"", ""PO25CL-GEN-C04-P28-A09"", ""PO25CL-GEN-C04-P27-A03"", ""PO25CL-FRONT-PREAMBLE"", ""PO25CL-GEN-C04-P28-A08"", ""PO25CL-GEN-C03-P19-A10"", ""PO25CL-GEN-C03-P12-A02""]","[0.37961423263095573, 0.07341008539916082, 0.05718061244571184, 0.05244517925320226, 0.05033969216873356, 0.03956565404867697, 0.03920731417497972, 0.03792369093513112, 0.03313751847364192, 0.03304973138449202]",[1],1.0,1.0,1.0,1.0,0.37961423263095573,0.37961423263095573,0.07341008539916082,0.3062041472317949,0.3062041472317949,1.0,1.0,1.0,1.0,1.0,1.0,1.0,1.0,1.0,1.0,1.0,1.0,1.0,1.0,1.0
Q0370,Unterliegen die Mitglieder des Prüfungsausschusses der Amtsverschwiegenheit?,fully_answerable,1,"[""PO25CL-GEN-C04-P24-A05""]",0.3496111604922596,0.3268424615982932,0.022768698893966377,"[""PO25CL-GEN-C04-P24-A05"", ""PO25CL-GEN-C04-P24-A04"", ""PO25CL-GEN-C04-P25-A01"", ""PO25CL-GEN-C04-P24-A03"", ""PO25CL-GEN-C04-P24-A01"", ""PO25CL-GEN-C03-P16-A02"", ""PO25CL-GEN-C03-P12-A04"", ""PO25CL-GEN-C03-P15-A03"", ""PO25CL-GEN-C03-P16-A01"", ""PO25CL-GEN-C04-P24-A02""]","[0.3496111604922596, 0.3268424615982932, 0.12357596353065797, 0.11295712728967718, 0.08474579374269808, 0.06345842750100458, 0.056092390897044146, 0.05252392616118885, 0.050376024858107396, 0.04953980349621415]",[1],1.0,1.0,1.0,1.0,0.3496111604922596,0.3496111604922596,0.3268424615982932,0.022768698893966377,0.022768698893966377,1.0,1.0,1.0,1.0,1.0,1.0,1.0,1.0,1.0,1.0,1.0,1.0,1.0,1.0,1.0
Q0371,Welche Fakultät bildet die Prüfungsausschüsse?,fully_answerable,1,"[""PO25CL-GEN-C04-P24-A01""]",0.10088900153664483,0.07862426827856679,0.02226473325807804,"[""PO25CL-GEN-C04-P24-A01"", ""PO25CL-GEN-C04-P24-A06"", ""PO25CL-GEN-C04-P24-A04"", ""PO25CL-GEN-C03-P22-U01"", ""PO25CL-FRONT-TITLE"", ""PO25CL-GEN-C04-P24-A05"", ""PO25CL-GEN-C01-P01-A01"", ""PO25CL-GEN-C03-P21-A04"", ""PO25CL-GEN-C04-P24-A02"", ""PO25CL-PLAN-INTRO""]","[0.10088900153664483, 0.07862426827856679, 0.06135280794292372, 0.05118043850317057, 0.046333998455341044, 0.04587619410542812, 0.04140536405314825, 0.03929692745179265, 0.036641752004935885, 0.03576639126844796]",[1],1.0,1.0,1.0,1.0,0.10088900153664483,0.10088900153664483,0.07862426827856679,0.02226473325807804,0.02226473325807804,1.0,1.0,1.0,1.0,1.0,1.0,1.0,1.0,1.0,1.0,1.0,1.0,1.0,1.0,1.0
Q0372,Welcher Prüfungsausschuss ist für die integrierten Studiengänge zuständig?,fully_answerable,1,"[""PO25CL-GEN-C04-P24-A01""]",0.20240059936792382,0.08412351679083205,0.11827708257709177,"[""PO25CL-GEN-C04-P24-A01"", ""PO25CL-GEN-C03-P23-U01"", ""PO25CL-GEN-C04-P28-A08"", ""PO25CL-GEN-C04-P24-A02"", ""PO25CL-GEN-C01-P04-A01"", ""PO25CL-GEN-C04-P25-A02"", ""PO25CL-APP-R10"", ""PO25CL-GEN-C01-P04-A03"", ""PO25CL-GEN-C04-P29-U01"", ""PO25CL-GEN-C02-P09-A05""]","[0.20240059936792382, 0.08412351679083205, 0.07865477993184247, 0.07178592756861778, 0.06396671890360237, 0.0633641272706716, 0.05951198937469546, 0.052450321672121894, 0.04300098600711294, 0.04258320974688273]",[1],1.0,1.0,1.0,1.0,0.20240059936792382,0.20240059936792382,0.08412351679083205,0.11827708257709177,0.11827708257709177,1.0,1.0,1.0,1.0,1.0,1.0,1.0,1.0,1.0,1.0,1.0,1.0,1.0,1.0,1.0
Q0373,Ist ein Prüfungsausschuss für die Kernfächer zuständig?,fully_answerable,1,"[""PO25CL-GEN-C04-P24-A01""]",0.22915097816810734,0.13051258526624526,0.09863839290186208,"[""PO25CL-GEN-C04-P24-A01"", ""PO25CL-GEN-C04-P29-U01"", ""PO25CL-GEN-C03-P23-U01"", ""PO25CL-GEN-C04-P28-A08"", ""PO25CL-GEN-C04-P24-A02"", ""PO25CL-GEN-C04-P25-A02"", ""PO25CL-APP-R10"", ""PO25CL-GEN-C02-P07-A04"", ""PO25CL-APP-R14"", ""PO25CL-GEN-C02-P07-A05""]","[0.22915097816810734, 0.13051258526624526, 0.11421189985998541, 0.10678716477606655, 0.09746153612679996, 0.086027518042874, 0.08079758942831053, 0.07305160129400998, 0.07220645528592098, 0.05742295626194583]",[1],1.0,1.0,1.0,1.0,0.22915097816810734,0.22915097816810734,0.13051258526624526,0.09863839290186208,0.09863839290186208,1.0,1.0,1.0,1.0,1.0,1.0,1.0,1.0,1.0,1.0,1.0,1.0,1.0,1.0,1.0
Q0374,Welche Leitungsfunktion gehört einem Prüfungsausschuss an?,fully_answerable,1,"[""PO25CL-GEN-C04-P24-A01""]",0.05692038406404341,0.05176616924605529,0.005154214817988119,"[""PO25CL-GEN-C04-P27-A03"", ""PO25CL-GEN-C04-P28-A03"", ""PO25CL-PLAN-INTRO"", ""PO25CL-GEN-C03-P17-A04"", ""PO25CL-GEN-C02-P09-A04"", ""PO25CL-GEN-C01-P04-A02"", ""PO25CL-GEN-C04-P28-A07"", ""PO25CL-GEN-C03-P12-A01"", ""PO25CL-GEN-C04-P28-A06"", ""PO25CL-GEN-C01-P02-A02""]","[0.05692038406404341, 0.05176616924605529, 0.051111403919291, 0.047211447917153496, 0.04632253133958324, 0.045274153410740425, 0.04412987264893287, 0.043588318239494536, 0.03552024017504094, 0.03536042158734196]",[16],16.0,16.0,16.0,0.0625,0.027907698928632332,0.027907698928632332,0.05692038406404341,-0.029012685135411075,-0.029012685135411075,0.0,0.0,0.0,0.0,0.0,0.0,0.0,0.0,0.0,0.0,0.0,0.0,0.0,0.0,0.0
Q0375,Wie viele stellvertretende Vorsitzende hat ein Prüfungsausschuss?,fully_answerable,1,"[""PO25CL-GEN-C04-P24-A01""]",0.16827618784344178,0.0624860987408313,0.10579008910261048,"[""PO25CL-GEN-C04-P24-A01"", ""PO25CL-GEN-C01-P05-A03"", ""PO25CL-GEN-C03-P20-A01"", ""PO25CL-GEN-C04-P29-U01"", ""PO25CL-GEN-C03-P17-A03"", ""PO25CL-GEN-C03-P12-A02"", ""PO25CL-GEN-C04-P26-U01"", ""PO25CL-GEN-C04-P24-A02"", ""PO25CL-GEN-C03-P12-A04"", ""PO25CL-GEN-C03-P21-A01""]","[0.16827618784344178, 0.0624860987408313, 0.05779267160626449, 0.051214303958823, 0.04430621169967413, 0.04136751020535773, 0.039704357134709, 0.038788899060464066, 0.03659135249801723, 0.035708098261329944]",[1],1.0,1.0,1.0,1.0,0.16827618784344178,0.16827618784344178,0.0624860987408313,0.10579008910261048,0.10579008910261048,1.0,1.0,1.0,1.0,1.0,1.0,1.0,1.0,1.0,1.0,1.0,1.0,1.0,1.0,1.0
Q0376,Wie viele weitere Mitglieder gehören einem Prüfungsausschuss an?,fully_answerable,1,"[""PO25CL-GEN-C04-P24-A01""]",0.10765204610657643,0.09328879964141823,0.0143632464651582,"[""PO25CL-GEN-C04-P24-A01"", ""PO25CL-GEN-C04-P24-A04"", ""PO25CL-GEN-C04-P24-A03"", ""PO25CL-GEN-C01-P04-A03"", ""PO25CL-GEN-C01-P05-A03"", ""PO25CL-GEN-C04-P27-A03"", ""PO25CL-GEN-C03-P17-A04"", ""PO25CL-GEN-C02-P09-A04"", ""PO25CL-GEN-C01-P04-A02"", ""PO25CL-GEN-C04-P24-A05""]","[0.10765204610657643, 0.09328879964141823, 0.08138220463203168, 0.07159447039269669, 0.056338832758209056, 0.049290020428989646, 0.04088259892449804, 0.04011284452124581, 0.039205005082358274, 0.03846882855444574]",[1],1.0,1.0,1.0,1.0,0.10765204610657643,0.10765204610657643,0.09328879964141823,0.0143632464651582,0.0143632464651582,1.0,1.0,1.0,1.0,1.0,1.0,1.0,1.0,1.0,1.0,1.0,1.0,1.0,1.0,1.0
Q0377,Wie viele Mitglieder vertreten insgesamt die Gruppe der Professorinnen und Professoren?,fully_answerable,1,"[""PO25CL-GEN-C04-P24-A01""]",0.2655050907697391,0.20545131567375802,0.06005377509598109,"[""PO25CL-GEN-C04-P24-A01"", ""PO25CL-GEN-C04-P25-A03"", ""PO25CL-GEN-C04-P24-A03"", ""PO25CL-GEN-C04-P25-A02"", ""PO25CL-GEN-C04-P24-A04"", ""PO25CL-GEN-C01-P05-A03"", ""PO25CL-GEN-C01-P03-A02"", ""PO25CL-GEN-C04-P24-A05"", ""PO25CL-GEN-C04-P31-A02"", ""PO25CL-GEN-C03-P18-A03""]","[0.2655050907697391, 0.20545131567375802, 0.17812364280696394, 0.050086529160778305, 0.0398190018482325, 0.03851445915070296, 0.037876325686910746, 0.031140477342443323, 0.030294104282279015, 0.029203406622520474]",[1],1.0,1.0,1.0,1.0,0.2655050907697391,0.2655050907697391,0.20545131567375802,0.06005377509598109,0.06005377509598109,1.0,1.0,1.0,1.0,1.0,1.0,1.0,1.0,1.0,1.0,1.0,1.0,1.0,1.0,1.0
Q0378,Wie viele Mitglieder kommen aus der Gruppe der wissenschaftlichen Mitarbeiterinnen und Mitarbeiter?,fully_answerable,1,"[""PO25CL-GEN-C04-P24-A01""]",0.37256057515822955,0.10771657368896036,0.2648440014692692,"[""PO25CL-GEN-C04-P24-A01"", ""PO25CL-GEN-C04-P25-A02"", ""PO25CL-GEN-C04-P24-A03"", ""PO25CL-GEN-C03-P18-A06"", ""PO25CL-GEN-C03-P14-A05"", ""PO25CL-GEN-C03-P14-A04"", ""PO25CL-GEN-C04-P24-A04"", ""PO25CL-GEN-C03-P11-A05"", ""PO25CL-GEN-C04-P25-A06"", ""PO25CL-GEN-C01-P05-A03""]","[0.37256057515822955, 0.10771657368896036, 0.048809101315353695, 0.03932582501230901, 0.03389783551408891, 0.03314178382019343, 0.030523005449021753, 0.02977754054989229, 0.0286318631756483, 0.027326621384431208]",[1],1.0,1.0,1.0,1.0,0.37256057515822955,0.37256057515822955,0.10771657368896036,0.2648440014692692,0.2648440014692692,1.0,1.0,1.0,1.0,1.0,1.0,1.0,1.0,1.0,1.0,1.0,1.0,1.0,1.0,1.0
Q0379,Wie viele Mitglieder kommen aus der Gruppe der Studierenden?,fully_answerable,1,"[""PO25CL-GEN-C04-P24-A01""]",0.37741896426658855,0.1446557594956988,0.23276320477088974,"[""PO25CL-GEN-C04-P24-A01"", ""PO25CL-GEN-C04-P25-A02"", ""PO25CL-GEN-C04-P31-A02"", ""PO25CL-GEN-C04-P30-U01"", ""PO25CL-GEN-C03-P15-A03"", ""PO25CL-GEN-C03-P18-A06"", ""PO25CL-GEN-C01-P01-A01"", ""PO25CL-GEN-C04-P24-A03"", ""PO25CL-GEN-C03-P16-A01"", ""PO25CL-GEN-C03-P14-A05""]","[0.37741896426658855, 0.1446557594956988, 0.05842352331003907, 0.05294404644297518, 0.05253880644270365, 0.051696957091178775, 0.05025607291260108, 0.05006334264599792, 0.04658641604158115, 0.04651423201960708]",[1],1.0,1.0,1.0,1.0,0.37741896426658855,0.37741896426658855,0.1446557594956988,0.23276320477088974,0.23276320477088974,1.0,1.0,1.0,1.0,1.0,1.0,1.0,1.0,1.0,1.0,1.0,1.0,1.0,1.0,1.0
Q0380,Wird für jedes Ausschussmitglied eine Stellvertretung gewählt?,fully_answerable,1,"[""PO25CL-GEN-C04-P24-A01""]",0.10376194937757353,0.08064245524398093,0.0231194941335926,"[""PO25CL-GEN-C01-P02-A01"", ""PO25CL-GEN-C01-P04-A05"", ""PO25CL-GEN-C04-P24-A01"", ""PO25CL-GEN-C03-P12-A04"", ""PO25CL-GEN-C03-P18-A01"", ""PO25CL-GEN-C01-P04-A04"", ""PO25CL-APP-R08"", ""PO25CL-GEN-C04-P29-U01"", ""PO25CL-GEN-C04-P25-A03"", ""PO25CL-GEN-C03-P21-A03""]","[0.10376194937757353, 0.08064245524398093, 0.07028940292377604, 0.06399277556780883, 0.06326706166947677, 0.04614856080456991, 0.043321148812058265, 0.04126444457738197, 0.03873916978548555, 0.03871013768205872]",[3],3.0,3.0,3.0,0.3333333333333333,0.07028940292377604,0.07028940292377604,0.10376194937757353,-0.03347254645379749,-0.03347254645379749,0.0,0.0,0.0,0.0,0.0,0.0,1.0,1.0,1.0,1.0,1.0,1.0,1.0,1.0,1.0
Q0381,Wie lange dauert die Amtszeit der studentischen Mitglieder?,fully_answerable,1,"[""PO25CL-GEN-C04-P24-A01""]",0.19467592792804977,0.0752354418918961,0.11944048603615368,"[""PO25CL-GEN-C04-P24-A01"", ""PO25CL-GEN-C04-P24-A03"", ""PO25CL-GEN-C04-P24-A04"", ""PO25CL-GEN-C01-P05-A03"", ""PO25CL-GEN-C04-P24-A05"", ""PO25CL-GEN-C03-P18-A03"", ""PO25CL-GEN-C03-P12-A02"", ""PO25CL-GEN-C04-P24-A02"", ""PO25CL-PLAN-INTRO"", ""PO25CL-GEN-C03-P14-A06""]","[0.19467592792804977, 0.0752354418918961, 0.042035633277571906, 0.04065846971537879, 0.032873995451837, 0.028559355611293073, 0.028330285383235305, 0.02166187619294776, 0.019430430261450346, 0.01907107831478068]",[1],1.0,1.0,1.0,1.0,0.19467592792804977,0.19467592792804977,0.0752354418918961,0.11944048603615368,0.11944048603615368,1.0,1.0,1.0,1.0,1.0,1.0,1.0,1.0,1.0,1.0,1.0,1.0,1.0,1.0,1.0
Q0382,Wie lange dauert die Amtszeit der übrigen Mitglieder?,fully_answerable,1,"[""PO25CL-GEN-C04-P24-A01""]",0.17761082844163448,0.04861874565228855,0.12899208278934593,"[""PO25CL-GEN-C04-P24-A01"", ""PO25CL-GEN-C04-P24-A04"", ""PO25CL-GEN-C01-P05-A03"", ""PO25CL-GEN-C04-P24-A03"", ""PO25CL-GEN-C04-P24-A05"", ""PO25CL-GEN-C03-P18-A03"", ""PO25CL-GEN-C03-P12-A02"", ""PO25CL-GEN-C04-P28-A03"", ""PO25CL-GEN-C04-P24-A02"", ""PO25CL-PLAN-INTRO""]","[0.17761082844163448, 0.04861874565228855, 0.04702590739266867, 0.04696596760940915, 0.03802232293952669, 0.033031976401782, 0.03276703196569105, 0.025749035365309834, 0.02505429719642672, 0.022473389197160496]",[1],1.0,1.0,1.0,1.0,0.17761082844163448,0.17761082844163448,0.04861874565228855,0.12899208278934593,0.12899208278934593,1.0,1.0,1.0,1.0,1.0,1.0,1.0,1.0,1.0,1.0,1.0,1.0,1.0,1.0,1.0
Q0383,Ist eine Wiederwahl in den Prüfungsausschuss zulässig?,fully_answerable,1,"[""PO25CL-GEN-C04-P24-A01""]",0.08933530133266185,0.08857084944451322,0.0007644518881486234,"[""PO25CL-GEN-C03-P11-A08"", ""PO25CL-GEN-C04-P27-A03"", ""PO25CL-GEN-C01-P01-A02"", ""PO25CL-GEN-C04-P24-A01"", ""PO25CL-GEN-C03-P18-A02"", ""PO25CL-GEN-C03-P17-A04"", ""PO25CL-GEN-C03-P19-A06"", ""PO25CL-GEN-C04-P28-A07"", ""PO25CL-GEN-C04-P25-A02"", ""PO25CL-GEN-C03-P12-A02""]","[0.08933530133266185, 0.08857084944451322, 0.0862794247779256, 0.08315822639957712, 0.07559862999493834, 0.07346327882859752, 0.07034778934427627, 0.06170686107591179, 0.05934083493831566, 0.05856108067463667]",[4],4.0,4.0,4.0,0.25,0.08315822639957712,0.08315822639957712,0.08933530133266185,-0.006177074933084725,-0.006177074933084725,0.0,0.0,0.0,0.0,0.0,0.0,0.0,0.0,0.0,1.0,1.0,1.0,1.0,1.0,1.0
Q0384,Worauf achtet der Prüfungsausschuss bei der Anwendung der Prüfungsordnung?,fully_answerable,1,"[""PO25CL-GEN-C04-P24-A02""]",0.1774706653046069,0.10836655150349093,0.06910411380111596,"[""PO25CL-GEN-C04-P24-A02"", ""PO25CL-GEN-C03-P11-A07"", ""PO25CL-GEN-C04-P24-A03"", ""PO25CL-GEN-C03-P14-A06"", ""PO25CL-GEN-C03-P20-A01"", ""PO25CL-GEN-C01-P01-A01"", ""PO25CL-GEN-C04-P24-A01"", ""PO25CL-GEN-C04-P25-A02"", ""PO25CL-GEN-C03-P16-A01"", ""PO25CL-GEN-C03-P14-A02""]","[0.1774706653046069, 0.10836655150349093, 0.08653959124325901, 0.07967623390735294, 0.07958310669310782, 0.07393102485000305, 0.07166652603467649, 0.07073678521416617, 0.06514234316554404, 0.06306110306952892]",[1],1.0,1.0,1.0,1.0,0.1774706653046069,0.1774706653046069,0.10836655150349093,0.06910411380111596,0.06910411380111596,1.0,1.0,1.0,1.0,1.0,1.0,1.0,1.0,1.0,1.0,1.0,1.0,1.0,1.0,1.0
Q0385,Wer legt die Einzelheiten des Prüfungsverfahrens fest?,fully_answerable,1,"[""PO25CL-GEN-C04-P24-A02""]",0.22557627289515125,0.05228144600389949,0.17329482689125175,"[""PO25CL-GEN-C04-P24-A02"", ""PO25CL-GEN-C04-P24-A06"", ""PO25CL-GEN-C02-P07-A03"", ""PO25CL-GEN-C03-P17-A05"", ""PO25CL-GEN-C03-P11-A04"", ""PO25CL-GEN-C03-P12-A01"", ""PO25CL-FRONT-PREAMBLE"", ""PO25CL-GEN-C01-P05-A03"", ""PO25CL-GEN-C02-P09-A03"", ""PO25CL-GEN-C03-P21-A02""]","[0.22557627289515125, 0.05228144600389949, 0.023056080095492204, 0.022390169862305204, 0.022169663963366622, 0.020190020285392206, 0.017831184816177324, 0.0170747943639502, 0.01640250066731328, 0.015850751134405587]",[1],1.0,1.0,1.0,1.0,0.22557627289515125,0.22557627289515125,0.05228144600389949,0.17329482689125175,0.17329482689125175,1.0,1.0,1.0,1.0,1.0,1.0,1.0,1.0,1.0,1.0,1.0,1.0,1.0,1.0,1.0
Q0386,Wer sorgt für die ordnungsgemäße Durchführung der Prüfungen?,fully_answerable,1,"[""PO25CL-GEN-C04-P24-A02""]",0.25304014053660656,0.08325309681290849,0.16978704372369807,"[""PO25CL-GEN-C04-P24-A02"", ""PO25CL-APP-R10"", ""PO25CL-GEN-C04-P24-A01"", ""PO25CL-GEN-C03-P12-A02"", ""PO25CL-GEN-C03-P23-U01"", ""PO25CL-GEN-C03-P18-A01"", ""PO25CL-GEN-C03-P20-A02"", ""PO25CL-GEN-C02-P07-A05"", ""PO25CL-GEN-C04-P25-A03"", ""PO25CL-FRONT-TITLE""]","[0.25304014053660656, 0.08325309681290849, 0.043597622838237066, 0.04005142749000782, 0.039491797368167145, 0.036054463427872156, 0.03465788914344713, 0.03401956866857327, 0.03397023644340248, 0.033125001198572326]",[1],1.0,1.0,1.0,1.0,0.25304014053660656,0.25304014053660656,0.08325309681290849,0.16978704372369807,0.16978704372369807,1.0,1.0,1.0,1.0,1.0,1.0,1.0,1.0,1.0,1.0,1.0,1.0,1.0,1.0,1.0
Q0387,Wer entscheidet in Zweifelsfällen über die Auslegung der Prüfungsordnung?,fully_answerable,1,"[""PO25CL-GEN-C04-P24-A02""]",0.2994004121420232,0.0646283443129482,0.23477206782907498,"[""PO25CL-GEN-C04-P24-A02"", ""PO25CL-GEN-C04-P28-A09"", ""PO25CL-GEN-C03-P11-A07"", ""PO25CL-GEN-C03-P12-A04"", ""PO25CL-GEN-C03-P20-A02"", ""PO25CL-GEN-C03-P12-A02"", ""PO25CL-GEN-C04-P28-A08"", ""PO25CL-GEN-C04-P27-A03"", ""PO25CL-GEN-C04-P28-A06"", ""PO25CL-GEN-C03-P19-A10""]","[0.2994004121420232, 0.0646283443129482, 0.06065358259659385, 0.04029915266540732, 0.04015098556381185, 0.03662008060928248, 0.03359484827661818, 0.031914208662244745, 0.02963203936227699, 0.028706886236388555]",[1],1.0,1.0,1.0,1.0,0.2994004121420232,0.2994004121420232,0.0646283443129482,0.23477206782907498,0.23477206782907498,1.0,1.0,1.0,1.0,1.0,1.0,1.0,1.0,1.0,1.0,1.0,1.0,1.0,1.0,1.0
Q0388,Wer entscheidet über Widersprüche gegen Prüfungsentscheidungen?,fully_answerable,1,"[""PO25CL-GEN-C04-P24-A02""]",0.21020956711299546,0.05302627981475671,0.15718328729823874,"[""PO25CL-GEN-C04-P24-A02"", ""PO25CL-GEN-C03-P12-A04"", ""PO25CL-GEN-C04-P24-A03"", ""PO25CL-GEN-C04-P28-A09"", ""PO25CL-GEN-C03-P20-A02"", ""PO25CL-GEN-C03-P17-A05"", ""PO25CL-GEN-C03-P11-A04"", ""PO25CL-GEN-C03-P12-A02"", ""PO25CL-GEN-C03-P12-A01"", ""PO25CL-GEN-C04-P28-A04""]","[0.21020956711299546, 0.05302627981475671, 0.03775096879033113, 0.036891646613399644, 0.029062542112114044, 0.028066336153918677, 0.02655333836451374, 0.023590871940668036, 0.020843710217685506, 0.019246178093262557]",[1],1.0,1.0,1.0,1.0,0.21020956711299546,0.21020956711299546,0.05302627981475671,0.15718328729823874,0.15718328729823874,1.0,1.0,1.0,1.0,1.0,1.0,1.0,1.0,1.0,1.0,1.0,1.0,1.0,1.0,1.0
Q0389,Wer erledigt die Regelfälle im Prüfungsausschuss?,fully_answerable,1,"[""PO25CL-GEN-C04-P24-A02""]",0.13080524146070455,0.05456787106404227,0.07623737039666229,"[""PO25CL-GEN-C04-P24-A02"", ""PO25CL-GEN-C03-P17-A05"", ""PO25CL-GEN-C03-P11-A04"", ""PO25CL-GEN-C04-P24-A01"", ""PO25CL-GEN-C04-P28-A08"", ""PO25CL-GEN-C04-P27-A03"", ""PO25CL-GEN-C03-P12-A02"", ""PO25CL-GEN-C04-P28-A06"", ""PO25CL-GEN-C04-P25-A02"", ""PO25CL-GEN-C03-P12-A01""]","[0.13080524146070455, 0.05456787106404227, 0.04549797824401526, 0.04092490719462279, 0.03987904294746225, 0.03843900468856305, 0.038167597621938304, 0.03574212072196743, 0.03416857087921763, 0.03127950936646637]",[1],1.0,1.0,1.0,1.0,0.13080524146070455,0.13080524146070455,0.05456787106404227,0.07623737039666229,0.07623737039666229,1.0,1.0,1.0,1.0,1.0,1.0,1.0,1.0,1.0,1.0,1.0,1.0,1.0,1.0,1.0
Q0390,Wie häufig berichtet der Prüfungsausschuss mindestens an den Fakultätsrat?,fully_answerable,1,"[""PO25CL-GEN-C04-P24-A02""]",0.1203463444792466,0.10709175933420856,0.013254585145038036,"[""PO25CL-GEN-C04-P27-A03"", ""PO25CL-GEN-C04-P24-A02"", ""PO25CL-GEN-C03-P17-A04"", ""PO25CL-GEN-C03-P12-A02"", ""PO25CL-GEN-C04-P25-A02"", ""PO25CL-GEN-C04-P28-A09"", ""PO25CL-GEN-C03-P18-A03"", ""PO25CL-GEN-C01-P05-A03"", ""PO25CL-GEN-C04-P28-A08"", ""PO25CL-GEN-C04-P24-A03""]","[0.1203463444792466, 0.10709175933420856, 0.10365606942836122, 0.08106845860791614, 0.058020315809179386, 0.056558747571287114, 0.05527219576555734, 0.054855178878607955, 0.05234413313643009, 0.052251311439441464]",[2],2.0,2.0,2.0,0.5,0.10709175933420856,0.10709175933420856,0.1203463444792466,-0.013254585145038036,-0.013254585145038036,0.0,0.0,0.0,1.0,1.0,1.0,1.0,1.0,1.0,1.0,1.0,1.0,1.0,1.0,1.0
Q0391,Welche Leitungsperson muss für die Beschlussfähigkeit anwesend sein?,fully_answerable,1,"[""PO25CL-GEN-C04-P24-A03""]",0.09804410147898172,0.0912825021156831,0.0067615993632986204,"[""PO25CL-GEN-C04-P25-A03"", ""PO25CL-APP-R10"", ""PO25CL-GEN-C04-P29-U01"", ""PO25CL-GEN-C03-P15-A06"", ""PO25CL-GEN-C03-P23-U01"", ""PO25CL-GEN-C04-P24-A01"", ""PO25CL-GEN-C02-P07-A05"", ""PO25CL-GEN-C04-P24-A02"", ""PO25CL-GEN-C03-P18-A01"", ""PO25CL-FRONT-TITLE""]","[0.09804410147898172, 0.0912825021156831, 0.07591704310394809, 0.07344738297538117, 0.06771693161276607, 0.06530162360309989, 0.06487459791261067, 0.06374810966255828, 0.0607013813717944, 0.052918425254929194]",[18],18.0,18.0,18.0,0.05555555555555555,0.04277055348564927,0.04277055348564927,0.09804410147898172,-0.05527354799333246,-0.05527354799333246,0.0,0.0,0.0,0.0,0.0,0.0,0.0,0.0,0.0,0.0,0.0,0.0,0.0,0.0,0.0
Q0392,Mit welcher Mehrheit beschließt der Prüfungsausschuss?,fully_answerable,1,"[""PO25CL-GEN-C04-P24-A03""]",0.15632137199990087,0.06847464104719725,0.08784673095270362,"[""PO25CL-GEN-C04-P24-A03"", ""PO25CL-GEN-C04-P24-A02"", ""PO25CL-GEN-C04-P28-A08"", ""PO25CL-GEN-C04-P25-A02"", ""PO25CL-GEN-C03-P20-A01"", ""PO25CL-GEN-C04-P28-A09"", ""PO25CL-GEN-C04-P26-U01"", ""PO25CL-GEN-C03-P20-A02"", ""PO25CL-GEN-C03-P23-U01"", ""PO25CL-GEN-C04-P24-A01""]","[0.15632137199990087, 0.06847464104719725, 0.053589681477252474, 0.05315252122754697, 0.04964445546087333, 0.04916720513340193, 0.04456908962600894, 0.043574686276737475, 0.041489229666373494, 0.04111997623762674]",[1],1.0,1.0,1.0,1.0,0.15632137199990087,0.15632137199990087,0.06847464104719725,0.08784673095270362,0.08784673095270362,1.0,1.0,1.0,1.0,1.0,1.0,1.0,1.0,1.0,1.0,1.0,1.0,1.0,1.0,1.0
Q0393,Wessen Stimme entscheidet bei Stimmengleichheit?,fully_answerable,1,"[""PO25CL-GEN-C04-P24-A03""]",0.1518147912808944,0.04516489429672436,0.10664989698417005,"[""PO25CL-GEN-C04-P24-A03"", ""PO25CL-GEN-C03-P12-A04"", ""PO25CL-GEN-C04-P28-A09"", ""PO25CL-GEN-C03-P19-A06"", ""PO25CL-GEN-C03-P20-A02"", ""PO25CL-GEN-C03-P21-A01"", ""PO25CL-GEN-C03-P20-A01"", ""PO25CL-GEN-C04-P24-A02"", ""PO25CL-GEN-C03-P18-A08"", ""PO25CL-PLAN-INTRO""]","[0.1518147912808944, 0.04516489429672436, 0.03142229335241079, 0.03136073396730126, 0.024753888959836955, 0.02292643583954563, 0.02284349758580836, 0.020005229893162745, 0.019718414207425913, 0.017791101722419902]",[1],1.0,1.0,1.0,1.0,0.1518147912808944,0.1518147912808944,0.04516489429672436,0.10664989698417005,0.10664989698417005,1.0,1.0,1.0,1.0,1.0,1.0,1.0,1.0,1.0,1.0,1.0,1.0,1.0,1.0,1.0
Q0394,Sind Sitzungen des Prüfungsausschusses öffentlich?,fully_answerable,1,"[""PO25CL-GEN-C04-P24-A05""]",0.30737291198164496,0.07271749459821064,0.23465541738343432,"[""PO25CL-GEN-C04-P24-A05"", ""PO25CL-GEN-C04-P24-A04"", ""PO25CL-GEN-C03-P17-A06"", ""PO25CL-GEN-C03-P16-A02"", ""PO25CL-GEN-C03-P12-A04"", ""PO25CL-GEN-C04-P25-A01"", ""PO25CL-GEN-C03-P21-A02"", ""PO25CL-GEN-C03-P15-A07"", ""PO25CL-GEN-C04-P24-A03"", ""PO25CL-GEN-C03-P15-A03""]","[0.30737291198164496, 0.07271749459821064, 0.05923914940363407, 0.05509362441664044, 0.05504727017394754, 0.054352246832784244, 0.04204905479585977, 0.04150640725984364, 0.037598930810699996, 0.037155669074837264]",[1],1.0,1.0,1.0,1.0,0.30737291198164496,0.30737291198164496,0.07271749459821064,0.23465541738343432,0.23465541738343432,1.0,1.0,1.0,1.0,1.0,1.0,1.0,1.0,1.0,1.0,1.0,1.0,1.0,1.0,1.0
Q0395,Wer stellt die Prüfungsunfähigkeit fest?,fully_answerable,1,"[""PO25CL-GEN-C04-P24-A06""]",0.4042527475056839,0.03381140718540743,0.3704413403202765,"[""PO25CL-GEN-C04-P24-A06"", ""PO25CL-GEN-C03-P21-A01"", ""PO25CL-GEN-C02-P07-A03"", ""PO25CL-GEN-C04-P24-A02"", ""PO25CL-GEN-C03-P17-A05"", ""PO25CL-GEN-C03-P11-A04"", ""PO25CL-GEN-C03-P12-A01"", ""PO25CL-GEN-C03-P12-A02"", ""PO25CL-GEN-C01-P01-A02"", ""PO25CL-GEN-C03-P14-A09""]","[0.4042527475056839, 0.03381140718540743, 0.033335466808162226, 0.032855988438403434, 0.03237266530922222, 0.03205384844856653, 0.02516147383247356, 0.018621515206178336, 0.015938932094810756, 0.015811527818213798]",[1],1.0,1.0,1.0,1.0,0.4042527475056839,0.4042527475056839,0.03381140718540743,0.3704413403202765,0.3704413403202765,1.0,1.0,1.0,1.0,1.0,1.0,1.0,1.0,1.0,1.0,1.0,1.0,1.0,1.0,1.0
Q0396,Sind Prüferinnen und Prüfer in ihrer Prüfungstätigkeit an Weisungen gebunden?,fully_answerable,1,"[""PO25CL-GEN-C04-P25-A01""]",0.3160819945936726,0.19023432396268153,0.12584767063099106,"[""PO25CL-GEN-C04-P25-A01"", ""PO25CL-GEN-C04-P25-A02"", ""PO25CL-GEN-C04-P25-A06"", ""PO25CL-GEN-C04-P25-A04"", ""PO25CL-GEN-C04-P25-A03"", ""PO25CL-GEN-C04-P25-A05"", ""PO25CL-GEN-C03-P11-A08"", ""PO25CL-GEN-C03-P12-A01"", ""PO25CL-GEN-C03-P13-A01"", ""PO25CL-GEN-C03-P16-A02""]","[0.3160819945936726, 0.19023432396268153, 0.16761020354530962, 0.12485141222241883, 0.10118174974646366, 0.09306194477428756, 0.05704444891782265, 0.048849690852581895, 0.044070961775208445, 0.037312797651233985]",[1],1.0,1.0,1.0,1.0,0.3160819945936726,0.3160819945936726,0.19023432396268153,0.12584767063099106,0.12584767063099106,1.0,1.0,1.0,1.0,1.0,1.0,1.0,1.0,1.0,1.0,1.0,1.0,1.0,1.0,1.0
Q0397,Welcher Pflicht unterliegen Prüferinnen und Prüfer hinsichtlich vertraulicher Informationen?,fully_answerable,1,"[""PO25CL-GEN-C04-P25-A01""]",0.24276902296048827,0.22620721416027165,0.016561808800216626,"[""PO25CL-GEN-C04-P25-A01"", ""PO25CL-GEN-C04-P25-A06"", ""PO25CL-GEN-C04-P25-A02"", ""PO25CL-GEN-C04-P25-A04"", ""PO25CL-GEN-C04-P25-A03"", ""PO25CL-GEN-C04-P25-A05"", ""PO25CL-GEN-C03-P11-A08"", ""PO25CL-GEN-C03-P16-A02"", ""PO25CL-GEN-C02-P06-U01"", ""PO25CL-GEN-C04-P28-A03""]","[0.24276902296048827, 0.22620721416027165, 0.18872452566464126, 0.16578849883439578, 0.13237369387361186, 0.11872302768724284, 0.0528298729708395, 0.051194490640980125, 0.04673983699194303, 0.0383363226275151]",[1],1.0,1.0,1.0,1.0,0.24276902296048827,0.24276902296048827,0.22620721416027165,0.016561808800216626,0.016561808800216626,1.0,1.0,1.0,1.0,1.0,1.0,1.0,1.0,1.0,1.0,1.0,1.0,1.0,1.0,1.0
Q0398,Wer ist für die Bestellung von Prüferinnen und Prüfern zuständig?,fully_answerable,1,"[""PO25CL-GEN-C04-P25-A02""]",0.35266264834241273,0.14910299776394642,0.2035596505784663,"[""PO25CL-GEN-C04-P25-A02"", ""PO25CL-GEN-C04-P25-A06"", ""PO25CL-GEN-C03-P11-A08"", ""PO25CL-GEN-C04-P25-A04"", ""PO25CL-GEN-C04-P25-A03"", ""PO25CL-GEN-C04-P25-A01"", ""PO25CL-GEN-C04-P24-A01"", ""PO25CL-GEN-C04-P28-A08"", ""PO25CL-GEN-C03-P23-U01"", ""PO25CL-GEN-C04-P24-A02""]","[0.35266264834241273, 0.14910299776394642, 0.11070114962119028, 0.08042795426431931, 0.0698629460706059, 0.06817385598392085, 0.06535604613956295, 0.060981670706226024, 0.059533359183433394, 0.05064728474888113]",[1],1.0,1.0,1.0,1.0,0.35266264834241273,0.35266264834241273,0.14910299776394642,0.2035596505784663,0.2035596505784663,1.0,1.0,1.0,1.0,1.0,1.0,1.0,1.0,1.0,1.0,1.0,1.0,1.0,1.0,1.0
Q0399,Benötigen Lehrende einer prüfungsbezogenen Veranstaltung eine ausdrückliche Bestellung als Prüfende?,fully_answerable,1,"[""PO25CL-GEN-C04-P25-A02""]",0.1605977768929322,0.09251738348115038,0.06808039341178182,"[""PO25CL-GEN-C04-P25-A02"", ""PO25CL-GEN-C03-P19-A06"", ""PO25CL-GEN-C03-P19-A05"", ""PO25CL-GEN-C03-P11-A06"", ""PO25CL-GEN-C03-P17-A05"", ""PO25CL-GEN-C03-P18-A04"", ""PO25CL-GEN-C03-P14-A05"", ""PO25CL-GEN-C03-P14-A09"", ""PO25CL-APP-R09"", ""PO25CL-GEN-C03-P17-A01""]","[0.1605977768929322, 0.09251738348115038, 0.08887961468792852, 0.07371029391722006, 0.07306327177265398, 0.0652099294536533, 0.06413859218579997, 0.06413513704785077, 0.059797383445676935, 0.058421992350067155]",[1],1.0,1.0,1.0,1.0,0.1605977768929322,0.1605977768929322,0.09251738348115038,0.06808039341178182,0.06808039341178182,1.0,1.0,1.0,1.0,1.0,1.0,1.0,1.0,1.0,1.0,1.0,1.0,1.0,1.0,1.0
Q0400,Können Gutachtende für Abschlussarbeiten aus dem Kreis der Hochschullehrenden bestellt werden?,fully_answerable,1,"[""PO25CL-GEN-C04-P25-A02""]",0.19426160965827774,0.1568260849982295,0.037435524660048236,"[""PO25CL-GEN-C04-P25-A02"", ""PO25CL-GEN-C04-P25-A03"", ""PO25CL-GEN-C04-P25-A06"", ""PO25CL-GEN-C04-P25-A04"", ""PO25CL-GEN-C03-P18-A06"", ""PO25CL-GEN-C04-P24-A01"", ""PO25CL-GEN-C01-P04-A02"", ""PO25CL-GEN-C03-P14-A05"", ""PO25CL-GEN-C01-P05-A02"", ""PO25CL-GEN-C03-P14-A04""]","[0.19426160965827774, 0.1568260849982295, 0.08828966742123874, 0.07388798279729682, 0.07150750787223156, 0.05491880123742541, 0.048406925313893664, 0.046028456572226775, 0.04042479614495301, 0.03995140246503555]",[1],1.0,1.0,1.0,1.0,0.19426160965827774,0.19426160965827774,0.1568260849982295,0.037435524660048236,0.037435524660048236,1.0,1.0,1.0,1.0,1.0,1.0,1.0,1.0,1.0,1.0,1.0,1.0,1.0,1.0,1.0
Q0401,Dürfen Kandidatinnen und Kandidaten eine prüfende Person für die Bachelorarbeit vorschlagen?,fully_answerable,1,"[""PO25CL-GEN-C04-P25-A03""]",0.25063043903088256,0.2018656563209888,0.04876478270989376,"[""PO25CL-GEN-C04-P25-A03"", ""PO25CL-GEN-C03-P15-A02"", ""PO25CL-GEN-C03-P15-A08"", ""PO25CL-GEN-C03-P12-A04"", ""PO25CL-GEN-C03-P15-A06"", ""PO25CL-GEN-C03-P14-A08"", ""PO25CL-GEN-C03-P14-A09"", ""PO25CL-APP-R10"", ""PO25CL-GEN-C03-P18-A01"", ""PO25CL-GEN-C01-P03-A05""]","[0.25063043903088256, 0.2018656563209888, 0.12264588469101262, 0.12190995480947871, 0.08685847004620884, 0.08540322219243333, 0.07506881480771463, 0.06548586578347292, 0.053733242999462284, 0.05208088545315849]",[1],1.0,1.0,1.0,1.0,0.25063043903088256,0.25063043903088256,0.2018656563209888,0.04876478270989376,0.04876478270989376,1.0,1.0,1.0,1.0,1.0,1.0,1.0,1.0,1.0,1.0,1.0,1.0,1.0,1.0,1.0
Q0402,Wie soll mit Vorschlägen für Prüfende der Bachelorarbeit umgegangen werden?,fully_answerable,1,"[""PO25CL-GEN-C04-P25-A03""]",0.1583171719521695,0.1317001368207096,0.026617035131459882,"[""PO25CL-GEN-C03-P16-A03"", ""PO25CL-GEN-C03-P15-A01"", ""PO25CL-GEN-C03-P19-A06"", ""PO25CL-GEN-C03-P15-A05"", ""PO25CL-GEN-C03-P16-A01"", ""PO25CL-GEN-C04-P25-A03"", ""PO25CL-GEN-C03-P18-A05"", ""PO25CL-GEN-C01-P05-A03"", ""PO25CL-GEN-C03-P15-A10"", ""PO25CL-GEN-C03-P15-A09""]","[0.1583171719521695, 0.1317001368207096, 0.11316358047721072, 0.10485937273059476, 0.09613360057656678, 0.09300062181899087, 0.08148159540816641, 0.08124200699741253, 0.07827477529072388, 0.07458828085002649]",[6],6.0,6.0,6.0,0.16666666666666666,0.09300062181899087,0.09300062181899087,0.1583171719521695,-0.06531655013317862,-0.06531655013317862,0.0,0.0,0.0,0.0,0.0,0.0,0.0,0.0,0.0,0.0,0.0,0.0,1.0,1.0,1.0
Q0403,Muss mindestens eine prüfende Person der Bachelorarbeit hauptamtlich im Studiengang lehren?,fully_answerable,1,"[""PO25CL-GEN-C04-P25-A03""]",0.21703854020070354,0.1248022963809888,0.09223624381971474,"[""PO25CL-GEN-C03-P11-A06"", ""PO25CL-GEN-C03-P16-A03"", ""PO25CL-GEN-C03-P15-A01"", ""PO25CL-GEN-C04-P25-A03"", ""PO25CL-GEN-C03-P15-A10"", ""PO25CL-GEN-C03-P19-A06"", ""PO25CL-GEN-C03-P15-A06"", ""PO25CL-GEN-C03-P15-A05"", ""PO25CL-GEN-C03-P16-A01"", ""PO25CL-GEN-C03-P18-A05""]","[0.21703854020070354, 0.1248022963809888, 0.11502622151082773, 0.11462715254781017, 0.08831280047758887, 0.0817444429677403, 0.072836547012717, 0.06773062478928392, 0.06464080225774742, 0.06444011798726747]",[4],4.0,4.0,4.0,0.25,0.11462715254781017,0.11462715254781017,0.21703854020070354,-0.10241138765289337,-0.10241138765289337,0.0,0.0,0.0,0.0,0.0,0.0,0.0,0.0,0.0,1.0,1.0,1.0,1.0,1.0,1.0
Q0404,Können auf begründeten Antrag weitere Personen zu Prüfenden bestellt werden?,fully_answerable,1,"[""PO25CL-GEN-C04-P25-A04""]",0.31082061950574524,0.1415848418877069,0.16923577761803835,"[""PO25CL-GEN-C04-P25-A04"", ""PO25CL-GEN-C03-P15-A04"", ""PO25CL-GEN-C04-P25-A06"", ""PO25CL-GEN-C04-P26-U01"", ""PO25CL-GEN-C04-P29-U01"", ""PO25CL-GEN-C04-P27-A03"", ""PO25CL-GEN-C03-P15-A07"", ""PO25CL-GEN-C03-P11-A03"", ""PO25CL-GEN-C04-P27-A01-02"", ""PO25CL-GEN-C03-P15-A03""]","[0.31082061950574524, 0.1415848418877069, 0.09555722071047121, 0.059373511824948766, 0.04564407496186669, 0.04432464898490299, 0.04411221855977028, 0.04375063891134871, 0.042073098896273954, 0.0403131395368716]",[1],1.0,1.0,1.0,1.0,0.31082061950574524,0.31082061950574524,0.1415848418877069,0.16923577761803835,0.16923577761803835,1.0,1.0,1.0,1.0,1.0,1.0,1.0,1.0,1.0,1.0,1.0,1.0,1.0,1.0,1.0
Q0405,Wie weisen Beisitzende ihre Sachkenntnis nach?,fully_answerable,1,"[""PO25CL-GEN-C04-P25-A05""]",0.14396509423182613,0.060632944030954226,0.0833321502008719,"[""PO25CL-GEN-C04-P25-A05"", ""PO25CL-GEN-C01-P05-A03"", ""PO25CL-GEN-C04-P30-U01"", ""PO25CL-APP-R11"", ""PO25CL-GEN-C04-P31-A01"", ""PO25CL-GEN-C03-P18-A03"", ""PO25CL-PLAN-INTRO"", ""PO25CL-GEN-C03-P19-A04"", ""PO25CL-GEN-C03-P20-A04"", ""PO25CL-PLAN-S05-M03""]","[0.14396509423182613, 0.060632944030954226, 0.04852493302643649, 0.04160991218622673, 0.03796963467287642, 0.032281905885847215, 0.027356790407500317, 0.025554416631190662, 0.021133732270210787, 0.019858023019582578]",[1],1.0,1.0,1.0,1.0,0.14396509423182613,0.14396509423182613,0.060632944030954226,0.0833321502008719,0.0833321502008719,1.0,1.0,1.0,1.0,1.0,1.0,1.0,1.0,1.0,1.0,1.0,1.0,1.0,1.0,1.0
Q0406,Unterliegen Beisitzende der Verschwiegenheit?,fully_answerable,1,"[""PO25CL-GEN-C04-P25-A05""]",0.14507818869515415,0.11967284908726204,0.02540533960789211,"[""PO25CL-GEN-C04-P24-A05"", ""PO25CL-GEN-C04-P25-A01"", ""PO25CL-GEN-C04-P25-A05"", ""PO25CL-GEN-C03-P15-A03"", ""PO25CL-GEN-C03-P14-A06"", ""PO25CL-GEN-C03-P16-A01"", ""PO25CL-GEN-C03-P11-A07"", ""PO25CL-GEN-C04-P24-A02"", ""PO25CL-APP-R07-M06"", ""PO25CL-GEN-C03-P14-A02""]","[0.14507818869515415, 0.11967284908726204, 0.0615342310869371, 0.0323966685307369, 0.03208381887381502, 0.030259718413105083, 0.02823718919967897, 0.027533110391512856, 0.027402908345345044, 0.027075976257883213]",[3],3.0,3.0,3.0,0.3333333333333333,0.0615342310869371,0.0615342310869371,0.14507818869515415,-0.08354395760821706,-0.08354395760821706,0.0,0.0,0.0,0.0,0.0,0.0,1.0,1.0,1.0,1.0,1.0,1.0,1.0,1.0,1.0
Q0407,Wer bestellt die Prüfenden für die Bachelorprüfung?,fully_answerable,1,"[""PO25CL-GEN-C04-P25-A06""]",0.1741376814164653,0.11732815833247845,0.056809523083986846,"[""PO25CL-GEN-C04-P25-A06"", ""PO25CL-GEN-C01-P01-A02"", ""PO25CL-GEN-C04-P29-U01"", ""PO25CL-GEN-C03-P10-U01"", ""PO25CL-APP-R10"", ""PO25CL-GEN-C03-P22-U01"", ""PO25CL-GEN-C03-P20-A02"", ""PO25CL-GEN-C04-P24-A02"", ""PO25CL-GEN-C03-P14-A09"", ""PO25CL-GEN-C04-P24-A01""]","[0.1741376814164653, 0.11732815833247845, 0.10181864383494389, 0.10129452195977368, 0.08237602379323974, 0.08173933665653056, 0.06722472720603315, 0.06717595537970945, 0.06597809810082544, 0.06520636455097048]",[1],1.0,1.0,1.0,1.0,0.1741376814164653,0.1741376814164653,0.11732815833247845,0.056809523083986846,0.056809523083986846,1.0,1.0,1.0,1.0,1.0,1.0,1.0,1.0,1.0,1.0,1.0,1.0,1.0,1.0,1.0
Q0408,Wer bestellt die Beisitzenden für die Bachelorprüfung?,fully_answerable,1,"[""PO25CL-GEN-C04-P25-A06""]",0.18710922291601179,0.12606795010239,0.06104127281362179,"[""PO25CL-GEN-C04-P25-A06"", ""PO25CL-GEN-C01-P01-A02"", ""PO25CL-GEN-C04-P29-U01"", ""PO25CL-GEN-C03-P10-U01"", ""PO25CL-APP-R10"", ""PO25CL-GEN-C03-P22-U01"", ""PO25CL-GEN-C03-P20-A02"", ""PO25CL-GEN-C04-P24-A02"", ""PO25CL-GEN-C04-P24-A01"", ""PO25CL-GEN-C03-P23-U01""]","[0.18710922291601179, 0.12606795010239, 0.10940312958891371, 0.10883996579817824, 0.08851222592083167, 0.08782811186566994, 0.07223230702250759, 0.07217990217566805, 0.07006359623642401, 0.06845547411395045]",[1],1.0,1.0,1.0,1.0,0.18710922291601179,0.18710922291601179,0.12606795010239,0.06104127281362179,0.06104127281362179,1.0,1.0,1.0,1.0,1.0,1.0,1.0,1.0,1.0,1.0,1.0,1.0,1.0,1.0,1.0
Q0409,Wie lange können ausgeschiedene Prüfungsberechtigte noch bestellt werden?,fully_answerable,1,"[""PO25CL-GEN-C04-P25-A06""]",0.174105787114163,0.10718961282653099,0.06691617428763201,"[""PO25CL-GEN-C04-P25-A06"", ""PO25CL-GEN-C04-P25-A04"", ""PO25CL-GEN-C01-P05-A03"", ""PO25CL-PLAN-INTRO"", ""PO25CL-GEN-C04-P28-A09"", ""PO25CL-GEN-C03-P14-A01"", ""PO25CL-GEN-C04-P29-U01"", ""PO25CL-GEN-C03-P18-A01"", ""PO25CL-GEN-C03-P18-A03"", ""PO25CL-GEN-C02-P07-A04""]","[0.174105787114163, 0.10718961282653099, 0.062048477248062235, 0.0425377870926635, 0.03658406797367396, 0.036162496609717404, 0.033141893602976154, 0.03222812562564086, 0.03112678584846116, 0.026292152717950303]",[1],1.0,1.0,1.0,1.0,0.174105787114163,0.174105787114163,0.10718961282653099,0.06691617428763201,0.06691617428763201,1.0,1.0,1.0,1.0,1.0,1.0,1.0,1.0,1.0,1.0,1.0,1.0,1.0,1.0,1.0
Q0410,Kann die Zweijahresfrist für ausgeschiedene Prüfungsberechtigte verlängert werden?,fully_answerable,1,"[""PO25CL-GEN-C04-P25-A06""]",0.14840184276150384,0.1446126726324843,0.0037891701290195257,"[""PO25CL-GEN-C04-P25-A06"", ""PO25CL-GEN-C03-P14-A10"", ""PO25CL-GEN-C03-P14-A03"", ""PO25CL-GEN-C03-P15-A07"", ""PO25CL-GEN-C02-P08-U01"", ""PO25CL-GEN-C04-P27-A01-02"", ""PO25CL-GEN-C03-P18-A01"", ""PO25CL-GEN-C04-P28-A03"", ""PO25CL-GEN-C02-P09-A01"", ""PO25CL-GEN-C04-P24-A01""]","[0.14840184276150384, 0.1446126726324843, 0.0931391776789548, 0.06461026234877917, 0.05444710149971159, 0.05356120790294989, 0.052001513765284335, 0.046442285590027804, 0.046032868191687226, 0.04490041751440935]",[1],1.0,1.0,1.0,1.0,0.14840184276150384,0.14840184276150384,0.1446126726324843,0.0037891701290195257,0.0037891701290195257,1.0,1.0,1.0,1.0,1.0,1.0,1.0,1.0,1.0,1.0,1.0,1.0,1.0,1.0,1.0
Q0411,Wer ist für den Einsatz von Prüfenden bei Modulprüfungen zuständig?,fully_answerable,1,"[""PO25CL-GEN-C04-P25-A02""]",0.11952349913659638,0.11664005562170593,0.002883443514890449,"[""PO25CL-GEN-C04-P25-A02"", ""PO25CL-GEN-C03-P17-A05"", ""PO25CL-GEN-C03-P12-A01"", ""PO25CL-GEN-C04-P28-A02"", ""PO25CL-GEN-C03-P12-A02"", ""PO25CL-GEN-C04-P28-A08"", ""PO25CL-GEN-C03-P14-A09"", ""PO25CL-GEN-C04-P24-A01"", ""PO25CL-GEN-C03-P23-U01"", ""PO25CL-GEN-C03-P11-A09""]","[0.11952349913659638, 0.11664005562170593, 0.07786958962134855, 0.07044874484826139, 0.06189026041753492, 0.05812913511057713, 0.05695782284428054, 0.056482787430427436, 0.054060600797439476, 0.05263893180459133]",[1],1.0,1.0,1.0,1.0,0.11952349913659638,0.11952349913659638,0.11664005562170593,0.002883443514890449,0.002883443514890449,1.0,1.0,1.0,1.0,1.0,1.0,1.0,1.0,1.0,1.0,1.0,1.0,1.0,1.0,1.0
Q0412,Wer entscheidet über eine beantragte Verlängerung einer Prüfungsfrist?,fully_answerable,1,"[""PO25CL-GEN-C04-P26-U01""]",0.14805317267467383,0.05931978019748428,0.08873339247718955,"[""PO25CL-GEN-C03-P12-A04"", ""PO25CL-GEN-C04-P24-A02"", ""PO25CL-GEN-C04-P26-U01"", ""PO25CL-GEN-C03-P17-A05"", ""PO25CL-GEN-C03-P11-A06"", ""PO25CL-GEN-C04-P28-A09"", ""PO25CL-GEN-C03-P20-A02"", ""PO25CL-GEN-C03-P11-A04"", ""PO25CL-GEN-C03-P12-A02"", ""PO25CL-GEN-C03-P14-A05""]","[0.14805317267467383, 0.05931978019748428, 0.05577680933423821, 0.05140053511047761, 0.04680742220017975, 0.046359078779058684, 0.04451687956843835, 0.042499391863773585, 0.04220631096937505, 0.04072921167750938]",[3],3.0,3.0,3.0,0.3333333333333333,0.05577680933423821,0.05577680933423821,0.14805317267467383,-0.09227636334043562,-0.09227636334043562,0.0,0.0,0.0,0.0,0.0,0.0,1.0,1.0,1.0,1.0,1.0,1.0,1.0,1.0,1.0
Q0413,Wer muss den Antrag auf Verlängerung einer Prüfungsfrist stellen?,fully_answerable,1,"[""PO25CL-GEN-C04-P26-U01""]",0.12614719788581824,0.11375042443215239,0.012396773453665855,"[""PO25CL-GEN-C03-P21-A01"", ""PO25CL-GEN-C04-P27-A03"", ""PO25CL-GEN-C04-P26-U01"", ""PO25CL-GEN-C04-P27-A01-02"", ""PO25CL-GEN-C03-P17-A05"", ""PO25CL-GEN-C04-P25-A04"", ""PO25CL-GEN-C03-P11-A06"", ""PO25CL-GEN-C03-P12-A02"", ""PO25CL-GEN-C04-P24-A06"", ""PO25CL-GEN-C03-P15-A07""]","[0.12614719788581824, 0.11375042443215239, 0.09785446719841065, 0.07575480942221866, 0.052094427396729155, 0.04775633236342752, 0.04575157900486916, 0.04416587657754924, 0.04157140296051075, 0.04133581792520464]",[3],3.0,3.0,3.0,0.3333333333333333,0.09785446719841065,0.09785446719841065,0.12614719788581824,-0.02829273068740759,-0.02829273068740759,0.0,0.0,0.0,0.0,0.0,0.0,1.0,1.0,1.0,1.0,1.0,1.0,1.0,1.0,1.0
Q0414,Kann für die Bachelorarbeit nach § 15 Absatz 4 eine Nachfrist beantragt werden?,fully_answerable,1,"[""PO25CL-GEN-C04-P26-U01""]",0.1544398921491649,0.1521777825172304,0.002262109631934489,"[""PO25CL-GEN-C03-P19-A06"", ""PO25CL-GEN-C04-P25-A03"", ""PO25CL-GEN-C03-P15-A04"", ""PO25CL-GEN-C03-P15-A02"", ""PO25CL-GEN-C03-P15-A08"", ""PO25CL-GEN-C03-P14-A10"", ""PO25CL-GEN-C03-P19-A03"", ""PO25CL-GEN-C04-P26-U01"", ""PO25CL-GEN-C03-P15-A05"", ""PO25CL-APP-R10""]","[0.1544398921491649, 0.1521777825172304, 0.14973570946851847, 0.11142545119942844, 0.08395630559267978, 0.08340979423781651, 0.08044432005968385, 0.07974222953560596, 0.07585244435629486, 0.07367356925627377]",[8],8.0,8.0,8.0,0.125,0.07974222953560596,0.07974222953560596,0.1544398921491649,-0.07469766261355894,-0.07469766261355894,0.0,0.0,0.0,0.0,0.0,0.0,0.0,0.0,0.0,0.0,0.0,0.0,1.0,1.0,1.0
Q0415,Was muss im Antrag auf Fristverlängerung glaubhaft gemacht werden?,fully_answerable,1,"[""PO25CL-GEN-C04-P26-U01""]",0.16893748164556344,0.09633638529748566,0.07260109634807778,"[""PO25CL-GEN-C03-P17-A03"", ""PO25CL-GEN-C04-P27-A03"", ""PO25CL-GEN-C04-P27-A01-02"", ""PO25CL-GEN-C04-P26-U01"", ""PO25CL-GEN-C03-P15-A05"", ""PO25CL-GEN-C03-P15-A07"", ""PO25CL-GEN-C03-P21-A01"", ""PO25CL-GEN-C04-P25-A04"", ""PO25CL-GEN-C03-P17-A02"", ""PO25CL-GEN-C04-P28-A03""]","[0.16893748164556344, 0.09633638529748566, 0.0820089666764039, 0.08188277388163098, 0.0760967003177885, 0.056849198220606155, 0.05213780440586437, 0.047579225342554286, 0.03957193805154041, 0.039098095940965374]",[4],4.0,4.0,4.0,0.25,0.08188277388163098,0.08188277388163098,0.16893748164556344,-0.08705470776393245,-0.08705470776393245,0.0,0.0,0.0,0.0,0.0,0.0,0.0,0.0,0.0,1.0,1.0,1.0,1.0,1.0,1.0
Q0416,Welcher Nachweis ist bei länger andauernder Krankheit für einen Nachteilsausgleich erforderlich?,fully_answerable,1,"[""PO25CL-GEN-C04-P27-A01-02""]",0.1497022265498564,0.08123695283787824,0.06846527371197816,"[""PO25CL-GEN-C04-P27-A01-02"", ""PO25CL-GEN-C04-P27-A03"", ""PO25CL-PLAN-INTRO"", ""PO25CL-APP-R14"", ""PO25CL-GEN-C03-P19-A01"", ""PO25CL-GEN-C02-P08-U01"", ""PO25CL-GEN-C03-P14-A10"", ""PO25CL-GEN-C03-P11-A04"", ""PO25CL-GEN-C04-P29-U01"", ""PO25CL-GEN-C03-P17-A03""]","[0.1497022265498564, 0.08123695283787824, 0.04890563704637507, 0.04335561452681504, 0.04210126218424018, 0.03862492756801719, 0.03309152612554804, 0.028545384872261124, 0.027518749164265326, 0.0255165314754171]",[1],1.0,1.0,1.0,1.0,0.1497022265498564,0.1497022265498564,0.08123695283787824,0.06846527371197816,0.06846527371197816,1.0,1.0,1.0,1.0,1.0,1.0,1.0,1.0,1.0,1.0,1.0,1.0,1.0,1.0,1.0
Q0417,Kann eine ständige seelische Behinderung einen Nachteilsausgleich begründen?,fully_answerable,1,"[""PO25CL-GEN-C04-P27-A01-02""]",0.11765534821507723,0.11206821020698823,0.005587138008088993,"[""PO25CL-GEN-C04-P27-A03"", ""PO25CL-GEN-C04-P27-A01-02"", ""PO25CL-GEN-C03-P17-A06"", ""PO25CL-GEN-C03-P14-A10"", ""PO25CL-GEN-C03-P14-A04"", ""PO25CL-GEN-C03-P19-A03"", ""PO25CL-GEN-C04-P29-U01"", ""PO25CL-GEN-C03-P19-A05"", ""PO25CL-GEN-C03-P14-A09"", ""PO25CL-GEN-C03-P19-A04""]","[0.11765534821507723, 0.11206821020698823, 0.05525953146511187, 0.043535379778552576, 0.043010838422180696, 0.04209212989055887, 0.04023015886992124, 0.03968583782117204, 0.03815716088546708, 0.03569795163783117]",[2],2.0,2.0,2.0,0.5,0.11206821020698823,0.11206821020698823,0.11765534821507723,-0.005587138008088993,-0.005587138008088993,0.0,0.0,0.0,1.0,1.0,1.0,1.0,1.0,1.0,1.0,1.0,1.0,1.0,1.0,1.0
Q0418,Kann eine ständige körperliche Behinderung einen Nachteilsausgleich begründen?,fully_answerable,1,"[""PO25CL-GEN-C04-P27-A01-02""]",0.11765534821507723,0.11206821020698823,0.005587138008088993,"[""PO25CL-GEN-C04-P27-A03"", ""PO25CL-GEN-C04-P27-A01-02"", ""PO25CL-GEN-C03-P17-A06"", ""PO25CL-GEN-C03-P14-A10"", ""PO25CL-GEN-C03-P14-A04"", ""PO25CL-GEN-C03-P19-A03"", ""PO25CL-GEN-C04-P29-U01"", ""PO25CL-GEN-C03-P19-A05"", ""PO25CL-GEN-C03-P14-A09"", ""PO25CL-GEN-C03-P19-A04""]","[0.11765534821507723, 0.11206821020698823, 0.05525953146511187, 0.043535379778552576, 0.043010838422180696, 0.04209212989055887, 0.04023015886992124, 0.03968583782117204, 0.03815716088546708, 0.03569795163783117]",[2],2.0,2.0,2.0,0.5,0.11206821020698823,0.11206821020698823,0.11765534821507723,-0.005587138008088993,-0.005587138008088993,0.0,0.0,0.0,1.0,1.0,1.0,1.0,1.0,1.0,1.0,1.0,1.0,1.0,1.0,1.0
Q0419,Welche Art von Prüfungsleistung muss im Nachteilsausgleich ermöglicht werden?,fully_answerable,1,"[""PO25CL-GEN-C04-P27-A01-02""]",0.12626033796099165,0.0851283801765941,0.041131957784397544,"[""PO25CL-GEN-C04-P27-A03"", ""PO25CL-GEN-C03-P17-A05"", ""PO25CL-GEN-C04-P27-A01-02"", ""PO25CL-GEN-C02-P09-A02"", ""PO25CL-GEN-C03-P19-A05"", ""PO25CL-GEN-C03-P17-A03"", ""PO25CL-GEN-C03-P17-A02"", ""PO25CL-PLAN-INTRO"", ""PO25CL-GEN-C03-P12-A02"", ""PO25CL-GEN-C03-P15-A07""]","[0.12626033796099165, 0.0851283801765941, 0.07290562414819289, 0.056339803736146436, 0.04689061420495575, 0.046113531538585766, 0.04427775334991359, 0.03992858186555882, 0.038826806323871046, 0.03852018884255996]",[3],3.0,3.0,3.0,0.3333333333333333,0.07290562414819289,0.07290562414819289,0.12626033796099165,-0.05335471381279876,-0.05335471381279876,0.0,0.0,0.0,0.0,0.0,0.0,1.0,1.0,1.0,1.0,1.0,1.0,1.0,1.0,1.0
Q0420,Wer entscheidet über den Nachteilsausgleich?,fully_answerable,1,"[""PO25CL-GEN-C04-P27-A01-02""]",0.174777543981113,0.08462380875126463,0.09015373522984838,"[""PO25CL-GEN-C04-P27-A03"", ""PO25CL-GEN-C03-P12-A04"", ""PO25CL-GEN-C03-P12-A02"", ""PO25CL-GEN-C04-P24-A02"", ""PO25CL-GEN-C04-P27-A01-02"", ""PO25CL-GEN-C04-P28-A09"", ""PO25CL-GEN-C03-P18-A01"", ""PO25CL-GEN-C03-P17-A05"", ""PO25CL-GEN-C01-P05-A01"", ""PO25CL-GEN-C03-P20-A02""]","[0.174777543981113, 0.08462380875126463, 0.06466895620672675, 0.0633118188244603, 0.061286616386471406, 0.058874800541122874, 0.055100020550600495, 0.052575341026080004, 0.04272736291116625, 0.03897854413461215]",[5],5.0,5.0,5.0,0.2,0.061286616386471406,0.061286616386471406,0.174777543981113,-0.1134909275946416,-0.1134909275946416,0.0,0.0,0.0,0.0,0.0,0.0,0.0,0.0,0.0,1.0,1.0,1.0,1.0,1.0,1.0
Q0421,Wessen Votum kann vor der Entscheidung eingeholt werden?,fully_answerable,1,"[""PO25CL-GEN-C04-P27-A01-02""]",0.212744735124123,0.09113768953340928,0.12160704559071372,"[""PO25CL-GEN-C03-P17-A06"", ""PO25CL-GEN-C03-P20-A03"", ""PO25CL-GEN-C04-P27-A01-02"", ""PO25CL-GEN-C03-P13-A01"", ""PO25CL-GEN-C03-P17-A01"", ""PO25CL-GEN-C03-P12-A04"", ""PO25CL-GEN-C03-P23-U01"", ""PO25CL-GEN-C03-P17-A05"", ""PO25CL-GEN-C04-P28-A08"", ""PO25CL-GEN-C03-P15-A04""]","[0.212744735124123, 0.09113768953340928, 0.0774904688633658, 0.07594769871840987, 0.0484667823557319, 0.03727824209915652, 0.035614186192511374, 0.03498896911230272, 0.03416554325925144, 0.03347274199626622]",[3],3.0,3.0,3.0,0.3333333333333333,0.0774904688633658,0.0774904688633658,0.212744735124123,-0.1352542662607572,-0.1352542662607572,0.0,0.0,0.0,0.0,0.0,0.0,1.0,1.0,1.0,1.0,1.0,1.0,1.0,1.0,1.0
Q0422,Bis wann muss der Antrag auf Nachteilsausgleich gestellt werden?,fully_answerable,1,"[""PO25CL-GEN-C04-P27-A01-02""]",0.3307534101103844,0.16020027914668397,0.17055313096370042,"[""PO25CL-GEN-C04-P27-A03"", ""PO25CL-GEN-C04-P27-A01-02"", ""PO25CL-GEN-C03-P15-A02"", ""PO25CL-GEN-C03-P18-A07"", ""PO25CL-GEN-C03-P15-A04"", ""PO25CL-GEN-C03-P21-A01"", ""PO25CL-GEN-C03-P15-A07"", ""PO25CL-GEN-C03-P12-A02"", ""PO25CL-GEN-C04-P26-U01"", ""PO25CL-GEN-C03-P15-A10""]","[0.3307534101103844, 0.16020027914668397, 0.06805944290468101, 0.06193830217312666, 0.052957378898576865, 0.047759874052915215, 0.04670703048893728, 0.04567962339653469, 0.04538372726902906, 0.044297798260791665]",[2],2.0,2.0,2.0,0.5,0.16020027914668397,0.16020027914668397,0.3307534101103844,-0.17055313096370042,-0.17055313096370042,0.0,0.0,0.0,1.0,1.0,1.0,1.0,1.0,1.0,1.0,1.0,1.0,1.0,1.0,1.0
Q0423,Gilt der Nachteilsausgleich auch für Studienleistungen?,fully_answerable,1,"[""PO25CL-GEN-C04-P27-A01-02""]",0.13997371339941866,0.13232367326061117,0.00765004013880749,"[""PO25CL-GEN-C02-P07-A02"", ""PO25CL-GEN-C04-P27-A03"", ""PO25CL-GEN-C04-P27-A01-02"", ""PO25CL-GEN-C02-P07-A01"", ""PO25CL-GEN-C01-P05-A02"", ""PO25CL-GEN-C03-P15-A09"", ""PO25CL-GEN-C03-P14-A10"", ""PO25CL-GEN-C02-P07-A05"", ""PO25CL-GEN-C03-P17-A05"", ""PO25CL-GEN-C02-P07-A03""]","[0.13997371339941866, 0.13232367326061117, 0.13090385239058194, 0.108517902438406, 0.07760042145255354, 0.06049601712485225, 0.06005074979766832, 0.05977381718958805, 0.059711215811669646, 0.057891527140893295]",[3],3.0,3.0,3.0,0.3333333333333333,0.13090385239058194,0.13090385239058194,0.13997371339941866,-0.009069861008836722,-0.009069861008836722,0.0,0.0,0.0,0.0,0.0,0.0,1.0,1.0,1.0,1.0,1.0,1.0,1.0,1.0,1.0
Q0424,Über welche Stelle wird der Antrag auf Nachteilsausgleich eingereicht?,fully_answerable,1,"[""PO25CL-GEN-C04-P27-A03""]",0.3376373076056116,0.15353160318141934,0.18410570442419227,"[""PO25CL-GEN-C04-P27-A03"", ""PO25CL-GEN-C04-P27-A01-02"", ""PO25CL-GEN-C03-P21-A03"", ""PO25CL-GEN-C03-P21-A01"", ""PO25CL-GEN-C03-P15-A03"", ""PO25CL-GEN-C03-P12-A02"", ""PO25CL-GEN-C04-P26-U01"", ""PO25CL-GEN-C04-P24-A02"", ""PO25CL-GEN-C03-P14-A04"", ""PO25CL-GEN-C03-P17-A04""]","[0.3376373076056116, 0.15353160318141934, 0.05753955622405314, 0.04646047036916686, 0.04216500869732825, 0.04199233977538419, 0.040623171904022405, 0.037957284732206414, 0.03415838385466107, 0.029673872560846068]",[1],1.0,1.0,1.0,1.0,0.3376373076056116,0.3376373076056116,0.15353160318141934,0.18410570442419227,0.18410570442419227,1.0,1.0,1.0,1.0,1.0,1.0,1.0,1.0,1.0,1.0,1.0,1.0,1.0,1.0,1.0
Q0425,Wie werden Studienzeiten im selben Studiengang an anderen deutschen wissenschaftlichen Hochschulen angerechnet?,fully_answerable,1,"[""PO25CL-GEN-C04-P28-A01""]",0.2413667357475474,0.22906918192743392,0.012297553820113494,"[""PO25CL-GEN-C04-P28-A01"", ""PO25CL-GEN-C04-P28-A04"", ""PO25CL-GEN-C04-P28-A03"", ""PO25CL-GEN-C01-P05-A03"", ""PO25CL-GEN-C03-P12-A05"", ""PO25CL-GEN-C04-P28-A02"", ""PO25CL-GEN-C03-P12-A01"", ""PO25CL-GEN-C02-P09-A01"", ""PO25CL-PLAN-INTRO"", ""PO25CL-GEN-C04-P28-A09""]","[0.2413667357475474, 0.22906918192743392, 0.1575402114349726, 0.0731169860224504, 0.06353173808555514, 0.05789972886679787, 0.047594983955427494, 0.046847724887903855, 0.03863382188191716, 0.038630769717480806]",[1],1.0,1.0,1.0,1.0,0.2413667357475474,0.2413667357475474,0.22906918192743392,0.012297553820113494,0.012297553820113494,1.0,1.0,1.0,1.0,1.0,1.0,1.0,1.0,1.0,1.0,1.0,1.0,1.0,1.0,1.0
Q0426,Wie werden dort erbrachte Studienleistungen angerechnet?,fully_answerable,1,"[""PO25CL-GEN-C04-P28-A01""]",0.16416677308377156,0.1185591485839222,0.045607624499849356,"[""PO25CL-GEN-C04-P28-A01"", ""PO25CL-GEN-C02-P07-A04"", ""PO25CL-GEN-C02-P07-A01"", ""PO25CL-GEN-C04-P28-A03"", ""PO25CL-GEN-C01-P05-A03"", ""PO25CL-GEN-C02-P07-A03"", ""PO25CL-GEN-C02-P09-A01"", ""PO25CL-GEN-C03-P10-U01"", ""PO25CL-GEN-C01-P05-A02"", ""PO25CL-GEN-C02-P07-A02""]","[0.16416677308377156, 0.1185591485839222, 0.10497898588235802, 0.08073262756055541, 0.06282571649659098, 0.05917496132671569, 0.054173016365247045, 0.05387388532106431, 0.05315009535057538, 0.04711124070353852]",[1],1.0,1.0,1.0,1.0,0.16416677308377156,0.16416677308377156,0.1185591485839222,0.045607624499849356,0.045607624499849356,1.0,1.0,1.0,1.0,1.0,1.0,1.0,1.0,1.0,1.0,1.0,1.0,1.0,1.0,1.0
Q0427,In welchem curricularen Rahmen erfolgen Anerkennungen grundsätzlich?,fully_answerable,1,"[""PO25CL-GEN-C04-P28-A02""]",0.23600093404691252,0.06201084144726201,0.1739900925996505,"[""PO25CL-GEN-C04-P28-A02"", ""PO25CL-APP-R09"", ""PO25CL-GEN-C03-P11-A03"", ""PO25CL-GEN-C03-P14-A09"", ""PO25CL-GEN-C03-P11-A05"", ""PO25CL-GEN-C03-P11-A08"", ""PO25CL-GEN-C02-P08-U01"", ""PO25CL-GEN-C03-P23-U01"", ""PO25CL-GEN-C03-P21-A02"", ""PO25CL-GEN-C01-P05-A02""]","[0.23600093404691252, 0.06201084144726201, 0.055633663440276725, 0.04821286935690592, 0.04557380837571865, 0.036519608458866634, 0.03462219456359518, 0.0339797534248869, 0.03225681345778358, 0.030514177011769873]",[1],1.0,1.0,1.0,1.0,0.23600093404691252,0.23600093404691252,0.06201084144726201,0.1739900925996505,0.1739900925996505,1.0,1.0,1.0,1.0,1.0,1.0,1.0,1.0,1.0,1.0,1.0,1.0,1.0,1.0,1.0
Q0428,Unter welcher Voraussetzung werden Studienzeiten aus anderen Studiengängen angerechnet?,fully_answerable,1,"[""PO25CL-GEN-C04-P28-A03""]",0.11141657356840048,0.10327542812088694,0.008141145447513543,"[""PO25CL-GEN-C04-P28-A01"", ""PO25CL-GEN-C04-P28-A04"", ""PO25CL-GEN-C04-P28-A03"", ""PO25CL-GEN-C01-P05-A02"", ""PO25CL-GEN-C02-P09-A01"", ""PO25CL-PLAN-INTRO"", ""PO25CL-GEN-C03-P15-A09"", ""PO25CL-GEN-C04-P28-A02"", ""PO25CL-GEN-C03-P11-A01"", ""PO25CL-GEN-C04-P28-A05""]","[0.11141657356840048, 0.10327542812088694, 0.09313031739827159, 0.06966881374551309, 0.06151304701935632, 0.05323102161993665, 0.04358725934815966, 0.0387142761234758, 0.03804177595796478, 0.03544379531724642]",[3],3.0,3.0,3.0,0.3333333333333333,0.09313031739827159,0.09313031739827159,0.11141657356840048,-0.018286256170128898,-0.018286256170128898,0.0,0.0,0.0,0.0,0.0,0.0,1.0,1.0,1.0,1.0,1.0,1.0,1.0,1.0,1.0
Q0429,Unter welcher Voraussetzung werden Leistungen von nicht wissenschaftlichen Hochschulen angerechnet?,fully_answerable,1,"[""PO25CL-GEN-C04-P28-A03""]",0.18631013038607255,0.1599770791834212,0.026333051202651364,"[""PO25CL-GEN-C04-P28-A04"", ""PO25CL-GEN-C04-P28-A01"", ""PO25CL-GEN-C04-P28-A03"", ""PO25CL-PLAN-INTRO"", ""PO25CL-GEN-C02-P09-A01"", ""PO25CL-GEN-C03-P14-A02"", ""PO25CL-GEN-C03-P11-A01"", ""PO25CL-GEN-C03-P19-A09"", ""PO25CL-GEN-C03-P15-A10"", ""PO25CL-GEN-C03-P11-A02""]","[0.18631013038607255, 0.1599770791834212, 0.14193237711855244, 0.05705276091778286, 0.054888786376015, 0.0520077968374081, 0.05077692852197395, 0.047520666406235576, 0.04446736596102613, 0.0397192426635858]",[3],3.0,3.0,3.0,0.3333333333333333,0.14193237711855244,0.14193237711855244,0.18631013038607255,-0.04437775326752011,-0.04437775326752011,0.0,0.0,0.0,0.0,0.0,0.0,1.0,1.0,1.0,1.0,1.0,1.0,1.0,1.0,1.0
Q0430,Ist für die Anerkennung von Leistungen aus Staaten der Lissabonner Anerkennungskonvention ein Antrag erforderlich?,fully_answerable,1,"[""PO25CL-GEN-C04-P28-A03""]",0.1498315246038482,0.11641053789575787,0.03342098670809032,"[""PO25CL-GEN-C04-P28-A03"", ""PO25CL-GEN-C04-P24-A01"", ""PO25CL-GEN-C04-P28-A08"", ""PO25CL-GEN-C04-P28-A07"", ""PO25CL-GEN-C04-P28-A02"", ""PO25CL-APP-R10"", ""PO25CL-GEN-C03-P12-A02"", ""PO25CL-GEN-C04-P25-A02"", ""PO25CL-GEN-C04-P24-A02"", ""PO25CL-GEN-C04-P27-A01-02""]","[0.1498315246038482, 0.11641053789575787, 0.08797464367270666, 0.07218822525109153, 0.06806512771955851, 0.06574578063477929, 0.06212100887515899, 0.060735689235202825, 0.05708834758516216, 0.05676768016641368]",[1],1.0,1.0,1.0,1.0,0.1498315246038482,0.1498315246038482,0.11641053789575787,0.03342098670809032,0.03342098670809032,1.0,1.0,1.0,1.0,1.0,1.0,1.0,1.0,1.0,1.0,1.0,1.0,1.0,1.0,1.0
Q0431,Ist für die Anerkennung von Leistungen aus weiteren Staaten ein Antrag erforderlich?,fully_answerable,1,"[""PO25CL-GEN-C04-P28-A03""]",0.13608225027132478,0.11770869261936057,0.018373557651964217,"[""PO25CL-GEN-C04-P28-A03"", ""PO25CL-GEN-C04-P24-A01"", ""PO25CL-GEN-C04-P28-A08"", ""PO25CL-GEN-C04-P28-A07"", ""PO25CL-GEN-C04-P28-A02"", ""PO25CL-APP-R10"", ""PO25CL-GEN-C03-P23-U01"", ""PO25CL-GEN-C04-P28-A01"", ""PO25CL-GEN-C04-P29-U01"", ""PO25CL-GEN-C04-P25-A02""]","[0.13608225027132478, 0.11770869261936057, 0.08768400643308902, 0.07182820423874682, 0.06993320148424376, 0.06158565591962172, 0.05538957207239817, 0.055351853647970836, 0.05411804980929974, 0.05308444456192359]",[1],1.0,1.0,1.0,1.0,0.13608225027132478,0.13608225027132478,0.11770869261936057,0.018373557651964217,0.018373557651964217,1.0,1.0,1.0,1.0,1.0,1.0,1.0,1.0,1.0,1.0,1.0,1.0,1.0,1.0,1.0
Q0432,Welche Kreditpunkte können zur Feststellung der Gleichwertigkeit herangezogen werden?,fully_answerable,1,"[""PO25CL-GEN-C04-P28-A03""]",0.14759095549677884,0.08180432647329672,0.06578662902348212,"[""PO25CL-GEN-C04-P28-A05"", ""PO25CL-GEN-C04-P28-A03"", ""PO25CL-GEN-C03-P14-A01"", ""PO25CL-PLAN-INTRO"", ""PO25CL-GEN-C03-P18-A01"", ""PO25CL-GEN-C04-P28-A09"", ""PO25CL-GEN-C04-P28-A08"", ""PO25CL-GEN-C03-P20-A03"", ""PO25CL-GEN-C04-P28-A04"", ""PO25CL-GEN-C03-P17-A05""]","[0.14759095549677884, 0.08180432647329672, 0.04325824500957619, 0.04252609314869204, 0.039301904871487985, 0.03578337871788369, 0.034002013614732166, 0.029793296201217023, 0.027573556703201108, 0.025841504037024926]",[2],2.0,2.0,2.0,0.5,0.08180432647329672,0.08180432647329672,0.14759095549677884,-0.06578662902348212,-0.06578662902348212,0.0,0.0,0.0,1.0,1.0,1.0,1.0,1.0,1.0,1.0,1.0,1.0,1.0,1.0,1.0
Q0433,"Welche Vereinbarungen sind bei ausländischen Leistungen maßgebend, wenn ECTS-Punkte nicht ausreichen?",fully_answerable,1,"[""PO25CL-GEN-C04-P28-A03""]",0.0885385787898273,0.06617690469132712,0.02236167409850018,"[""PO25CL-GEN-C04-P28-A03"", ""PO25CL-GEN-C01-P02-A03"", ""PO25CL-GEN-C03-P18-A03"", ""PO25CL-PLAN-INTRO"", ""PO25CL-GEN-C03-P21-A01"", ""PO25CL-GEN-C01-P02-A02"", ""PO25CL-GEN-C01-P02-A01"", ""PO25CL-GEN-C04-P24-A03"", ""PO25CL-GEN-C03-P12-A05"", ""PO25CL-GEN-C03-P18-A02""]","[0.0885385787898273, 0.06617690469132712, 0.06487365529365235, 0.0612614257086648, 0.059306643321543284, 0.05447674839961235, 0.05371054722718367, 0.0502652893977001, 0.04928458931881784, 0.048992480533750174]",[1],1.0,1.0,1.0,1.0,0.0885385787898273,0.0885385787898273,0.06617690469132712,0.02236167409850018,0.02236167409850018,1.0,1.0,1.0,1.0,1.0,1.0,1.0,1.0,1.0,1.0,1.0,1.0,1.0,1.0,1.0
Q0434,Welche Stelle kann bei Zweifeln an der Gleichwertigkeit gehört werden?,fully_answerable,1,"[""PO25CL-GEN-C04-P28-A03""]",0.16997756220884824,0.04680329801440046,0.12317426419444778,"[""PO25CL-GEN-C04-P28-A03"", ""PO25CL-GEN-C03-P12-A01"", ""PO25CL-GEN-C04-P28-A05"", ""PO25CL-PLAN-INTRO"", ""PO25CL-GEN-C03-P14-A04"", ""PO25CL-GEN-C04-P28-A04"", ""PO25CL-GEN-C03-P15-A09"", ""PO25CL-GEN-C03-P14-A09"", ""PO25CL-GEN-C04-P28-A07"", ""PO25CL-GEN-C03-P20-A01""]","[0.16997756220884824, 0.04680329801440046, 0.046706278901927765, 0.03428233982288116, 0.032562728855658675, 0.03192480809446491, 0.030756348492015372, 0.027860151102722146, 0.026714960262324925, 0.024697577741855423]",[1],1.0,1.0,1.0,1.0,0.16997756220884824,0.16997756220884824,0.04680329801440046,0.12317426419444778,0.12317426419444778,1.0,1.0,1.0,1.0,1.0,1.0,1.0,1.0,1.0,1.0,1.0,1.0,1.0,1.0,1.0
Q0435,Wie werden bestandene Einzelprüfungen im selben Studiengang an deutschen wissenschaftlichen Hochschulen angerechnet?,fully_answerable,1,"[""PO25CL-GEN-C04-P28-A04""]",0.20212132809165134,0.16731914152548147,0.034802186566169874,"[""PO25CL-GEN-C04-P28-A04"", ""PO25CL-GEN-C04-P28-A01"", ""PO25CL-GEN-C04-P28-A03"", ""PO25CL-GEN-C03-P12-A05"", ""PO25CL-GEN-C03-P19-A03"", ""PO25CL-GEN-C01-P05-A03"", ""PO25CL-GEN-C03-P12-A01"", ""PO25CL-GEN-C02-P09-A01"", ""PO25CL-GEN-C03-P19-A05"", ""PO25CL-GEN-C04-P28-A09""]","[0.20212132809165134, 0.16731914152548147, 0.1209210288335964, 0.06972360269222856, 0.06740395286861889, 0.054782250598156494, 0.05223363709934024, 0.05141354944075893, 0.04485178606531934, 0.04239576187651959]",[1],1.0,1.0,1.0,1.0,0.20212132809165134,0.20212132809165134,0.16731914152548147,0.034802186566169874,0.034802186566169874,1.0,1.0,1.0,1.0,1.0,1.0,1.0,1.0,1.0,1.0,1.0,1.0,1.0,1.0,1.0
Q0436,Wann werden Einzelprüfungen aus anderen Studiengängen von Amts wegen angerechnet?,fully_answerable,1,"[""PO25CL-GEN-C04-P28-A04""]",0.33995680254323335,0.27861718375756866,0.061339618785664685,"[""PO25CL-GEN-C04-P28-A04"", ""PO25CL-GEN-C04-P28-A01"", ""PO25CL-GEN-C04-P28-A05"", ""PO25CL-GEN-C04-P28-A03"", ""PO25CL-GEN-C01-P05-A02"", ""PO25CL-GEN-C02-P09-A01"", ""PO25CL-GEN-C04-P28-A09"", ""PO25CL-GEN-C03-P18-A06"", ""PO25CL-GEN-C03-P12-A02"", ""PO25CL-GEN-C03-P18-A05""]","[0.33995680254323335, 0.27861718375756866, 0.17300127098560436, 0.11628376461578471, 0.06460350182103461, 0.0548152202480999, 0.028933059877889574, 0.0287406423274449, 0.027456950970566718, 0.02741298565049812]",[1],1.0,1.0,1.0,1.0,0.33995680254323335,0.33995680254323335,0.27861718375756866,0.061339618785664685,0.061339618785664685,1.0,1.0,1.0,1.0,1.0,1.0,1.0,1.0,1.0,1.0,1.0,1.0,1.0,1.0,1.0
Q0437,Wie werden gleichwertige Leistungsnachweise aus staatlich anerkannten Fernstudien angerechnet?,fully_answerable,1,"[""PO25CL-GEN-C04-P28-A05""]",0.2039941422756926,0.04969527540537885,0.15429886687031374,"[""PO25CL-GEN-C04-P28-A05"", ""PO25CL-GEN-C04-P28-A09"", ""PO25CL-GEN-C01-P05-A03"", ""PO25CL-GEN-C02-P09-A01"", ""PO25CL-GEN-C04-P28-A04"", ""PO25CL-GEN-C03-P18-A06"", ""PO25CL-GEN-C04-P28-A03"", ""PO25CL-GEN-C04-P24-A01"", ""PO25CL-GEN-C04-P28-A01"", ""PO25CL-GEN-C01-P04-A02""]","[0.2039941422756926, 0.04969527540537885, 0.042508615502931266, 0.03665409726651099, 0.030051243437270468, 0.027226998935532494, 0.026833086590673395, 0.025967736145934887, 0.025176661016020806, 0.02051960938116793]",[1],1.0,1.0,1.0,1.0,0.2039941422756926,0.2039941422756926,0.04969527540537885,0.15429886687031374,0.15429886687031374,1.0,1.0,1.0,1.0,1.0,1.0,1.0,1.0,1.0,1.0,1.0,1.0,1.0,1.0,1.0
Q0438,Welche gemeinsamen Beschlüsse sind bei Fernstudienleistungen zu beachten?,fully_answerable,1,"[""PO25CL-GEN-C04-P28-A05""]",0.14842149984216632,0.05261306299867145,0.09580843684349487,"[""PO25CL-GEN-C04-P28-A05"", ""PO25CL-PLAN-INTRO"", ""PO25CL-GEN-C03-P12-A03"", ""PO25CL-GEN-C03-P14-A09"", ""PO25CL-GEN-C04-P24-A03"", ""PO25CL-GEN-C04-P24-A05"", ""PO25CL-GEN-C02-P07-A02"", ""PO25CL-GEN-C03-P17-A06"", ""PO25CL-GEN-C03-P21-A01"", ""PO25CL-GEN-C03-P19-A08""]","[0.14842149984216632, 0.05261306299867145, 0.03401969632256722, 0.032747924192017934, 0.03153196587951025, 0.031056031067589474, 0.030527118122938963, 0.030440598683716624, 0.029765512986613524, 0.02972279851405936]",[1],1.0,1.0,1.0,1.0,0.14842149984216632,0.14842149984216632,0.05261306299867145,0.09580843684349487,0.09580843684349487,1.0,1.0,1.0,1.0,1.0,1.0,1.0,1.0,1.0,1.0,1.0,1.0,1.0,1.0,1.0
Q0439,Als welche Leistungsart werden Kenntnisse aus einer Einstufungsprüfung angerechnet?,fully_answerable,1,"[""PO25CL-GEN-C04-P28-A06""]",0.22436600727947398,0.06125857794944815,0.16310742933002584,"[""PO25CL-GEN-C04-P28-A06"", ""PO25CL-APP-R04"", ""PO25CL-GEN-C03-P14-A05"", ""PO25CL-GEN-C03-P18-A04"", ""PO25CL-GEN-C03-P17-A05"", ""PO25CL-GEN-C02-P09-A01"", ""PO25CL-GEN-C04-P28-A04"", ""PO25CL-GEN-C03-P19-A06"", ""PO25CL-GEN-C03-P11-A05"", ""PO25CL-GEN-C04-P28-A03""]","[0.22436600727947398, 0.06125857794944815, 0.05178328053359881, 0.05089102462526277, 0.05068519088533117, 0.049435334445710216, 0.048322767926321425, 0.0425275900787659, 0.041921458747612876, 0.03973150070305729]",[1],1.0,1.0,1.0,1.0,0.22436600727947398,0.22436600727947398,0.06125857794944815,0.16310742933002584,0.16310742933002584,1.0,1.0,1.0,1.0,1.0,1.0,1.0,1.0,1.0,1.0,1.0,1.0,1.0,1.0,1.0
Q0440,Werden Kenntnisse aus einer Einstufungsprüfung als Prüfungsleistungen angerechnet?,fully_answerable,1,"[""PO25CL-GEN-C04-P28-A06""]",0.29667664587861386,0.06548764611754188,0.231188999761072,"[""PO25CL-GEN-C04-P28-A06"", ""PO25CL-GEN-C04-P28-A04"", ""PO25CL-APP-R04"", ""PO25CL-GEN-C03-P18-A04"", ""PO25CL-GEN-C03-P18-A08"", ""PO25CL-GEN-C04-P28-A05"", ""PO25CL-GEN-C04-P28-A03"", ""PO25CL-GEN-C03-P14-A05"", ""PO25CL-GEN-C04-P28-A01"", ""PO25CL-GEN-C03-P17-A05""]","[0.29667664587861386, 0.06548764611754188, 0.05107296675721465, 0.050850382393325705, 0.047605003934179074, 0.04473139330892234, 0.04457838389059342, 0.04317314984775675, 0.04238450670137702, 0.04225764220817857]",[1],1.0,1.0,1.0,1.0,0.29667664587861386,0.29667664587861386,0.06548764611754188,0.231188999761072,0.231188999761072,1.0,1.0,1.0,1.0,1.0,1.0,1.0,1.0,1.0,1.0,1.0,1.0,1.0,1.0,1.0
Q0441,Welche Wirkung haben Feststellungen im Zeugnis einer Einstufungsprüfung für den Prüfungsausschuss?,fully_answerable,1,"[""PO25CL-GEN-C04-P28-A06""]",0.29314430658934076,0.054735285969289685,0.2384090206200511,"[""PO25CL-GEN-C04-P28-A06"", ""PO25CL-GEN-C04-P28-A08"", ""PO25CL-GEN-C04-P27-A03"", ""PO25CL-GEN-C04-P28-A02"", ""PO25CL-GEN-C04-P27-A01-02"", ""PO25CL-GEN-C04-P25-A02"", ""PO25CL-GEN-C04-P24-A04"", ""PO25CL-GEN-C03-P17-A04"", ""PO25CL-GEN-C04-P28-A09"", ""PO25CL-GEN-C03-P17-A05""]","[0.29314430658934076, 0.054735285969289685, 0.05465837746922518, 0.04835160717069927, 0.048287809731574156, 0.04602593320387446, 0.04144334163014737, 0.04094516043874291, 0.040858756480517164, 0.03869082225266532]",[1],1.0,1.0,1.0,1.0,0.29314430658934076,0.29314430658934076,0.054735285969289685,0.2384090206200511,0.2384090206200511,1.0,1.0,1.0,1.0,1.0,1.0,1.0,1.0,1.0,1.0,1.0,1.0,1.0,1.0,1.0
Q0442,Wann ist die Anerkennung einer externen Leistung für ein Modul ausgeschlossen?,fully_answerable,1,"[""PO25CL-GEN-C04-P28-A07""]",0.16632622824283405,0.10712974230901831,0.05919648593381574,"[""PO25CL-GEN-C04-P28-A07"", ""PO25CL-GEN-C03-P18-A01"", ""PO25CL-GEN-C02-P07-A04"", ""PO25CL-GEN-C04-P24-A01"", ""PO25CL-GEN-C01-P03-A03"", ""PO25CL-GEN-C03-P20-A04"", ""PO25CL-GEN-C02-P08-U01"", ""PO25CL-GEN-C03-P14-A09"", ""PO25CL-GEN-C03-P12-A02"", ""PO25CL-GEN-C03-P17-A05""]","[0.16632622824283405, 0.10712974230901831, 0.07240913953292642, 0.06640622244518021, 0.05912049649359824, 0.051897031154055875, 0.05030564563733697, 0.04877968760682466, 0.04667059668741425, 0.04642369013326711]",[1],1.0,1.0,1.0,1.0,0.16632622824283405,0.16632622824283405,0.10712974230901831,0.05919648593381574,0.05919648593381574,1.0,1.0,1.0,1.0,1.0,1.0,1.0,1.0,1.0,1.0,1.0,1.0,1.0,1.0,1.0
Q0443,Wer ist für die Anrechnungen nach den Absätzen 1 bis 5 zuständig?,fully_answerable,1,"[""PO25CL-GEN-C04-P28-A08""]",0.28782734454500164,0.07347040805720295,0.2143569364877987,"[""PO25CL-GEN-C04-P28-A08"", ""PO25CL-GEN-C03-P23-U01"", ""PO25CL-GEN-C04-P24-A01"", ""PO25CL-GEN-C02-P06-U01"", ""PO25CL-APP-R10"", ""PO25CL-GEN-C04-P24-A02"", ""PO25CL-GEN-C03-P18-A07"", ""PO25CL-GEN-C03-P18-A01"", ""PO25CL-GEN-C03-P14-A10"", ""PO25CL-GEN-C04-P25-A02""]","[0.28782734454500164, 0.07347040805720295, 0.07321704760219051, 0.06780052956966075, 0.05938581460230234, 0.05780358204285117, 0.05516300699879907, 0.052893408602298894, 0.05267886493721232, 0.05195280961047553]",[1],1.0,1.0,1.0,1.0,0.28782734454500164,0.28782734454500164,0.07347040805720295,0.2143569364877987,0.2143569364877987,1.0,1.0,1.0,1.0,1.0,1.0,1.0,1.0,1.0,1.0,1.0,1.0,1.0,1.0,1.0
Q0444,Wer ist vor einer Gleichwertigkeitsfeststellung anzuhören?,fully_answerable,1,"[""PO25CL-GEN-C04-P28-A08""]",0.2887964625963504,0.08600704207816054,0.20278942051818985,"[""PO25CL-GEN-C03-P20-A03"", ""PO25CL-GEN-C03-P13-A01"", ""PO25CL-GEN-C04-P27-A01-02"", ""PO25CL-GEN-C03-P17-A01"", ""PO25CL-GEN-C03-P17-A05"", ""PO25CL-GEN-C03-P17-A06"", ""PO25CL-GEN-C04-P28-A08"", ""PO25CL-GEN-C03-P11-A04"", ""PO25CL-GEN-C03-P14-A05"", ""PO25CL-GEN-C03-P12-A01""]","[0.2887964625963504, 0.08600704207816054, 0.07938462859126338, 0.05958363108856364, 0.05322105764091668, 0.04309315454435807, 0.04307134457788173, 0.039103218848794564, 0.03773848365931448, 0.03069505427431544]",[7],7.0,7.0,7.0,0.14285714285714285,0.04307134457788173,0.04307134457788173,0.2887964625963504,-0.24572511801846866,-0.24572511801846866,0.0,0.0,0.0,0.0,0.0,0.0,0.0,0.0,0.0,0.0,0.0,0.0,1.0,1.0,1.0
Q0445,Bis zu welchem Anteil des Studienumfangs können außerhochschulisch erworbene Kompetenzen angerechnet werden?,fully_answerable,1,"[""PO25CL-GEN-C04-P28-A09""]",0.22458305112750532,0.1262801707773847,0.09830288035012061,"[""PO25CL-GEN-C04-P28-A09"", ""PO25CL-GEN-C02-P09-A01"", ""PO25CL-GEN-C03-P15-A04"", ""PO25CL-GEN-C03-P14-A10"", ""PO25CL-GEN-C04-P28-A03"", ""PO25CL-GEN-C03-P13-A02"", ""PO25CL-GEN-C03-P18-A07"", ""PO25CL-GEN-C04-P28-A05"", ""PO25CL-GEN-C03-P19-A08"", ""PO25CL-GEN-C04-P28-A04""]","[0.22458305112750532, 0.1262801707773847, 0.09062687794149389, 0.07844760683901286, 0.06428193947843872, 0.06201904240454048, 0.05931750027209191, 0.054261216342223986, 0.0492490612517693, 0.04497178751984019]",[1],1.0,1.0,1.0,1.0,0.22458305112750532,0.22458305112750532,0.1262801707773847,0.09830288035012061,0.09830288035012061,1.0,1.0,1.0,1.0,1.0,1.0,1.0,1.0,1.0,1.0,1.0,1.0,1.0,1.0,1.0
Q0446,Wer entscheidet über die Gleichwertigkeit außerhochschulisch erworbener Kompetenzen?,fully_answerable,1,"[""PO25CL-GEN-C04-P28-A09""]",0.1802335358067684,0.13369747667087442,0.04653605913589398,"[""PO25CL-GEN-C04-P28-A08"", ""PO25CL-GEN-C04-P28-A03"", ""PO25CL-GEN-C04-P24-A02"", ""PO25CL-GEN-C04-P28-A09"", ""PO25CL-GEN-C04-P28-A04"", ""PO25CL-GEN-C03-P12-A04"", ""PO25CL-GEN-C03-P20-A02"", ""PO25CL-GEN-C01-P05-A01"", ""PO25CL-GEN-C04-P27-A03"", ""PO25CL-GEN-C03-P14-A07""]","[0.1802335358067684, 0.13369747667087442, 0.09086720399740482, 0.08546951370436576, 0.0767834347814342, 0.0682179013533311, 0.06109008671996967, 0.058516912783438416, 0.052918329319167935, 0.049123123893041715]",[4],4.0,4.0,4.0,0.25,0.08546951370436576,0.08546951370436576,0.1802335358067684,-0.09476402210240265,-0.09476402210240265,0.0,0.0,0.0,0.0,0.0,0.0,0.0,0.0,0.0,1.0,1.0,1.0,1.0,1.0,1.0
Q0447,"Werden gleichwertige Leistungsnachweise aus gemeinsam von Nordrhein-Westfalen, den Ländern und dem Bund entwickelten Fernstudieneinheiten von Amts wegen angerechnet?",fully_answerable,1,"[""PO25CL-GEN-C04-P28-A05""]",0.385842887015731,0.1795324536345809,0.2063104333811501,"[""PO25CL-GEN-C04-P28-A05"", ""PO25CL-GEN-C04-P28-A04"", ""PO25CL-GEN-C04-P28-A01"", ""PO25CL-GEN-C04-P28-A03"", ""PO25CL-GEN-C04-P28-A09"", ""PO25CL-FRONT-PREAMBLE"", ""PO25CL-GEN-C03-P20-A02"", ""PO25CL-GEN-C01-P05-A02"", ""PO25CL-GEN-C02-P09-A01"", ""PO25CL-GEN-C03-P18-A07""]","[0.385842887015731, 0.1795324536345809, 0.15624915517574278, 0.06894418797178677, 0.04303644753068137, 0.038218684495448976, 0.03662726562323845, 0.032538800682087254, 0.030055001343280627, 0.030016764077912303]",[1],1.0,1.0,1.0,1.0,0.385842887015731,0.385842887015731,0.1795324536345809,0.2063104333811501,0.2063104333811501,1.0,1.0,1.0,1.0,1.0,1.0,1.0,1.0,1.0,1.0,1.0,1.0,1.0,1.0,1.0
Q0448,Wer bestellt die Studiengangverantwortlichen?,fully_answerable,1,"[""PO25CL-GEN-C04-P29-U01""]",0.10304610052482684,0.08385523425076122,0.01919086627406562,"[""PO25CL-GEN-C04-P25-A06"", ""PO25CL-GEN-C04-P29-U01"", ""PO25CL-GEN-C04-P31-A01"", ""PO25CL-GEN-C03-P18-A03"", ""PO25CL-GEN-C03-P17-A05"", ""PO25CL-GEN-C04-P25-A04"", ""PO25CL-GEN-C03-P11-A04"", ""PO25CL-GEN-C03-P15-A03"", ""PO25CL-GEN-C03-P12-A01"", ""PO25CL-GEN-C03-P16-A02""]","[0.10304610052482684, 0.08385523425076122, 0.07697832098316415, 0.051360358795708286, 0.04667639669248584, 0.04658828655632262, 0.04621671188995033, 0.0379031593957902, 0.03627896939451461, 0.03322841639620475]",[2],2.0,2.0,2.0,0.5,0.08385523425076122,0.08385523425076122,0.10304610052482684,-0.01919086627406562,-0.01919086627406562,0.0,0.0,0.0,1.0,1.0,1.0,1.0,1.0,1.0,1.0,1.0,1.0,1.0,1.0,1.0
Q0449,Wie viele Studiengangverantwortliche werden je Studiengang bestellt?,fully_answerable,1,"[""PO25CL-GEN-C04-P29-U01""]",0.26632514905658167,0.07150224517025644,0.19482290388632523,"[""PO25CL-GEN-C04-P29-U01"", ""PO25CL-GEN-C01-P05-A03"", ""PO25CL-GEN-C01-P03-A04"", ""PO25CL-GEN-C04-P25-A06"", ""PO25CL-APP-R01"", ""PO25CL-GEN-C04-P25-A04"", ""PO25CL-GEN-C02-P09-A01"", ""PO25CL-GEN-C03-P18-A03"", ""PO25CL-PLAN-S02-PBB"", ""PO25CL-PLAN-S03-PBB""]","[0.26632514905658167, 0.07150224517025644, 0.07050934044359039, 0.06491618365824359, 0.04837935151281673, 0.0475833990336931, 0.047325466431057436, 0.03586929400702166, 0.031464367479517, 0.031464367479517]",[1],1.0,1.0,1.0,1.0,0.26632514905658167,0.26632514905658167,0.07150224517025644,0.19482290388632523,0.19482290388632523,1.0,1.0,1.0,1.0,1.0,1.0,1.0,1.0,1.0,1.0,1.0,1.0,1.0,1.0,1.0
Q0450,Wird je Studiengang eine Stellvertretung bestellt?,fully_answerable,1,"[""PO25CL-GEN-C04-P29-U01""]",0.1771870760271675,0.08710244010365323,0.09008463592351426,"[""PO25CL-GEN-C04-P29-U01"", ""PO25CL-GEN-C03-P15-A03"", ""PO25CL-GEN-C04-P25-A06"", ""PO25CL-GEN-C03-P16-A02"", ""PO25CL-GEN-C03-P12-A04"", ""PO25CL-GEN-C01-P03-A04"", ""PO25CL-APP-R01"", ""PO25CL-GEN-C01-P02-A01"", ""PO25CL-GEN-C03-P21-A03"", ""PO25CL-GEN-C03-P20-A04""]","[0.1771870760271675, 0.08710244010365323, 0.07754132309910505, 0.07253948799877678, 0.0698816007486136, 0.06145299154662339, 0.049160270625735844, 0.04525118452674545, 0.042272371567241215, 0.04060948520904995]",[1],1.0,1.0,1.0,1.0,0.1771870760271675,0.1771870760271675,0.08710244010365323,0.09008463592351426,0.09008463592351426,1.0,1.0,1.0,1.0,1.0,1.0,1.0,1.0,1.0,1.0,1.0,1.0,1.0,1.0,1.0
Q0451,Welche Beschäftigungsdauer sollen Studiengangverantwortliche grundsätzlich haben?,fully_answerable,1,"[""PO25CL-GEN-C04-P29-U01""]",0.13107019509226095,0.05863316932838462,0.07243702576387634,"[""PO25CL-GEN-C04-P29-U01"", ""PO25CL-GEN-C04-P24-A04"", ""PO25CL-GEN-C04-P28-A02"", ""PO25CL-GEN-C03-P11-A03"", ""PO25CL-GEN-C02-P09-A02"", ""PO25CL-GEN-C04-P25-A05"", ""PO25CL-PLAN-INTRO"", ""PO25CL-GEN-C03-P15-A06"", ""PO25CL-GEN-C01-P01-A01"", ""PO25CL-GEN-C01-P03-A02""]","[0.13107019509226095, 0.05863316932838462, 0.04658846918818208, 0.04189670962599129, 0.03365195147459384, 0.033523035117174395, 0.03336352792259393, 0.02773852952327399, 0.026737929639787567, 0.026208386707817652]",[1],1.0,1.0,1.0,1.0,0.13107019509226095,0.13107019509226095,0.05863316932838462,0.07243702576387634,0.07243702576387634,1.0,1.0,1.0,1.0,1.0,1.0,1.0,1.0,1.0,1.0,1.0,1.0,1.0,1.0,1.0
Q0452,Was ist vor der Einsicht in Prüfungsakten zu vereinbaren?,fully_answerable,1,"[""PO25CL-GEN-C04-P30-U01""]",0.30376429519952275,0.12988339883199634,0.1738808963675264,"[""PO25CL-GEN-C04-P30-U01"", ""PO25CL-GEN-C03-P20-A03"", ""PO25CL-GEN-C03-P17-A06"", ""PO25CL-GEN-C04-P27-A01-02"", ""PO25CL-GEN-C03-P13-A01"", ""PO25CL-GEN-C04-P28-A08"", ""PO25CL-GEN-C03-P12-A03"", ""PO25CL-GEN-C03-P17-A01"", ""PO25CL-GEN-C03-P12-A02"", ""PO25CL-GEN-C03-P15-A03""]","[0.30376429519952275, 0.12988339883199634, 0.10297857017584015, 0.09458558866808231, 0.08487125833748918, 0.054512685304175704, 0.04761870953389873, 0.039329776725675045, 0.03728172608097033, 0.03699056167075207]",[1],1.0,1.0,1.0,1.0,0.30376429519952275,0.30376429519952275,0.12988339883199634,0.1738808963675264,0.1738808963675264,1.0,1.0,1.0,1.0,1.0,1.0,1.0,1.0,1.0,1.0,1.0,1.0,1.0,1.0,1.0
Q0453,Bei welcher Stelle können Studierende ihre Prüfungsakten einsehen?,fully_answerable,1,"[""PO25CL-GEN-C04-P30-U01""]",0.23084130515162385,0.07562301036202221,0.15521829478960164,"[""PO25CL-GEN-C04-P30-U01"", ""PO25CL-PLAN-INTRO"", ""PO25CL-GEN-C03-P14-A01"", ""PO25CL-GEN-C03-P19-A06"", ""PO25CL-GEN-C04-P24-A03"", ""PO25CL-GEN-C02-P07-A02"", ""PO25CL-GEN-C04-P31-A01"", ""PO25CL-GEN-C02-P08-U01"", ""PO25CL-GEN-C04-P25-A05"", ""PO25CL-GEN-C03-P14-A04""]","[0.23084130515162385, 0.07562301036202221, 0.03870185726418196, 0.03530361216433571, 0.03030443813216646, 0.03018988357163681, 0.029833215441984126, 0.02810044122493976, 0.02622265790307228, 0.02567385093485182]",[1],1.0,1.0,1.0,1.0,0.23084130515162385,0.23084130515162385,0.07562301036202221,0.15521829478960164,0.15521829478960164,1.0,1.0,1.0,1.0,1.0,1.0,1.0,1.0,1.0,1.0,1.0,1.0,1.0,1.0,1.0
Q0454,Dürfen Studierende ihre Prüfungsakten fotografieren?,fully_answerable,1,"[""PO25CL-GEN-C04-P30-U01""]",0.2955871294857551,0.03531550727859277,0.2602716222071623,"[""PO25CL-GEN-C04-P30-U01"", ""PO25CL-GEN-C02-P07-A02"", ""PO25CL-GEN-C04-P31-A01"", ""PO25CL-GEN-C04-P25-A05"", ""PO25CL-GEN-C03-P19-A04"", ""PO25CL-GEN-C03-P12-A01"", ""PO25CL-PLAN-INTRO"", ""PO25CL-GEN-C04-P27-A01-02"", ""PO25CL-GEN-C02-P08-U01"", ""PO25CL-GEN-C03-P18-A03""]","[0.2955871294857551, 0.03531550727859277, 0.03489828420786105, 0.0306747279711284, 0.02348732881010423, 0.022234046572277625, 0.019751350833017885, 0.017900940817204752, 0.017201228300402827, 0.013053384642612931]",[1],1.0,1.0,1.0,1.0,0.2955871294857551,0.2955871294857551,0.03531550727859277,0.2602716222071623,0.2602716222071623,1.0,1.0,1.0,1.0,1.0,1.0,1.0,1.0,1.0,1.0,1.0,1.0,1.0,1.0,1.0
Q0455,Berät die Hochschule auch Studieninteressierte?,fully_answerable,1,"[""PO25CL-GEN-C04-P31-A01""]",0.19743292307749052,0.053175710859022465,0.14425721221846804,"[""PO25CL-GEN-C04-P31-A01"", ""PO25CL-GEN-C03-P12-A05"", ""PO25CL-GEN-C03-P14-A09"", ""PO25CL-GEN-C03-P15-A08"", ""PO25CL-GEN-C03-P11-A08"", ""PO25CL-GEN-C03-P15-A09"", ""PO25CL-GEN-C04-P25-A04"", ""PO25CL-GEN-C03-P18-A07"", ""PO25CL-GEN-C01-P05-A02"", ""PO25CL-GEN-C03-P19-A04""]","[0.19743292307749052, 0.053175710859022465, 0.031408655735167955, 0.030679990195973422, 0.030375330894449465, 0.02888779658931795, 0.027813282759378964, 0.026467263821615065, 0.026324138529442286, 0.024934559305060323]",[1],1.0,1.0,1.0,1.0,0.19743292307749052,0.19743292307749052,0.053175710859022465,0.14425721221846804,0.14425721221846804,1.0,1.0,1.0,1.0,1.0,1.0,1.0,1.0,1.0,1.0,1.0,1.0,1.0,1.0,1.0
Q0456,Zu welchen Themen berät die Hochschule Studierende?,fully_answerable,1,"[""PO25CL-GEN-C04-P31-A01""]",0.1646976358894061,0.055878113283618455,0.10881952260578766,"[""PO25CL-GEN-C04-P31-A01"", ""PO25CL-GEN-C02-P07-A02"", ""PO25CL-GEN-C03-P12-A05"", ""PO25CL-GEN-C03-P14-A10"", ""PO25CL-GEN-C03-P12-A01"", ""PO25CL-GEN-C04-P27-A01-02"", ""PO25CL-GEN-C04-P30-U01"", ""PO25CL-GEN-C03-P12-A03"", ""PO25CL-GEN-C03-P14-A09"", ""PO25CL-GEN-C03-P20-A02""]","[0.1646976358894061, 0.055878113283618455, 0.05109673739093, 0.0473140058880656, 0.037820737673745886, 0.03721175177603248, 0.03646626884115675, 0.03380013936300436, 0.029734756421769655, 0.027391902273519016]",[1],1.0,1.0,1.0,1.0,0.1646976358894061,0.1646976358894061,0.055878113283618455,0.10881952260578766,0.10881952260578766,1.0,1.0,1.0,1.0,1.0,1.0,1.0,1.0,1.0,1.0,1.0,1.0,1.0,1.0,1.0
Q0457,Wer organisiert die Fachstudienberatung?,fully_answerable,1,"[""PO25CL-GEN-C04-P31-A01""]",0.18733755581008588,0.06438231687559438,0.12295523893449149,"[""PO25CL-GEN-C04-P31-A01"", ""PO25CL-GEN-C02-P06-U01"", ""PO25CL-GEN-C03-P17-A05"", ""PO25CL-GEN-C03-P11-A04"", ""PO25CL-GEN-C03-P12-A01"", ""PO25CL-GEN-C03-P12-A02"", ""PO25CL-GEN-C01-P01-A02"", ""PO25CL-GEN-C03-P14-A09"", ""PO25CL-GEN-C04-P24-A02"", ""PO25CL-GEN-C03-P20-A02""]","[0.18733755581008588, 0.06438231687559438, 0.04342604746825262, 0.042998373194532265, 0.03375265356074708, 0.024979679478041625, 0.02138115027388015, 0.021210244847641373, 0.019443222765526468, 0.018043858278418617]",[1],1.0,1.0,1.0,1.0,0.18733755581008588,0.18733755581008588,0.06438231687559438,0.12295523893449149,0.12295523893449149,1.0,1.0,1.0,1.0,1.0,1.0,1.0,1.0,1.0,1.0,1.0,1.0,1.0,1.0,1.0
Q0458,Welche Stelle nutzt ECTS-Statistiken für Beratungszwecke?,fully_answerable,1,"[""PO25CL-GEN-C04-P31-A02""]",0.13369023031313587,0.0700910080309884,0.06359922228214747,"[""PO25CL-GEN-C04-P31-A02"", ""PO25CL-GEN-C01-P02-A03"", ""PO25CL-GEN-C01-P02-A02"", ""PO25CL-GEN-C01-P02-A01"", ""PO25CL-GEN-C01-P03-A04"", ""PO25CL-APP-R03"", ""PO25CL-PLAN-INTRO"", ""PO25CL-APP-R08"", ""PO25CL-GEN-C01-P03-A05"", ""PO25CL-GEN-C03-P18-A01""]","[0.13369023031313587, 0.0700910080309884, 0.05769883356420838, 0.04893922242819536, 0.04703722160554793, 0.0452317346847322, 0.04398330126808998, 0.03978700360090291, 0.03791631712710021, 0.03406040611927584]",[1],1.0,1.0,1.0,1.0,0.13369023031313587,0.13369023031313587,0.0700910080309884,0.06359922228214747,0.06359922228214747,1.0,1.0,1.0,1.0,1.0,1.0,1.0,1.0,1.0,1.0,1.0,1.0,1.0,1.0,1.0
Q0459,Welche Studierendengruppe soll mithilfe der ECTS-Statistiken auf Beratungsangebote hingewiesen werden?,fully_answerable,1,"[""PO25CL-GEN-C04-P31-A02""]",0.16017533734045766,0.08800176531635025,0.07217357202410742,"[""PO25CL-GEN-C04-P31-A02"", ""PO25CL-GEN-C01-P02-A03"", ""PO25CL-GEN-C01-P02-A02"", ""PO25CL-GEN-C03-P21-A01"", ""PO25CL-PLAN-INTRO"", ""PO25CL-APP-R03"", ""PO25CL-GEN-C04-P28-A03"", ""PO25CL-GEN-C01-P02-A01"", ""PO25CL-GEN-C03-P18-A08"", ""PO25CL-GEN-C03-P19-A07""]","[0.16017533734045766, 0.08800176531635025, 0.06774074627146888, 0.050961733639050946, 0.04942241336399659, 0.04652965695806201, 0.04579223011493391, 0.04260848312846646, 0.042104584760675, 0.041374781895397304]",[1],1.0,1.0,1.0,1.0,0.16017533734045766,0.16017533734045766,0.08800176531635025,0.07217357202410742,0.07217357202410742,1.0,1.0,1.0,1.0,1.0,1.0,1.0,1.0,1.0,1.0,1.0,1.0,1.0,1.0,1.0
Q0460,Wann tritt die Prüfungsordnung in Kraft?,fully_answerable,1,"[""PO25CL-GEN-C05-P32-U01""]",0.13900033935046907,0.06412210784941608,0.074878231501053,"[""PO25CL-GEN-C05-P32-U01"", ""PO25CL-GEN-C04-P24-A02"", ""PO25CL-GEN-C02-P06-U01"", ""PO25CL-GEN-C02-P07-A01"", ""PO25CL-GEN-C03-P11-A08"", ""PO25CL-GEN-C03-P11-A07"", ""PO25CL-GEN-C03-P14-A09"", ""PO25CL-GEN-C01-P01-A02"", ""PO25CL-GEN-C01-P02-A01"", ""PO25CL-GEN-C04-P24-A01""]","[0.13900033935046907, 0.06412210784941608, 0.047019147882441874, 0.04435099210096467, 0.041799683852399384, 0.039362995487310475, 0.03218890139167971, 0.03148870945089021, 0.031148303809160723, 0.030054122199692536]",[1],1.0,1.0,1.0,1.0,0.13900033935046907,0.13900033935046907,0.06412210784941608,0.074878231501053,0.074878231501053,1.0,1.0,1.0,1.0,1.0,1.0,1.0,1.0,1.0,1.0,1.0,1.0,1.0,1.0,1.0
Q0461,An welchem Datum beschloss der Fakultätsrat die Prüfungsordnung?,fully_answerable,1,"[""PO25CL-GEN-C05-P32-U01""]",0.12460162593264254,0.06799722273451682,0.05660440319812572,"[""PO25CL-GEN-C04-P24-A02"", ""PO25CL-GEN-C03-P11-A07"", ""PO25CL-GEN-C02-P07-A01"", ""PO25CL-GEN-C03-P16-A01"", ""PO25CL-GEN-C04-P28-A03"", ""PO25CL-GEN-C03-P12-A01"", ""PO25CL-GEN-C03-P21-A02"", ""PO25CL-GEN-C03-P12-A02"", ""PO25CL-GEN-C03-P21-A03"", ""PO25CL-GEN-C04-P24-A01""]","[0.12460162593264254, 0.06799722273451682, 0.06662940363949685, 0.06403207679687455, 0.06172027689162107, 0.06162810815103974, 0.05972618584095231, 0.057526977358586306, 0.05742101688185998, 0.055872656865408446]",[99],99.0,99.0,99.0,0.010101010101010102,0.013318920753202144,0.013318920753202144,0.12460162593264254,-0.11128270517944039,-0.11128270517944039,0.0,0.0,0.0,0.0,0.0,0.0,0.0,0.0,0.0,0.0,0.0,0.0,0.0,0.0,0.0
Q0462,An welchem Datum wurde die Prüfungsordnung ausgefertigt?,fully_answerable,1,"[""PO25CL-GEN-C05-P32-U01""]",0.05997522640524816,0.05150932732291537,0.008465899082332792,"[""PO25CL-GEN-C04-P24-A02"", ""PO25CL-GEN-C02-P07-A01"", ""PO25CL-GEN-C02-P06-U01"", ""PO25CL-GEN-C03-P14-A09"", ""PO25CL-GEN-C03-P21-A03"", ""PO25CL-GEN-C05-P32-U01"", ""PO25CL-GEN-C03-P12-A01"", ""PO25CL-GEN-C03-P21-A02"", ""PO25CL-GEN-C04-P28-A03"", ""PO25CL-GEN-C02-P07-A03""]","[0.05997522640524816, 0.05150932732291537, 0.04954010414691824, 0.049115096668850076, 0.047799906119532394, 0.04766948487226986, 0.04762133468192861, 0.04621626958267061, 0.046158399593522303, 0.042974695148689075]",[6],6.0,6.0,6.0,0.16666666666666666,0.04766948487226986,0.04766948487226986,0.05997522640524816,-0.012305741532978302,-0.012305741532978302,0.0,0.0,0.0,0.0,0.0,0.0,0.0,0.0,0.0,0.0,0.0,0.0,1.0,1.0,1.0
Q0463,Als welcher Studiengangstyp ist Computerlinguistik ausgewiesen?,fully_answerable,1,"[""PO25CL-APP-R01""]",0.11603410256439006,0.0671453577083793,0.04888874485601076,"[""PO25CL-GEN-C03-P18-A08"", ""PO25CL-PLAN-INTRO"", ""PO25CL-APP-R07-M15"", ""PO25CL-APP-R07-M14"", ""PO25CL-PLAN-S06-M01"", ""PO25CL-PLAN-S05-M03"", ""PO25CL-GEN-C03-P17-A05"", ""PO25CL-PLAN-S01-M02"", ""PO25CL-APP-R09"", ""PO25CL-GEN-C03-P19-A05""]","[0.11603410256439006, 0.0671453577083793, 0.05082360872595384, 0.050684850992472025, 0.04750865041613519, 0.0447119319344068, 0.043265579029300165, 0.040430194679727596, 0.040243467376528105, 0.039884851811422754]",[12],12.0,12.0,12.0,0.08333333333333333,0.039027274206064506,0.039027274206064506,0.11603410256439006,-0.07700682835832556,-0.07700682835832556,0.0,0.0,0.0,0.0,0.0,0.0,0.0,0.0,0.0,0.0,0.0,0.0,0.0,0.0,0.0
Q0464,In welchem Semester kann das Computerlinguistikstudium begonnen werden?,fully_answerable,1,"[""PO25CL-APP-R02""]",0.16844594244935188,0.1065725089866863,0.06187343346266558,"[""PO25CL-GEN-C02-P09-A01"", ""PO25CL-GEN-C03-P15-A02"", ""PO25CL-GEN-C03-P21-A02"", ""PO25CL-GEN-C03-P15-A05"", ""PO25CL-GEN-C03-P15-A03"", ""PO25CL-GEN-C04-P28-A03"", ""PO25CL-GEN-C03-P15-A07"", ""PO25CL-GEN-C02-P08-U01"", ""PO25CL-GEN-C03-P14-A10"", ""PO25CL-PLAN-S02-SUM""]","[0.16844594244935188, 0.1065725089866863, 0.09076146612876573, 0.07386338605405929, 0.06819188992377317, 0.0673343644554947, 0.0657207599567381, 0.06417387819495964, 0.05925565097675363, 0.05753037145324065]",[175],175.0,175.0,175.0,0.005714285714285714,0.0,0.0,0.16844594244935188,-0.16844594244935188,-0.16844594244935188,0.0,0.0,0.0,0.0,0.0,0.0,0.0,0.0,0.0,0.0,0.0,0.0,0.0,0.0,0.0
Q0465,Wie viele ECTS-Leistungspunkte umfasst der Studiengang Computerlinguistik?,fully_answerable,1,"[""PO25CL-APP-R03""]",0.2646495745985623,0.18270805053604616,0.08194152406251615,"[""PO25CL-GEN-C01-P02-A03"", ""PO25CL-APP-R03"", ""PO25CL-APP-R01"", ""PO25CL-GEN-C01-P02-A02"", ""PO25CL-GEN-C03-P21-A01"", ""PO25CL-PLAN-LEGEND"", ""PO25CL-GEN-C01-P02-A01"", ""PO25CL-GEN-C04-P28-A09"", ""PO25CL-GEN-C01-P05-A03"", ""PO25CL-APP-R07-M15""]","[0.2646495745985623, 0.18270805053604616, 0.17851997000999117, 0.13613301412549583, 0.1273729007925161, 0.11624352067884944, 0.09366506535809768, 0.08571428923558826, 0.05435853843279656, 0.050503850836117706]",[2],2.0,2.0,2.0,0.5,0.18270805053604616,0.18270805053604616,0.2646495745985623,-0.08194152406251615,-0.08194152406251615,0.0,0.0,0.0,1.0,1.0,1.0,1.0,1.0,1.0,1.0,1.0,1.0,1.0,1.0,1.0
Q0466,Welches Englischniveau wird als notwendige Vorkenntnis verlangt?,fully_answerable,1,"[""PO25CL-APP-R04""]",0.17994993083516853,0.07658429976495174,0.10336563107021679,"[""PO25CL-APP-R04"", ""PO25CL-GEN-C03-P17-A05"", ""PO25CL-GEN-C03-P17-A02"", ""PO25CL-GEN-C03-P19-A05"", ""PO25CL-GEN-C03-P21-A03"", ""PO25CL-GEN-C03-P20-A04"", ""PO25CL-GEN-C03-P19-A09"", ""PO25CL-GEN-C03-P16-A01"", ""PO25CL-GEN-C01-P03-A05"", ""PO25CL-GEN-C02-P09-A04""]","[0.17994993083516853, 0.07658429976495174, 0.0764952585017592, 0.056759808314673345, 0.04897739372066493, 0.047050749038610444, 0.0448398320137602, 0.04335044316500174, 0.04271630930292841, 0.04257743189762092]",[1],1.0,1.0,1.0,1.0,0.17994993083516853,0.17994993083516853,0.07658429976495174,0.10336563107021679,0.10336563107021679,1.0,1.0,1.0,1.0,1.0,1.0,1.0,1.0,1.0,1.0,1.0,1.0,1.0,1.0,1.0
Q0467,Welcher Dauer des Schulunterrichts wird das Englischniveau B1 gleichgesetzt?,fully_answerable,1,"[""PO25CL-APP-R04""]",0.0858640058343343,0.08314063765950647,0.0027233681748278366,"[""PO25CL-GEN-C03-P21-A02"", ""PO25CL-APP-R04"", ""PO25CL-GEN-C03-P16-A01"", ""PO25CL-GEN-C03-P15-A03"", ""PO25CL-GEN-C03-P14-A06"", ""PO25CL-GEN-C02-P09-A04"", ""PO25CL-GEN-C03-P20-A02"", ""PO25CL-GEN-C03-P20-A04"", ""PO25CL-GEN-C03-P11-A07"", ""PO25CL-GEN-C03-P21-A03""]","[0.0858640058343343, 0.08314063765950647, 0.062304395550491935, 0.058715976754517105, 0.057298823383343585, 0.0549599741963718, 0.05354065896007883, 0.05340775250325437, 0.05299730961855881, 0.04796821138915436]",[2],2.0,2.0,2.0,0.5,0.08314063765950647,0.08314063765950647,0.0858640058343343,-0.0027233681748278366,-0.0027233681748278366,0.0,0.0,0.0,1.0,1.0,1.0,1.0,1.0,1.0,1.0,1.0,1.0,1.0,1.0,1.0
Q0468,Welche Angabe macht der Anhang zu einem Propädeutikum im Profilbildungsbereich?,fully_answerable,1,"[""PO25CL-APP-R05""]",0.6264086106842183,0.08943186821742603,0.5369767424667923,"[""PO25CL-APP-R05"", ""PO25CL-PLAN-S02-PBB"", ""PO25CL-PLAN-S03-PBB"", ""PO25CL-PLAN-S04-PBB"", ""PO25CL-PLAN-S05-PBB"", ""PO25CL-PLAN-S06-PBB"", ""PO25CL-APP-R07-M17"", ""PO25CL-APP-R13"", ""PO25CL-GEN-C03-P14-A09"", ""PO25CL-APP-R11""]","[0.6264086106842183, 0.08943186821742603, 0.08943186821742603, 0.08943186821742603, 0.08943186821742603, 0.08943186821742603, 0.08663595715768398, 0.06505826523066019, 0.055701621767270955, 0.05496309921516631]",[1],1.0,1.0,1.0,1.0,0.6264086106842183,0.6264086106842183,0.08943186821742603,0.5369767424667923,0.5369767424667923,1.0,1.0,1.0,1.0,1.0,1.0,1.0,1.0,1.0,1.0,1.0,1.0,1.0,1.0,1.0
Q0469,Wie viele Modulprüfungen sind für Computerlinguistik vorgesehen?,fully_answerable,1,"[""PO25CL-APP-R06""]",0.07430017431403514,0.05792474079267742,0.016375433521357723,"[""PO25CL-GEN-C04-P25-A02"", ""PO25CL-GEN-C04-P28-A06"", ""PO25CL-APP-R06"", ""PO25CL-GEN-C01-P05-A03"", ""PO25CL-APP-R08"", ""PO25CL-APP-R10"", ""PO25CL-GEN-C03-P18-A01"", ""PO25CL-APP-R14"", ""PO25CL-GEN-C03-P12-A01"", ""PO25CL-GEN-C03-P19-A08""]","[0.07430017431403514, 0.05792474079267742, 0.05568336427478042, 0.055574545376503824, 0.05439673830787721, 0.053954895755560624, 0.04709534062995229, 0.04701297013824891, 0.0427218475430685, 0.041453583969193644]",[3],3.0,3.0,3.0,0.3333333333333333,0.05568336427478042,0.05568336427478042,0.07430017431403514,-0.018616810039254722,-0.018616810039254722,0.0,0.0,0.0,0.0,0.0,0.0,1.0,1.0,1.0,1.0,1.0,1.0,1.0,1.0,1.0
Q0470,Wird die Bachelorarbeit zusätzlich zu den neun Modulprüfungen gezählt?,fully_answerable,1,"[""PO25CL-APP-R06""]",0.1501823572283637,0.10341367800751812,0.046768679220845585,"[""PO25CL-GEN-C03-P16-A01"", ""PO25CL-GEN-C03-P21-A03"", ""PO25CL-GEN-C01-P03-A05"", ""PO25CL-GEN-C04-P25-A03"", ""PO25CL-GEN-C03-P15-A02"", ""PO25CL-GEN-C03-P10-U01"", ""PO25CL-GEN-C01-P04-A03"", ""PO25CL-GEN-C03-P18-A05"", ""PO25CL-GEN-C04-P28-A03"", ""PO25CL-GEN-C03-P12-A03""]","[0.1501823572283637, 0.10341367800751812, 0.09277062494029958, 0.0892598288807197, 0.08732298169841483, 0.07075210329402153, 0.06995099794607487, 0.06864302909857285, 0.06776374617759341, 0.06613433063017346]",[11],11.0,11.0,11.0,0.09090909090909091,0.06280369136706929,0.06280369136706929,0.1501823572283637,-0.08737866586129442,-0.08737866586129442,0.0,0.0,0.0,0.0,0.0,0.0,0.0,0.0,0.0,0.0,0.0,0.0,0.0,0.0,0.0
Q0471,Welche Prüfungsform darf die zweite Wiederholung einer Modulprüfung haben?,fully_answerable,1,"[""PO25CL-APP-R09""]",0.4837772127690149,0.06355173417206043,0.42022547859695447,"[""PO25CL-APP-R09"", ""PO25CL-GEN-C03-P19-A09"", ""PO25CL-GEN-C03-P17-A01"", ""PO25CL-GEN-C04-P24-A04"", ""PO25CL-GEN-C03-P19-A06"", ""PO25CL-GEN-C03-P19-A05"", ""PO25CL-GEN-C03-P19-A02"", ""PO25CL-GEN-C03-P14-A09"", ""PO25CL-GEN-C03-P19-A10"", ""PO25CL-GEN-C03-P12-A05""]","[0.4837772127690149, 0.06355173417206043, 0.06308680971050241, 0.039294965143635806, 0.03687537855392637, 0.0333126866569636, 0.03294640847160959, 0.030682192498025965, 0.027831275565608275, 0.02753961334120871]",[1],1.0,1.0,1.0,1.0,0.4837772127690149,0.4837772127690149,0.06355173417206043,0.42022547859695447,0.42022547859695447,1.0,1.0,1.0,1.0,1.0,1.0,1.0,1.0,1.0,1.0,1.0,1.0,1.0,1.0,1.0
Q0472,Wie wird die Bachelorarbeit für die Gesamtnote gewichtet?,fully_answerable,1,"[""PO25CL-APP-R10""]",0.2929632234630116,0.1417684221956336,0.15119480126737803,"[""PO25CL-APP-R10"", ""PO25CL-GEN-C03-P18-A05"", ""PO25CL-GEN-C04-P25-A03"", ""PO25CL-GEN-C03-P16-A01"", ""PO25CL-GEN-C01-P03-A05"", ""PO25CL-GEN-C03-P18-A06"", ""PO25CL-GEN-C03-P15-A02"", ""PO25CL-GEN-C03-P18-A07"", ""PO25CL-GEN-C03-P21-A02"", ""PO25CL-GEN-C03-P18-A01""]","[0.2929632234630116, 0.1417684221956336, 0.11436301516352007, 0.11333663272916589, 0.08160677911538125, 0.07410446897576299, 0.07381384234154259, 0.06454859008648944, 0.06371097711737736, 0.062050329504106855]",[1],1.0,1.0,1.0,1.0,0.2929632234630116,0.2929632234630116,0.1417684221956336,0.15119480126737803,0.15119480126737803,1.0,1.0,1.0,1.0,1.0,1.0,1.0,1.0,1.0,1.0,1.0,1.0,1.0,1.0,1.0
Q0473,Wie werden die Modulprüfungen für die Gesamtnote gewichtet?,fully_answerable,1,"[""PO25CL-APP-R10""]",0.33761332887677137,0.11978168217149933,0.21783164670527205,"[""PO25CL-APP-R10"", ""PO25CL-GEN-C03-P18-A05"", ""PO25CL-GEN-C03-P18-A01"", ""PO25CL-GEN-C03-P18-A06"", ""PO25CL-GEN-C03-P18-A07"", ""PO25CL-GEN-C03-P18-A08"", ""PO25CL-GEN-C01-P05-A03"", ""PO25CL-GEN-C04-P24-A01"", ""PO25CL-GEN-C04-P24-A02"", ""PO25CL-GEN-C03-P23-U01""]","[0.33761332887677137, 0.11978168217149933, 0.08570141460151542, 0.08439455794336499, 0.08314315875184594, 0.07843365963122033, 0.07525779238892831, 0.07371921953549734, 0.07157326569292143, 0.06501153143709212]",[1],1.0,1.0,1.0,1.0,0.33761332887677137,0.33761332887677137,0.11978168217149933,0.21783164670527205,0.21783164670527205,1.0,1.0,1.0,1.0,1.0,1.0,1.0,1.0,1.0,1.0,1.0,1.0,1.0,1.0,1.0
Q0474,Welche Angabe enthält der Anhang zur Prüfungssprache?,fully_answerable,1,"[""PO25CL-APP-R11""]",0.23772854126479076,0.11742181467484102,0.12030672658994974,"[""PO25CL-APP-R11"", ""PO25CL-GEN-C03-P15-A10"", ""PO25CL-APP-R13"", ""PO25CL-APP-R08"", ""PO25CL-GEN-C03-P11-A08"", ""PO25CL-APP-R05"", ""PO25CL-GEN-C03-P21-A02"", ""PO25CL-GEN-C03-P20-A03"", ""PO25CL-PLAN-INTRO"", ""PO25CL-GEN-C03-P15-A08""]","[0.23772854126479076, 0.11742181467484102, 0.08224293029564676, 0.061094518659418603, 0.05747835582732196, 0.05740984697536901, 0.048984942668400096, 0.036401412112568775, 0.03442571901160526, 0.03138731067367766]",[1],1.0,1.0,1.0,1.0,0.23772854126479076,0.23772854126479076,0.11742181467484102,0.12030672658994974,0.12030672658994974,1.0,1.0,1.0,1.0,1.0,1.0,1.0,1.0,1.0,1.0,1.0,1.0,1.0,1.0,1.0
Q0475,Ist ein Auslandsaufenthalt im Computerlinguistikstudium verpflichtend?,fully_answerable,1,"[""PO25CL-APP-R12""]",0.25402582418794867,0.0885124665399724,0.16551335764797626,"[""PO25CL-APP-R12"", ""PO25CL-GEN-C02-P07-A04"", ""PO25CL-APP-R14"", ""PO25CL-GEN-C04-P24-A01"", ""PO25CL-GEN-C02-P09-A01"", ""PO25CL-PLAN-INTRO"", ""PO25CL-GEN-C01-P01-A01"", ""PO25CL-GEN-C03-P14-A07"", ""PO25CL-GEN-C04-P29-U01"", ""PO25CL-GEN-C01-P02-A01""]","[0.25402582418794867, 0.0885124665399724, 0.07297632035869414, 0.06912622512297742, 0.05879285267782707, 0.053816077348572716, 0.04926257715909628, 0.04487773022221575, 0.04000985502243211, 0.039016439306512815]",[1],1.0,1.0,1.0,1.0,0.25402582418794867,0.25402582418794867,0.0885124665399724,0.16551335764797626,0.16551335764797626,1.0,1.0,1.0,1.0,1.0,1.0,1.0,1.0,1.0,1.0,1.0,1.0,1.0,1.0,1.0
Q0476,Für welches Semester wird ein Mobilitätsfenster genannt?,fully_answerable,1,"[""PO25CL-APP-R12""]",0.12678506277540882,0.08205450181327754,0.04473056096213128,"[""PO25CL-APP-R12"", ""PO25CL-GEN-C03-P20-A04"", ""PO25CL-GEN-C03-P21-A02"", ""PO25CL-APP-R14"", ""PO25CL-GEN-C04-P24-A01"", ""PO25CL-GEN-C04-P29-U01"", ""PO25CL-APP-R08"", ""PO25CL-GEN-C03-P12-A02"", ""PO25CL-GEN-C01-P02-A01"", ""PO25CL-PLAN-S02-SUM""]","[0.12678506277540882, 0.08205450181327754, 0.07885701275701704, 0.07630540793029654, 0.06610513352098879, 0.04761399213918968, 0.03889813346380772, 0.03684169981858358, 0.035475646099801666, 0.035327665717187616]",[1],1.0,1.0,1.0,1.0,0.12678506277540882,0.12678506277540882,0.08205450181327754,0.04473056096213128,0.04473056096213128,1.0,1.0,1.0,1.0,1.0,1.0,1.0,1.0,1.0,1.0,1.0,1.0,1.0,1.0,1.0
Q0477,Welche Angabe enthält der Anhang zu einer Exkursion?,fully_answerable,1,"[""PO25CL-APP-R13""]",0.28508785815054816,0.09498194838584015,0.190105909764708,"[""PO25CL-APP-R13"", ""PO25CL-GEN-C03-P15-A10"", ""PO25CL-APP-R11"", ""PO25CL-APP-R08"", ""PO25CL-GEN-C03-P14-A06"", ""PO25CL-GEN-C03-P20-A02"", ""PO25CL-APP-R05"", ""PO25CL-GEN-C03-P21-A02"", ""PO25CL-GEN-C03-P15-A08"", ""PO25CL-GEN-C03-P14-A05""]","[0.28508785815054816, 0.09498194838584015, 0.06316438733107545, 0.0555401726062053, 0.05449891009662132, 0.05400367891290665, 0.052190489102352, 0.048245140257741785, 0.04388110033839471, 0.041540949945539]",[1],1.0,1.0,1.0,1.0,0.28508785815054816,0.28508785815054816,0.09498194838584015,0.190105909764708,0.190105909764708,1.0,1.0,1.0,1.0,1.0,1.0,1.0,1.0,1.0,1.0,1.0,1.0,1.0,1.0,1.0
Q0478,Welche Angabe enthält der Anhang zu besonderen Prüfungsvoraussetzungen?,fully_answerable,1,"[""PO25CL-APP-R08""]",0.10507060646888856,0.08270727616047266,0.022363330308415905,"[""PO25CL-GEN-C03-P15-A10"", ""PO25CL-APP-R13"", ""PO25CL-APP-R11"", ""PO25CL-APP-R08"", ""PO25CL-APP-R05"", ""PO25CL-GEN-C03-P21-A02"", ""PO25CL-GEN-C04-P25-A06"", ""PO25CL-GEN-C03-P12-A03"", ""PO25CL-PLAN-INTRO"", ""PO25CL-GEN-C03-P15-A08""]","[0.10507060646888856, 0.08270727616047266, 0.06987349277308862, 0.06143946000575741, 0.057733984563213575, 0.05336957424231174, 0.049066874179934696, 0.04224752221534893, 0.039683081207787185, 0.038972468890648496]",[4],4.0,4.0,4.0,0.25,0.06143946000575741,0.06143946000575741,0.10507060646888856,-0.043631146463131154,-0.043631146463131154,0.0,0.0,0.0,0.0,0.0,0.0,0.0,0.0,0.0,1.0,1.0,1.0,1.0,1.0,1.0
Q0479,Kann das Berufsfeldpraktikum im Computerlinguistikstudium nach dem vierten Semester absolviert werden?,fully_answerable,1,"[""PO25CL-APP-R14""]",0.25670238418032737,0.13390351870073153,0.12279886547959584,"[""PO25CL-GEN-C02-P09-A01"", ""PO25CL-APP-R14"", ""PO25CL-GEN-C02-P09-A04"", ""PO25CL-GEN-C02-P09-A02"", ""PO25CL-GEN-C03-P14-A10"", ""PO25CL-GEN-C03-P15-A02"", ""PO25CL-GEN-C03-P21-A02"", ""PO25CL-GEN-C04-P28-A03"", ""PO25CL-GEN-C03-P15-A05"", ""PO25CL-GEN-C02-P09-A05""]","[0.25670238418032737, 0.13390351870073153, 0.13388301389806118, 0.06890063197993172, 0.04627236118057308, 0.0454284049763108, 0.04537091012179934, 0.043296278837088684, 0.038826352623819095, 0.03506773186582997]",[2],2.0,2.0,2.0,0.5,0.13390351870073153,0.13390351870073153,0.25670238418032737,-0.12279886547959584,-0.12279886547959584,0.0,0.0,0.0,1.0,1.0,1.0,1.0,1.0,1.0,1.0,1.0,1.0,1.0,1.0,1.0
Q0480,Welche Alternative zum Berufsfeldpraktikum nennt der Computerlinguistik-Anhang?,fully_answerable,1,"[""PO25CL-APP-R14""]",0.14074895553031763,0.12531634991374932,0.015432605616568312,"[""PO25CL-APP-R07-M06"", ""PO25CL-APP-R07-M02"", ""PO25CL-GEN-C02-P09-A01"", ""PO25CL-GEN-C02-P09-A04"", ""PO25CL-PLAN-S03-M01"", ""PO25CL-PLAN-S02-M04"", ""PO25CL-PLAN-S01-M02"", ""PO25CL-PLAN-S02-M01"", ""PO25CL-APP-R07-M15"", ""PO25CL-APP-R07-M14""]","[0.14074895553031763, 0.12531634991374932, 0.11613421591470807, 0.11074197907442174, 0.10631026613583133, 0.10167992515006896, 0.09300402735630312, 0.08205250750558189, 0.07177225437890856, 0.07157630301704841]",[16],16.0,16.0,16.0,0.0625,0.043517770006282125,0.043517770006282125,0.14074895553031763,-0.09723118552403551,-0.09723118552403551,0.0,0.0,0.0,0.0,0.0,0.0,0.0,0.0,0.0,0.0,0.0,0.0,0.0,0.0,0.0
Q0481,Welchen fachlichen Inhalt muss die alternativ mögliche Projektarbeit haben?,fully_answerable,1,"[""PO25CL-APP-R14""]",0.05785286652597133,0.055333534188022414,0.002519332337948918,"[""PO25CL-GEN-C04-P24-A04"", ""PO25CL-GEN-C03-P14-A06"", ""PO25CL-GEN-C03-P14-A07"", ""PO25CL-APP-R14"", ""PO25CL-GEN-C03-P14-A04"", ""PO25CL-GEN-C03-P15-A06"", ""PO25CL-GEN-C03-P14-A02"", ""PO25CL-GEN-C03-P12-A02"", ""PO25CL-GEN-C03-P14-A09"", ""PO25CL-APP-R07-M17""]","[0.05785286652597133, 0.055333534188022414, 0.044218360857329324, 0.037885381072422786, 0.037294004601225575, 0.03696676972628059, 0.03692751889774642, 0.03501286071417849, 0.03153288009067935, 0.030173847922980054]",[4],4.0,4.0,4.0,0.25,0.037885381072422786,0.037885381072422786,0.05785286652597133,-0.019967485453548546,-0.019967485453548546,0.0,0.0,0.0,0.0,0.0,0.0,0.0,0.0,0.0,1.0,1.0,1.0,1.0,1.0,1.0
Q0482,Wie lange muss das Berufsfeldpraktikum im Computerlinguistikstudium mindestens dauern?,fully_answerable,1,"[""PO25CL-APP-R14""]",0.26203576309908555,0.20333411060411213,0.058701652494973416,"[""PO25CL-GEN-C02-P09-A01"", ""PO25CL-GEN-C02-P09-A04"", ""PO25CL-GEN-C02-P09-A02"", ""PO25CL-GEN-C03-P11-A06"", ""PO25CL-GEN-C01-P05-A03"", ""PO25CL-GEN-C02-P09-A05"", ""PO25CL-GEN-C03-P21-A02"", ""PO25CL-APP-R14"", ""PO25CL-GEN-C03-P18-A03"", ""PO25CL-GEN-C03-P15-A03""]","[0.26203576309908555, 0.20333411060411213, 0.0992995086810082, 0.07261819659868396, 0.05437824497151746, 0.05325893003328391, 0.04960700506439564, 0.04808375239222278, 0.039671447339286514, 0.039463426920575945]",[8],8.0,8.0,8.0,0.125,0.04808375239222278,0.04808375239222278,0.26203576309908555,-0.21395201070686276,-0.21395201070686276,0.0,0.0,0.0,0.0,0.0,0.0,0.0,0.0,0.0,0.0,0.0,0.0,1.0,1.0,1.0
Q0483,Wie viele LP umfasst das Basismodul – Mathematische und logische Grundlagen?,fully_answerable,1,"[""PO25CL-APP-R07-M01""]",0.7101909331861,0.5332828189416174,0.1769081142444826,"[""PO25CL-APP-R07-M01"", ""PO25CL-PLAN-S01-M01"", ""PO25CL-APP-R07-M02"", ""PO25CL-APP-R07-M10"", ""PO25CL-APP-R07-M08"", ""PO25CL-PLAN-S02-M01"", ""PO25CL-PLAN-S01-M02"", ""PO25CL-PLAN-S04-M03"", ""PO25CL-APP-R07-M03"", ""PO25CL-PLAN-S03-M03""]","[0.7101909331861, 0.5332828189416174, 0.08998749256417542, 0.0859722295705292, 0.08565631679370246, 0.08042783410792959, 0.07425647685189021, 0.06925351157555039, 0.060345263929856535, 0.06006544847477768]",[1],1.0,1.0,1.0,1.0,0.7101909331861,0.7101909331861,0.5332828189416174,0.1769081142444826,0.1769081142444826,1.0,1.0,1.0,1.0,1.0,1.0,1.0,1.0,1.0,1.0,1.0,1.0,1.0,1.0,1.0
Q0484,Wie viele SWS umfasst das Basismodul – Mathematische und logische Grundlagen?,fully_answerable,1,"[""PO25CL-APP-R07-M01""]",0.7104999554684509,0.5314406605795866,0.1790592948888643,"[""PO25CL-APP-R07-M01"", ""PO25CL-PLAN-S01-M01"", ""PO25CL-APP-R07-M02"", ""PO25CL-APP-R07-M10"", ""PO25CL-APP-R07-M08"", ""PO25CL-PLAN-S02-M01"", ""PO25CL-PLAN-S01-M02"", ""PO25CL-PLAN-S04-M03"", ""PO25CL-PLAN-S03-M03"", ""PO25CL-APP-R07-M03""]","[0.7104999554684509, 0.5314406605795866, 0.09142292033750432, 0.08800482373557629, 0.08768144200662337, 0.0794886074627549, 0.07781046727725505, 0.07388944670524657, 0.06408632072125431, 0.06238483474368765]",[1],1.0,1.0,1.0,1.0,0.7104999554684509,0.7104999554684509,0.5314406605795866,0.1790592948888643,0.1790592948888643,1.0,1.0,1.0,1.0,1.0,1.0,1.0,1.0,1.0,1.0,1.0,1.0,1.0,1.0,1.0
Q0485,Ist für das Basismodul – Mathematische und logische Grundlagen eine Modulprüfung angegeben?,fully_answerable,1,"[""PO25CL-APP-R07-M01""]",0.653772006253776,0.48910091387104526,0.1646710923827307,"[""PO25CL-APP-R07-M01"", ""PO25CL-PLAN-S01-M01"", ""PO25CL-APP-R07-M02"", ""PO25CL-APP-R07-M10"", ""PO25CL-APP-R07-M08"", ""PO25CL-PLAN-S02-M01"", ""PO25CL-GEN-C03-P21-A02"", ""PO25CL-GEN-C03-P11-A03"", ""PO25CL-PLAN-S01-M02"", ""PO25CL-GEN-C03-P19-A09""]","[0.653772006253776, 0.48910091387104526, 0.07814267651132673, 0.07243208662561067, 0.07216592833552607, 0.0681907987573848, 0.05826721287706789, 0.05690565349424353, 0.05651304615162349, 0.05616739172251284]",[1],1.0,1.0,1.0,1.0,0.653772006253776,0.653772006253776,0.48910091387104526,0.1646710923827307,0.1646710923827307,1.0,1.0,1.0,1.0,1.0,1.0,1.0,1.0,1.0,1.0,1.0,1.0,1.0,1.0,1.0
Q0486,Wie viele LP umfasst das Basismodul – Grundlagen der Computerlinguistik und formale Grammatikbeschreibung?,fully_answerable,1,"[""PO25CL-APP-R07-M02""]",0.7641069154812725,0.6010178425471782,0.16308907293409436,"[""PO25CL-APP-R07-M02"", ""PO25CL-PLAN-S02-M01"", ""PO25CL-PLAN-S01-M02"", ""PO25CL-APP-R07-M06"", ""PO25CL-PLAN-S03-M01"", ""PO25CL-PLAN-S02-M04"", ""PO25CL-APP-R07-M01"", ""PO25CL-PLAN-S01-M01"", ""PO25CL-APP-R07-M03"", ""PO25CL-PLAN-S03-M03""]","[0.7641069154812725, 0.6010178425471782, 0.5914602105700238, 0.11711969523899933, 0.10217550279143646, 0.101477255512515, 0.09805387756665214, 0.08666224606983534, 0.0662729092800166, 0.057872417429961555]",[1],1.0,1.0,1.0,1.0,0.7641069154812725,0.7641069154812725,0.6010178425471782,0.16308907293409436,0.16308907293409436,1.0,1.0,1.0,1.0,1.0,1.0,1.0,1.0,1.0,1.0,1.0,1.0,1.0,1.0,1.0
Q0487,Wie viele SWS umfasst das Basismodul – Grundlagen der Computerlinguistik und formale Grammatikbeschreibung?,fully_answerable,1,"[""PO25CL-APP-R07-M02""]",0.7642962760212031,0.5993285859803075,0.16496769004089562,"[""PO25CL-APP-R07-M02"", ""PO25CL-PLAN-S02-M01"", ""PO25CL-PLAN-S01-M02"", ""PO25CL-APP-R07-M06"", ""PO25CL-PLAN-S03-M01"", ""PO25CL-PLAN-S02-M04"", ""PO25CL-APP-R07-M01"", ""PO25CL-PLAN-S01-M01"", ""PO25CL-APP-R07-M03"", ""PO25CL-PLAN-S03-M03""]","[0.7642962760212031, 0.5993285859803075, 0.5938074352308629, 0.11855902834207446, 0.10494138888324933, 0.10411646315279777, 0.09947911124402971, 0.08584956829572574, 0.06810477990030105, 0.06149562303632508]",[1],1.0,1.0,1.0,1.0,0.7642962760212031,0.7642962760212031,0.5993285859803075,0.16496769004089562,0.16496769004089562,1.0,1.0,1.0,1.0,1.0,1.0,1.0,1.0,1.0,1.0,1.0,1.0,1.0,1.0,1.0
Q0488,Ist für das Basismodul – Grundlagen der Computerlinguistik und formale Grammatikbeschreibung eine Modulprüfung angegeben?,fully_answerable,1,"[""PO25CL-APP-R07-M02""]",0.7145517563244184,0.5600076030472102,0.15454415327720816,"[""PO25CL-APP-R07-M02"", ""PO25CL-PLAN-S02-M01"", ""PO25CL-PLAN-S01-M02"", ""PO25CL-APP-R07-M06"", ""PO25CL-APP-R07-M01"", ""PO25CL-PLAN-S03-M01"", ""PO25CL-PLAN-S02-M04"", ""PO25CL-PLAN-S01-M01"", ""PO25CL-GEN-C03-P21-A02"", ""PO25CL-APP-R07-M03""]","[0.7145517563244184, 0.5600076030472102, 0.5456023130330906, 0.10471790880116627, 0.08692052709598205, 0.0862095682093042, 0.08598771820509711, 0.07588942409815341, 0.05669099016105118, 0.0557880682127929]",[1],1.0,1.0,1.0,1.0,0.7145517563244184,0.7145517563244184,0.5600076030472102,0.15454415327720816,0.15454415327720816,1.0,1.0,1.0,1.0,1.0,1.0,1.0,1.0,1.0,1.0,1.0,1.0,1.0,1.0,1.0
Q0489,Wie viele LP umfasst das Basismodul – Python-Programmierung?,fully_answerable,1,"[""PO25CL-APP-R07-M03""]",0.5533042618708448,0.4297594286017494,0.12354483326909538,"[""PO25CL-APP-R07-M03"", ""PO25CL-PLAN-S02-M02"", ""PO25CL-PLAN-S01-M03"", ""PO25CL-PLAN-S03-M04"", ""PO25CL-APP-R07-M10"", ""PO25CL-APP-R07-M11"", ""PO25CL-PLAN-S04-M03"", ""PO25CL-PLAN-S03-M01"", ""PO25CL-APP-R07-M06"", ""PO25CL-PLAN-S02-M01""]","[0.5533042618708448, 0.4297594286017494, 0.42550783590870067, 0.11304271701130529, 0.08712907287364072, 0.08353662859837901, 0.07795474148102213, 0.061910449378653115, 0.0602497584481185, 0.059782541234424794]",[1],1.0,1.0,1.0,1.0,0.5533042618708448,0.5533042618708448,0.4297594286017494,0.12354483326909538,0.12354483326909538,1.0,1.0,1.0,1.0,1.0,1.0,1.0,1.0,1.0,1.0,1.0,1.0,1.0,1.0,1.0
Q0490,Wie viele SWS umfasst das Basismodul – Python-Programmierung?,fully_answerable,1,"[""PO25CL-APP-R07-M03""]",0.5541843306528222,0.42882715574483127,0.12535717490799098,"[""PO25CL-APP-R07-M03"", ""PO25CL-PLAN-S01-M03"", ""PO25CL-PLAN-S02-M02"", ""PO25CL-PLAN-S03-M04"", ""PO25CL-APP-R07-M10"", ""PO25CL-APP-R07-M11"", ""PO25CL-PLAN-S04-M03"", ""PO25CL-PLAN-S03-M01"", ""PO25CL-PLAN-S02-M04"", ""PO25CL-APP-R07-M06""]","[0.5541843306528222, 0.42882715574483127, 0.4273735973569634, 0.11325863635071973, 0.08971718910059814, 0.08601803344856407, 0.08394286577363017, 0.06597902167834674, 0.06310530703739746, 0.06242251071640968]",[1],1.0,1.0,1.0,1.0,0.5541843306528222,0.5541843306528222,0.42882715574483127,0.12535717490799098,0.12535717490799098,1.0,1.0,1.0,1.0,1.0,1.0,1.0,1.0,1.0,1.0,1.0,1.0,1.0,1.0,1.0
Q0491,Ist für das Basismodul – Python-Programmierung eine Modulprüfung angegeben?,fully_answerable,1,"[""PO25CL-APP-R07-M03""]",0.48113724634872573,0.373808895397131,0.10732835095159471,"[""PO25CL-APP-R07-M03"", ""PO25CL-PLAN-S02-M02"", ""PO25CL-PLAN-S01-M03"", ""PO25CL-PLAN-S03-M04"", ""PO25CL-GEN-C03-P11-A03"", ""PO25CL-APP-R07-M10"", ""PO25CL-GEN-C03-P21-A02"", ""PO25CL-APP-R07-M11"", ""PO25CL-GEN-C03-P19-A09"", ""PO25CL-GEN-C02-P08-U01""]","[0.48113724634872573, 0.373808895397131, 0.3615195224100708, 0.08719556915509438, 0.06876777970472131, 0.06789523945062628, 0.06733104754172624, 0.06509583098411297, 0.06493780592419687, 0.053457257923465236]",[1],1.0,1.0,1.0,1.0,0.48113724634872573,0.48113724634872573,0.373808895397131,0.10732835095159471,0.10732835095159471,1.0,1.0,1.0,1.0,1.0,1.0,1.0,1.0,1.0,1.0,1.0,1.0,1.0,1.0,1.0
Q0492,Wie viele LP umfasst das Modul Basiswissen Linguistik – Morphologie und Syntax?,fully_answerable,1,"[""PO25CL-APP-R07-M04""]",0.7358908312597934,0.5933014695065684,0.142589361753225,"[""PO25CL-APP-R07-M04"", ""PO25CL-PLAN-S01-M04"", ""PO25CL-APP-R07-M05"", ""PO25CL-PLAN-S02-M03"", ""PO25CL-APP-R07-M08"", ""PO25CL-PLAN-S03-M03"", ""PO25CL-GEN-C01-P03-A03"", ""PO25CL-GEN-C01-P03-A02"", ""PO25CL-GEN-C01-P05-A03"", ""PO25CL-GEN-C03-P21-A02""]","[0.7358908312597934, 0.5933014695065684, 0.21957636448022022, 0.1843539737604142, 0.07237058636206055, 0.05119869908818826, 0.041599480007761314, 0.040923270133002336, 0.0324244705204891, 0.032148094148403444]",[1],1.0,1.0,1.0,1.0,0.7358908312597934,0.7358908312597934,0.5933014695065684,0.142589361753225,0.142589361753225,1.0,1.0,1.0,1.0,1.0,1.0,1.0,1.0,1.0,1.0,1.0,1.0,1.0,1.0,1.0
Q0493,Wie viele SWS umfasst das Modul Basiswissen Linguistik – Morphologie und Syntax?,fully_answerable,1,"[""PO25CL-APP-R07-M04""]",0.7362304472819853,0.5914951868722557,0.14473526040972962,"[""PO25CL-APP-R07-M04"", ""PO25CL-PLAN-S01-M04"", ""PO25CL-APP-R07-M05"", ""PO25CL-PLAN-S02-M03"", ""PO25CL-APP-R07-M08"", ""PO25CL-PLAN-S03-M03"", ""PO25CL-GEN-C01-P03-A03"", ""PO25CL-GEN-C01-P05-A03"", ""PO25CL-GEN-C03-P21-A02"", ""PO25CL-APP-R07-M15""]","[0.7362304472819853, 0.5914951868722557, 0.22080741730660908, 0.1832537547213479, 0.07426301189348884, 0.054908519030755956, 0.036309283126122964, 0.03236848842384393, 0.03209258922620474, 0.028219835263367042]",[1],1.0,1.0,1.0,1.0,0.7362304472819853,0.7362304472819853,0.5914951868722557,0.14473526040972962,0.14473526040972962,1.0,1.0,1.0,1.0,1.0,1.0,1.0,1.0,1.0,1.0,1.0,1.0,1.0,1.0,1.0
Q0494,Ist für das Modul Basiswissen Linguistik – Morphologie und Syntax eine Modulprüfung angegeben?,fully_answerable,1,"[""PO25CL-APP-R07-M04""]",0.6857735432564395,0.5506477041478846,0.1351258391085549,"[""PO25CL-APP-R07-M04"", ""PO25CL-PLAN-S01-M04"", ""PO25CL-APP-R07-M05"", ""PO25CL-PLAN-S02-M03"", ""PO25CL-GEN-C03-P11-A03"", ""PO25CL-APP-R07-M08"", ""PO25CL-GEN-C03-P21-A02"", ""PO25CL-GEN-C03-P19-A09"", ""PO25CL-GEN-C02-P08-U01"", ""PO25CL-GEN-C03-P20-A02""]","[0.6857735432564395, 0.5506477041478846, 0.2007814740405602, 0.16650915114612677, 0.06545085937321725, 0.06112153406765654, 0.05398057894154225, 0.05203523856914921, 0.0431272907778143, 0.03609469252174461]",[1],1.0,1.0,1.0,1.0,0.6857735432564395,0.6857735432564395,0.5506477041478846,0.1351258391085549,0.1351258391085549,1.0,1.0,1.0,1.0,1.0,1.0,1.0,1.0,1.0,1.0,1.0,1.0,1.0,1.0,1.0
Q0495,Wie viele LP umfasst das Modul Basiswissen Linguistik – Semantik und Pragmatik?,fully_answerable,1,"[""PO25CL-APP-R07-M05""]",0.7358908312597934,0.5933014695065684,0.142589361753225,"[""PO25CL-APP-R07-M05"", ""PO25CL-PLAN-S02-M03"", ""PO25CL-APP-R07-M04"", ""PO25CL-PLAN-S01-M04"", ""PO25CL-APP-R07-M08"", ""PO25CL-PLAN-S03-M03"", ""PO25CL-GEN-C01-P03-A03"", ""PO25CL-GEN-C01-P03-A02"", ""PO25CL-GEN-C01-P05-A03"", ""PO25CL-GEN-C03-P21-A02""]","[0.7358908312597934, 0.5933014695065684, 0.21957636448022022, 0.18435397376041426, 0.07237058636206055, 0.05119869908818826, 0.04159948000776131, 0.040923270133002336, 0.0324244705204891, 0.032148094148403444]",[1],1.0,1.0,1.0,1.0,0.7358908312597934,0.7358908312597934,0.5933014695065684,0.142589361753225,0.142589361753225,1.0,1.0,1.0,1.0,1.0,1.0,1.0,1.0,1.0,1.0,1.0,1.0,1.0,1.0,1.0
Q0496,Wie viele SWS umfasst das Modul Basiswissen Linguistik – Semantik und Pragmatik?,fully_answerable,1,"[""PO25CL-APP-R07-M05""]",0.7362304472819854,0.5914951868722554,0.14473526040972995,"[""PO25CL-APP-R07-M05"", ""PO25CL-PLAN-S02-M03"", ""PO25CL-APP-R07-M04"", ""PO25CL-PLAN-S01-M04"", ""PO25CL-APP-R07-M08"", ""PO25CL-PLAN-S03-M03"", ""PO25CL-GEN-C01-P03-A03"", ""PO25CL-GEN-C01-P05-A03"", ""PO25CL-GEN-C03-P21-A02"", ""PO25CL-APP-R07-M15""]","[0.7362304472819854, 0.5914951868722554, 0.22080741730660908, 0.18325375472134794, 0.07426301189348884, 0.054908519030755956, 0.036309283126122964, 0.03236848842384393, 0.03209258922620474, 0.028219835263367042]",[1],1.0,1.0,1.0,1.0,0.7362304472819854,0.7362304472819854,0.5914951868722554,0.14473526040972995,0.14473526040972995,1.0,1.0,1.0,1.0,1.0,1.0,1.0,1.0,1.0,1.0,1.0,1.0,1.0,1.0,1.0
Q0497,Ist für das Modul Basiswissen Linguistik – Semantik und Pragmatik eine Modulprüfung angegeben?,fully_answerable,1,"[""PO25CL-APP-R07-M05""]",0.6857735432564395,0.5506477041478846,0.1351258391085549,"[""PO25CL-APP-R07-M05"", ""PO25CL-PLAN-S02-M03"", ""PO25CL-APP-R07-M04"", ""PO25CL-PLAN-S01-M04"", ""PO25CL-GEN-C03-P11-A03"", ""PO25CL-APP-R07-M08"", ""PO25CL-GEN-C03-P21-A02"", ""PO25CL-GEN-C03-P19-A09"", ""PO25CL-GEN-C02-P08-U01"", ""PO25CL-GEN-C03-P20-A02""]","[0.6857735432564395, 0.5506477041478846, 0.2007814740405602, 0.1665091511461268, 0.06545085937321725, 0.06112153406765654, 0.05398057894154225, 0.05203523856914921, 0.0431272907778143, 0.03609469252174461]",[1],1.0,1.0,1.0,1.0,0.6857735432564395,0.6857735432564395,0.5506477041478846,0.1351258391085549,0.1351258391085549,1.0,1.0,1.0,1.0,1.0,1.0,1.0,1.0,1.0,1.0,1.0,1.0,1.0,1.0,1.0
Q0498,Wie viele LP umfasst das Basismodul – Statistische Methoden in der Computerlinguistik?,fully_answerable,1,"[""PO25CL-APP-R07-M06""]",0.7315684772021198,0.6583154919441728,0.07325298525794699,"[""PO25CL-APP-R07-M06"", ""PO25CL-PLAN-S03-M01"", ""PO25CL-PLAN-S02-M04"", ""PO25CL-APP-R07-M02"", ""PO25CL-PLAN-S01-M02"", ""PO25CL-PLAN-S02-M01"", ""PO25CL-APP-R07-M03"", ""PO25CL-APP-R07-M01"", ""PO25CL-PLAN-S01-M01"", ""PO25CL-PLAN-S01-M03""]","[0.7315684772021198, 0.6583154919441728, 0.6296425771382146, 0.1125249944287167, 0.10566751518029738, 0.0975823613586824, 0.06846580807940487, 0.055981483940327446, 0.05133026193988425, 0.05059016952656865]",[1],1.0,1.0,1.0,1.0,0.7315684772021198,0.7315684772021198,0.6583154919441728,0.07325298525794699,0.07325298525794699,1.0,1.0,1.0,1.0,1.0,1.0,1.0,1.0,1.0,1.0,1.0,1.0,1.0,1.0,1.0
Q0499,Wie viele SWS umfasst das Basismodul – Statistische Methoden in der Computerlinguistik?,fully_answerable,1,"[""PO25CL-APP-R07-M06""]",0.7318779521362585,0.660235748934101,0.07164220320215753,"[""PO25CL-APP-R07-M06"", ""PO25CL-PLAN-S03-M01"", ""PO25CL-PLAN-S02-M04"", ""PO25CL-APP-R07-M02"", ""PO25CL-PLAN-S01-M02"", ""PO25CL-PLAN-S02-M01"", ""PO25CL-APP-R07-M03"", ""PO25CL-APP-R07-M01"", ""PO25CL-PLAN-S01-M03"", ""PO25CL-PLAN-S01-M01""]","[0.7318779521362585, 0.660235748934101, 0.6314791973829174, 0.11392032974011222, 0.10917458850708404, 0.09660151279094126, 0.07049884163731077, 0.057643806180650084, 0.05418466441918629, 0.050473782377899415]",[1],1.0,1.0,1.0,1.0,0.7318779521362585,0.7318779521362585,0.660235748934101,0.07164220320215753,0.07164220320215753,1.0,1.0,1.0,1.0,1.0,1.0,1.0,1.0,1.0,1.0,1.0,1.0,1.0,1.0,1.0
Q0500,Ist für das Basismodul – Statistische Methoden in der Computerlinguistik eine Modulprüfung angegeben?,fully_answerable,1,"[""PO25CL-APP-R07-M06""]",0.6729247080538391,0.6000260797102207,0.07289862834361838,"[""PO25CL-APP-R07-M06"", ""PO25CL-PLAN-S03-M01"", ""PO25CL-PLAN-S02-M04"", ""PO25CL-APP-R07-M02"", ""PO25CL-PLAN-S01-M02"", ""PO25CL-PLAN-S02-M01"", ""PO25CL-GEN-C03-P21-A02"", ""PO25CL-GEN-C03-P11-A03"", ""PO25CL-APP-R07-M03"", ""PO25CL-GEN-C03-P19-A09""]","[0.6729247080538391, 0.6000260797102207, 0.5738919587979588, 0.09897528240790224, 0.08556054782437303, 0.08402829077752318, 0.06353663336617628, 0.06142909483503836, 0.056242113090010135, 0.05426322931381494]",[1],1.0,1.0,1.0,1.0,0.6729247080538391,0.6729247080538391,0.6000260797102207,0.07289862834361838,0.07289862834361838,1.0,1.0,1.0,1.0,1.0,1.0,1.0,1.0,1.0,1.0,1.0,1.0,1.0,1.0,1.0
Q0501,Wie viele LP umfasst das Aufbaumodul – Maschinelles Lernen?,fully_answerable,1,"[""PO25CL-APP-R07-M07""]",0.5584858538510122,0.46304214140377215,0.09544371244724009,"[""PO25CL-APP-R07-M07"", ""PO25CL-PLAN-S03-M02"", ""PO25CL-PLAN-S04-M01"", ""PO25CL-APP-R07-M09"", ""PO25CL-APP-R07-M10"", ""PO25CL-APP-R07-M08"", ""PO25CL-APP-R07-M11"", ""PO25CL-PLAN-S04-M02"", ""PO25CL-PLAN-S04-M03"", ""PO25CL-PLAN-S03-M04""]","[0.5584858538510122, 0.46304214140377215, 0.4624848113770063, 0.08214442177820587, 0.07234813916321692, 0.07208228934571799, 0.06936513188687796, 0.06780034604243197, 0.06713503924258021, 0.06257445137181188]",[1],1.0,1.0,1.0,1.0,0.5584858538510122,0.5584858538510122,0.46304214140377215,0.09544371244724009,0.09544371244724009,1.0,1.0,1.0,1.0,1.0,1.0,1.0,1.0,1.0,1.0,1.0,1.0,1.0,1.0,1.0
Q0502,Wie viele SWS umfasst das Aufbaumodul – Maschinelles Lernen?,fully_answerable,1,"[""PO25CL-APP-R07-M07""]",0.5593283415607193,0.4659597591406018,0.09336858242011753,"[""PO25CL-APP-R07-M07"", ""PO25CL-PLAN-S03-M02"", ""PO25CL-PLAN-S04-M01"", ""PO25CL-APP-R07-M09"", ""PO25CL-APP-R07-M10"", ""PO25CL-APP-R07-M08"", ""PO25CL-PLAN-S04-M02"", ""PO25CL-PLAN-S04-M03"", ""PO25CL-APP-R07-M11"", ""PO25CL-PLAN-S03-M03""]","[0.5593283415607193, 0.4659597591406018, 0.45730707378525093, 0.08511321138909564, 0.07496288036250248, 0.07468742244065316, 0.07382363141162408, 0.07309921971117103, 0.07187206392737347, 0.06340093542141662]",[1],1.0,1.0,1.0,1.0,0.5593283415607193,0.5593283415607193,0.4659597591406018,0.09336858242011753,0.09336858242011753,1.0,1.0,1.0,1.0,1.0,1.0,1.0,1.0,1.0,1.0,1.0,1.0,1.0,1.0,1.0
Q0503,Ist für das Aufbaumodul – Maschinelles Lernen eine Modulprüfung angegeben?,fully_answerable,1,"[""PO25CL-APP-R07-M07""]",0.48705408892836927,0.4069009534867631,0.08015313544160618,"[""PO25CL-APP-R07-M07"", ""PO25CL-PLAN-S04-M01"", ""PO25CL-PLAN-S03-M02"", ""PO25CL-GEN-C03-P11-A03"", ""PO25CL-GEN-C03-P21-A02"", ""PO25CL-GEN-C03-P19-A09"", ""PO25CL-APP-R07-M09"", ""PO25CL-APP-R07-M10"", ""PO25CL-APP-R07-M08"", ""PO25CL-GEN-C02-P08-U01""]","[0.48705408892836927, 0.4069009534867631, 0.3966724945555521, 0.06818183379050412, 0.06675734351381607, 0.06438449386115089, 0.0624776476652885, 0.055026762012925716, 0.05482456117116404, 0.05300176754701269]",[1],1.0,1.0,1.0,1.0,0.48705408892836927,0.48705408892836927,0.4069009534867631,0.08015313544160618,0.08015313544160618,1.0,1.0,1.0,1.0,1.0,1.0,1.0,1.0,1.0,1.0,1.0,1.0,1.0,1.0,1.0
Q0504,Wie viele LP umfasst das Aufbaumodul – Mathematische Linguistik?,fully_answerable,1,"[""PO25CL-APP-R07-M08""]",0.5784409870262244,0.3759634511136988,0.2024775359125256,"[""PO25CL-APP-R07-M08"", ""PO25CL-PLAN-S03-M03"", ""PO25CL-PLAN-S01-M01"", ""PO25CL-APP-R07-M01"", ""PO25CL-APP-R07-M09"", ""PO25CL-APP-R07-M10"", ""PO25CL-PLAN-S04-M01"", ""PO25CL-PLAN-S01-M04"", ""PO25CL-PLAN-S02-M03"", ""PO25CL-APP-R07-M07""]","[0.5784409870262244, 0.3759634511136988, 0.0997992197240308, 0.08295331059951286, 0.08184723165422389, 0.07208639098869281, 0.07182669430464814, 0.07103232550234546, 0.07103232550234546, 0.0698135073749569]",[1],1.0,1.0,1.0,1.0,0.5784409870262244,0.5784409870262244,0.3759634511136988,0.2024775359125256,0.2024775359125256,1.0,1.0,1.0,1.0,1.0,1.0,1.0,1.0,1.0,1.0,1.0,1.0,1.0,1.0,1.0
Q0505,Wie viele SWS umfasst das Aufbaumodul – Mathematische Linguistik?,fully_answerable,1,"[""PO25CL-APP-R07-M08""]",0.5792983656487795,0.3800270954012765,0.19927127024750296,"[""PO25CL-APP-R07-M08"", ""PO25CL-PLAN-S03-M03"", ""PO25CL-PLAN-S01-M01"", ""PO25CL-APP-R07-M01"", ""PO25CL-APP-R07-M09"", ""PO25CL-APP-R07-M10"", ""PO25CL-PLAN-S04-M02"", ""PO25CL-PLAN-S04-M03"", ""PO25CL-APP-R07-M07"", ""PO25CL-APP-R07-M11""]","[0.5792983656487795, 0.3800270954012765, 0.09849277992883511, 0.08495428808961017, 0.08480739608408838, 0.07469353561862387, 0.0735583800365622, 0.07283657117744846, 0.07233844874534427, 0.07161382461537087]",[1],1.0,1.0,1.0,1.0,0.5792983656487795,0.5792983656487795,0.3800270954012765,0.19927127024750296,0.19927127024750296,1.0,1.0,1.0,1.0,1.0,1.0,1.0,1.0,1.0,1.0,1.0,1.0,1.0,1.0,1.0
Q0506,Ist für das Aufbaumodul – Mathematische Linguistik eine Modulprüfung angegeben?,fully_answerable,1,"[""PO25CL-APP-R07-M08""]",0.5049378537558364,0.31689071066836516,0.18804714308747128,"[""PO25CL-APP-R07-M08"", ""PO25CL-PLAN-S03-M03"", ""PO25CL-PLAN-S01-M01"", ""PO25CL-GEN-C03-P11-A03"", ""PO25CL-GEN-C03-P21-A02"", ""PO25CL-APP-R07-M01"", ""PO25CL-GEN-C03-P19-A09"", ""PO25CL-APP-R07-M09"", ""PO25CL-PLAN-S04-M01"", ""PO25CL-APP-R07-M10""]","[0.5049378537558364, 0.31689071066836516, 0.0809185468461917, 0.0679870550713515, 0.06656663421280774, 0.06636077292853129, 0.0642005632076267, 0.062299164402058814, 0.060019117066016536, 0.05486956409629405]",[1],1.0,1.0,1.0,1.0,0.5049378537558364,0.5049378537558364,0.31689071066836516,0.18804714308747128,0.18804714308747128,1.0,1.0,1.0,1.0,1.0,1.0,1.0,1.0,1.0,1.0,1.0,1.0,1.0,1.0,1.0
Q0507,Wie viele LP umfasst das Aufbaumodul – Parsing?,fully_answerable,1,"[""PO25CL-APP-R07-M09""]",0.42004549929438245,0.39031142935812685,0.029734069936255603,"[""PO25CL-APP-R07-M09"", ""PO25CL-PLAN-S04-M02"", ""PO25CL-APP-R07-M10"", ""PO25CL-PLAN-S04-M01"", ""PO25CL-APP-R07-M08"", ""PO25CL-APP-R07-M07"", ""PO25CL-APP-R07-M11"", ""PO25CL-PLAN-S04-M03"", ""PO25CL-PLAN-S03-M02"", ""PO25CL-PLAN-S03-M04""]","[0.42004549929438245, 0.39031142935812685, 0.08850260979048509, 0.08818377243468661, 0.0881773989013992, 0.08571212286491253, 0.0848535328130605, 0.08212548726306161, 0.07982949969428488, 0.07654657489005287]",[1],1.0,1.0,1.0,1.0,0.42004549929438245,0.42004549929438245,0.39031142935812685,0.029734069936255603,0.029734069936255603,1.0,1.0,1.0,1.0,1.0,1.0,1.0,1.0,1.0,1.0,1.0,1.0,1.0,1.0,1.0
Q0508,Wie viele SWS umfasst das Aufbaumodul – Parsing?,fully_answerable,1,"[""PO25CL-APP-R07-M09""]",0.4218489168353618,0.39593792754694407,0.02591098928841773,"[""PO25CL-APP-R07-M09"", ""PO25CL-PLAN-S04-M02"", ""PO25CL-APP-R07-M10"", ""PO25CL-APP-R07-M08"", ""PO25CL-PLAN-S04-M03"", ""PO25CL-APP-R07-M07"", ""PO25CL-APP-R07-M11"", ""PO25CL-PLAN-S03-M02"", ""PO25CL-PLAN-S04-M01"", ""PO25CL-PLAN-S03-M03""]","[0.4218489168353618, 0.39593792754694407, 0.09154436655380395, 0.0912079784528401, 0.08926847169794502, 0.08865797304989538, 0.08776987401403348, 0.0849366145535887, 0.08335937577606767, 0.0774249661166363]",[1],1.0,1.0,1.0,1.0,0.4218489168353618,0.4218489168353618,0.39593792754694407,0.02591098928841773,0.02591098928841773,1.0,1.0,1.0,1.0,1.0,1.0,1.0,1.0,1.0,1.0,1.0,1.0,1.0,1.0,1.0
Q0509,Ist für das Aufbaumodul – Parsing eine Modulprüfung angegeben?,fully_answerable,1,"[""PO25CL-APP-R07-M09""]",0.3427021417508069,0.3063200695179764,0.036382072232830465,"[""PO25CL-APP-R07-M09"", ""PO25CL-PLAN-S04-M02"", ""PO25CL-GEN-C03-P11-A03"", ""PO25CL-GEN-C03-P21-A02"", ""PO25CL-GEN-C03-P19-A09"", ""PO25CL-PLAN-S04-M01"", ""PO25CL-APP-R07-M10"", ""PO25CL-APP-R07-M08"", ""PO25CL-APP-R07-M07"", ""PO25CL-GEN-C02-P08-U01""]","[0.3427021417508069, 0.3063200695179764, 0.07934834001117322, 0.07769055328803295, 0.07492908926502667, 0.07004888361654431, 0.06403879126119434, 0.06380347489830583, 0.062019648434029434, 0.061682152542797346]",[1],1.0,1.0,1.0,1.0,0.3427021417508069,0.3427021417508069,0.3063200695179764,0.036382072232830465,0.036382072232830465,1.0,1.0,1.0,1.0,1.0,1.0,1.0,1.0,1.0,1.0,1.0,1.0,1.0,1.0,1.0
Q0510,Wie viele LP umfasst das Aufbaumodul – Logische Programmierung?,fully_answerable,1,"[""PO25CL-APP-R07-M10""]",0.5832664701852949,0.4353772885359981,0.14788918164929676,"[""PO25CL-APP-R07-M10"", ""PO25CL-PLAN-S04-M03"", ""PO25CL-PLAN-S03-M04"", ""PO25CL-APP-R07-M11"", ""PO25CL-PLAN-S01-M03"", ""PO25CL-PLAN-S02-M02"", ""PO25CL-APP-R07-M03"", ""PO25CL-APP-R07-M01"", ""PO25CL-APP-R07-M09"", ""PO25CL-PLAN-S01-M01""]","[0.5832664701852949, 0.4353772885359981, 0.1449705839149033, 0.14117247570831953, 0.10084661953677057, 0.09367274934561404, 0.08388872883226643, 0.08274669482333541, 0.08164337084175002, 0.07394595665391399]",[1],1.0,1.0,1.0,1.0,0.5832664701852949,0.5832664701852949,0.4353772885359981,0.14788918164929676,0.14788918164929676,1.0,1.0,1.0,1.0,1.0,1.0,1.0,1.0,1.0,1.0,1.0,1.0,1.0,1.0,1.0
Q0511,Wie viele SWS umfasst das Aufbaumodul – Logische Programmierung?,fully_answerable,1,"[""PO25CL-APP-R07-M10""]",0.5841206186880097,0.4400481286972206,0.1440724899907891,"[""PO25CL-APP-R07-M10"", ""PO25CL-PLAN-S04-M03"", ""PO25CL-PLAN-S03-M04"", ""PO25CL-APP-R07-M11"", ""PO25CL-PLAN-S01-M03"", ""PO25CL-PLAN-S02-M02"", ""PO25CL-APP-R07-M03"", ""PO25CL-APP-R07-M01"", ""PO25CL-APP-R07-M09"", ""PO25CL-APP-R07-M08""]","[0.5841206186880097, 0.4400481286972206, 0.14508036250327458, 0.1434202410578981, 0.10524489113010926, 0.09250063562976399, 0.0863907809931384, 0.0847441341528614, 0.08459760551844109, 0.07423497477893339]",[1],1.0,1.0,1.0,1.0,0.5841206186880097,0.5841206186880097,0.4400481286972206,0.1440724899907891,0.1440724899907891,1.0,1.0,1.0,1.0,1.0,1.0,1.0,1.0,1.0,1.0,1.0,1.0,1.0,1.0,1.0
Q0512,Ist für das Aufbaumodul – Logische Programmierung eine Modulprüfung angegeben?,fully_answerable,1,"[""PO25CL-APP-R07-M10""]",0.509482054368137,0.3672981592610064,0.1421838951071306,"[""PO25CL-APP-R07-M10"", ""PO25CL-PLAN-S04-M03"", ""PO25CL-APP-R07-M11"", ""PO25CL-PLAN-S03-M04"", ""PO25CL-PLAN-S02-M02"", ""PO25CL-PLAN-S01-M03"", ""PO25CL-GEN-C03-P11-A03"", ""PO25CL-GEN-C03-P21-A02"", ""PO25CL-APP-R07-M01"", ""PO25CL-APP-R07-M03""]","[0.509482054368137, 0.3672981592610064, 0.11673370946667593, 0.1161211006903345, 0.07641533870633603, 0.07438566749182839, 0.06785318644100723, 0.0664355624354033, 0.06623010649841152, 0.06560622109924567]",[1],1.0,1.0,1.0,1.0,0.509482054368137,0.509482054368137,0.3672981592610064,0.1421838951071306,0.1421838951071306,1.0,1.0,1.0,1.0,1.0,1.0,1.0,1.0,1.0,1.0,1.0,1.0,1.0,1.0,1.0
Q0513,Wie viele LP umfasst das Aufbaumodul – Objektorientierte Programmierung?,fully_answerable,1,"[""PO25CL-APP-R07-M11""]",0.5723710611856639,0.3912466269186065,0.18112443426705743,"[""PO25CL-APP-R07-M11"", ""PO25CL-PLAN-S03-M04"", ""PO25CL-APP-R07-M10"", ""PO25CL-PLAN-S04-M03"", ""PO25CL-PLAN-S01-M03"", ""PO25CL-PLAN-S02-M02"", ""PO25CL-APP-R07-M03"", ""PO25CL-APP-R07-M09"", ""PO25CL-PLAN-S04-M01"", ""PO25CL-APP-R07-M08""]","[0.5723710611856639, 0.3912466269186065, 0.1453916528201719, 0.11951532883395535, 0.09957828417336594, 0.09249463885338222, 0.08283367074645494, 0.08061655234350187, 0.07074668677291235, 0.0707415735151023]",[1],1.0,1.0,1.0,1.0,0.5723710611856639,0.5723710611856639,0.3912466269186065,0.18112443426705743,0.18112443426705743,1.0,1.0,1.0,1.0,1.0,1.0,1.0,1.0,1.0,1.0,1.0,1.0,1.0,1.0,1.0
Q0514,Wie viele SWS umfasst das Aufbaumodul – Objektorientierte Programmierung?,fully_answerable,1,"[""PO25CL-APP-R07-M11""]",0.5731595813748381,0.39054035654109237,0.18261922483374576,"[""PO25CL-APP-R07-M11"", ""PO25CL-PLAN-S03-M04"", ""PO25CL-APP-R07-M10"", ""PO25CL-PLAN-S04-M03"", ""PO25CL-PLAN-S01-M03"", ""PO25CL-PLAN-S02-M02"", ""PO25CL-APP-R07-M03"", ""PO25CL-APP-R07-M09"", ""PO25CL-APP-R07-M08"", ""PO25CL-PLAN-S04-M02""]","[0.5731595813748381, 0.39054035654109237, 0.14771919537435652, 0.1251989703323046, 0.10393010343944496, 0.09134505747486538, 0.08531153111965777, 0.0835407571602836, 0.07330758314967649, 0.07245975053455565]",[1],1.0,1.0,1.0,1.0,0.5731595813748381,0.5731595813748381,0.39054035654109237,0.18261922483374576,0.18261922483374576,1.0,1.0,1.0,1.0,1.0,1.0,1.0,1.0,1.0,1.0,1.0,1.0,1.0,1.0,1.0
Q0515,Ist für das Aufbaumodul – Objektorientierte Programmierung eine Modulprüfung angegeben?,fully_answerable,1,"[""PO25CL-APP-R07-M11""]",0.5015961894736622,0.33616034883905405,0.1654358406346082,"[""PO25CL-APP-R07-M11"", ""PO25CL-PLAN-S03-M04"", ""PO25CL-APP-R07-M10"", ""PO25CL-PLAN-S04-M03"", ""PO25CL-PLAN-S02-M02"", ""PO25CL-PLAN-S01-M03"", ""PO25CL-GEN-C03-P11-A03"", ""PO25CL-GEN-C03-P21-A02"", ""PO25CL-APP-R07-M03"", ""PO25CL-GEN-C03-P19-A09""]","[0.5015961894736622, 0.33616034883905405, 0.12053814102860827, 0.08689891418346346, 0.07565238019993899, 0.07364297396029781, 0.06717571557380006, 0.06577224564134765, 0.06495118475042315, 0.06343441070049531]",[1],1.0,1.0,1.0,1.0,0.5015961894736622,0.5015961894736622,0.33616034883905405,0.1654358406346082,0.1654358406346082,1.0,1.0,1.0,1.0,1.0,1.0,1.0,1.0,1.0,1.0,1.0,1.0,1.0,1.0,1.0
Q0516,Wie viele LP umfasst das Modul Praktikum und Orientierung?,fully_answerable,1,"[""PO25CL-APP-R07-M12""]",0.6092397373572537,0.2468333237361101,0.36240641362114356,"[""PO25CL-APP-R07-M12"", ""PO25CL-PLAN-S05-M01"", ""PO25CL-PLAN-S04-M05"", ""PO25CL-APP-R14"", ""PO25CL-GEN-C01-P03-A03"", ""PO25CL-GEN-C01-P03-A02"", ""PO25CL-GEN-C01-P05-A03"", ""PO25CL-GEN-C03-P21-A02"", ""PO25CL-PLAN-S01-M04"", ""PO25CL-PLAN-S02-M03""]","[0.6092397373572537, 0.2468333237361101, 0.23132396941469918, 0.0771901769893721, 0.050475425160465194, 0.049654934593761094, 0.03934277387167595, 0.039007427975940534, 0.03369074990202688, 0.03369074990202688]",[1],1.0,1.0,1.0,1.0,0.6092397373572537,0.6092397373572537,0.2468333237361101,0.36240641362114356,0.36240641362114356,1.0,1.0,1.0,1.0,1.0,1.0,1.0,1.0,1.0,1.0,1.0,1.0,1.0,1.0,1.0
Q0517,Wie viele SWS umfasst das Modul Praktikum und Orientierung?,fully_answerable,1,"[""PO25CL-APP-R07-M12""]",0.6100090411721846,0.2354472856961814,0.3745617554760032,"[""PO25CL-APP-R07-M12"", ""PO25CL-PLAN-S04-M05"", ""PO25CL-PLAN-S05-M01"", ""PO25CL-APP-R14"", ""PO25CL-GEN-C01-P03-A03"", ""PO25CL-GEN-C01-P05-A03"", ""PO25CL-GEN-C03-P21-A02"", ""PO25CL-APP-R07-M15"", ""PO25CL-APP-R07-M14"", ""PO25CL-APP-R07-M16""]","[0.6100090411721846, 0.2354472856961814, 0.2306329512215461, 0.07699420590097247, 0.04402062859949503, 0.03924289009737973, 0.03890839558070238, 0.03421314827264835, 0.03411974012968887, 0.033950702795658934]",[1],1.0,1.0,1.0,1.0,0.6100090411721846,0.6100090411721846,0.2354472856961814,0.3745617554760032,0.3745617554760032,1.0,1.0,1.0,1.0,1.0,1.0,1.0,1.0,1.0,1.0,1.0,1.0,1.0,1.0,1.0
Q0518,Ist für das Modul Praktikum und Orientierung eine Modulprüfung angegeben?,fully_answerable,1,"[""PO25CL-APP-R07-M12""]",0.5493445996229639,0.21139948847282752,0.33794511115013637,"[""PO25CL-APP-R07-M12"", ""PO25CL-PLAN-S05-M01"", ""PO25CL-PLAN-S04-M05"", ""PO25CL-APP-R14"", ""PO25CL-GEN-C03-P11-A03"", ""PO25CL-GEN-C03-P21-A02"", ""PO25CL-GEN-C03-P19-A09"", ""PO25CL-GEN-C02-P08-U01"", ""PO25CL-GEN-C03-P20-A02"", ""PO25CL-GEN-C03-P18-A01""]","[0.5493445996229639, 0.21139948847282752, 0.19589397778141585, 0.08902273046666306, 0.07729754078605924, 0.06375112630066372, 0.06145367706595817, 0.05093338039889013, 0.042627873706750946, 0.041328095089208976]",[1],1.0,1.0,1.0,1.0,0.5493445996229639,0.5493445996229639,0.21139948847282752,0.33794511115013637,0.33794511115013637,1.0,1.0,1.0,1.0,1.0,1.0,1.0,1.0,1.0,1.0,1.0,1.0,1.0,1.0,1.0
Q0519,Wie viele LP umfasst das Vertiefungsmodul – interdisziplinär?,fully_answerable,1,"[""PO25CL-APP-R07-M13""]",0.39380532891873365,0.3534176914428929,0.04038763747584073,"[""PO25CL-APP-R07-M13"", ""PO25CL-PLAN-S04-M04"", ""PO25CL-PLAN-S05-M02"", ""PO25CL-APP-R07-M15"", ""PO25CL-APP-R07-M14"", ""PO25CL-PLAN-S06-M01"", ""PO25CL-PLAN-S05-M03"", ""PO25CL-GEN-C01-P03-A02"", ""PO25CL-GEN-C01-P05-A03"", ""PO25CL-GEN-C01-P03-A03""]","[0.39380532891873365, 0.3534176914428929, 0.32960175782478457, 0.12476422843342255, 0.12442359930473597, 0.10855457354828102, 0.08173138426194249, 0.06701772866945167, 0.056782938938236334, 0.05440081955996332]",[1],1.0,1.0,1.0,1.0,0.39380532891873365,0.39380532891873365,0.3534176914428929,0.04038763747584073,0.04038763747584073,1.0,1.0,1.0,1.0,1.0,1.0,1.0,1.0,1.0,1.0,1.0,1.0,1.0,1.0,1.0
Q0520,Wie viele SWS umfasst das Vertiefungsmodul – interdisziplinär?,fully_answerable,1,"[""PO25CL-APP-R07-M13""]",0.3955940463189313,0.34280914095098247,0.05278490536794883,"[""PO25CL-APP-R07-M13"", ""PO25CL-PLAN-S04-M04"", ""PO25CL-PLAN-S05-M02"", ""PO25CL-APP-R07-M15"", ""PO25CL-APP-R07-M14"", ""PO25CL-PLAN-S06-M01"", ""PO25CL-PLAN-S05-M03"", ""PO25CL-GEN-C01-P05-A03"", ""PO25CL-GEN-C03-P21-A02"", ""PO25CL-GEN-C01-P03-A03""]","[0.3955940463189313, 0.34280914095098247, 0.3229974082695959, 0.12824704911800566, 0.12789691125280014, 0.10330087513019426, 0.08785669075266253, 0.0564838720504429, 0.04827704323055306, 0.045008098074115314]",[1],1.0,1.0,1.0,1.0,0.3955940463189313,0.3955940463189313,0.34280914095098247,0.05278490536794883,0.05278490536794883,1.0,1.0,1.0,1.0,1.0,1.0,1.0,1.0,1.0,1.0,1.0,1.0,1.0,1.0,1.0
Q0521,Ist für das Vertiefungsmodul – interdisziplinär eine Modulprüfung angegeben?,fully_answerable,1,"[""PO25CL-APP-R07-M13""]",0.3199499847752907,0.27725841793804684,0.042691566837243844,"[""PO25CL-APP-R07-M13"", ""PO25CL-PLAN-S04-M04"", ""PO25CL-PLAN-S05-M02"", ""PO25CL-APP-R07-M15"", ""PO25CL-APP-R07-M14"", ""PO25CL-PLAN-S06-M01"", ""PO25CL-GEN-C03-P11-A03"", ""PO25CL-GEN-C03-P21-A02"", ""PO25CL-GEN-C03-P19-A09"", ""PO25CL-GEN-C02-P08-U01""]","[0.3199499847752907, 0.27725841793804684, 0.2727283614861863, 0.09244205014639298, 0.09218966646726678, 0.08669163345392833, 0.07991153979463163, 0.07824198640915966, 0.07546092202728555, 0.06211996100798339]",[1],1.0,1.0,1.0,1.0,0.3199499847752907,0.3199499847752907,0.27725841793804684,0.042691566837243844,0.042691566837243844,1.0,1.0,1.0,1.0,1.0,1.0,1.0,1.0,1.0,1.0,1.0,1.0,1.0,1.0,1.0
Q0522,Wie viele LP umfasst das Vertiefungsmodul – Computerlinguistik 1?,fully_answerable,1,"[""PO25CL-APP-R07-M14""]",0.3301742201410959,0.329272784222054,0.0009014359190418486,"[""PO25CL-APP-R07-M15"", ""PO25CL-APP-R07-M14"", ""PO25CL-PLAN-S06-M01"", ""PO25CL-PLAN-S05-M03"", ""PO25CL-APP-R07-M13"", ""PO25CL-PLAN-S04-M04"", ""PO25CL-PLAN-S05-M02"", ""PO25CL-GEN-C01-P03-A02"", ""PO25CL-GEN-C01-P05-A03"", ""PO25CL-GEN-C01-P03-A03""]","[0.3301742201410959, 0.329272784222054, 0.2649684720410465, 0.20726209875478507, 0.14168199214293306, 0.13614110880376096, 0.13479308633271703, 0.07366202895914627, 0.0624125373314897, 0.05979424885603329]",[2],2.0,2.0,2.0,0.5,0.329272784222054,0.329272784222054,0.3301742201410959,-0.0009014359190418486,-0.0009014359190418486,0.0,0.0,0.0,1.0,1.0,1.0,1.0,1.0,1.0,1.0,1.0,1.0,1.0,1.0,1.0
Q0523,Wie viele SWS umfasst das Vertiefungsmodul – Computerlinguistik 1?,fully_answerable,1,"[""PO25CL-APP-R07-M14""]",0.33262219158329753,0.3317140722551578,0.0009081193281397226,"[""PO25CL-APP-R07-M15"", ""PO25CL-APP-R07-M14"", ""PO25CL-PLAN-S06-M01"", ""PO25CL-PLAN-S05-M03"", ""PO25CL-APP-R07-M13"", ""PO25CL-PLAN-S05-M02"", ""PO25CL-PLAN-S04-M04"", ""PO25CL-PLAN-S01-M02"", ""PO25CL-GEN-C01-P05-A03"", ""PO25CL-PLAN-S03-M01""]","[0.33262219158329753, 0.3317140722551578, 0.25814473093365686, 0.21314332491548796, 0.1450231187653133, 0.12859159795470249, 0.12567239376977, 0.0649122255788196, 0.062016060178232316, 0.054199266254960854]",[2],2.0,2.0,2.0,0.5,0.3317140722551578,0.3317140722551578,0.33262219158329753,-0.0009081193281397226,-0.0009081193281397226,0.0,0.0,0.0,1.0,1.0,1.0,1.0,1.0,1.0,1.0,1.0,1.0,1.0,1.0,1.0
Q0524,Ist für das Vertiefungsmodul – Computerlinguistik 1 eine Modulprüfung angegeben?,fully_answerable,1,"[""PO25CL-APP-R07-M14""]",0.2566023968497922,0.2559018254443875,0.000700571405404693,"[""PO25CL-APP-R07-M15"", ""PO25CL-APP-R07-M14"", ""PO25CL-PLAN-S06-M01"", ""PO25CL-PLAN-S05-M03"", ""PO25CL-PLAN-S05-M02"", ""PO25CL-APP-R07-M13"", ""PO25CL-PLAN-S04-M04"", ""PO25CL-GEN-C03-P11-A03"", ""PO25CL-GEN-C03-P21-A02"", ""PO25CL-GEN-C03-P19-A09""]","[0.2566023968497922, 0.2559018254443875, 0.21169427552587222, 0.14815391464510982, 0.10499184091774642, 0.10329689452262072, 0.08951378314135475, 0.08529587965053029, 0.08351383384083462, 0.0805453848104901]",[2],2.0,2.0,2.0,0.5,0.2559018254443875,0.2559018254443875,0.2566023968497922,-0.000700571405404693,-0.000700571405404693,0.0,0.0,0.0,1.0,1.0,1.0,1.0,1.0,1.0,1.0,1.0,1.0,1.0,1.0,1.0
Q0525,Wie viele LP umfasst das Vertiefungsmodul – Computerlinguistik 2?,fully_answerable,1,"[""PO25CL-APP-R07-M15""]",0.3301742201410959,0.329272784222054,0.0009014359190418486,"[""PO25CL-APP-R07-M15"", ""PO25CL-APP-R07-M14"", ""PO25CL-PLAN-S06-M01"", ""PO25CL-PLAN-S05-M03"", ""PO25CL-APP-R07-M13"", ""PO25CL-PLAN-S04-M04"", ""PO25CL-PLAN-S05-M02"", ""PO25CL-GEN-C01-P03-A02"", ""PO25CL-GEN-C01-P05-A03"", ""PO25CL-GEN-C01-P03-A03""]","[0.3301742201410959, 0.329272784222054, 0.2649684720410465, 0.20726209875478507, 0.14168199214293306, 0.13614110880376096, 0.13479308633271703, 0.07366202895914627, 0.0624125373314897, 0.05979424885603329]",[1],1.0,1.0,1.0,1.0,0.3301742201410959,0.3301742201410959,0.329272784222054,0.0009014359190418486,0.0009014359190418486,1.0,1.0,1.0,1.0,1.0,1.0,1.0,1.0,1.0,1.0,1.0,1.0,1.0,1.0,1.0
Q0526,Wie viele SWS umfasst das Vertiefungsmodul – Computerlinguistik 2?,fully_answerable,1,"[""PO25CL-APP-R07-M15""]",0.33262219158329753,0.3317140722551578,0.0009081193281397226,"[""PO25CL-APP-R07-M15"", ""PO25CL-APP-R07-M14"", ""PO25CL-PLAN-S06-M01"", ""PO25CL-PLAN-S05-M03"", ""PO25CL-APP-R07-M13"", ""PO25CL-PLAN-S05-M02"", ""PO25CL-PLAN-S04-M04"", ""PO25CL-PLAN-S01-M02"", ""PO25CL-GEN-C01-P05-A03"", ""PO25CL-PLAN-S03-M01""]","[0.33262219158329753, 0.3317140722551578, 0.25814473093365686, 0.21314332491548796, 0.1450231187653133, 0.12859159795470249, 0.12567239376977, 0.0649122255788196, 0.062016060178232316, 0.054199266254960854]",[1],1.0,1.0,1.0,1.0,0.33262219158329753,0.33262219158329753,0.3317140722551578,0.0009081193281397226,0.0009081193281397226,1.0,1.0,1.0,1.0,1.0,1.0,1.0,1.0,1.0,1.0,1.0,1.0,1.0,1.0,1.0
Q0527,Ist für das Vertiefungsmodul – Computerlinguistik 2 eine Modulprüfung angegeben?,fully_answerable,1,"[""PO25CL-APP-R07-M15""]",0.2566023968497922,0.2559018254443875,0.000700571405404693,"[""PO25CL-APP-R07-M15"", ""PO25CL-APP-R07-M14"", ""PO25CL-PLAN-S06-M01"", ""PO25CL-PLAN-S05-M03"", ""PO25CL-PLAN-S05-M02"", ""PO25CL-APP-R07-M13"", ""PO25CL-PLAN-S04-M04"", ""PO25CL-GEN-C03-P11-A03"", ""PO25CL-GEN-C03-P21-A02"", ""PO25CL-GEN-C03-P19-A09""]","[0.2566023968497922, 0.2559018254443875, 0.21169427552587222, 0.14815391464510982, 0.10499184091774642, 0.10329689452262072, 0.08951378314135475, 0.08529587965053029, 0.08351383384083462, 0.0805453848104901]",[1],1.0,1.0,1.0,1.0,0.2566023968497922,0.2566023968497922,0.2559018254443875,0.000700571405404693,0.000700571405404693,1.0,1.0,1.0,1.0,1.0,1.0,1.0,1.0,1.0,1.0,1.0,1.0,1.0,1.0,1.0
Q0528,Wie viele LP umfasst das Modul Abschlussarbeit und Forschungskolloquium?,fully_answerable,1,"[""PO25CL-APP-R07-M16""]",0.5935333462834955,0.4961015079767869,0.0974318383067086,"[""PO25CL-APP-R07-M16"", ""PO25CL-PLAN-S06-M02"", ""PO25CL-GEN-C01-P03-A03"", ""PO25CL-GEN-C01-P03-A02"", ""PO25CL-GEN-C01-P05-A03"", ""PO25CL-GEN-C03-P21-A02"", ""PO25CL-PLAN-S01-M04"", ""PO25CL-PLAN-S02-M03"", ""PO25CL-PLAN-S05-M02"", ""PO25CL-GEN-C03-P15-A03""]","[0.5935333462834955, 0.4961015079767869, 0.051409140633187494, 0.0505734722896758, 0.04007055291636978, 0.03972900365235036, 0.034313975449333, 0.03431397544933299, 0.03308401611006771, 0.03233744327769299]",[1],1.0,1.0,1.0,1.0,0.5935333462834955,0.5935333462834955,0.4961015079767869,0.0974318383067086,0.0974318383067086,1.0,1.0,1.0,1.0,1.0,1.0,1.0,1.0,1.0,1.0,1.0,1.0,1.0,1.0,1.0
Q0529,Wie viele SWS umfasst das Modul Abschlussarbeit und Forschungskolloquium?,fully_answerable,1,"[""PO25CL-APP-R07-M16""]",0.5943445223016994,0.4918812090971112,0.10246331320458824,"[""PO25CL-APP-R07-M16"", ""PO25CL-PLAN-S06-M02"", ""PO25CL-GEN-C01-P03-A03"", ""PO25CL-GEN-C01-P05-A03"", ""PO25CL-GEN-C03-P21-A02"", ""PO25CL-APP-R07-M15"", ""PO25CL-APP-R07-M14"", ""PO25CL-APP-R07-M12"", ""PO25CL-APP-R07-M09"", ""PO25CL-PLAN-S04-M02""]","[0.5943445223016994, 0.4918812090971112, 0.04483069634869183, 0.03996503788728036, 0.03962438800143034, 0.03484273873729879, 0.034747611697391885, 0.034350895979963054, 0.033764260969282076, 0.03358693583493259]",[1],1.0,1.0,1.0,1.0,0.5943445223016994,0.5943445223016994,0.4918812090971112,0.10246331320458824,0.10246331320458824,1.0,1.0,1.0,1.0,1.0,1.0,1.0,1.0,1.0,1.0,1.0,1.0,1.0,1.0,1.0
Q0530,Ist für das Modul Abschlussarbeit und Forschungskolloquium eine Modulprüfung angegeben?,fully_answerable,1,"[""PO25CL-APP-R07-M16""]",0.5331607431025327,0.4342974351295336,0.09886330797299908,"[""PO25CL-APP-R07-M16"", ""PO25CL-PLAN-S06-M02"", ""PO25CL-GEN-C03-P11-A03"", ""PO25CL-GEN-C03-P21-A02"", ""PO25CL-GEN-C03-P19-A09"", ""PO25CL-GEN-C02-P08-U01"", ""PO25CL-GEN-C03-P20-A02"", ""PO25CL-GEN-C03-P15-A10"", ""PO25CL-GEN-C03-P18-A01"", ""PO25CL-GEN-C04-P28-A07""]","[0.5331607431025327, 0.4342974351295336, 0.07848733907517591, 0.06473241212464259, 0.06239959952467359, 0.05171736975018469, 0.04328402098762435, 0.0428510849075094, 0.04196423559677943, 0.04018271574440739]",[1],1.0,1.0,1.0,1.0,0.5331607431025327,0.5331607431025327,0.4342974351295336,0.09886330797299908,0.09886330797299908,1.0,1.0,1.0,1.0,1.0,1.0,1.0,1.0,1.0,1.0,1.0,1.0,1.0,1.0,1.0
Q0531,Ist der exemplarische Studienverlaufsplan verpflichtend?,fully_answerable,1,"[""PO25CL-PLAN-INTRO""]",0.09928347038612689,0.09325842942011296,0.006025040966013931,"[""PO25CL-PLAN-INTRO"", ""PO25CL-GEN-C03-P16-A03"", ""PO25CL-GEN-C03-P17-A06"", ""PO25CL-GEN-C04-P28-A08"", ""PO25CL-GEN-C03-P23-U01"", ""PO25CL-GEN-C03-P14-A06"", ""PO25CL-GEN-C03-P13-A01"", ""PO25CL-PLAN-LEGEND"", ""PO25CL-GEN-C04-P25-A02"", ""PO25CL-GEN-C03-P14-A05""]","[0.09928347038612689, 0.09325842942011296, 0.0644867148346537, 0.05881724261400146, 0.0556456658040305, 0.05214201164369158, 0.05177804202184999, 0.05033513276449135, 0.04994778028740646, 0.049810067989884285]",[1],1.0,1.0,1.0,1.0,0.09928347038612689,0.09928347038612689,0.09325842942011296,0.006025040966013931,0.006025040966013931,1.0,1.0,1.0,1.0,1.0,1.0,1.0,1.0,1.0,1.0,1.0,1.0,1.0,1.0,1.0
Q0532,Welche Art der Arbeitsverteilung strebt der exemplarische Studienverlaufsplan an?,fully_answerable,1,"[""PO25CL-PLAN-INTRO""]",0.11976638146604675,0.08516694324785735,0.03459943821818939,"[""PO25CL-PLAN-INTRO"", ""PO25CL-GEN-C03-P10-U01"", ""PO25CL-APP-R07-M17"", ""PO25CL-APP-R07-M06"", ""PO25CL-APP-R07-M15"", ""PO25CL-APP-R07-M14"", ""PO25CL-APP-R07-M09"", ""PO25CL-GEN-C03-P12-A02"", ""PO25CL-APP-R07-M13"", ""PO25CL-GEN-C03-P12-A01""]","[0.11976638146604675, 0.08516694324785735, 0.05441400400695978, 0.05229228465469622, 0.052080028390393565, 0.051937840401774224, 0.05046800950748662, 0.0499832983346508, 0.048594061292716734, 0.04663516985995329]",[1],1.0,1.0,1.0,1.0,0.11976638146604675,0.11976638146604675,0.08516694324785735,0.03459943821818939,0.03459943821818939,1.0,1.0,1.0,1.0,1.0,1.0,1.0,1.0,1.0,1.0,1.0,1.0,1.0,1.0,1.0
Q0533,Stellt der Studienverlaufsplan nur eine mögliche Studienstruktur dar?,fully_answerable,1,"[""PO25CL-PLAN-INTRO""]",0.07602951935064063,0.06542085725672078,0.010608662093919849,"[""PO25CL-APP-R02"", ""PO25CL-GEN-C03-P21-A01"", ""PO25CL-GEN-C03-P19-A06"", ""PO25CL-GEN-C03-P12-A05"", ""PO25CL-GEN-C03-P15-A05"", ""PO25CL-GEN-C03-P11-A04"", ""PO25CL-GEN-C03-P14-A07"", ""PO25CL-GEN-C04-P28-A02"", ""PO25CL-PLAN-LEGEND"", ""PO25CL-PLAN-S02-PBB""]","[0.07602951935064063, 0.06542085725672078, 0.05171386957916933, 0.05138006474635923, 0.04776984401420048, 0.04537853476614207, 0.04501266762383742, 0.04343570146018643, 0.03980605047370221, 0.038518317560248226]",[15],15.0,15.0,15.0,0.06666666666666667,0.03744682643134391,0.03744682643134391,0.07602951935064063,-0.038582692919296724,-0.038582692919296724,0.0,0.0,0.0,0.0,0.0,0.0,0.0,0.0,0.0,0.0,0.0,0.0,0.0,0.0,0.0
Q0534,Kann die Studienberatung einen anderen Studienverlauf empfehlen?,fully_answerable,1,"[""PO25CL-PLAN-INTRO""]",0.11063411090288289,0.05257318529354405,0.058060925609338836,"[""PO25CL-PLAN-INTRO"", ""PO25CL-GEN-C03-P14-A03"", ""PO25CL-GEN-C03-P15-A07"", ""PO25CL-GEN-C03-P14-A10"", ""PO25CL-GEN-C04-P31-A01"", ""PO25CL-GEN-C04-P31-A02"", ""PO25CL-GEN-C04-P27-A01-02"", ""PO25CL-GEN-C03-P14-A09"", ""PO25CL-GEN-C02-P07-A03"", ""PO25CL-GEN-C03-P15-A08""]","[0.11063411090288289, 0.05257318529354405, 0.051749015972228904, 0.05140011361664318, 0.05090864708371453, 0.047031289641239135, 0.045609526984209434, 0.04354611744122547, 0.04348465240624601, 0.04154300413002103]",[1],1.0,1.0,1.0,1.0,0.11063411090288289,0.11063411090288289,0.05257318529354405,0.058060925609338836,0.058060925609338836,1.0,1.0,1.0,1.0,1.0,1.0,1.0,1.0,1.0,1.0,1.0,1.0,1.0,1.0,1.0
Q0535,Wofür steht die Abkürzung MP im Studienverlaufsplan?,fully_answerable,1,"[""PO25CL-PLAN-LEGEND""]",0.17152277312834824,0.08567591834776642,0.08584685478058182,"[""PO25CL-PLAN-LEGEND"", ""PO25CL-GEN-C03-P11-A02"", ""PO25CL-PLAN-S02-SUM"", ""PO25CL-PLAN-S03-SUM"", ""PO25CL-PLAN-S04-SUM"", ""PO25CL-PLAN-S05-SUM"", ""PO25CL-PLAN-S01-SUM"", ""PO25CL-PLAN-S06-SUM"", ""PO25CL-PLAN-S06-M01"", ""PO25CL-PLAN-S05-M02""]","[0.17152277312834824, 0.08567591834776642, 0.07140840014128155, 0.07140840014128155, 0.07140840014128155, 0.07016043053525575, 0.06955938346579185, 0.06942155648030328, 0.05350018701157259, 0.04523835034583934]",[1],1.0,1.0,1.0,1.0,0.17152277312834824,0.17152277312834824,0.08567591834776642,0.08584685478058182,0.08584685478058182,1.0,1.0,1.0,1.0,1.0,1.0,1.0,1.0,1.0,1.0,1.0,1.0,1.0,1.0,1.0
Q0536,Wofür steht die Abkürzung SL im Studienverlaufsplan?,fully_answerable,1,"[""PO25CL-PLAN-LEGEND""]",0.1724599977412632,0.08543009826716655,0.08702989947409664,"[""PO25CL-PLAN-LEGEND"", ""PO25CL-GEN-C03-P11-A02"", ""PO25CL-PLAN-S06-M01"", ""PO25CL-PLAN-S04-M05"", ""PO25CL-PLAN-S04-M04"", ""PO25CL-PLAN-S05-M03"", ""PO25CL-PLAN-S05-M01"", ""PO25CL-PLAN-S05-M02"", ""PO25CL-PLAN-S03-M02"", ""PO25CL-PLAN-S04-M01""]","[0.1724599977412632, 0.08543009826716655, 0.05464110116994214, 0.052181713850407735, 0.05152480952240478, 0.048642708642093746, 0.04774764369347032, 0.046454511370540595, 0.042898003782171665, 0.04210140510209599]",[1],1.0,1.0,1.0,1.0,0.1724599977412632,0.1724599977412632,0.08543009826716655,0.08702989947409664,0.08702989947409664,1.0,1.0,1.0,1.0,1.0,1.0,1.0,1.0,1.0,1.0,1.0,1.0,1.0,1.0,1.0
Q0537,Wer entscheidet über die Form einer Modulabschlussprüfung?,fully_answerable,1,"[""PO25CL-GEN-C03-P11-A07""]",0.21403253906394498,0.14287014554206262,0.07116239352188236,"[""PO25CL-GEN-C03-P11-A06"", ""PO25CL-GEN-C03-P11-A07"", ""PO25CL-GEN-C04-P24-A02"", ""PO25CL-GEN-C03-P17-A01"", ""PO25CL-GEN-C03-P12-A04"", ""PO25CL-GEN-C03-P20-A02"", ""PO25CL-GEN-C03-P13-A02"", ""PO25CL-GEN-C03-P11-A05"", ""PO25CL-GEN-C03-P15-A08"", ""PO25CL-GEN-C04-P28-A09""]","[0.21403253906394498, 0.14287014554206262, 0.09026928190274518, 0.080932446575713, 0.06776901563135342, 0.06772609653184239, 0.06711833043557267, 0.064478612984959, 0.0629698026998762, 0.06117643333448828]",[2],2.0,2.0,2.0,0.5,0.14287014554206262,0.14287014554206262,0.21403253906394498,-0.07116239352188236,-0.07116239352188236,0.0,0.0,0.0,1.0,1.0,1.0,1.0,1.0,1.0,1.0,1.0,1.0,1.0,1.0,1.0
Q0538,Wofür steht die Abkürzung SWS im Studienverlaufsplan?,fully_answerable,1,"[""PO25CL-PLAN-LEGEND""]",0.16566324926862913,0.08723749025934581,0.07842575900928332,"[""PO25CL-PLAN-LEGEND"", ""PO25CL-GEN-C03-P11-A02"", ""PO25CL-PLAN-S05-M03"", ""PO25CL-PLAN-S06-M01"", ""PO25CL-PLAN-S02-SUM"", ""PO25CL-PLAN-S03-SUM"", ""PO25CL-PLAN-S04-SUM"", ""PO25CL-PLAN-S04-M05"", ""PO25CL-PLAN-S04-M02"", ""PO25CL-PLAN-S04-M03""]","[0.16566324926862913, 0.08723749025934581, 0.06772878891652867, 0.06305899305804788, 0.06184857846518259, 0.06184857846518259, 0.06184857846518259, 0.061767673485926246, 0.06169234349856548, 0.0610869729064641]",[1],1.0,1.0,1.0,1.0,0.16566324926862913,0.16566324926862913,0.08723749025934581,0.07842575900928332,0.07842575900928332,1.0,1.0,1.0,1.0,1.0,1.0,1.0,1.0,1.0,1.0,1.0,1.0,1.0,1.0,1.0
Q0539,Wofür steht die Abkürzung PBB im Studienverlaufsplan?,fully_answerable,1,"[""PO25CL-PLAN-LEGEND""]",0.18724833237390293,0.09673848681040952,0.09050984556349341,"[""PO25CL-PLAN-LEGEND"", ""PO25CL-PLAN-S02-SUM"", ""PO25CL-PLAN-S03-SUM"", ""PO25CL-PLAN-S04-SUM"", ""PO25CL-PLAN-S05-SUM"", ""PO25CL-PLAN-S01-SUM"", ""PO25CL-PLAN-S06-SUM"", ""PO25CL-GEN-C03-P11-A02"", ""PO25CL-PLAN-S02-PBB"", ""PO25CL-PLAN-S03-PBB""]","[0.18724833237390293, 0.09673848681040952, 0.09673848681040952, 0.09673848681040952, 0.09504783569606638, 0.09423358437707968, 0.0940468672122724, 0.08169064824495158, 0.03890335517177381, 0.03890335517177381]",[1],1.0,1.0,1.0,1.0,0.18724833237390293,0.18724833237390293,0.09673848681040952,0.09050984556349341,0.09050984556349341,1.0,1.0,1.0,1.0,1.0,1.0,1.0,1.0,1.0,1.0,1.0,1.0,1.0,1.0,1.0
Q0540,Wofür steht die Abkürzung Pnr. im Studienverlaufsplan?,fully_answerable,1,"[""PO25CL-PLAN-LEGEND""]",0.1724599977412632,0.08543009826716655,0.08702989947409664,"[""PO25CL-PLAN-LEGEND"", ""PO25CL-GEN-C03-P11-A02"", ""PO25CL-PLAN-S03-M04"", ""PO25CL-PLAN-S06-M01"", ""PO25CL-PLAN-S01-M04"", ""PO25CL-PLAN-S02-M03"", ""PO25CL-PLAN-S05-M02"", ""PO25CL-PLAN-S01-M01"", ""PO25CL-PLAN-S05-M03"", ""PO25CL-PLAN-S02-M01""]","[0.1724599977412632, 0.08543009826716655, 0.08132048856885242, 0.08027912972414104, 0.07357237556331384, 0.07357237556331382, 0.0731134160596705, 0.06850259457598512, 0.06794573287211308, 0.06673326758250453]",[1],1.0,1.0,1.0,1.0,0.1724599977412632,0.1724599977412632,0.08543009826716655,0.08702989947409664,0.08702989947409664,1.0,1.0,1.0,1.0,1.0,1.0,1.0,1.0,1.0,1.0,1.0,1.0,1.0,1.0,1.0
Q0541,Wie viele Module nennt die Summenzeile für das 1. Semester?,fully_answerable,1,"[""PO25CL-PLAN-S01-SUM""]",0.12198919232358185,0.10258645335074819,0.019402738972833664,"[""PO25CL-GEN-C03-P21-A02"", ""PO25CL-GEN-C03-P20-A02"", ""PO25CL-GEN-C01-P05-A03"", ""PO25CL-PLAN-S02-SUM"", ""PO25CL-PLAN-S03-SUM"", ""PO25CL-PLAN-S04-SUM"", ""PO25CL-PLAN-S05-SUM"", ""PO25CL-PLAN-S01-SUM"", ""PO25CL-PLAN-S06-SUM"", ""PO25CL-GEN-C02-P08-U01""]","[0.12198919232358185, 0.10258645335074819, 0.08482045409474218, 0.08154611293367596, 0.08154611293367596, 0.08154611293367596, 0.08012097149052042, 0.07943459492826743, 0.079277200911573, 0.07269194339639204]",[8],8.0,8.0,8.0,0.125,0.07943459492826743,0.07943459492826743,0.12198919232358185,-0.04255459739531442,-0.04255459739531442,0.0,0.0,0.0,0.0,0.0,0.0,0.0,0.0,0.0,0.0,0.0,0.0,1.0,1.0,1.0
Q0542,Wie viele Modulprüfungen nennt die Summenzeile für das 1. Semester?,answerable_with_multiple_chunks,2,"[""PO25CL-PLAN-S01-SUM"", ""PO25CL-PLAN-LEGEND""]",0.11299566357025166,0.10347100419295638,0.009524659377295283,"[""PO25CL-GEN-C03-P21-A02"", ""PO25CL-GEN-C03-P20-A02"", ""PO25CL-GEN-C01-P05-A03"", ""PO25CL-GEN-C02-P08-U01"", ""PO25CL-APP-R10"", ""PO25CL-GEN-C03-P12-A03"", ""PO25CL-GEN-C03-P15-A03"", ""PO25CL-GEN-C03-P14-A10"", ""PO25CL-GEN-C03-P18-A01"", ""PO25CL-APP-R06""]","[0.11299566357025166, 0.10347100419295638, 0.0855518177558823, 0.07331872907474261, 0.07046150706729754, 0.07003451439237171, 0.06335914951404538, 0.062228777091352466, 0.061214045670159214, 0.05610931146867855]","[22, 201]",22.0,201.0,111.5,0.045454545454545456,0.04738141118831514,0.0,0.11299566357025166,-0.06561425238193652,-0.11299566357025166,0.0,0.0,0.0,0.0,0.0,0.0,0.0,0.0,0.0,0.0,0.0,0.0,0.0,0.0,0.0
Q0543,Wie viele Lehrveranstaltungen nennt die Summenzeile für das 1. Semester?,fully_answerable,1,"[""PO25CL-PLAN-S01-SUM""]",0.12353633837347099,0.10200779221178602,0.021528546161684967,"[""PO25CL-GEN-C03-P21-A02"", ""PO25CL-GEN-C02-P08-U01"", ""PO25CL-GEN-C03-P20-A02"", ""PO25CL-GEN-C01-P05-A03"", ""PO25CL-GEN-C03-P11-A02"", ""PO25CL-GEN-C03-P15-A03"", ""PO25CL-GEN-C03-P18-A01"", ""PO25CL-GEN-C02-P07-A01"", ""PO25CL-PLAN-INTRO"", ""PO25CL-GEN-C03-P14-A10""]","[0.12353633837347099, 0.10200779221178602, 0.09976498545379414, 0.08248761013321892, 0.06868468158092778, 0.06108981621407516, 0.05902154350858277, 0.0548116830739663, 0.05315556854937707, 0.052923531995664866]",[20],20.0,20.0,20.0,0.05,0.045684352199456886,0.045684352199456886,0.12353633837347099,-0.07785198617401409,-0.07785198617401409,0.0,0.0,0.0,0.0,0.0,0.0,0.0,0.0,0.0,0.0,0.0,0.0,0.0,0.0,0.0
Q0544,Wie viele SWS nennt die Summenzeile für das 1. Semester?,fully_answerable,1,"[""PO25CL-PLAN-S01-SUM""]",0.11416747943168903,0.1045440450520578,0.00962343437963123,"[""PO25CL-GEN-C03-P21-A02"", ""PO25CL-GEN-C03-P20-A02"", ""PO25CL-GEN-C01-P05-A03"", ""PO25CL-GEN-C02-P08-U01"", ""PO25CL-PLAN-S02-SUM"", ""PO25CL-PLAN-S03-SUM"", ""PO25CL-PLAN-S04-SUM"", ""PO25CL-PLAN-S05-SUM"", ""PO25CL-PLAN-S01-SUM"", ""PO25CL-PLAN-S06-SUM""]","[0.11416747943168903, 0.1045440450520578, 0.08643902859082567, 0.07407907727710347, 0.071986419145487, 0.071986419145487, 0.071986419145487, 0.07072834778466028, 0.07012243550847161, 0.06998349287528967]",[9],9.0,9.0,9.0,0.1111111111111111,0.07012243550847161,0.07012243550847161,0.11416747943168903,-0.044045043923217425,-0.044045043923217425,0.0,0.0,0.0,0.0,0.0,0.0,0.0,0.0,0.0,0.0,0.0,0.0,1.0,1.0,1.0
Q0545,Wie viele LP nennt die Summenzeile für das 1. Semester?,fully_answerable,1,"[""PO25CL-PLAN-S01-SUM""]",0.1151599448512918,0.10545285332264456,0.009707091528647238,"[""PO25CL-GEN-C03-P21-A02"", ""PO25CL-GEN-C03-P20-A02"", ""PO25CL-GEN-C01-P05-A03"", ""PO25CL-GEN-C01-P03-A02"", ""PO25CL-PLAN-S02-SUM"", ""PO25CL-PLAN-S03-SUM"", ""PO25CL-PLAN-S04-SUM"", ""PO25CL-PLAN-S05-SUM"", ""PO25CL-PLAN-S01-SUM"", ""PO25CL-PLAN-S06-SUM""]","[0.1151599448512918, 0.10545285332264456, 0.08719044876062787, 0.08594526177967868, 0.08566309611854832, 0.08566309611854832, 0.08566309611854832, 0.08416600417834935, 0.0834449748207193, 0.0832796345206667]",[9],9.0,9.0,9.0,0.1111111111111111,0.0834449748207193,0.0834449748207193,0.1151599448512918,-0.0317149700305725,-0.0317149700305725,0.0,0.0,0.0,0.0,0.0,0.0,0.0,0.0,0.0,0.0,0.0,0.0,1.0,1.0,1.0
Q0546,Wie viele LP entfallen laut Summenzeile des 1. Semesters auf den Profilbildungsbereich?,answerable_with_multiple_chunks,2,"[""PO25CL-PLAN-S01-SUM"", ""PO25CL-PLAN-LEGEND""]",0.134221697569218,0.134221697569218,0.0,"[""PO25CL-PLAN-S02-PBB"", ""PO25CL-PLAN-S03-PBB"", ""PO25CL-PLAN-S04-PBB"", ""PO25CL-PLAN-S05-PBB"", ""PO25CL-PLAN-S06-PBB"", ""PO25CL-GEN-C03-P15-A02"", ""PO25CL-GEN-C01-P05-A03"", ""PO25CL-APP-R07-M17"", ""PO25CL-GEN-C01-P03-A02"", ""PO25CL-GEN-C01-P05-A02""]","[0.134221697569218, 0.134221697569218, 0.134221697569218, 0.134221697569218, 0.134221697569218, 0.11286282520056308, 0.09955154406262279, 0.09360073533360139, 0.083688685930773, 0.07818498204286847]","[42, 15]",15.0,42.0,28.5,0.06666666666666667,0.04001752899513136,0.02515121466547858,0.134221697569218,-0.09420416857408664,-0.10907048290373943,0.0,0.0,0.0,0.0,0.0,0.0,0.0,0.0,0.0,0.0,0.0,0.0,0.0,0.0,0.0
Q0547,Wie viele Module nennt die Summenzeile für das 2. Semester?,fully_answerable,1,"[""PO25CL-PLAN-S02-SUM""]",0.12198919232358185,0.10258645335074819,0.019402738972833664,"[""PO25CL-GEN-C03-P21-A02"", ""PO25CL-GEN-C03-P20-A02"", ""PO25CL-GEN-C01-P05-A03"", ""PO25CL-PLAN-S02-SUM"", ""PO25CL-PLAN-S03-SUM"", ""PO25CL-PLAN-S04-SUM"", ""PO25CL-PLAN-S05-SUM"", ""PO25CL-PLAN-S01-SUM"", ""PO25CL-PLAN-S06-SUM"", ""PO25CL-GEN-C02-P08-U01""]","[0.12198919232358185, 0.10258645335074819, 0.08482045409474218, 0.08154611293367596, 0.08154611293367596, 0.08154611293367596, 0.08012097149052042, 0.07943459492826743, 0.079277200911573, 0.07269194339639204]",[4],4.0,4.0,4.0,0.25,0.08154611293367596,0.08154611293367596,0.12198919232358185,-0.04044307938990589,-0.04044307938990589,0.0,0.0,0.0,0.0,0.0,0.0,0.0,0.0,0.0,1.0,1.0,1.0,1.0,1.0,1.0
Q0548,Wie viele Modulprüfungen nennt die Summenzeile für das 2. Semester?,answerable_with_multiple_chunks,2,"[""PO25CL-PLAN-S02-SUM"", ""PO25CL-PLAN-LEGEND""]",0.11299566357025166,0.10347100419295638,0.009524659377295283,"[""PO25CL-GEN-C03-P21-A02"", ""PO25CL-GEN-C03-P20-A02"", ""PO25CL-GEN-C01-P05-A03"", ""PO25CL-GEN-C02-P08-U01"", ""PO25CL-APP-R10"", ""PO25CL-GEN-C03-P12-A03"", ""PO25CL-GEN-C03-P15-A03"", ""PO25CL-GEN-C03-P14-A10"", ""PO25CL-GEN-C03-P18-A01"", ""PO25CL-APP-R06""]","[0.11299566357025166, 0.10347100419295638, 0.0855518177558823, 0.07331872907474261, 0.07046150706729754, 0.07003451439237171, 0.06335914951404538, 0.062228777091352466, 0.061214045670159214, 0.05610931146867855]","[18, 201]",18.0,201.0,109.5,0.05555555555555555,0.04864089646593427,0.0,0.11299566357025166,-0.0643547671043174,-0.11299566357025166,0.0,0.0,0.0,0.0,0.0,0.0,0.0,0.0,0.0,0.0,0.0,0.0,0.0,0.0,0.0
Q0549,Wie viele Lehrveranstaltungen nennt die Summenzeile für das 2. Semester?,fully_answerable,1,"[""PO25CL-PLAN-S02-SUM""]",0.12353633837347099,0.10200779221178602,0.021528546161684967,"[""PO25CL-GEN-C03-P21-A02"", ""PO25CL-GEN-C02-P08-U01"", ""PO25CL-GEN-C03-P20-A02"", ""PO25CL-GEN-C01-P05-A03"", ""PO25CL-GEN-C03-P11-A02"", ""PO25CL-GEN-C03-P15-A03"", ""PO25CL-GEN-C03-P18-A01"", ""PO25CL-GEN-C02-P07-A01"", ""PO25CL-PLAN-INTRO"", ""PO25CL-GEN-C03-P14-A10""]","[0.12353633837347099, 0.10200779221178602, 0.09976498545379414, 0.08248761013321892, 0.06868468158092778, 0.06108981621407516, 0.05902154350858277, 0.0548116830739663, 0.05315556854937707, 0.052923531995664866]",[16],16.0,16.0,16.0,0.0625,0.04689872651988601,0.04689872651988601,0.12353633837347099,-0.07663761185358497,-0.07663761185358497,0.0,0.0,0.0,0.0,0.0,0.0,0.0,0.0,0.0,0.0,0.0,0.0,0.0,0.0,0.0
Q0550,Wie viele SWS nennt die Summenzeile für das 2. Semester?,fully_answerable,1,"[""PO25CL-PLAN-S02-SUM""]",0.11416747943168903,0.1045440450520578,0.00962343437963123,"[""PO25CL-GEN-C03-P21-A02"", ""PO25CL-GEN-C03-P20-A02"", ""PO25CL-GEN-C01-P05-A03"", ""PO25CL-GEN-C02-P08-U01"", ""PO25CL-PLAN-S02-SUM"", ""PO25CL-PLAN-S03-SUM"", ""PO25CL-PLAN-S04-SUM"", ""PO25CL-PLAN-S05-SUM"", ""PO25CL-PLAN-S01-SUM"", ""PO25CL-PLAN-S06-SUM""]","[0.11416747943168903, 0.1045440450520578, 0.08643902859082567, 0.07407907727710347, 0.071986419145487, 0.071986419145487, 0.071986419145487, 0.07072834778466028, 0.07012243550847161, 0.06998349287528967]",[5],5.0,5.0,5.0,0.2,0.071986419145487,0.071986419145487,0.11416747943168903,-0.04218106028620204,-0.04218106028620204,0.0,0.0,0.0,0.0,0.0,0.0,0.0,0.0,0.0,1.0,1.0,1.0,1.0,1.0,1.0
Q0551,Wie viele LP nennt die Summenzeile für das 2. Semester?,fully_answerable,1,"[""PO25CL-PLAN-S02-SUM""]",0.1151599448512918,0.10545285332264456,0.009707091528647238,"[""PO25CL-GEN-C03-P21-A02"", ""PO25CL-GEN-C03-P20-A02"", ""PO25CL-GEN-C01-P05-A03"", ""PO25CL-GEN-C01-P03-A02"", ""PO25CL-PLAN-S02-SUM"", ""PO25CL-PLAN-S03-SUM"", ""PO25CL-PLAN-S04-SUM"", ""PO25CL-PLAN-S05-SUM"", ""PO25CL-PLAN-S01-SUM"", ""PO25CL-PLAN-S06-SUM""]","[0.1151599448512918, 0.10545285332264456, 0.08719044876062787, 0.08594526177967868, 0.08566309611854832, 0.08566309611854832, 0.08566309611854832, 0.08416600417834935, 0.0834449748207193, 0.0832796345206667]",[5],5.0,5.0,5.0,0.2,0.08566309611854832,0.08566309611854832,0.1151599448512918,-0.029496848732743483,-0.029496848732743483,0.0,0.0,0.0,0.0,0.0,0.0,0.0,0.0,0.0,1.0,1.0,1.0,1.0,1.0,1.0
Q0552,Wie viele LP entfallen laut Summenzeile des 2. Semesters auf den Profilbildungsbereich?,answerable_with_multiple_chunks,2,"[""PO25CL-PLAN-S02-SUM"", ""PO25CL-PLAN-LEGEND""]",0.134221697569218,0.134221697569218,0.0,"[""PO25CL-PLAN-S02-PBB"", ""PO25CL-PLAN-S03-PBB"", ""PO25CL-PLAN-S04-PBB"", ""PO25CL-PLAN-S05-PBB"", ""PO25CL-PLAN-S06-PBB"", ""PO25CL-GEN-C03-P15-A02"", ""PO25CL-GEN-C01-P05-A03"", ""PO25CL-APP-R07-M17"", ""PO25CL-GEN-C01-P03-A02"", ""PO25CL-GEN-C01-P05-A02""]","[0.134221697569218, 0.134221697569218, 0.134221697569218, 0.134221697569218, 0.134221697569218, 0.11286282520056308, 0.09955154406262279, 0.09360073533360139, 0.083688685930773, 0.07818498204286847]","[33, 15]",15.0,33.0,24.0,0.06666666666666667,0.04001752899513136,0.025819780328487387,0.134221697569218,-0.09420416857408664,-0.10840191724073062,0.0,0.0,0.0,0.0,0.0,0.0,0.0,0.0,0.0,0.0,0.0,0.0,0.0,0.0,0.0
Q0553,Wie viele Module nennt die Summenzeile für das 3. Semester?,fully_answerable,1,"[""PO25CL-PLAN-S03-SUM""]",0.12198919232358185,0.10258645335074819,0.019402738972833664,"[""PO25CL-GEN-C03-P21-A02"", ""PO25CL-GEN-C03-P20-A02"", ""PO25CL-GEN-C01-P05-A03"", ""PO25CL-PLAN-S02-SUM"", ""PO25CL-PLAN-S03-SUM"", ""PO25CL-PLAN-S04-SUM"", ""PO25CL-PLAN-S05-SUM"", ""PO25CL-PLAN-S01-SUM"", ""PO25CL-PLAN-S06-SUM"", ""PO25CL-GEN-C02-P08-U01""]","[0.12198919232358185, 0.10258645335074819, 0.08482045409474218, 0.08154611293367596, 0.08154611293367596, 0.08154611293367596, 0.08012097149052042, 0.07943459492826743, 0.079277200911573, 0.07269194339639204]",[5],5.0,5.0,5.0,0.2,0.08154611293367596,0.08154611293367596,0.12198919232358185,-0.04044307938990589,-0.04044307938990589,0.0,0.0,0.0,0.0,0.0,0.0,0.0,0.0,0.0,1.0,1.0,1.0,1.0,1.0,1.0
Q0554,Wie viele Modulprüfungen nennt die Summenzeile für das 3. Semester?,answerable_with_multiple_chunks,2,"[""PO25CL-PLAN-S03-SUM"", ""PO25CL-PLAN-LEGEND""]",0.11299566357025166,0.10347100419295638,0.009524659377295283,"[""PO25CL-GEN-C03-P21-A02"", ""PO25CL-GEN-C03-P20-A02"", ""PO25CL-GEN-C01-P05-A03"", ""PO25CL-GEN-C02-P08-U01"", ""PO25CL-APP-R10"", ""PO25CL-GEN-C03-P12-A03"", ""PO25CL-GEN-C03-P15-A03"", ""PO25CL-GEN-C03-P14-A10"", ""PO25CL-GEN-C03-P18-A01"", ""PO25CL-APP-R06""]","[0.11299566357025166, 0.10347100419295638, 0.0855518177558823, 0.07331872907474261, 0.07046150706729754, 0.07003451439237171, 0.06335914951404538, 0.062228777091352466, 0.061214045670159214, 0.05610931146867855]","[19, 201]",19.0,201.0,110.0,0.05263157894736842,0.04864089646593427,0.0,0.11299566357025166,-0.0643547671043174,-0.11299566357025166,0.0,0.0,0.0,0.0,0.0,0.0,0.0,0.0,0.0,0.0,0.0,0.0,0.0,0.0,0.0
Q0555,Wie viele Lehrveranstaltungen nennt die Summenzeile für das 3. Semester?,fully_answerable,1,"[""PO25CL-PLAN-S03-SUM""]",0.12353633837347099,0.10200779221178602,0.021528546161684967,"[""PO25CL-GEN-C03-P21-A02"", ""PO25CL-GEN-C02-P08-U01"", ""PO25CL-GEN-C03-P20-A02"", ""PO25CL-GEN-C01-P05-A03"", ""PO25CL-GEN-C03-P11-A02"", ""PO25CL-GEN-C03-P15-A03"", ""PO25CL-GEN-C03-P18-A01"", ""PO25CL-GEN-C02-P07-A01"", ""PO25CL-PLAN-INTRO"", ""PO25CL-GEN-C03-P14-A10""]","[0.12353633837347099, 0.10200779221178602, 0.09976498545379414, 0.08248761013321892, 0.06868468158092778, 0.06108981621407516, 0.05902154350858277, 0.0548116830739663, 0.05315556854937707, 0.052923531995664866]",[17],17.0,17.0,17.0,0.058823529411764705,0.04689872651988601,0.04689872651988601,0.12353633837347099,-0.07663761185358497,-0.07663761185358497,0.0,0.0,0.0,0.0,0.0,0.0,0.0,0.0,0.0,0.0,0.0,0.0,0.0,0.0,0.0
Q0556,Wie viele SWS nennt die Summenzeile für das 3. Semester?,fully_answerable,1,"[""PO25CL-PLAN-S03-SUM""]",0.11416747943168903,0.1045440450520578,0.00962343437963123,"[""PO25CL-GEN-C03-P21-A02"", ""PO25CL-GEN-C03-P20-A02"", ""PO25CL-GEN-C01-P05-A03"", ""PO25CL-GEN-C02-P08-U01"", ""PO25CL-PLAN-S02-SUM"", ""PO25CL-PLAN-S03-SUM"", ""PO25CL-PLAN-S04-SUM"", ""PO25CL-PLAN-S05-SUM"", ""PO25CL-PLAN-S01-SUM"", ""PO25CL-PLAN-S06-SUM""]","[0.11416747943168903, 0.1045440450520578, 0.08643902859082567, 0.07407907727710347, 0.071986419145487, 0.071986419145487, 0.071986419145487, 0.07072834778466028, 0.07012243550847161, 0.06998349287528967]",[6],6.0,6.0,6.0,0.16666666666666666,0.071986419145487,0.071986419145487,0.11416747943168903,-0.04218106028620204,-0.04218106028620204,0.0,0.0,0.0,0.0,0.0,0.0,0.0,0.0,0.0,0.0,0.0,0.0,1.0,1.0,1.0
Q0557,Wie viele LP nennt die Summenzeile für das 3. Semester?,fully_answerable,1,"[""PO25CL-PLAN-S03-SUM""]",0.1151599448512918,0.10545285332264456,0.009707091528647238,"[""PO25CL-GEN-C03-P21-A02"", ""PO25CL-GEN-C03-P20-A02"", ""PO25CL-GEN-C01-P05-A03"", ""PO25CL-GEN-C01-P03-A02"", ""PO25CL-PLAN-S02-SUM"", ""PO25CL-PLAN-S03-SUM"", ""PO25CL-PLAN-S04-SUM"", ""PO25CL-PLAN-S05-SUM"", ""PO25CL-PLAN-S01-SUM"", ""PO25CL-PLAN-S06-SUM""]","[0.1151599448512918, 0.10545285332264456, 0.08719044876062787, 0.08594526177967868, 0.08566309611854832, 0.08566309611854832, 0.08566309611854832, 0.08416600417834935, 0.0834449748207193, 0.0832796345206667]",[6],6.0,6.0,6.0,0.16666666666666666,0.08566309611854832,0.08566309611854832,0.1151599448512918,-0.029496848732743483,-0.029496848732743483,0.0,0.0,0.0,0.0,0.0,0.0,0.0,0.0,0.0,0.0,0.0,0.0,1.0,1.0,1.0
Q0558,Wie viele LP entfallen laut Summenzeile des 3. Semesters auf den Profilbildungsbereich?,answerable_with_multiple_chunks,2,"[""PO25CL-PLAN-S03-SUM"", ""PO25CL-PLAN-LEGEND""]",0.134221697569218,0.134221697569218,0.0,"[""PO25CL-PLAN-S02-PBB"", ""PO25CL-PLAN-S03-PBB"", ""PO25CL-PLAN-S04-PBB"", ""PO25CL-PLAN-S05-PBB"", ""PO25CL-PLAN-S06-PBB"", ""PO25CL-GEN-C03-P15-A02"", ""PO25CL-GEN-C01-P05-A03"", ""PO25CL-APP-R07-M17"", ""PO25CL-GEN-C01-P03-A02"", ""PO25CL-GEN-C01-P05-A02""]","[0.134221697569218, 0.134221697569218, 0.134221697569218, 0.134221697569218, 0.134221697569218, 0.11286282520056308, 0.09955154406262279, 0.09360073533360139, 0.083688685930773, 0.07818498204286847]","[34, 15]",15.0,34.0,24.5,0.06666666666666667,0.04001752899513136,0.025819780328487387,0.134221697569218,-0.09420416857408664,-0.10840191724073062,0.0,0.0,0.0,0.0,0.0,0.0,0.0,0.0,0.0,0.0,0.0,0.0,0.0,0.0,0.0
Q0559,Wie viele Module nennt die Summenzeile für das 4. Semester?,fully_answerable,1,"[""PO25CL-PLAN-S04-SUM""]",0.12198919232358185,0.10258645335074819,0.019402738972833664,"[""PO25CL-GEN-C03-P21-A02"", ""PO25CL-GEN-C03-P20-A02"", ""PO25CL-GEN-C01-P05-A03"", ""PO25CL-PLAN-S02-SUM"", ""PO25CL-PLAN-S03-SUM"", ""PO25CL-PLAN-S04-SUM"", ""PO25CL-PLAN-S05-SUM"", ""PO25CL-PLAN-S01-SUM"", ""PO25CL-PLAN-S06-SUM"", ""PO25CL-GEN-C02-P08-U01""]","[0.12198919232358185, 0.10258645335074819, 0.08482045409474218, 0.08154611293367596, 0.08154611293367596, 0.08154611293367596, 0.08012097149052042, 0.07943459492826743, 0.079277200911573, 0.07269194339639204]",[6],6.0,6.0,6.0,0.16666666666666666,0.08154611293367596,0.08154611293367596,0.12198919232358185,-0.04044307938990589,-0.04044307938990589,0.0,0.0,0.0,0.0,0.0,0.0,0.0,0.0,0.0,0.0,0.0,0.0,1.0,1.0,1.0
Q0560,Wie viele Modulprüfungen nennt die Summenzeile für das 4. Semester?,answerable_with_multiple_chunks,2,"[""PO25CL-PLAN-S04-SUM"", ""PO25CL-PLAN-LEGEND""]",0.11299566357025166,0.10347100419295638,0.009524659377295283,"[""PO25CL-GEN-C03-P21-A02"", ""PO25CL-GEN-C03-P20-A02"", ""PO25CL-GEN-C01-P05-A03"", ""PO25CL-GEN-C02-P08-U01"", ""PO25CL-APP-R10"", ""PO25CL-GEN-C03-P12-A03"", ""PO25CL-GEN-C03-P15-A03"", ""PO25CL-GEN-C03-P14-A10"", ""PO25CL-GEN-C03-P18-A01"", ""PO25CL-APP-R06""]","[0.11299566357025166, 0.10347100419295638, 0.0855518177558823, 0.07331872907474261, 0.07046150706729754, 0.07003451439237171, 0.06335914951404538, 0.062228777091352466, 0.061214045670159214, 0.05610931146867855]","[20, 201]",20.0,201.0,110.5,0.05,0.04864089646593427,0.0,0.11299566357025166,-0.0643547671043174,-0.11299566357025166,0.0,0.0,0.0,0.0,0.0,0.0,0.0,0.0,0.0,0.0,0.0,0.0,0.0,0.0,0.0
Q0561,Wie viele Lehrveranstaltungen nennt die Summenzeile für das 4. Semester?,fully_answerable,1,"[""PO25CL-PLAN-S04-SUM""]",0.12353633837347099,0.10200779221178602,0.021528546161684967,"[""PO25CL-GEN-C03-P21-A02"", ""PO25CL-GEN-C02-P08-U01"", ""PO25CL-GEN-C03-P20-A02"", ""PO25CL-GEN-C01-P05-A03"", ""PO25CL-GEN-C03-P11-A02"", ""PO25CL-GEN-C03-P15-A03"", ""PO25CL-GEN-C03-P18-A01"", ""PO25CL-GEN-C02-P07-A01"", ""PO25CL-PLAN-INTRO"", ""PO25CL-GEN-C03-P14-A10""]","[0.12353633837347099, 0.10200779221178602, 0.09976498545379414, 0.08248761013321892, 0.06868468158092778, 0.06108981621407516, 0.05902154350858277, 0.0548116830739663, 0.05315556854937707, 0.052923531995664866]",[18],18.0,18.0,18.0,0.05555555555555555,0.04689872651988601,0.04689872651988601,0.12353633837347099,-0.07663761185358497,-0.07663761185358497,0.0,0.0,0.0,0.0,0.0,0.0,0.0,0.0,0.0,0.0,0.0,0.0,0.0,0.0,0.0
Q0562,Wie viele SWS nennt die Summenzeile für das 4. Semester?,fully_answerable,1,"[""PO25CL-PLAN-S04-SUM""]",0.11416747943168903,0.1045440450520578,0.00962343437963123,"[""PO25CL-GEN-C03-P21-A02"", ""PO25CL-GEN-C03-P20-A02"", ""PO25CL-GEN-C01-P05-A03"", ""PO25CL-GEN-C02-P08-U01"", ""PO25CL-PLAN-S02-SUM"", ""PO25CL-PLAN-S03-SUM"", ""PO25CL-PLAN-S04-SUM"", ""PO25CL-PLAN-S05-SUM"", ""PO25CL-PLAN-S01-SUM"", ""PO25CL-PLAN-S06-SUM""]","[0.11416747943168903, 0.1045440450520578, 0.08643902859082567, 0.07407907727710347, 0.071986419145487, 0.071986419145487, 0.071986419145487, 0.07072834778466028, 0.07012243550847161, 0.06998349287528967]",[7],7.0,7.0,7.0,0.14285714285714285,0.071986419145487,0.071986419145487,0.11416747943168903,-0.04218106028620204,-0.04218106028620204,0.0,0.0,0.0,0.0,0.0,0.0,0.0,0.0,0.0,0.0,0.0,0.0,1.0,1.0,1.0
Q0563,Wie viele LP nennt die Summenzeile für das 4. Semester?,fully_answerable,1,"[""PO25CL-PLAN-S04-SUM""]",0.1151599448512918,0.10545285332264456,0.009707091528647238,"[""PO25CL-GEN-C03-P21-A02"", ""PO25CL-GEN-C03-P20-A02"", ""PO25CL-GEN-C01-P05-A03"", ""PO25CL-GEN-C01-P03-A02"", ""PO25CL-PLAN-S02-SUM"", ""PO25CL-PLAN-S03-SUM"", ""PO25CL-PLAN-S04-SUM"", ""PO25CL-PLAN-S05-SUM"", ""PO25CL-PLAN-S01-SUM"", ""PO25CL-PLAN-S06-SUM""]","[0.1151599448512918, 0.10545285332264456, 0.08719044876062787, 0.08594526177967868, 0.08566309611854832, 0.08566309611854832, 0.08566309611854832, 0.08416600417834935, 0.0834449748207193, 0.0832796345206667]",[7],7.0,7.0,7.0,0.14285714285714285,0.08566309611854832,0.08566309611854832,0.1151599448512918,-0.029496848732743483,-0.029496848732743483,0.0,0.0,0.0,0.0,0.0,0.0,0.0,0.0,0.0,0.0,0.0,0.0,1.0,1.0,1.0
Q0564,Wie viele LP entfallen laut Summenzeile des 4. Semesters auf den Profilbildungsbereich?,answerable_with_multiple_chunks,2,"[""PO25CL-PLAN-S04-SUM"", ""PO25CL-PLAN-LEGEND""]",0.134221697569218,0.134221697569218,0.0,"[""PO25CL-PLAN-S02-PBB"", ""PO25CL-PLAN-S03-PBB"", ""PO25CL-PLAN-S04-PBB"", ""PO25CL-PLAN-S05-PBB"", ""PO25CL-PLAN-S06-PBB"", ""PO25CL-GEN-C03-P15-A02"", ""PO25CL-GEN-C01-P05-A03"", ""PO25CL-APP-R07-M17"", ""PO25CL-GEN-C01-P03-A02"", ""PO25CL-GEN-C01-P05-A02""]","[0.134221697569218, 0.134221697569218, 0.134221697569218, 0.134221697569218, 0.134221697569218, 0.11286282520056308, 0.09955154406262279, 0.09360073533360139, 0.083688685930773, 0.07818498204286847]","[35, 15]",15.0,35.0,25.0,0.06666666666666667,0.04001752899513136,0.025819780328487387,0.134221697569218,-0.09420416857408664,-0.10840191724073062,0.0,0.0,0.0,0.0,0.0,0.0,0.0,0.0,0.0,0.0,0.0,0.0,0.0,0.0,0.0
Q0565,Wie viele Module nennt die Summenzeile für das 5. Semester?,fully_answerable,1,"[""PO25CL-PLAN-S05-SUM""]",0.12198919232358185,0.10258645335074819,0.019402738972833664,"[""PO25CL-GEN-C03-P21-A02"", ""PO25CL-GEN-C03-P20-A02"", ""PO25CL-GEN-C01-P05-A03"", ""PO25CL-PLAN-S02-SUM"", ""PO25CL-PLAN-S03-SUM"", ""PO25CL-PLAN-S04-SUM"", ""PO25CL-PLAN-S05-SUM"", ""PO25CL-PLAN-S01-SUM"", ""PO25CL-PLAN-S06-SUM"", ""PO25CL-GEN-C02-P08-U01""]","[0.12198919232358185, 0.10258645335074819, 0.08482045409474218, 0.08154611293367596, 0.08154611293367596, 0.08154611293367596, 0.08012097149052042, 0.07943459492826743, 0.079277200911573, 0.07269194339639204]",[7],7.0,7.0,7.0,0.14285714285714285,0.08012097149052042,0.08012097149052042,0.12198919232358185,-0.04186822083306144,-0.04186822083306144,0.0,0.0,0.0,0.0,0.0,0.0,0.0,0.0,0.0,0.0,0.0,0.0,1.0,1.0,1.0
Q0566,Wie viele Modulprüfungen nennt die Summenzeile für das 5. Semester?,answerable_with_multiple_chunks,2,"[""PO25CL-PLAN-S05-SUM"", ""PO25CL-PLAN-LEGEND""]",0.11299566357025166,0.10347100419295638,0.009524659377295283,"[""PO25CL-GEN-C03-P21-A02"", ""PO25CL-GEN-C03-P20-A02"", ""PO25CL-GEN-C01-P05-A03"", ""PO25CL-GEN-C02-P08-U01"", ""PO25CL-APP-R10"", ""PO25CL-GEN-C03-P12-A03"", ""PO25CL-GEN-C03-P15-A03"", ""PO25CL-GEN-C03-P14-A10"", ""PO25CL-GEN-C03-P18-A01"", ""PO25CL-APP-R06""]","[0.11299566357025166, 0.10347100419295638, 0.0855518177558823, 0.07331872907474261, 0.07046150706729754, 0.07003451439237171, 0.06335914951404538, 0.062228777091352466, 0.061214045670159214, 0.05610931146867855]","[21, 201]",21.0,201.0,111.0,0.047619047619047616,0.047790823361380276,0.0,0.11299566357025166,-0.06520484020887138,-0.11299566357025166,0.0,0.0,0.0,0.0,0.0,0.0,0.0,0.0,0.0,0.0,0.0,0.0,0.0,0.0,0.0
Q0567,Wie viele Lehrveranstaltungen nennt die Summenzeile für das 5. Semester?,fully_answerable,1,"[""PO25CL-PLAN-S05-SUM""]",0.12353633837347099,0.10200779221178602,0.021528546161684967,"[""PO25CL-GEN-C03-P21-A02"", ""PO25CL-GEN-C02-P08-U01"", ""PO25CL-GEN-C03-P20-A02"", ""PO25CL-GEN-C01-P05-A03"", ""PO25CL-GEN-C03-P11-A02"", ""PO25CL-GEN-C03-P15-A03"", ""PO25CL-GEN-C03-P18-A01"", ""PO25CL-GEN-C02-P07-A01"", ""PO25CL-PLAN-INTRO"", ""PO25CL-GEN-C03-P14-A10""]","[0.12353633837347099, 0.10200779221178602, 0.09976498545379414, 0.08248761013321892, 0.06868468158092778, 0.06108981621407516, 0.05902154350858277, 0.0548116830739663, 0.05315556854937707, 0.052923531995664866]",[19],19.0,19.0,19.0,0.05263157894736842,0.04607910046549556,0.04607910046549556,0.12353633837347099,-0.07745723790797543,-0.07745723790797543,0.0,0.0,0.0,0.0,0.0,0.0,0.0,0.0,0.0,0.0,0.0,0.0,0.0,0.0,0.0
Q0568,Wie viele SWS nennt die Summenzeile für das 5. Semester?,fully_answerable,1,"[""PO25CL-PLAN-S05-SUM""]",0.11416747943168903,0.1045440450520578,0.00962343437963123,"[""PO25CL-GEN-C03-P21-A02"", ""PO25CL-GEN-C03-P20-A02"", ""PO25CL-GEN-C01-P05-A03"", ""PO25CL-GEN-C02-P08-U01"", ""PO25CL-PLAN-S02-SUM"", ""PO25CL-PLAN-S03-SUM"", ""PO25CL-PLAN-S04-SUM"", ""PO25CL-PLAN-S05-SUM"", ""PO25CL-PLAN-S01-SUM"", ""PO25CL-PLAN-S06-SUM""]","[0.11416747943168903, 0.1045440450520578, 0.08643902859082567, 0.07407907727710347, 0.071986419145487, 0.071986419145487, 0.071986419145487, 0.07072834778466028, 0.07012243550847161, 0.06998349287528967]",[8],8.0,8.0,8.0,0.125,0.07072834778466028,0.07072834778466028,0.11416747943168903,-0.043439131647028756,-0.043439131647028756,0.0,0.0,0.0,0.0,0.0,0.0,0.0,0.0,0.0,0.0,0.0,0.0,1.0,1.0,1.0
Q0569,Wie viele LP nennt die Summenzeile für das 5. Semester?,fully_answerable,1,"[""PO25CL-PLAN-S05-SUM""]",0.1151599448512918,0.10545285332264456,0.009707091528647238,"[""PO25CL-GEN-C03-P21-A02"", ""PO25CL-GEN-C03-P20-A02"", ""PO25CL-GEN-C01-P05-A03"", ""PO25CL-GEN-C01-P03-A02"", ""PO25CL-PLAN-S02-SUM"", ""PO25CL-PLAN-S03-SUM"", ""PO25CL-PLAN-S04-SUM"", ""PO25CL-PLAN-S05-SUM"", ""PO25CL-PLAN-S01-SUM"", ""PO25CL-PLAN-S06-SUM""]","[0.1151599448512918, 0.10545285332264456, 0.08719044876062787, 0.08594526177967868, 0.08566309611854832, 0.08566309611854832, 0.08566309611854832, 0.08416600417834935, 0.0834449748207193, 0.0832796345206667]",[8],8.0,8.0,8.0,0.125,0.08416600417834935,0.08416600417834935,0.1151599448512918,-0.03099394067294245,-0.03099394067294245,0.0,0.0,0.0,0.0,0.0,0.0,0.0,0.0,0.0,0.0,0.0,0.0,1.0,1.0,1.0
Q0570,Wie viele LP entfallen laut Summenzeile des 5. Semesters auf den Profilbildungsbereich?,answerable_with_multiple_chunks,2,"[""PO25CL-PLAN-S05-SUM"", ""PO25CL-PLAN-LEGEND""]",0.134221697569218,0.134221697569218,0.0,"[""PO25CL-PLAN-S02-PBB"", ""PO25CL-PLAN-S03-PBB"", ""PO25CL-PLAN-S04-PBB"", ""PO25CL-PLAN-S05-PBB"", ""PO25CL-PLAN-S06-PBB"", ""PO25CL-GEN-C03-P15-A02"", ""PO25CL-GEN-C01-P05-A03"", ""PO25CL-APP-R07-M17"", ""PO25CL-GEN-C01-P03-A02"", ""PO25CL-GEN-C01-P05-A02""]","[0.134221697569218, 0.134221697569218, 0.134221697569218, 0.134221697569218, 0.134221697569218, 0.11286282520056308, 0.09955154406262279, 0.09360073533360139, 0.083688685930773, 0.07818498204286847]","[39, 15]",15.0,39.0,27.0,0.06666666666666667,0.04001752899513136,0.025368540684125335,0.134221697569218,-0.09420416857408664,-0.10885315688509267,0.0,0.0,0.0,0.0,0.0,0.0,0.0,0.0,0.0,0.0,0.0,0.0,0.0,0.0,0.0
Q0571,Wie viele Module nennt die Summenzeile für das 6. Semester?,fully_answerable,1,"[""PO25CL-PLAN-S06-SUM""]",0.12198919232358185,0.10258645335074819,0.019402738972833664,"[""PO25CL-GEN-C03-P21-A02"", ""PO25CL-GEN-C03-P20-A02"", ""PO25CL-GEN-C01-P05-A03"", ""PO25CL-PLAN-S02-SUM"", ""PO25CL-PLAN-S03-SUM"", ""PO25CL-PLAN-S04-SUM"", ""PO25CL-PLAN-S05-SUM"", ""PO25CL-PLAN-S01-SUM"", ""PO25CL-PLAN-S06-SUM"", ""PO25CL-GEN-C02-P08-U01""]","[0.12198919232358185, 0.10258645335074819, 0.08482045409474218, 0.08154611293367596, 0.08154611293367596, 0.08154611293367596, 0.08012097149052042, 0.07943459492826743, 0.079277200911573, 0.07269194339639204]",[9],9.0,9.0,9.0,0.1111111111111111,0.079277200911573,0.079277200911573,0.12198919232358185,-0.04271199141200885,-0.04271199141200885,0.0,0.0,0.0,0.0,0.0,0.0,0.0,0.0,0.0,0.0,0.0,0.0,1.0,1.0,1.0
Q0572,Wie viele Modulprüfungen nennt die Summenzeile für das 6. Semester?,answerable_with_multiple_chunks,2,"[""PO25CL-PLAN-S06-SUM"", ""PO25CL-PLAN-LEGEND""]",0.11299566357025166,0.10347100419295638,0.009524659377295283,"[""PO25CL-GEN-C03-P21-A02"", ""PO25CL-GEN-C03-P20-A02"", ""PO25CL-GEN-C01-P05-A03"", ""PO25CL-GEN-C02-P08-U01"", ""PO25CL-APP-R10"", ""PO25CL-GEN-C03-P12-A03"", ""PO25CL-GEN-C03-P15-A03"", ""PO25CL-GEN-C03-P14-A10"", ""PO25CL-GEN-C03-P18-A01"", ""PO25CL-APP-R06""]","[0.11299566357025166, 0.10347100419295638, 0.0855518177558823, 0.07331872907474261, 0.07046150706729754, 0.07003451439237171, 0.06335914951404538, 0.062228777091352466, 0.061214045670159214, 0.05610931146867855]","[23, 201]",23.0,201.0,112.0,0.043478260869565216,0.04728752828212907,0.0,0.11299566357025166,-0.06570813528812258,-0.11299566357025166,0.0,0.0,0.0,0.0,0.0,0.0,0.0,0.0,0.0,0.0,0.0,0.0,0.0,0.0,0.0
Q0573,Wie viele Lehrveranstaltungen nennt die Summenzeile für das 6. Semester?,fully_answerable,1,"[""PO25CL-PLAN-S06-SUM""]",0.12353633837347099,0.10200779221178602,0.021528546161684967,"[""PO25CL-GEN-C03-P21-A02"", ""PO25CL-GEN-C02-P08-U01"", ""PO25CL-GEN-C03-P20-A02"", ""PO25CL-GEN-C01-P05-A03"", ""PO25CL-GEN-C03-P11-A02"", ""PO25CL-GEN-C03-P15-A03"", ""PO25CL-GEN-C03-P18-A01"", ""PO25CL-GEN-C02-P07-A01"", ""PO25CL-PLAN-INTRO"", ""PO25CL-GEN-C03-P14-A10""]","[0.12353633837347099, 0.10200779221178602, 0.09976498545379414, 0.08248761013321892, 0.06868468158092778, 0.06108981621407516, 0.05902154350858277, 0.0548116830739663, 0.05315556854937707, 0.052923531995664866]",[21],21.0,21.0,21.0,0.047619047619047616,0.045593831895309196,0.045593831895309196,0.12353633837347099,-0.07794250647816178,-0.07794250647816178,0.0,0.0,0.0,0.0,0.0,0.0,0.0,0.0,0.0,0.0,0.0,0.0,0.0,0.0,0.0
Q0574,Wie viele SWS nennt die Summenzeile für das 6. Semester?,fully_answerable,1,"[""PO25CL-PLAN-S06-SUM""]",0.11416747943168903,0.1045440450520578,0.00962343437963123,"[""PO25CL-GEN-C03-P21-A02"", ""PO25CL-GEN-C03-P20-A02"", ""PO25CL-GEN-C01-P05-A03"", ""PO25CL-GEN-C02-P08-U01"", ""PO25CL-PLAN-S02-SUM"", ""PO25CL-PLAN-S03-SUM"", ""PO25CL-PLAN-S04-SUM"", ""PO25CL-PLAN-S05-SUM"", ""PO25CL-PLAN-S01-SUM"", ""PO25CL-PLAN-S06-SUM""]","[0.11416747943168903, 0.1045440450520578, 0.08643902859082567, 0.07407907727710347, 0.071986419145487, 0.071986419145487, 0.071986419145487, 0.07072834778466028, 0.07012243550847161, 0.06998349287528967]",[10],10.0,10.0,10.0,0.1,0.06998349287528967,0.06998349287528967,0.11416747943168903,-0.044183986556399366,-0.044183986556399366,0.0,0.0,0.0,0.0,0.0,0.0,0.0,0.0,0.0,0.0,0.0,0.0,1.0,1.0,1.0
Q0575,Wie viele LP nennt die Summenzeile für das 6. Semester?,fully_answerable,1,"[""PO25CL-PLAN-S06-SUM""]",0.1151599448512918,0.10545285332264456,0.009707091528647238,"[""PO25CL-GEN-C03-P21-A02"", ""PO25CL-GEN-C03-P20-A02"", ""PO25CL-GEN-C01-P05-A03"", ""PO25CL-GEN-C01-P03-A02"", ""PO25CL-PLAN-S02-SUM"", ""PO25CL-PLAN-S03-SUM"", ""PO25CL-PLAN-S04-SUM"", ""PO25CL-PLAN-S05-SUM"", ""PO25CL-PLAN-S01-SUM"", ""PO25CL-PLAN-S06-SUM""]","[0.1151599448512918, 0.10545285332264456, 0.08719044876062787, 0.08594526177967868, 0.08566309611854832, 0.08566309611854832, 0.08566309611854832, 0.08416600417834935, 0.0834449748207193, 0.0832796345206667]",[10],10.0,10.0,10.0,0.1,0.0832796345206667,0.0832796345206667,0.1151599448512918,-0.031880310330625106,-0.031880310330625106,0.0,0.0,0.0,0.0,0.0,0.0,0.0,0.0,0.0,0.0,0.0,0.0,1.0,1.0,1.0
Q0576,Wie viele LP entfallen laut Summenzeile des 6. Semesters auf den Profilbildungsbereich?,answerable_with_multiple_chunks,2,"[""PO25CL-PLAN-S06-SUM"", ""PO25CL-PLAN-LEGEND""]",0.134221697569218,0.134221697569218,0.0,"[""PO25CL-PLAN-S02-PBB"", ""PO25CL-PLAN-S03-PBB"", ""PO25CL-PLAN-S04-PBB"", ""PO25CL-PLAN-S05-PBB"", ""PO25CL-PLAN-S06-PBB"", ""PO25CL-GEN-C03-P15-A02"", ""PO25CL-GEN-C01-P05-A03"", ""PO25CL-APP-R07-M17"", ""PO25CL-GEN-C01-P03-A02"", ""PO25CL-GEN-C01-P05-A02""]","[0.134221697569218, 0.134221697569218, 0.134221697569218, 0.134221697569218, 0.134221697569218, 0.11286282520056308, 0.09955154406262279, 0.09360073533360139, 0.083688685930773, 0.07818498204286847]","[44, 15]",15.0,44.0,29.5,0.06666666666666667,0.04001752899513136,0.025101379317233677,0.134221697569218,-0.09420416857408664,-0.10912031825198433,0.0,0.0,0.0,0.0,0.0,0.0,0.0,0.0,0.0,0.0,0.0,0.0,0.0,0.0,0.0
Q0577,Welche Prüfungsnummer hat Einführung in die computationelle Logik?,answerable_with_multiple_chunks,2,"[""PO25CL-PLAN-S01-M01"", ""PO25CL-PLAN-LEGEND""]",0.24221213833095273,0.1613217352754721,0.08089040305548062,"[""PO25CL-PLAN-S01-M01"", ""PO25CL-PLAN-S01-M02"", ""PO25CL-PLAN-S01-M03"", ""PO25CL-PLAN-S04-M03"", ""PO25CL-GEN-C01-P01-A02"", ""PO25CL-PLAN-LEGEND"", ""PO25CL-APP-R14"", ""PO25CL-GEN-C02-P09-A02"", ""PO25CL-GEN-C03-P20-A01"", ""PO25CL-GEN-C04-P30-U01""]","[0.24221213833095273, 0.1613217352754721, 0.16015122053124972, 0.05383577437255069, 0.045079630213445285, 0.044704283677138044, 0.03180490487540277, 0.030473232451784064, 0.030467715379722492, 0.0301215262646633]","[1, 6]",1.0,6.0,3.5,1.0,0.24221213833095273,0.044704283677138044,0.1613217352754721,0.08089040305548062,-0.11661745159833406,0.5,1.0,0.0,0.5,1.0,0.0,0.5,1.0,0.0,0.5,1.0,0.0,1.0,1.0,1.0
Q0578,Welche Prüfungsnummer hat Mathematische Grundlagen?,answerable_with_multiple_chunks,2,"[""PO25CL-PLAN-S01-M01"", ""PO25CL-PLAN-LEGEND""]",0.19914592710283596,0.15208726755295415,0.04705865954988181,"[""PO25CL-PLAN-S01-M01"", ""PO25CL-APP-R07-M01"", ""PO25CL-APP-R07-M08"", ""PO25CL-PLAN-LEGEND"", ""PO25CL-PLAN-S03-M03"", ""PO25CL-APP-R07-M02"", ""PO25CL-PLAN-S02-M01"", ""PO25CL-PLAN-S01-M02"", ""PO25CL-GEN-C03-P20-A01"", ""PO25CL-PLAN-S03-M02""]","[0.19914592710283596, 0.15208726755295415, 0.10718749770590848, 0.06967743248313431, 0.0672691145457551, 0.06039976951416405, 0.04704698116647275, 0.046053739087865364, 0.03540745072685105, 0.0324772042371607]","[1, 4]",1.0,4.0,2.5,1.0,0.19914592710283596,0.06967743248313431,0.15208726755295415,0.04705865954988181,-0.08240983506981985,0.5,1.0,0.0,0.5,1.0,0.0,0.5,1.0,0.0,1.0,1.0,1.0,1.0,1.0,1.0
Q0579,Welche Prüfungsform hat die Modulprüfung im Basismodul „Mathematische und logische Grundlagen“?,fully_answerable,1,"[""PO25CL-PLAN-S01-M01""]",0.6789879931845622,0.5100376368058887,0.1689503563786735,"[""PO25CL-APP-R07-M01"", ""PO25CL-PLAN-S01-M01"", ""PO25CL-APP-R07-M02"", ""PO25CL-APP-R07-M10"", ""PO25CL-APP-R07-M08"", ""PO25CL-PLAN-S02-M01"", ""PO25CL-PLAN-S01-M02"", ""PO25CL-GEN-C03-P20-A01"", ""PO25CL-APP-R07-M03"", ""PO25CL-PLAN-S04-M03""]","[0.6789879931845622, 0.5100376368058887, 0.08115663962200996, 0.0752257922787279, 0.07494936826313028, 0.07082091793321046, 0.06290229590419327, 0.051672542475156825, 0.0506614531639849, 0.05012277352843296]",[2],2.0,2.0,2.0,0.5,0.5100376368058887,0.5100376368058887,0.6789879931845622,-0.1689503563786735,-0.1689503563786735,0.0,0.0,0.0,1.0,1.0,1.0,1.0,1.0,1.0,1.0,1.0,1.0,1.0,1.0,1.0
Q0580,Welche Prüfungsnummer hat das Seminar Einführung in die Computerlinguistik?,answerable_with_multiple_chunks,2,"[""PO25CL-PLAN-S01-M02"", ""PO25CL-PLAN-LEGEND""]",0.35553899246447884,0.20556201095180926,0.14997698151266958,"[""PO25CL-PLAN-S01-M02"", ""PO25CL-PLAN-S01-M03"", ""PO25CL-PLAN-S01-M01"", ""PO25CL-PLAN-S04-M03"", ""PO25CL-PLAN-LEGEND"", ""PO25CL-APP-R14"", ""PO25CL-GEN-C01-P01-A02"", ""PO25CL-GEN-C03-P21-A02"", ""PO25CL-PLAN-S05-M03"", ""PO25CL-GEN-C02-P09-A02""]","[0.35553899246447884, 0.20556201095180926, 0.12142651729831778, 0.08459160951202048, 0.06020536833625469, 0.05544201471780394, 0.053331146083819475, 0.050989776285904065, 0.05083135039145525, 0.04474348653612559]","[1, 5]",1.0,5.0,3.0,1.0,0.35553899246447884,0.06020536833625469,0.20556201095180926,0.14997698151266958,-0.14535664261555456,0.5,1.0,0.0,0.5,1.0,0.0,0.5,1.0,0.0,1.0,1.0,1.0,1.0,1.0,1.0
Q0581,Welche Prüfungsnummer hat das Seminar Einführung in die Programmierung mit Python?,answerable_with_multiple_chunks,2,"[""PO25CL-PLAN-S01-M03"", ""PO25CL-PLAN-LEGEND""]",0.5980065661983969,0.17457124915201688,0.42343531704638,"[""PO25CL-PLAN-S01-M03"", ""PO25CL-PLAN-S02-M02"", ""PO25CL-PLAN-S01-M02"", ""PO25CL-APP-R07-M03"", ""PO25CL-PLAN-S04-M03"", ""PO25CL-PLAN-S01-M01"", ""PO25CL-PLAN-S03-M04"", ""PO25CL-APP-R07-M10"", ""PO25CL-APP-R07-M11"", ""PO25CL-APP-R14""]","[0.5980065661983969, 0.17457124915201688, 0.15764110990879282, 0.1186987839927319, 0.09841786095855418, 0.09681096702230724, 0.05655880219524552, 0.05147456616370577, 0.04935220327796079, 0.04639476497313838]","[1, 12]",1.0,12.0,6.5,1.0,0.5980065661983969,0.04116059745116118,0.17457124915201688,0.42343531704638,-0.1334106517008557,0.5,1.0,0.0,0.5,1.0,0.0,0.5,1.0,0.0,0.5,1.0,0.0,0.5,1.0,0.0
Q0582,Welche Prüfungsform hat die Modulprüfung im Modul „Basiswissen Linguistik – Morphologie und Syntax“?,fully_answerable,1,"[""PO25CL-PLAN-S01-M04""]",0.6828999899823658,0.5483403600855843,0.1345596298967815,"[""PO25CL-APP-R07-M04"", ""PO25CL-PLAN-S01-M04"", ""PO25CL-APP-R07-M05"", ""PO25CL-PLAN-S02-M03"", ""PO25CL-APP-R07-M08"", ""PO25CL-GEN-C03-P20-A01"", ""PO25CL-PLAN-S03-M03"", ""PO25CL-GEN-C03-P20-A02"", ""PO25CL-GEN-C03-P15-A09"", ""PO25CL-GEN-C03-P14-A07""]","[0.6828999899823658, 0.5483403600855843, 0.19994015219637987, 0.16581143843739915, 0.06086542038980525, 0.04590011042958373, 0.03503214394980273, 0.03325887492900017, 0.030591044525161808, 0.028540985603999383]",[2],2.0,2.0,2.0,0.5,0.5483403600855843,0.5483403600855843,0.6828999899823658,-0.1345596298967815,-0.1345596298967815,0.0,0.0,0.0,1.0,1.0,1.0,1.0,1.0,1.0,1.0,1.0,1.0,1.0,1.0,1.0
Q0583,Welche Prüfungsnummer hat das Seminar Grammatikformalismen?,answerable_with_multiple_chunks,2,"[""PO25CL-PLAN-S02-M01"", ""PO25CL-PLAN-LEGEND""]",0.11115722984456936,0.07481834384907099,0.036338885995498366,"[""PO25CL-PLAN-S02-M01"", ""PO25CL-PLAN-LEGEND"", ""PO25CL-GEN-C03-P21-A02"", ""PO25CL-PLAN-INTRO"", ""PO25CL-GEN-C03-P15-A03"", ""PO25CL-GEN-C03-P20-A01"", ""PO25CL-PLAN-S05-M03"", ""PO25CL-GEN-C03-P20-A02"", ""PO25CL-PLAN-S01-M01"", ""PO25CL-GEN-C02-P09-A01""]","[0.11115722984456936, 0.07481834384907099, 0.0484892607659459, 0.041851151494949675, 0.04117171607775574, 0.03801986854124988, 0.0366152610174292, 0.03592862150213771, 0.032594962365944884, 0.03168745202016035]","[1, 2]",1.0,2.0,1.5,1.0,0.11115722984456936,0.07481834384907099,0.0484892607659459,0.06266796907862346,0.026329083083125086,0.5,1.0,0.0,1.0,1.0,1.0,1.0,1.0,1.0,1.0,1.0,1.0,1.0,1.0,1.0
Q0584,Welche Prüfungsform hat die Modulprüfung im Basismodul „Python-Programmierung“?,fully_answerable,1,"[""PO25CL-PLAN-S02-M02""]",0.5112407302090322,0.3971971284529241,0.11404360175610806,"[""PO25CL-APP-R07-M03"", ""PO25CL-PLAN-S02-M02"", ""PO25CL-PLAN-S01-M03"", ""PO25CL-PLAN-S03-M04"", ""PO25CL-APP-R07-M10"", ""PO25CL-APP-R07-M11"", ""PO25CL-GEN-C03-P20-A01"", ""PO25CL-PLAN-S04-M03"", ""PO25CL-APP-R07-M06"", ""PO25CL-PLAN-S01-M01""]","[0.5112407302090322, 0.3971971284529241, 0.3894926461356175, 0.09265116509714728, 0.0721432648539894, 0.06916870481018786, 0.06241183842150332, 0.052009856199572456, 0.04857937377166388, 0.048532937032076034]",[2],2.0,2.0,2.0,0.5,0.3971971284529241,0.3971971284529241,0.5112407302090322,-0.11404360175610806,-0.11404360175610806,0.0,0.0,0.0,1.0,1.0,1.0,1.0,1.0,1.0,1.0,1.0,1.0,1.0,1.0,1.0
Q0585,Welche Prüfungsform hat die Modulprüfung im Modul „Basiswissen Linguistik – Semantik und Pragmatik“?,fully_answerable,1,"[""PO25CL-PLAN-S02-M03""]",0.6828999899823659,0.5483403600855843,0.1345596298967816,"[""PO25CL-APP-R07-M05"", ""PO25CL-PLAN-S02-M03"", ""PO25CL-APP-R07-M04"", ""PO25CL-PLAN-S01-M04"", ""PO25CL-APP-R07-M08"", ""PO25CL-GEN-C03-P20-A01"", ""PO25CL-PLAN-S03-M03"", ""PO25CL-GEN-C03-P20-A02"", ""PO25CL-GEN-C03-P15-A09"", ""PO25CL-GEN-C03-P14-A07""]","[0.6828999899823659, 0.5483403600855843, 0.19994015219637987, 0.16581143843739918, 0.06086542038980525, 0.045900110429583724, 0.03503214394980273, 0.03325887492900017, 0.03059104452516181, 0.028540985603999383]",[2],2.0,2.0,2.0,0.5,0.5483403600855843,0.5483403600855843,0.6828999899823659,-0.1345596298967816,-0.1345596298967816,0.0,0.0,0.0,1.0,1.0,1.0,1.0,1.0,1.0,1.0,1.0,1.0,1.0,1.0,1.0
Q0586,Welche Prüfungsnummer hat Wahrscheinlichkeitstheorie und Statistik?,answerable_with_multiple_chunks,2,"[""PO25CL-PLAN-S02-M04"", ""PO25CL-PLAN-LEGEND""]",0.21971618853501948,0.05503821559323144,0.16467797294178804,"[""PO25CL-PLAN-S02-M04"", ""PO25CL-PLAN-LEGEND"", ""PO25CL-GEN-C03-P20-A01"", ""PO25CL-PLAN-INTRO"", ""PO25CL-GEN-C01-P01-A02"", ""PO25CL-GEN-C03-P21-A01"", ""PO25CL-GEN-C03-P11-A05"", ""PO25CL-GEN-C04-P26-U01"", ""PO25CL-GEN-C03-P12-A05"", ""PO25CL-GEN-C02-P08-U01""]","[0.21971618853501948, 0.05503821559323144, 0.0315813772051699, 0.025913484722915645, 0.022060253732231583, 0.021287235831443093, 0.01788543294589654, 0.01701164812676529, 0.01620071132992932, 0.014386270663898965]","[1, 2]",1.0,2.0,1.5,1.0,0.21971618853501948,0.05503821559323144,0.0315813772051699,0.18813481132984958,0.023456838388061535,0.5,1.0,0.0,1.0,1.0,1.0,1.0,1.0,1.0,1.0,1.0,1.0,1.0,1.0,1.0
Q0587,Welche Prüfungsnummer hat Linguistische Ressourcen?,answerable_with_multiple_chunks,2,"[""PO25CL-PLAN-S03-M01"", ""PO25CL-PLAN-LEGEND""]",0.15816139950718822,0.06460589841170539,0.09355550109548283,"[""PO25CL-PLAN-S03-M01"", ""PO25CL-PLAN-LEGEND"", ""PO25CL-GEN-C03-P20-A01"", ""PO25CL-PLAN-INTRO"", ""PO25CL-GEN-C04-P26-U01"", ""PO25CL-GEN-C01-P01-A02"", ""PO25CL-GEN-C03-P12-A05"", ""PO25CL-GEN-C03-P21-A01"", ""PO25CL-GEN-C03-P20-A02"", ""PO25CL-GEN-C04-P28-A04""]","[0.15816139950718822, 0.06460589841170539, 0.03283028784434772, 0.028766669089663962, 0.01768438726025655, 0.01707300120538577, 0.016841381323854893, 0.016474742648972893, 0.014408149710896975, 0.01417302698223535]","[1, 2]",1.0,2.0,1.5,1.0,0.15816139950718822,0.06460589841170539,0.03283028784434772,0.1253311116628405,0.031775610567357664,0.5,1.0,0.0,1.0,1.0,1.0,1.0,1.0,1.0,1.0,1.0,1.0,1.0,1.0,1.0
Q0588,Welche Prüfungsnummer hat Grundlagen des maschinellen Lernens?,answerable_with_multiple_chunks,2,"[""PO25CL-PLAN-S03-M02"", ""PO25CL-PLAN-LEGEND""]",0.3161989581843849,0.047394114670481886,0.26880484351390305,"[""PO25CL-PLAN-S03-M02"", ""PO25CL-PLAN-LEGEND"", ""PO25CL-PLAN-S01-M01"", ""PO25CL-APP-R07-M01"", ""PO25CL-APP-R07-M02"", ""PO25CL-PLAN-S02-M01"", ""PO25CL-PLAN-S01-M02"", ""PO25CL-GEN-C03-P20-A01"", ""PO25CL-FRONT-PREAMBLE"", ""PO25CL-PLAN-INTRO""]","[0.3161989581843849, 0.047394114670481886, 0.04625880223585661, 0.04485294487661266, 0.041083511553297675, 0.032001035928577455, 0.03132543943640676, 0.027781068177225823, 0.02568127290946813, 0.02110288452046854]","[1, 2]",1.0,2.0,1.5,1.0,0.3161989581843849,0.047394114670481886,0.04625880223585661,0.2699401559485283,0.0011353124346252796,0.5,1.0,0.0,1.0,1.0,1.0,1.0,1.0,1.0,1.0,1.0,1.0,1.0,1.0,1.0
Q0589,Welche Prüfungsnummer hat das Seminar Automatentheorie & Formale Sprachen?,answerable_with_multiple_chunks,2,"[""PO25CL-PLAN-S03-M03"", ""PO25CL-PLAN-LEGEND""]",0.4063408948226988,0.058142957951374016,0.3481979368713248,"[""PO25CL-PLAN-S03-M03"", ""PO25CL-APP-R07-M02"", ""PO25CL-PLAN-S02-M01"", ""PO25CL-PLAN-S01-M02"", ""PO25CL-PLAN-LEGEND"", ""PO25CL-GEN-C03-P21-A02"", ""PO25CL-PLAN-INTRO"", ""PO25CL-GEN-C03-P15-A03"", ""PO25CL-GEN-C01-P04-A05"", ""PO25CL-GEN-C03-P20-A01""]","[0.4063408948226988, 0.058142957951374016, 0.05689427210876145, 0.0556931369096675, 0.05134268989870225, 0.03327484879838304, 0.028719570396311185, 0.028253320541842944, 0.02644232788825442, 0.026090424086914022]","[1, 5]",1.0,5.0,3.0,1.0,0.4063408948226988,0.05134268989870225,0.058142957951374016,0.3481979368713248,-0.006800268052671768,0.5,1.0,0.0,0.5,1.0,0.0,0.5,1.0,0.0,1.0,1.0,1.0,1.0,1.0,1.0
Q0590,Welche Prüfungsform hat die Modulprüfung im Aufbaumodul „Objektorientierte Programmierung“?,fully_answerable,1,"[""PO25CL-PLAN-S03-M04""]",0.5314127423215067,0.3561428427591675,0.17526989956233918,"[""PO25CL-APP-R07-M11"", ""PO25CL-PLAN-S03-M04"", ""PO25CL-APP-R07-M10"", ""PO25CL-PLAN-S04-M03"", ""PO25CL-PLAN-S01-M03"", ""PO25CL-PLAN-S02-M02"", ""PO25CL-APP-R07-M03"", ""PO25CL-APP-R07-M09"", ""PO25CL-PLAN-S04-M01"", ""PO25CL-GEN-C03-P20-A01""]","[0.5314127423215067, 0.3561428427591675, 0.12770333073216594, 0.0920644758873719, 0.08323503883383405, 0.08014941036012355, 0.06881210011079153, 0.06521477924972728, 0.06282802518767742, 0.060787676181767766]",[2],2.0,2.0,2.0,0.5,0.3561428427591675,0.3561428427591675,0.5314127423215067,-0.17526989956233918,-0.17526989956233918,0.0,0.0,0.0,1.0,1.0,1.0,1.0,1.0,1.0,1.0,1.0,1.0,1.0,1.0,1.0
Q0591,Welche Prüfungsnummer hat das Seminar Deep Learning?,answerable_with_multiple_chunks,2,"[""PO25CL-PLAN-S04-M01"", ""PO25CL-PLAN-LEGEND""]",0.17023389815894896,0.06631054138467823,0.10392335677427073,"[""PO25CL-PLAN-S04-M01"", ""PO25CL-GEN-C02-P07-A05"", ""PO25CL-PLAN-LEGEND"", ""PO25CL-GEN-C03-P21-A02"", ""PO25CL-PLAN-INTRO"", ""PO25CL-GEN-C03-P15-A03"", ""PO25CL-GEN-C03-P20-A01"", ""PO25CL-PLAN-S05-M03"", ""PO25CL-GEN-C03-P20-A02"", ""PO25CL-PLAN-S01-M01""]","[0.17023389815894896, 0.06631054138467823, 0.06195464063075781, 0.04015238203167716, 0.03465557933337233, 0.03409296093073867, 0.031483018349797894, 0.030319908477423333, 0.029751324595125993, 0.02699082973326554]","[1, 3]",1.0,3.0,2.0,1.0,0.17023389815894896,0.06195464063075781,0.06631054138467823,0.10392335677427073,-0.004355900753920422,0.5,1.0,0.0,0.5,1.0,0.0,1.0,1.0,1.0,1.0,1.0,1.0,1.0,1.0,1.0
Q0592,Welche Prüfungsnummer hat das Parsing-Seminar?,answerable_with_multiple_chunks,2,"[""PO25CL-PLAN-S04-M02"", ""PO25CL-PLAN-LEGEND""]",0.26194442413298674,0.14645004116554491,0.11549438296744183,"[""PO25CL-PLAN-S04-M02"", ""PO25CL-APP-R07-M09"", ""PO25CL-PLAN-LEGEND"", ""PO25CL-GEN-C03-P21-A02"", ""PO25CL-PLAN-INTRO"", ""PO25CL-GEN-C03-P15-A03"", ""PO25CL-GEN-C03-P20-A01"", ""PO25CL-PLAN-S05-M03"", ""PO25CL-GEN-C03-P20-A02"", ""PO25CL-PLAN-S01-M01""]","[0.26194442413298674, 0.14645004116554491, 0.06795938333616607, 0.04404401501759721, 0.038014453423918716, 0.037397305147255484, 0.034534402763547994, 0.03325856242497069, 0.03263487048482848, 0.02960682405271739]","[1, 3]",1.0,3.0,2.0,1.0,0.26194442413298674,0.06795938333616607,0.14645004116554491,0.11549438296744183,-0.07849065782937885,0.5,1.0,0.0,0.5,1.0,0.0,1.0,1.0,1.0,1.0,1.0,1.0,1.0,1.0,1.0
Q0593,Welche Prüfungsnummer hat das Seminar Einführung in Prolog?,answerable_with_multiple_chunks,2,"[""PO25CL-PLAN-S04-M03"", ""PO25CL-PLAN-LEGEND""]",0.25571312180388106,0.11445365471897091,0.14125946708491016,"[""PO25CL-PLAN-S04-M03"", ""PO25CL-PLAN-S01-M02"", ""PO25CL-PLAN-S01-M03"", ""PO25CL-PLAN-S01-M01"", ""PO25CL-PLAN-LEGEND"", ""PO25CL-GEN-C03-P21-A02"", ""PO25CL-PLAN-INTRO"", ""PO25CL-GEN-C03-P15-A03"", ""PO25CL-GEN-C02-P09-A01"", ""PO25CL-GEN-C03-P20-A01""]","[0.25571312180388106, 0.11445365471897091, 0.1136232043760588, 0.07423498921821994, 0.05477256881106237, 0.04230586138139227, 0.036231945069530716, 0.033512827371994354, 0.030118344288941577, 0.0278333595577044]","[1, 5]",1.0,5.0,3.0,1.0,0.25571312180388106,0.05477256881106237,0.11445365471897091,0.14125946708491016,-0.05968108590790854,0.5,1.0,0.0,0.5,1.0,0.0,0.5,1.0,0.0,1.0,1.0,1.0,1.0,1.0,1.0
Q0594,Welche Prüfungsnummer hat das Seminar nach Wahl im ersten Teil des interdisziplinären Vertiefungsmoduls?,answerable_with_multiple_chunks,2,"[""PO25CL-PLAN-S04-M04"", ""PO25CL-PLAN-LEGEND""]",0.33923818186448595,0.22528589535183682,0.11395228651264913,"[""PO25CL-PLAN-S05-M03"", ""PO25CL-PLAN-S06-M01"", ""PO25CL-PLAN-S04-M04"", ""PO25CL-PLAN-S05-M02"", ""PO25CL-PLAN-LEGEND"", ""PO25CL-GEN-C03-P19-A06"", ""PO25CL-GEN-C03-P21-A02"", ""PO25CL-GEN-C03-P14-A01"", ""PO25CL-GEN-C03-P11-A02"", ""PO25CL-GEN-C03-P19-A05""]","[0.33923818186448595, 0.22528589535183682, 0.16447033566336977, 0.14828563461002864, 0.05553995291124137, 0.044478535860289006, 0.044049590365813296, 0.039067017638511746, 0.03787845965899318, 0.037339508659484204]","[3, 5]",3.0,5.0,4.0,0.3333333333333333,0.16447033566336977,0.05553995291124137,0.33923818186448595,-0.17476784620111618,-0.2836982289532446,0.0,0.0,0.0,0.0,0.0,0.0,0.5,1.0,0.0,1.0,1.0,1.0,1.0,1.0,1.0
Q0595,Welche Prüfungsnummer hat das Orientierungsseminar?,answerable_with_multiple_chunks,2,"[""PO25CL-PLAN-S04-M05"", ""PO25CL-PLAN-LEGEND""]",0.08288742129878375,0.07836222807028295,0.004525193228500798,"[""PO25CL-PLAN-S04-M05"", ""PO25CL-PLAN-LEGEND"", ""PO25CL-GEN-C03-P21-A02"", ""PO25CL-PLAN-INTRO"", ""PO25CL-GEN-C03-P15-A03"", ""PO25CL-GEN-C03-P20-A01"", ""PO25CL-GEN-C03-P20-A02"", ""PO25CL-GEN-C02-P09-A01"", ""PO25CL-GEN-C03-P16-A01"", ""PO25CL-FRONT-PREAMBLE""]","[0.08288742129878375, 0.07836222807028295, 0.05078602807308272, 0.043833494698398506, 0.043121876793188206, 0.03982073722243443, 0.0376304350986559, 0.03318837619794207, 0.02685164675638343, 0.026407704132269547]","[1, 2]",1.0,2.0,1.5,1.0,0.08288742129878375,0.07836222807028295,0.05078602807308272,0.03210139322570103,0.027576199997200235,0.5,1.0,0.0,1.0,1.0,1.0,1.0,1.0,1.0,1.0,1.0,1.0,1.0,1.0,1.0
Q0596,Welche Prüfungsnummer hat das Praktikum im fünften Semester?,answerable_with_multiple_chunks,2,"[""PO25CL-PLAN-S05-M01"", ""PO25CL-PLAN-LEGEND""]",0.1895947604108192,0.13010943543542206,0.05948532497539716,"[""PO25CL-APP-R14"", ""PO25CL-PLAN-S05-M01"", ""PO25CL-PLAN-S04-M05"", ""PO25CL-APP-R07-M12"", ""PO25CL-PLAN-LEGEND"", ""PO25CL-GEN-C03-P21-A02"", ""PO25CL-PLAN-S02-SUM"", ""PO25CL-PLAN-S03-SUM"", ""PO25CL-PLAN-S04-SUM"", ""PO25CL-PLAN-INTRO""]","[0.1895947604108192, 0.13010943543542206, 0.09916773462559175, 0.08461441023035204, 0.06510228062453835, 0.04017996178050678, 0.03846446219527951, 0.03846446219527951, 0.03846446219527951, 0.038014085432264734]","[2, 5]",2.0,5.0,3.5,0.5,0.13010943543542206,0.06510228062453835,0.1895947604108192,-0.05948532497539716,-0.12449247978628086,0.0,0.0,0.0,0.5,1.0,0.0,0.5,1.0,0.0,1.0,1.0,1.0,1.0,1.0,1.0
Q0597,Welche Prüfungsnummer hat die Modulprüfung im interdisziplinären Vertiefungsmodul?,answerable_with_multiple_chunks,2,"[""PO25CL-PLAN-S05-M02"", ""PO25CL-PLAN-LEGEND""]",0.10942950584337162,0.10795302897538533,0.0014764768679862844,"[""PO25CL-PLAN-LEGEND"", ""PO25CL-PLAN-S06-M01"", ""PO25CL-APP-R07-M15"", ""PO25CL-APP-R07-M14"", ""PO25CL-PLAN-S05-M02"", ""PO25CL-APP-R07-M13"", ""PO25CL-PLAN-S04-M04"", ""PO25CL-GEN-C03-P20-A01"", ""PO25CL-PLAN-S05-M03"", ""PO25CL-GEN-C03-P20-A02""]","[0.10942950584337162, 0.10795302897538533, 0.10662555001155198, 0.10633444278753268, 0.10397443690107322, 0.09948858848139032, 0.08621362699739674, 0.07872754696487898, 0.06826867084506882, 0.05841028383214824]","[5, 1]",1.0,5.0,3.0,1.0,0.10942950584337162,0.10397443690107322,0.10795302897538533,0.0014764768679862844,-0.003978592074312115,0.5,1.0,0.0,0.5,1.0,0.0,0.5,1.0,0.0,1.0,1.0,1.0,1.0,1.0,1.0
Q0598,Welche Prüfungsnummer hat das erste Wahlseminar im Vertiefungsmodul Computerlinguistik 1?,answerable_with_multiple_chunks,2,"[""PO25CL-PLAN-S05-M03"", ""PO25CL-PLAN-LEGEND""]",0.2793867315705951,0.27862395477041424,0.0007627768001808866,"[""PO25CL-APP-R07-M15"", ""PO25CL-APP-R07-M14"", ""PO25CL-PLAN-S06-M01"", ""PO25CL-PLAN-S05-M03"", ""PO25CL-APP-R07-M13"", ""PO25CL-PLAN-S04-M04"", ""PO25CL-PLAN-LEGEND"", ""PO25CL-PLAN-S05-M02"", ""PO25CL-GEN-C03-P21-A02"", ""PO25CL-PLAN-INTRO""]","[0.2793867315705951, 0.27862395477041424, 0.21308098118471136, 0.1733860452741486, 0.11246887050303438, 0.09746192400931344, 0.0923210129989338, 0.08787118475647504, 0.05071722796473726, 0.0455298959635247]","[4, 7]",4.0,7.0,5.5,0.25,0.1733860452741486,0.0923210129989338,0.2793867315705951,-0.10600068629644652,-0.18706571857166132,0.0,0.0,0.0,0.0,0.0,0.0,0.0,0.0,0.0,0.5,1.0,0.0,1.0,1.0,1.0
Q0599,Welche Prüfungsnummer hat die Bachelorarbeit?,answerable_with_multiple_chunks,2,"[""PO25CL-PLAN-S06-M02"", ""PO25CL-PLAN-LEGEND""]",0.09158261431997639,0.08210337939780862,0.009479234922167762,"[""PO25CL-GEN-C04-P25-A03"", ""PO25CL-GEN-C03-P20-A01"", ""PO25CL-GEN-C01-P03-A05"", ""PO25CL-GEN-C03-P15-A09"", ""PO25CL-PLAN-LEGEND"", ""PO25CL-GEN-C03-P15-A02"", ""PO25CL-GEN-C03-P16-A01"", ""PO25CL-GEN-C03-P10-U01"", ""PO25CL-GEN-C03-P15-A01"", ""PO25CL-GEN-C03-P15-A08""]","[0.09158261431997639, 0.08210337939780862, 0.08010548102870384, 0.07655480379622975, 0.0758889991351958, 0.07112741134874442, 0.0688267775950925, 0.0628750840265889, 0.061187010459250325, 0.06099450440508024]","[41, 5]",5.0,41.0,23.0,0.2,0.0758889991351958,0.016981549211395164,0.09158261431997639,-0.015693615184780588,-0.07460106510858122,0.0,0.0,0.0,0.0,0.0,0.0,0.0,0.0,0.0,0.5,1.0,0.0,0.5,1.0,0.0
Q0600,Müssen belastende Entscheidungen des Prüfungsausschusses begründet werden?,fully_answerable,1,"[""PO25CL-GEN-C03-P17-A06""]",0.2851699402988766,0.08511425625485737,0.20005568404401924,"[""PO25CL-GEN-C03-P17-A06"", ""PO25CL-GEN-C04-P27-A01-02"", ""PO25CL-GEN-C04-P24-A05"", ""PO25CL-GEN-C04-P24-A03"", ""PO25CL-GEN-C04-P24-A04"", ""PO25CL-GEN-C04-P24-A02"", ""PO25CL-GEN-C03-P16-A02"", ""PO25CL-GEN-C03-P12-A04"", ""PO25CL-GEN-C03-P15-A07"", ""PO25CL-GEN-C02-P06-U01""]","[0.2851699402988766, 0.08511425625485737, 0.07579761935192766, 0.06519683773487664, 0.06199630525457572, 0.058866837501120296, 0.049596893213415524, 0.04693131115134885, 0.04238184049924361, 0.04004881006819589]",[1],1.0,1.0,1.0,1.0,0.2851699402988766,0.2851699402988766,0.08511425625485737,0.20005568404401924,0.20005568404401924,1.0,1.0,1.0,1.0,1.0,1.0,1.0,1.0,1.0,1.0,1.0,1.0,1.0,1.0,1.0
Q0601,Für welche vier beispielhaften Berufsfelder soll der Bachelorstudiengang Computerlinguistik besonders qualifizieren?,not_answerable_from_source,0,[],0.09829427726773053,0.06006065283486768,0.03823362443286285,"[""PO25CL-GEN-C01-P03-A01"", ""PO25CL-GEN-C03-P15-A07"", ""PO25CL-GEN-C04-P24-A01"", ""PO25CL-GEN-C02-P09-A01"", ""PO25CL-APP-R08"", ""PO25CL-GEN-C02-P09-A02"", ""PO25CL-APP-R07-M15"", ""PO25CL-APP-R07-M14"", ""PO25CL-APP-R10"", ""PO25CL-APP-R07-M06""]","[0.09829427726773053, 0.06006065283486768, 0.059378055053086146, 0.05165300062038632, 0.04855081948345431, 0.047419314254258424, 0.04608465559562082, 0.04595883606963598, 0.04126236890984848, 0.040139892210955055]",[],,,,,,,,,,,,,,,,,,,,,,,,
Q0602,"Welches konkrete Beispiel wird für einen gesellschaftsrelevanten Aspekt von Sprachtechnologien genannt, über den Studierende wissenschaftlich fundierte Urteile bilden sollen?",not_answerable_from_source,0,[],0.0886326221703776,0.06419572313098713,0.02443689903939046,"[""PO25CL-GEN-C02-P09-A02"", ""PO25CL-GEN-C03-P18-A01"", ""PO25CL-GEN-C04-P29-U01"", ""PO25CL-GEN-C01-P02-A01"", ""PO25CL-GEN-C03-P12-A02"", ""PO25CL-GEN-C04-P24-A02"", ""PO25CL-GEN-C03-P17-A05"", ""PO25CL-GEN-C02-P07-A02"", ""PO25CL-GEN-C03-P14-A10"", ""PO25CL-GEN-C03-P21-A02""]","[0.0886326221703776, 0.06419572313098713, 0.05864028822699717, 0.0584494228729953, 0.057738958666885234, 0.05524898965099655, 0.0521217300460118, 0.04580112780477809, 0.04431545191365606, 0.03920025302174658]",[],,,,,,,,,,,,,,,,,,,,,,,,
Q0603,"Mit welchen drei Personengruppen sollen Absolventinnen und Absolventen fachliche Informationen, Ideen, Probleme und Lösungen austauschen können?",not_answerable_from_source,0,[],0.07621738590880331,0.07102166910627461,0.005195716802528699,"[""PO25CL-GEN-C02-P09-A03"", ""PO25CL-GEN-C02-P09-A02"", ""PO25CL-GEN-C01-P01-A01"", ""PO25CL-GEN-C01-P04-A05"", ""PO25CL-APP-R14"", ""PO25CL-GEN-C03-P15-A06"", ""PO25CL-GEN-C02-P09-A01"", ""PO25CL-GEN-C03-P13-A02"", ""PO25CL-GEN-C01-P03-A01"", ""PO25CL-GEN-C04-P25-A03""]","[0.07621738590880331, 0.07102166910627461, 0.06659857671193775, 0.06283630497198038, 0.06181436688061167, 0.05859258429656125, 0.0582925362993384, 0.05668828002114129, 0.05457511437634878, 0.04951329881275359]",[],,,,,,,,,,,,,,,,,,,,,,,,
Q0604,Welche drei fachlichen Richtungen werden als Beispiele für einen anschließenden Masterstudiengang genannt?,not_answerable_from_source,0,[],0.05181036039418967,0.04665176364874326,0.005158596745446407,"[""PO25CL-GEN-C03-P14-A10"", ""PO25CL-GEN-C01-P01-A02"", ""PO25CL-GEN-C02-P09-A01"", ""PO25CL-GEN-C04-P29-U01"", ""PO25CL-GEN-C03-P18-A03"", ""PO25CL-PLAN-INTRO"", ""PO25CL-GEN-C03-P14-A02"", ""PO25CL-GEN-C03-P13-A01"", ""PO25CL-APP-R08"", ""PO25CL-GEN-C03-P12-A02""]","[0.05181036039418967, 0.04665176364874326, 0.041050486424534315, 0.040795411076039206, 0.03932949951236737, 0.039266976883949374, 0.036481257497446615, 0.03598307280928849, 0.03321811649918985, 0.032685596108407385]",[],,,,,,,,,,,,,,,,,,,,,,,,
Q0605,"Auf welchem Niveau sollen die Programmierkenntnisse liegen, die in den ersten beiden Studienjahren erworben werden?",not_answerable_from_source,0,[],0.11180548873496758,0.09684916743278912,0.014956321302178457,"[""PO25CL-GEN-C03-P18-A03"", ""PO25CL-GEN-C01-P05-A01"", ""PO25CL-GEN-C01-P01-A01"", ""PO25CL-GEN-C01-P01-A02"", ""PO25CL-GEN-C03-P11-A08"", ""PO25CL-GEN-C03-P15-A02"", ""PO25CL-GEN-C02-P09-A02"", ""PO25CL-GEN-C04-P28-A06"", ""PO25CL-GEN-C03-P18-A07"", ""PO25CL-GEN-C03-P11-A01""]","[0.11180548873496758, 0.09684916743278912, 0.08622608775599362, 0.084476213479856, 0.06943680777658454, 0.06137040501476787, 0.05865860687624669, 0.046128550899233206, 0.04499849246390922, 0.04485017289124836]",[],,,,,,,,,,,,,,,,,,,,,,,,
Q0606,Welches formale Rüstzeug sollen Studierende im Basismodul – Mathematische und logische Grundlagen erwerben?,not_answerable_from_source,0,[],0.6979076925468448,0.511360119895131,0.18654757265171384,"[""PO25CL-APP-R07-M01"", ""PO25CL-PLAN-S01-M01"", ""PO25CL-APP-R07-M02"", ""PO25CL-PLAN-S02-M01"", ""PO25CL-PLAN-S01-M02"", ""PO25CL-PLAN-S03-M03"", ""PO25CL-APP-R07-M10"", ""PO25CL-APP-R07-M08"", ""PO25CL-APP-R07-M03"", ""PO25CL-PLAN-S04-M03""]","[0.6979076925468448, 0.511360119895131, 0.13583221894245512, 0.10245609991141955, 0.10029307675629, 0.08936838408613128, 0.07732192562495659, 0.07703779917673262, 0.052073112092773086, 0.05151942238803065]",[],,,,,,,,,,,,,,,,,,,,,,,,
Q0607,Was sollen Studierende nach dem Basismodul – Mathematische und logische Grundlagen mit grundlegenden logischen und mathematischen Methoden in konkreten Fällen tun können?,not_answerable_from_source,0,[],0.5936736409703748,0.4400697711170865,0.15360386985328828,"[""PO25CL-APP-R07-M01"", ""PO25CL-PLAN-S01-M01"", ""PO25CL-APP-R07-M06"", ""PO25CL-PLAN-S02-M04"", ""PO25CL-PLAN-S03-M01"", ""PO25CL-APP-R07-M02"", ""PO25CL-APP-R07-M10"", ""PO25CL-APP-R07-M08"", ""PO25CL-GEN-C01-P01-A01"", ""PO25CL-PLAN-S01-M02""]","[0.5936736409703748, 0.4400697711170865, 0.1409499317020982, 0.1211343368982101, 0.11937034185884712, 0.07723186168417914, 0.06981894817098394, 0.06956239209581871, 0.0661499428599692, 0.05888116125499743]",[],,,,,,,,,,,,,,,,,,,,,,,,
Q0608,Wie viele Stunden Selbststudium sind für Mathematische Grundlagen im Basismodul – Mathematische und logische Grundlagen vorgesehen?,not_answerable_from_source,0,[],0.6308308061780227,0.5082164326634591,0.12261437351456361,"[""PO25CL-APP-R07-M01"", ""PO25CL-PLAN-S01-M01"", ""PO25CL-APP-R07-M08"", ""PO25CL-APP-R07-M02"", ""PO25CL-PLAN-S02-M01"", ""PO25CL-PLAN-S01-M02"", ""PO25CL-PLAN-S03-M03"", ""PO25CL-APP-R07-M10"", ""PO25CL-APP-R07-M03"", ""PO25CL-PLAN-S04-M03""]","[0.6308308061780227, 0.5082164326634591, 0.11704759756051869, 0.0975454875984428, 0.0733378329889089, 0.07178954615152996, 0.07056450968679649, 0.06105272939147537, 0.04111648275021634, 0.04067929410757376]",[],,,,,,,,,,,,,,,,,,,,,,,,
Q0609,Wie lautet der englische Titel des Basismoduls – Mathematische und logische Grundlagen?,not_answerable_from_source,0,[],0.5942917462367021,0.44015353064985985,0.15413821558684226,"[""PO25CL-APP-R07-M01"", ""PO25CL-PLAN-S01-M01"", ""PO25CL-APP-R07-M10"", ""PO25CL-APP-R07-M08"", ""PO25CL-APP-R07-M02"", ""PO25CL-PLAN-S04-M03"", ""PO25CL-GEN-C01-P05-A03"", ""PO25CL-PLAN-S03-M03"", ""PO25CL-PLAN-S02-M01"", ""PO25CL-PLAN-S01-M02""]","[0.5942917462367021, 0.44015353064985985, 0.09511307583776651, 0.09476357418996068, 0.06622562660592149, 0.0583568363816302, 0.05387238436361188, 0.05061446660373168, 0.043491936462024886, 0.04257374744536199]",[],,,,,,,,,,,,,,,,,,,,,,,,
Q0610,Welche beiden grundlegenden Methodentypen der Computerlinguistik sollen Studierende im Modul – Grundlagen der Computerlinguistik und formale Grammatikbeschreibung kennenlernen?,not_answerable_from_source,0,[],0.623421088079973,0.4794786383776624,0.14394244970231057,"[""PO25CL-APP-R07-M02"", ""PO25CL-PLAN-S01-M02"", ""PO25CL-PLAN-S02-M01"", ""PO25CL-APP-R07-M06"", ""PO25CL-PLAN-S03-M01"", ""PO25CL-PLAN-S02-M04"", ""PO25CL-APP-R07-M15"", ""PO25CL-APP-R07-M14"", ""PO25CL-APP-R07-M01"", ""PO25CL-GEN-C03-P18-A03""]","[0.623421088079973, 0.4794786383776624, 0.47670620074480846, 0.13934115694920915, 0.1136829273077346, 0.11210254329963008, 0.06822354767752002, 0.06803728493303712, 0.06765716549863293, 0.06204508109565215]",[],,,,,,,,,,,,,,,,,,,,,,,,
Q0611,Welche Fähigkeit im Umgang mit Formalismen zur Implementierung von Grammatiken ist in Grundlagen der Computerlinguistik und formale Grammatikbeschreibung vorgesehen?,not_answerable_from_source,0,[],0.6030291185075318,0.46631611434134684,0.13671300416618498,"[""PO25CL-APP-R07-M02"", ""PO25CL-PLAN-S01-M02"", ""PO25CL-PLAN-S02-M01"", ""PO25CL-APP-R07-M06"", ""PO25CL-PLAN-S02-M04"", ""PO25CL-PLAN-S03-M01"", ""PO25CL-APP-R07-M01"", ""PO25CL-PLAN-S01-M01"", ""PO25CL-GEN-C03-P16-A01"", ""PO25CL-GEN-C03-P15-A03""]","[0.6030291185075318, 0.46631611434134684, 0.46346382177563233, 0.08190549006622166, 0.0662731151721281, 0.06549647457339787, 0.05614051203049661, 0.054242560733691964, 0.04606532968935656, 0.04468783711653453]",[],,,,,,,,,,,,,,,,,,,,,,,,
Q0612,Wie verteilt sich das Selbststudium auf die vier Lehrveranstaltungen des Basismoduls – Grundlagen der Computerlinguistik und formale Grammatikbeschreibung?,not_answerable_from_source,0,[],0.6334807011398915,0.4878250811679147,0.14565561997197685,"[""PO25CL-APP-R07-M02"", ""PO25CL-PLAN-S01-M02"", ""PO25CL-PLAN-S02-M01"", ""PO25CL-APP-R07-M06"", ""PO25CL-GEN-C03-P21-A02"", ""PO25CL-PLAN-S02-M04"", ""PO25CL-PLAN-S03-M01"", ""PO25CL-GEN-C03-P11-A01"", ""PO25CL-APP-R07-M01"", ""PO25CL-GEN-C03-P15-A03""]","[0.6334807011398915, 0.4878250811679147, 0.48686767812810744, 0.07717982630597307, 0.06864147247229843, 0.06200388425007104, 0.06084121053046632, 0.05966843232615967, 0.058975478682439984, 0.055776280033443947]",[],,,,,,,,,,,,,,,,,,,,,,,,
Q0613,Wie viele Kontaktstunden sind für jede der vier Lehrveranstaltungen in Grundlagen der Computerlinguistik und formale Grammatikbeschreibung vorgesehen?,not_answerable_from_source,0,[],0.6037792074238753,0.463593875551523,0.14018533187235227,"[""PO25CL-APP-R07-M02"", ""PO25CL-PLAN-S01-M02"", ""PO25CL-PLAN-S02-M01"", ""PO25CL-APP-R07-M06"", ""PO25CL-PLAN-S02-M04"", ""PO25CL-PLAN-S03-M01"", ""PO25CL-GEN-C04-P25-A02"", ""PO25CL-APP-R07-M01"", ""PO25CL-GEN-C03-P21-A02"", ""PO25CL-GEN-C04-P24-A01""]","[0.6037792074238753, 0.463593875551523, 0.4608471329345185, 0.09032374016207217, 0.06949505763694985, 0.06891342238795299, 0.06065320397050199, 0.06002414803947679, 0.052434718341906404, 0.051379016727641606]",[],,,,,,,,,,,,,,,,,,,,,,,,
Q0614,Welche Fähigkeit zu einem kleinen Software-Projekt sollen Studierende im Basismodul – Python-Programmierung erwerben?,not_answerable_from_source,0,[],0.46925188818081126,0.35366524333266625,0.11558664484814501,"[""PO25CL-APP-R07-M03"", ""PO25CL-PLAN-S02-M02"", ""PO25CL-PLAN-S01-M03"", ""PO25CL-PLAN-S03-M04"", ""PO25CL-APP-R07-M10"", ""PO25CL-APP-R07-M11"", ""PO25CL-PLAN-S04-M03"", ""PO25CL-APP-R07-M06"", ""PO25CL-GEN-C02-P07-A02"", ""PO25CL-APP-R07-M01""]","[0.46925188818081126, 0.35366524333266625, 0.3525890373122225, 0.07275852449287683, 0.06621804807770536, 0.06348779237900476, 0.04773822151392951, 0.04458948890804145, 0.04447169067206515, 0.043342948883814174]",[],,,,,,,,,,,,,,,,,,,,,,,,
Q0615,Welche fortgeschrittenen Programmierparadigmen werden als Lernziel der Python-Programmierung ausdrücklich genannt?,not_answerable_from_source,0,[],0.30035432540170615,0.29032216509278885,0.010032160308917293,"[""PO25CL-APP-R07-M03"", ""PO25CL-PLAN-S02-M02"", ""PO25CL-PLAN-S01-M03"", ""PO25CL-APP-R07-M10"", ""PO25CL-PLAN-S03-M04"", ""PO25CL-APP-R07-M11"", ""PO25CL-PLAN-S04-M03"", ""PO25CL-GEN-C03-P13-A01"", ""PO25CL-GEN-C03-P19-A05"", ""PO25CL-GEN-C03-P17-A05""]","[0.30035432540170615, 0.29032216509278885, 0.2700035343266449, 0.08940957536158414, 0.0881208692712334, 0.0857231030215522, 0.057817741722923616, 0.05345316879235696, 0.03716438145163178, 0.03698032833381264]",[],,,,,,,,,,,,,,,,,,,,,,,,
Q0616,Welche Grundkenntnisse zum Einsatz von Python in Data Science sollen im Basismodul – Python-Programmierung erworben werden?,not_answerable_from_source,0,[],0.4833195956145513,0.3987552310269976,0.08456436458755368,"[""PO25CL-APP-R07-M03"", ""PO25CL-PLAN-S01-M03"", ""PO25CL-PLAN-S02-M02"", ""PO25CL-PLAN-S03-M04"", ""PO25CL-APP-R07-M10"", ""PO25CL-APP-R07-M11"", ""PO25CL-APP-R07-M06"", ""PO25CL-PLAN-S04-M03"", ""PO25CL-PLAN-S03-M01"", ""PO25CL-PLAN-S02-M04""]","[0.4833195956145513, 0.3987552310269976, 0.38277607525192475, 0.06312256179329548, 0.0574482902278424, 0.05507962297883025, 0.04825296323191127, 0.045602975226045936, 0.04335771363946879, 0.04146926950503994]",[],,,,,,,,,,,,,,,,,,,,,,,,
Q0617,Welcher Anteil des Selbststudiums entfällt auf die Übung Fortgeschrittene Python-Programmierung mit NLP-Anwendungen?,not_answerable_from_source,0,[],0.6179426480683645,0.21903878310972094,0.3989038649586436,"[""PO25CL-PLAN-S02-M02"", ""PO25CL-PLAN-S01-M03"", ""PO25CL-APP-R07-M03"", ""PO25CL-PLAN-S03-M04"", ""PO25CL-PLAN-S04-M03"", ""PO25CL-APP-R07-M10"", ""PO25CL-APP-R07-M11"", ""PO25CL-GEN-C03-P11-A01"", ""PO25CL-GEN-C03-P15-A02"", ""PO25CL-GEN-C03-P15-A09""]","[0.6179426480683645, 0.21903878310972094, 0.1679998782745067, 0.07158445647526662, 0.04696789364530178, 0.04624746926020907, 0.04434062633499939, 0.03318874468415624, 0.025289493140185318, 0.024618561911441746]",[],,,,,,,,,,,,,,,,,,,,,,,,
Q0618,Wie viele Kontaktstunden entfallen auf die Übung Fortgeschrittene Python-Programmierung mit NLP-Anwendungen?,not_answerable_from_source,0,[],0.622243156061475,0.22056316088249497,0.40167999517898,"[""PO25CL-PLAN-S02-M02"", ""PO25CL-PLAN-S01-M03"", ""PO25CL-APP-R07-M03"", ""PO25CL-PLAN-S03-M04"", ""PO25CL-PLAN-S04-M03"", ""PO25CL-APP-R07-M10"", ""PO25CL-APP-R07-M11"", ""PO25CL-GEN-C01-P05-A03"", ""PO25CL-GEN-C01-P05-A02"", ""PO25CL-GEN-C03-P11-A01""]","[0.622243156061475, 0.22056316088249497, 0.16916905606409532, 0.07208264110165011, 0.04729476184686156, 0.04656932374271869, 0.04464921034124863, 0.033808740217690515, 0.02967322918916874, 0.027944561165123297]",[],,,,,,,,,,,,,,,,,,,,,,,,
Q0619,Welche morphologischen und syntaktischen Kategorien sollen Studierende im Modul Morphologie und Syntax klassifizieren lernen?,not_answerable_from_source,0,[],0.41145969299115015,0.31781994873929015,0.09363974425186,"[""PO25CL-APP-R07-M04"", ""PO25CL-PLAN-S01-M04"", ""PO25CL-APP-R07-M07"", ""PO25CL-PLAN-S03-M02"", ""PO25CL-PLAN-S04-M01"", ""PO25CL-GEN-C01-P01-A01"", ""PO25CL-GEN-C02-P09-A02"", ""PO25CL-PLAN-INTRO"", ""PO25CL-GEN-C03-P14-A07"", ""PO25CL-APP-R07-M16""]","[0.41145969299115015, 0.31781994873929015, 0.09889679076948796, 0.07548723151260178, 0.06912188803523828, 0.056896478843957064, 0.04139978116067765, 0.03875643196085499, 0.035565058250287794, 0.034881426521162946]",[],,,,,,,,,,,,,,,,,,,,,,,,
Q0620,Welche Art von Fragestellungen und Erklärungsansätzen sollen Studierende in Morphologie und Syntax kennenlernen?,not_answerable_from_source,0,[],0.4561037486847861,0.33909288247020647,0.11701086621457962,"[""PO25CL-APP-R07-M04"", ""PO25CL-PLAN-S01-M04"", ""PO25CL-GEN-C02-P09-A02"", ""PO25CL-PLAN-INTRO"", ""PO25CL-GEN-C01-P01-A01"", ""PO25CL-APP-R07-M16"", ""PO25CL-GEN-C04-P30-U01"", ""PO25CL-APP-R07-M12"", ""PO25CL-APP-R07-M17"", ""PO25CL-APP-R07-M15""]","[0.4561037486847861, 0.33909288247020647, 0.062400648902142794, 0.054927726027483206, 0.04880862492727284, 0.046702714749697796, 0.046525554742447295, 0.04639938045415134, 0.04307937003800674, 0.04123156998945893]",[],,,,,,,,,,,,,,,,,,,,,,,,
Q0621,Wie verteilen sich die Kontaktstunden auf Vorlesung und Tutorium im Modul Morphologie und Syntax?,not_answerable_from_source,0,[],0.37567642624919095,0.34249785521668685,0.0331785710325041,"[""PO25CL-APP-R07-M04"", ""PO25CL-PLAN-S01-M04"", ""PO25CL-PLAN-S02-M03"", ""PO25CL-GEN-C01-P05-A01"", ""PO25CL-GEN-C03-P14-A07"", ""PO25CL-PLAN-S03-M04"", ""PO25CL-GEN-C03-P18-A03"", ""PO25CL-GEN-C01-P05-A03"", ""PO25CL-GEN-C03-P17-A01"", ""PO25CL-GEN-C03-P11-A01""]","[0.37567642624919095, 0.34249785521668685, 0.06606631748844098, 0.049880394797222546, 0.04955597847424978, 0.048604292863904254, 0.04836275273238521, 0.04198863191003129, 0.04062884343476986, 0.037779328818166764]",[],,,,,,,,,,,,,,,,,,,,,,,,
Q0622,Wie viele Stunden Selbststudium sind im Modul Morphologie und Syntax insgesamt vorgesehen?,not_answerable_from_source,0,[],0.3773064429519043,0.2950485296838533,0.08225791326805099,"[""PO25CL-APP-R07-M04"", ""PO25CL-PLAN-S01-M04"", ""PO25CL-GEN-C01-P03-A01"", ""PO25CL-GEN-C01-P03-A02"", ""PO25CL-GEN-C03-P19-A01"", ""PO25CL-GEN-C04-P25-A02"", ""PO25CL-GEN-C01-P05-A03"", ""PO25CL-GEN-C01-P02-A01"", ""PO25CL-GEN-C03-P19-A08"", ""PO25CL-GEN-C03-P14-A07""]","[0.3773064429519043, 0.2950485296838533, 0.06056275223608353, 0.04252608905820509, 0.038258169740144336, 0.0382140901951582, 0.036115413638381465, 0.035012094836529964, 0.03282459905044974, 0.03144916615773266]",[],,,,,,,,,,,,,,,,,,,,,,,,
Q0623,Welche Fähigkeit zum Vergleich unterschiedlicher Analysemethoden sollen Studierende in Semantik und Pragmatik erwerben?,not_answerable_from_source,0,[],0.4050138689652687,0.3166238117835941,0.08839005718167459,"[""PO25CL-APP-R07-M05"", ""PO25CL-PLAN-S02-M03"", ""PO25CL-GEN-C01-P01-A02"", ""PO25CL-GEN-C02-P09-A02"", ""PO25CL-PLAN-INTRO"", ""PO25CL-GEN-C04-P30-U01"", ""PO25CL-GEN-C01-P01-A01"", ""PO25CL-GEN-C02-P07-A02"", ""PO25CL-GEN-C03-P15-A06"", ""PO25CL-GEN-C03-P11-A08""]","[0.4050138689652687, 0.3166238117835941, 0.04535171499132584, 0.044636011794709426, 0.043999780905985816, 0.03594856029120816, 0.03546899136826229, 0.0322812157755237, 0.02728078479546234, 0.026800568696193378]",[],,,,,,,,,,,,,,,,,,,,,,,,
Q0624,Wie sollen Erkenntnisse in Semantik und Pragmatik mündlich und schriftlich dargestellt werden können?,not_answerable_from_source,0,[],0.37190500510052305,0.28710728040448635,0.08479772469603669,"[""PO25CL-APP-R07-M05"", ""PO25CL-PLAN-S02-M03"", ""PO25CL-PLAN-INTRO"", ""PO25CL-GEN-C02-P09-A02"", ""PO25CL-GEN-C01-P01-A02"", ""PO25CL-GEN-C04-P26-U01"", ""PO25CL-GEN-C01-P05-A03"", ""PO25CL-GEN-C01-P01-A01"", ""PO25CL-GEN-C03-P17-A03"", ""PO25CL-GEN-C04-P28-A09""]","[0.37190500510052305, 0.28710728040448635, 0.056000066628580994, 0.05204822501623703, 0.05021011038757898, 0.04707091523866563, 0.04613472473923887, 0.044095428946681926, 0.043742806233680834, 0.037758810864889546]",[],,,,,,,,,,,,,,,,,,,,,,,,
Q0625,Welche Arbeitsorganisationskompetenz soll durch wöchentliche Hausaufgaben mit Abgabeterminen in Semantik und Pragmatik gefördert werden?,not_answerable_from_source,0,[],0.45343758442066645,0.3544795558532546,0.09895802856741187,"[""PO25CL-APP-R07-M05"", ""PO25CL-PLAN-S02-M03"", ""PO25CL-GEN-C03-P11-A05"", ""PO25CL-GEN-C01-P01-A02"", ""PO25CL-GEN-C03-P11-A08"", ""PO25CL-GEN-C02-P07-A01"", ""PO25CL-GEN-C03-P18-A04"", ""PO25CL-GEN-C04-P25-A03"", ""PO25CL-APP-R14"", ""PO25CL-PLAN-INTRO""]","[0.45343758442066645, 0.3544795558532546, 0.05331268533850149, 0.048260745543567685, 0.04512968856767027, 0.03919986468680142, 0.03836701599811186, 0.03631429518668865, 0.03426994711868992, 0.03353210892685489]",[],,,,,,,,,,,,,,,,,,,,,,,,
Q0626,Welche Fähigkeit zum Umgang mit Unterrichtsmaterial und Online-Ressourcen ist in Semantik und Pragmatik als Lernergebnis vorgesehen?,not_answerable_from_source,0,[],0.36931316970461725,0.28510640705895707,0.08420676264566018,"[""PO25CL-APP-R07-M05"", ""PO25CL-PLAN-S02-M03"", ""PO25CL-GEN-C01-P01-A02"", ""PO25CL-PLAN-S03-M01"", ""PO25CL-GEN-C03-P18-A04"", ""PO25CL-GEN-C03-P16-A01"", ""PO25CL-GEN-C03-P11-A05"", ""PO25CL-GEN-C03-P11-A08"", ""PO25CL-GEN-C04-P25-A02"", ""PO25CL-GEN-C03-P17-A05""]","[0.36931316970461725, 0.28510640705895707, 0.05081931125290019, 0.0466084249600672, 0.04279927943345754, 0.04261365590030159, 0.04145093804517128, 0.041001509859768435, 0.04084639915810284, 0.03864564799128008]",[],,,,,,,,,,,,,,,,,,,,,,,,
Q0627,Welche Analysefähigkeit zum Gebrauch menschlicher Sprache als Kommunikationsmittel soll in Semantik und Pragmatik erworben werden?,not_answerable_from_source,0,[],0.38491736326964815,0.30091315907647975,0.0840042041931684,"[""PO25CL-APP-R07-M05"", ""PO25CL-PLAN-S02-M03"", ""PO25CL-GEN-C03-P11-A08"", ""PO25CL-GEN-C03-P15-A07"", ""PO25CL-GEN-C01-P01-A02"", ""PO25CL-GEN-C03-P15-A05"", ""PO25CL-GEN-C01-P04-A04"", ""PO25CL-GEN-C01-P04-A05"", ""PO25CL-GEN-C03-P19-A06"", ""PO25CL-GEN-C03-P11-A05""]","[0.38491736326964815, 0.30091315907647975, 0.0816017293523601, 0.05508486372604826, 0.054723682908735895, 0.04756843233489797, 0.04586698563840677, 0.04169152562767721, 0.03938597513884045, 0.03443281712506216]",[],,,,,,,,,,,,,,,,,,,,,,,,
Q0628,Welcher Selbststudiumsaufwand ist für Semantik und Pragmatik vorgesehen?,not_answerable_from_source,0,[],0.45464949697882795,0.3554269811221566,0.09922251585667136,"[""PO25CL-APP-R07-M05"", ""PO25CL-PLAN-S02-M03"", ""PO25CL-GEN-C04-P25-A02"", ""PO25CL-PLAN-INTRO"", ""PO25CL-GEN-C04-P24-A01"", ""PO25CL-GEN-C03-P19-A08"", ""PO25CL-APP-R08"", ""PO25CL-GEN-C02-P08-U01"", ""PO25CL-GEN-C03-P18-A01"", ""PO25CL-GEN-C03-P23-U01""]","[0.45464949697882795, 0.3554269811221566, 0.054393276433240226, 0.03945601013936342, 0.03705545138248542, 0.034670255177492115, 0.033352303473436526, 0.030968705739625388, 0.03096724797655376, 0.027187969112346534]",[],,,,,,,,,,,,,,,,,,,,,,,,
Q0629,Welche Fähigkeit zur eigenständigen Konzeption und Implementierung statistischer Analysen ist im Basismodul – Statistische Methoden in der Computerlinguistik vorgesehen?,not_answerable_from_source,0,[],0.6558105164572777,0.5808451108675747,0.074965405589703,"[""PO25CL-APP-R07-M06"", ""PO25CL-PLAN-S03-M01"", ""PO25CL-PLAN-S02-M04"", ""PO25CL-APP-R07-M02"", ""PO25CL-PLAN-S01-M02"", ""PO25CL-PLAN-S02-M01"", ""PO25CL-GEN-C03-P11-A08"", ""PO25CL-APP-R07-M03"", ""PO25CL-GEN-C01-P01-A02"", ""PO25CL-APP-R07-M01""]","[0.6558105164572777, 0.5808451108675747, 0.5593253626665733, 0.10364133384049157, 0.08581055394381433, 0.07421974140250598, 0.06874577990208801, 0.059671601778611076, 0.05543913314357489, 0.053065042035045216]",[],,,,,,,,,,,,,,,,,,,,,,,,
Q0630,Welche Fähigkeit zur Erstellung und Nutzung von Korpora für Experimente und Analysen ist als Lernergebnis vorgesehen?,not_answerable_from_source,0,[],0.17336508022648683,0.07321177768114535,0.10015330254534148,"[""PO25CL-GEN-C02-P07-A05"", ""PO25CL-GEN-C02-P06-U01"", ""PO25CL-GEN-C04-P25-A02"", ""PO25CL-GEN-C01-P01-A02"", ""PO25CL-GEN-C03-P12-A02"", ""PO25CL-GEN-C03-P19-A08"", ""PO25CL-GEN-C02-P08-U01"", ""PO25CL-PLAN-INTRO"", ""PO25CL-GEN-C04-P24-A01"", ""PO25CL-GEN-C03-P17-A05""]","[0.17336508022648683, 0.07321177768114535, 0.06449277033964289, 0.06130764031397527, 0.05345230301817298, 0.04912835087437889, 0.04767595307887031, 0.04630315370039373, 0.04372885354377265, 0.04340074971664498]",[],,,,,,,,,,,,,,,,,,,,,,,,
Q0631,Welche inhaltliche Teilnahmevoraussetzung wird für Statistische Methoden in der Computerlinguistik empfohlen?,not_answerable_from_source,0,[],0.5678713481375959,0.5051515994752478,0.06271974866234808,"[""PO25CL-APP-R07-M06"", ""PO25CL-PLAN-S03-M01"", ""PO25CL-PLAN-S02-M04"", ""PO25CL-APP-R07-M02"", ""PO25CL-PLAN-S01-M02"", ""PO25CL-PLAN-S02-M01"", ""PO25CL-GEN-C01-P02-A01"", ""PO25CL-GEN-C01-P01-A01"", ""PO25CL-GEN-C02-P07-A02"", ""PO25CL-GEN-C03-P14-A09""]","[0.5678713481375959, 0.5051515994752478, 0.4831497341795188, 0.0731717813660504, 0.06692941790626451, 0.05305192808952029, 0.04909137027201819, 0.04407420227911526, 0.04076088642715729, 0.039315310935203615]",[],,,,,,,,,,,,,,,,,,,,,,,,
Q0632,Wie viele Stunden Selbststudium entfallen auf das Seminar Linguistische Ressourcen?,not_answerable_from_source,0,[],0.15062273006114013,0.06205071756608745,0.08857201249505267,"[""PO25CL-PLAN-S03-M01"", ""PO25CL-GEN-C02-P09-A01"", ""PO25CL-GEN-C01-P05-A03"", ""PO25CL-GEN-C03-P15-A03"", ""PO25CL-GEN-C03-P21-A02"", ""PO25CL-GEN-C01-P02-A01"", ""PO25CL-GEN-C01-P03-A01"", ""PO25CL-GEN-C01-P05-A02"", ""PO25CL-PLAN-S05-M03"", ""PO25CL-GEN-C03-P16-A01""]","[0.15062273006114013, 0.06205071756608745, 0.04166872260098081, 0.038526786930605066, 0.03561446213483696, 0.031542999277028395, 0.0284065588159024, 0.027703659898123956, 0.026893229685576666, 0.025710388517948886]",[],,,,,,,,,,,,,,,,,,,,,,,,
Q0633,Wie verteilt sich die Kontaktzeit auf Wahrscheinlichkeitstheorie und Statistik sowie Linguistische Ressourcen?,not_answerable_from_source,0,[],0.18410246306763506,0.11289903151102759,0.07120343155660747,"[""PO25CL-PLAN-S02-M04"", ""PO25CL-PLAN-S03-M01"", ""PO25CL-GEN-C03-P18-A03"", ""PO25CL-GEN-C01-P05-A03"", ""PO25CL-GEN-C03-P17-A01"", ""PO25CL-GEN-C03-P21-A02"", ""PO25CL-GEN-C03-P15-A04"", ""PO25CL-PLAN-INTRO"", ""PO25CL-GEN-C01-P04-A01"", ""PO25CL-GEN-C03-P18-A04""]","[0.18410246306763506, 0.11289903151102759, 0.04588863713153108, 0.041869904410315864, 0.040513960887329975, 0.03786582573331146, 0.03606723487150211, 0.033729548686523905, 0.03083934399250639, 0.030612327020279963]",[],,,,,,,,,,,,,,,,,,,,,,,,
Q0634,Welche beiden Arten von Modellen sollen Studierende im Aufbaumodul – Maschinelles Lernen selbständig implementieren können?,not_answerable_from_source,0,[],0.42936087989348376,0.3496852919696219,0.07967558792386187,"[""PO25CL-APP-R07-M07"", ""PO25CL-PLAN-S03-M02"", ""PO25CL-PLAN-S04-M01"", ""PO25CL-GEN-C03-P18-A03"", ""PO25CL-APP-R07-M09"", ""PO25CL-PLAN-INTRO"", ""PO25CL-APP-R07-M10"", ""PO25CL-APP-R07-M08"", ""PO25CL-APP-R07-M11"", ""PO25CL-GEN-C04-P30-U01""]","[0.42936087989348376, 0.3496852919696219, 0.3431917767133095, 0.055854862108531536, 0.05507695836054983, 0.05205958774959273, 0.04850865538885522, 0.04833040592271274, 0.0465085808373325, 0.04231519917622479]",[],,,,,,,,,,,,,,,,,,,,,,,,
Q0635,Mit welchen zwei Problemen der Modellevaluation sollen Studierende im Maschinellen Lernen vertraut sein?,not_answerable_from_source,0,[],0.14999205132193283,0.11744228479856937,0.03254976652336346,"[""PO25CL-PLAN-S03-M02"", ""PO25CL-APP-R07-M07"", ""PO25CL-PLAN-S04-M01"", ""PO25CL-GEN-C03-P15-A06"", ""PO25CL-GEN-C04-P29-U01"", ""PO25CL-GEN-C04-P24-A03"", ""PO25CL-GEN-C03-P12-A02"", ""PO25CL-GEN-C01-P01-A01"", ""PO25CL-GEN-C02-P07-A02"", ""PO25CL-GEN-C03-P16-A01""]","[0.14999205132193283, 0.11744228479856937, 0.08588405621946278, 0.08103817305014374, 0.06620195379815244, 0.06009376241311178, 0.05889905604010191, 0.0584369610367321, 0.05261678880210467, 0.051657381767318294]",[],,,,,,,,,,,,,,,,,,,,,,,,
Q0636,Welcher praktische Bestandteil ist mit beiden möglichen Prüfungsformen im Aufbaumodul – Maschinelles Lernen verbunden?,not_answerable_from_source,0,[],0.465104496803183,0.37879604169190506,0.08630845511127794,"[""PO25CL-APP-R07-M07"", ""PO25CL-PLAN-S03-M02"", ""PO25CL-PLAN-S04-M01"", ""PO25CL-GEN-C03-P18-A03"", ""PO25CL-PLAN-S03-M04"", ""PO25CL-APP-R07-M09"", ""PO25CL-APP-R07-M10"", ""PO25CL-GEN-C03-P19-A10"", ""PO25CL-APP-R07-M08"", ""PO25CL-APP-R07-M11""]","[0.465104496803183, 0.37879604169190506, 0.37176195151927405, 0.06735163216881368, 0.060001639281414026, 0.05966202838527899, 0.0525469245377679, 0.05251577491869181, 0.05235383608435267, 0.050380346930405065]",[],,,,,,,,,,,,,,,,,,,,,,,,
Q0637,Wie viel Selbststudium ist für das Seminar Deep Learning angesetzt?,not_answerable_from_source,0,[],0.17841689338135255,0.08776214980858581,0.09065474357276675,"[""PO25CL-PLAN-S04-M01"", ""PO25CL-GEN-C02-P07-A05"", ""PO25CL-GEN-C03-P21-A02"", ""PO25CL-GEN-C03-P20-A02"", ""PO25CL-GEN-C02-P08-U01"", ""PO25CL-GEN-C01-P05-A03"", ""PO25CL-GEN-C03-P15-A03"", ""PO25CL-PLAN-INTRO"", ""PO25CL-GEN-C02-P09-A01"", ""PO25CL-APP-R08""]","[0.17841689338135255, 0.08776214980858581, 0.07603301411363786, 0.05647853348606938, 0.05428474467151975, 0.049236258243661055, 0.04625087574514301, 0.04271125406490056, 0.04098992862454653, 0.03690540723510213]",[],,,,,,,,,,,,,,,,,,,,,,,,
Q0638,Welche Fähigkeit zur Lösung von NLP-Aufgaben sollen Studierende mit neuronalen Netzen entwickeln?,not_answerable_from_source,0,[],0.07176750389703847,0.07012423883316402,0.0016432650638744523,"[""PO25CL-PLAN-S02-M02"", ""PO25CL-GEN-C03-P14-A01"", ""PO25CL-GEN-C04-P29-U01"", ""PO25CL-GEN-C04-P27-A01-02"", ""PO25CL-PLAN-INTRO"", ""PO25CL-GEN-C03-P11-A05"", ""PO25CL-GEN-C01-P01-A02"", ""PO25CL-GEN-C04-P31-A02"", ""PO25CL-GEN-C04-P30-U01"", ""PO25CL-GEN-C03-P14-A02""]","[0.07176750389703847, 0.07012423883316402, 0.04917245437742916, 0.04796922675385494, 0.045569256316057544, 0.04421698691830188, 0.03222772654740435, 0.03142443914763006, 0.031225843078288733, 0.029830114882280732]",[],,,,,,,,,,,,,,,,,,,,,,,,
Q0639,"Welche Fähigkeit sollen Studierende in Mathematischer Linguistik beim Herstellen von Entsprechungen zwischen Sprachen, Grammatiken und Automaten entwickeln?",not_answerable_from_source,0,[],0.12963171733786366,0.08775542142963597,0.041876295908227695,"[""PO25CL-PLAN-S03-M03"", ""PO25CL-APP-R07-M08"", ""PO25CL-APP-R07-M04"", ""PO25CL-APP-R07-M05"", ""PO25CL-GEN-C01-P04-A05"", ""PO25CL-PLAN-INTRO"", ""PO25CL-GEN-C02-P09-A02"", ""PO25CL-GEN-C01-P01-A02"", ""PO25CL-PLAN-S01-M04"", ""PO25CL-PLAN-S02-M03""]","[0.12963171733786366, 0.08775542142963597, 0.07681771467888232, 0.07681771467888232, 0.06550505061808733, 0.06519236696120782, 0.06362380943298333, 0.058399491284551144, 0.05547653603294243, 0.05547653603294243]",[],,,,,,,,,,,,,,,,,,,,,,,,
Q0640,Welches Verständnis von Beweisverfahren ist als Lernergebnis des Aufbaumoduls – Mathematische Linguistik vorgesehen?,not_answerable_from_source,0,[],0.2927387007397937,0.18371800455749615,0.10902069618229754,"[""PO25CL-APP-R07-M08"", ""PO25CL-PLAN-S03-M03"", ""PO25CL-GEN-C02-P06-U01"", ""PO25CL-PLAN-S01-M01"", ""PO25CL-APP-R07-M01"", ""PO25CL-GEN-C03-P15-A02"", ""PO25CL-APP-R07-M04"", ""PO25CL-APP-R07-M05"", ""PO25CL-GEN-C03-P19-A08"", ""PO25CL-PLAN-S01-M04""]","[0.2927387007397937, 0.18371800455749615, 0.08507157632509157, 0.08102496183864123, 0.07856252153803572, 0.0778345720802531, 0.05972171305476964, 0.05972171305476964, 0.05249713281861389, 0.047302654809874285]",[],,,,,,,,,,,,,,,,,,,,,,,,
Q0641,Aus welchen beiden Basismodulen sollen die inhaltlichen Vorkenntnisse für Mathematische Linguistik stammen?,not_answerable_from_source,0,[],0.2739228388887646,0.17190947843995616,0.10201336044880846,"[""PO25CL-APP-R07-M08"", ""PO25CL-PLAN-S03-M03"", ""PO25CL-APP-R04"", ""PO25CL-GEN-C03-P18-A03"", ""PO25CL-PLAN-S01-M01"", ""PO25CL-APP-R07-M01"", ""PO25CL-GEN-C01-P01-A01"", ""PO25CL-APP-R07-M04"", ""PO25CL-APP-R07-M05"", ""PO25CL-GEN-C04-P24-A01""]","[0.2739228388887646, 0.17190947843995616, 0.10324284294976009, 0.0819271014008933, 0.07855319722918964, 0.07351289349708148, 0.06835499513582505, 0.05588308324769066, 0.05588308324769066, 0.05389612156656244]",[],,,,,,,,,,,,,,,,,,,,,,,,
Q0642,Wie viele Selbststudiumsstunden sind jeweils für Seminar und Übung in Automatentheorie & Formale Sprachen vorgesehen?,not_answerable_from_source,0,[],0.35862112308997196,0.13112855525115907,0.2274925678388129,"[""PO25CL-PLAN-S03-M03"", ""PO25CL-PLAN-S03-M02"", ""PO25CL-PLAN-S02-M04"", ""PO25CL-PLAN-S01-M02"", ""PO25CL-PLAN-S02-M01"", ""PO25CL-APP-R07-M02"", ""PO25CL-GEN-C04-P25-A02"", ""PO25CL-GEN-C03-P11-A09"", ""PO25CL-GEN-C01-P05-A03"", ""PO25CL-PLAN-S01-M01""]","[0.35862112308997196, 0.13112855525115907, 0.12744513746789496, 0.06893690698239575, 0.06413177864578277, 0.05741055810629213, 0.05056380786680584, 0.04133838443929419, 0.03795504911955082, 0.03729830304580266]",[],,,,,,,,,,,,,,,,,,,,,,,,
Q0643,Welche Fähigkeit sollen Studierende beim Lesen von Beschreibungen computerlinguistischer Parser in Forschungsartikeln erwerben?,not_answerable_from_source,0,[],0.07532536172488347,0.060798676010970276,0.01452668571391319,"[""PO25CL-PLAN-INTRO"", ""PO25CL-GEN-C02-P09-A02"", ""PO25CL-GEN-C04-P30-U01"", ""PO25CL-GEN-C01-P01-A02"", ""PO25CL-GEN-C02-P07-A02"", ""PO25CL-GEN-C01-P01-A01"", ""PO25CL-GEN-C04-P29-U01"", ""PO25CL-GEN-C03-P12-A01"", ""PO25CL-GEN-C03-P15-A06"", ""PO25CL-GEN-C03-P11-A08""]","[0.07532536172488347, 0.060798676010970276, 0.060177673725660547, 0.05839734227597534, 0.045680446899095416, 0.03784348096254708, 0.036238862407686846, 0.034459891209411744, 0.03441645780515182, 0.03412330642607919]",[],,,,,,,,,,,,,,,,,,,,,,,,
Q0644,Welche Kenntnisse zum grammatikbasierten Parsing sind als Lernergebnis des Aufbaumoduls – Parsing vorgesehen?,not_answerable_from_source,0,[],0.2733002846291016,0.21310236823113024,0.06019791639797137,"[""PO25CL-PLAN-S04-M02"", ""PO25CL-APP-R07-M09"", ""PO25CL-GEN-C03-P15-A02"", ""PO25CL-GEN-C04-P28-A06"", ""PO25CL-GEN-C04-P28-A05"", ""PO25CL-APP-R04"", ""PO25CL-GEN-C03-P17-A06"", ""PO25CL-GEN-C03-P17-A05"", ""PO25CL-GEN-C03-P19-A08"", ""PO25CL-GEN-C03-P21-A03""]","[0.2733002846291016, 0.21310236823113024, 0.05699506246017279, 0.04856013362492508, 0.04551454669716921, 0.04280826220254079, 0.03493842203993456, 0.03262767086647144, 0.03150412176433845, 0.030211240760881827]",[],,,,,,,,,,,,,,,,,,,,,,,,
Q0645,Welche Kenntnisse sollen Studierende speziell zum datengetriebenen Konstituentenparsing erwerben?,not_answerable_from_source,0,[],0.0585621808787505,0.055951682289329244,0.0026104985894212576,"[""PO25CL-APP-R04"", ""PO25CL-PLAN-INTRO"", ""PO25CL-GEN-C02-P07-A02"", ""PO25CL-GEN-C04-P28-A06"", ""PO25CL-GEN-C04-P30-U01"", ""PO25CL-GEN-C04-P29-U01"", ""PO25CL-GEN-C02-P09-A02"", ""PO25CL-GEN-C03-P17-A06"", ""PO25CL-GEN-C03-P21-A03"", ""PO25CL-GEN-C03-P15-A06""]","[0.0585621808787505, 0.055951682289329244, 0.037654723600889874, 0.03728596282258881, 0.03653132269451233, 0.035547872921359074, 0.03519368575132701, 0.03334635687609783, 0.0317277111445711, 0.029009345623923995]",[],,,,,,,,,,,,,,,,,,,,,,,,
Q0646,Welche drei Module werden als inhaltliche Teilnahmevoraussetzungen für Parsing genannt?,not_answerable_from_source,0,[],0.17864266334925064,0.1631687838821523,0.015473879467098328,"[""PO25CL-PLAN-S04-M02"", ""PO25CL-APP-R07-M09"", ""PO25CL-GEN-C02-P09-A01"", ""PO25CL-GEN-C01-P05-A02"", ""PO25CL-GEN-C03-P13-A01"", ""PO25CL-GEN-C03-P21-A02"", ""PO25CL-GEN-C03-P14-A10"", ""PO25CL-APP-R08"", ""PO25CL-GEN-C03-P18-A01"", ""PO25CL-GEN-C03-P18-A03""]","[0.17864266334925064, 0.1631687838821523, 0.04540073072314639, 0.040645693630187725, 0.03979630794897236, 0.03823934463490101, 0.03686544591950059, 0.03673834084968294, 0.03414228821502595, 0.0338174414958568]",[],,,,,,,,,,,,,,,,,,,,,,,,
Q0647,Wie ist das Selbststudium zwischen Parsing-Seminar und Parsing-Übung aufgeteilt?,not_answerable_from_source,0,[],0.40631353125192005,0.23220795180549675,0.1741055794464233,"[""PO25CL-PLAN-S04-M02"", ""PO25CL-APP-R07-M09"", ""PO25CL-PLAN-S03-M02"", ""PO25CL-PLAN-S02-M04"", ""PO25CL-GEN-C03-P21-A02"", ""PO25CL-PLAN-S01-M01"", ""PO25CL-GEN-C03-P15-A03"", ""PO25CL-GEN-C01-P05-A03"", ""PO25CL-PLAN-INTRO"", ""PO25CL-PLAN-S04-M03""]","[0.40631353125192005, 0.23220795180549675, 0.07892043124873223, 0.07317260336364276, 0.04772459089940429, 0.04102042749464359, 0.0403517079945704, 0.0395349952878852, 0.03562848300076339, 0.03408408696945853]",[],,,,,,,,,,,,,,,,,,,,,,,,
Q0648,Nach welchem Programmierparadigma sollen Studierende im Aufbaumodul – Logische Programmierung Probleme mit Prolog lösen lernen?,not_answerable_from_source,0,[],0.5116757974799241,0.45439795399184413,0.05727784348807996,"[""PO25CL-APP-R07-M10"", ""PO25CL-PLAN-S04-M03"", ""PO25CL-APP-R07-M07"", ""PO25CL-APP-R07-M11"", ""PO25CL-PLAN-S03-M02"", ""PO25CL-PLAN-S04-M01"", ""PO25CL-PLAN-S03-M04"", ""PO25CL-PLAN-S01-M03"", ""PO25CL-PLAN-S02-M02"", ""PO25CL-APP-R07-M01""]","[0.5116757974799241, 0.45439795399184413, 0.13371148201659722, 0.11723634497436515, 0.10889892586456446, 0.10687671660173104, 0.10414089655816922, 0.08990303866890302, 0.07901655018712495, 0.0665152820775671]",[],,,,,,,,,,,,,,,,,,,,,,,,
Q0649,In welchen drei bereits bekannten Fachgebieten sollen die Kenntnisse beim Arbeiten mit Prolog vertieft werden?,not_answerable_from_source,0,[],0.09886803732643701,0.0681425623911805,0.030725474935256514,"[""PO25CL-PLAN-S04-M03"", ""PO25CL-GEN-C01-P01-A01"", ""PO25CL-GEN-C03-P15-A06"", ""PO25CL-APP-R04"", ""PO25CL-GEN-C04-P28-A06"", ""PO25CL-GEN-C03-P17-A03"", ""PO25CL-GEN-C02-P09-A02"", ""PO25CL-GEN-C03-P11-A08"", ""PO25CL-GEN-C03-P14-A09"", ""PO25CL-GEN-C02-P09-A01""]","[0.09886803732643701, 0.0681425623911805, 0.0647409192688348, 0.055746108041927915, 0.05281479707960176, 0.05187876515801962, 0.04950225659359256, 0.04697393503263249, 0.045591951347631346, 0.04141919491140443]",[],,,,,,,,,,,,,,,,,,,,,,,,
Q0650,Welcher Bereich der Sprachverarbeitung wird in den Studienzielen neben maschinellem Lernen und künstlicher Intelligenz als methodischer Schwerpunkt der ersten beiden Jahre genannt?,not_answerable_from_source,0,[],0.09590431003425352,0.09400861984384015,0.001895690190413371,"[""PO25CL-GEN-C03-P18-A03"", ""PO25CL-APP-R07-M07"", ""PO25CL-GEN-C03-P17-A05"", ""PO25CL-GEN-C01-P01-A01"", ""PO25CL-GEN-C03-P18-A05"", ""PO25CL-GEN-C03-P12-A02"", ""PO25CL-GEN-C03-P11-A08"", ""PO25CL-APP-R07-M17"", ""PO25CL-PLAN-S03-M02"", ""PO25CL-GEN-C03-P21-A02""]","[0.09590431003425352, 0.09400861984384015, 0.08631779873619075, 0.07633559002012616, 0.06538002595343749, 0.05961760168193028, 0.05696912345722223, 0.0547593380364389, 0.05408955564223103, 0.05385272270256618]",[],,,,,,,,,,,,,,,,,,,,,,,,
Q0651,Welcher Selbststudiumsaufwand ist für die Prolog-Übung angesetzt?,not_answerable_from_source,0,[],0.20042384451986361,0.085666179707504,0.11475766481235962,"[""PO25CL-PLAN-S04-M03"", ""PO25CL-APP-R10"", ""PO25CL-GEN-C03-P23-U01"", ""PO25CL-GEN-C04-P24-A01"", ""PO25CL-GEN-C04-P24-A02"", ""PO25CL-GEN-C02-P07-A05"", ""PO25CL-GEN-C03-P18-A01"", ""PO25CL-GEN-C04-P28-A08"", ""PO25CL-GEN-C04-P25-A03"", ""PO25CL-FRONT-TITLE""]","[0.20042384451986361, 0.085666179707504, 0.07704737351939128, 0.07538539843972193, 0.06428097016727458, 0.06088306996877262, 0.05696661818603306, 0.056328947293981184, 0.054075259658931604, 0.04966252263749044]",[],,,,,,,,,,,,,,,,,,,,,,,,
Q0652,Was sollen Studierende in Objektorientierter Programmierung mit eigenen Datentypen tun können?,not_answerable_from_source,0,[],0.20673010399894154,0.1727942463796181,0.03393585761932344,"[""PO25CL-PLAN-S01-M03"", ""PO25CL-PLAN-S02-M02"", ""PO25CL-PLAN-S03-M04"", ""PO25CL-APP-R07-M10"", ""PO25CL-APP-R07-M03"", ""PO25CL-APP-R07-M11"", ""PO25CL-PLAN-S04-M03"", ""PO25CL-GEN-C04-P30-U01"", ""PO25CL-GEN-C02-P09-A02"", ""PO25CL-PLAN-INTRO""]","[0.20673010399894154, 0.1727942463796181, 0.09914513497470424, 0.09023268902420219, 0.08836582859953174, 0.086512278644115, 0.07162752913673168, 0.06245862088550644, 0.04832555311882111, 0.04525293306124989]",[],,,,,,,,,,,,,,,,,,,,,,,,
Q0653,Welche Fähigkeit zu iterativen und rekursiven Algorithmen soll nach Objektorientierter Programmierung vorhanden sein?,not_answerable_from_source,0,[],0.09345546264614056,0.09268621896672774,0.0007692436794128205,"[""PO25CL-PLAN-S01-M03"", ""PO25CL-APP-R07-M10"", ""PO25CL-PLAN-S03-M04"", ""PO25CL-APP-R07-M03"", ""PO25CL-APP-R07-M11"", ""PO25CL-GEN-C03-P19-A07"", ""PO25CL-GEN-C04-P25-A03"", ""PO25CL-PLAN-S02-M02"", ""PO25CL-GEN-C01-P01-A02"", ""PO25CL-GEN-C03-P15-A06""]","[0.09345546264614056, 0.09268621896672774, 0.09247993263953586, 0.09076859647345467, 0.08886464637630702, 0.08652489910393865, 0.08539279672885665, 0.0821388060267424, 0.06957581565258394, 0.06311084698470157]",[],,,,,,,,,,,,,,,,,,,,,,,,
Q0654,Welche Programmierkonzepte sollen bei der Entwicklung einfacher objektorientierter Programme eingesetzt werden können?,not_answerable_from_source,0,[],0.0845039279961499,0.07405474455264921,0.010449183443500695,"[""PO25CL-GEN-C04-P24-A03"", ""PO25CL-PLAN-INTRO"", ""PO25CL-GEN-C03-P19-A06"", ""PO25CL-GEN-C04-P26-U01"", ""PO25CL-GEN-C04-P30-U01"", ""PO25CL-GEN-C02-P09-A03"", ""PO25CL-GEN-C03-P14-A01"", ""PO25CL-GEN-C04-P24-A02"", ""PO25CL-GEN-C03-P14-A02"", ""PO25CL-GEN-C03-P14-A06""]","[0.0845039279961499, 0.07405474455264921, 0.0595451174229827, 0.05876699046977249, 0.056466642838938604, 0.04440756373930863, 0.04362107945445001, 0.04293507476317009, 0.040770753820022695, 0.0398214434774672]",[],,,,,,,,,,,,,,,,,,,,,,,,
Q0655,Welche Anwendungskompetenz zu dynamischen Datenstrukturen ist in Objektorientierter Programmierung vorgesehen?,not_answerable_from_source,0,[],0.11950879249559747,0.10740301223965387,0.012105780255943596,"[""PO25CL-PLAN-S01-M03"", ""PO25CL-PLAN-S03-M04"", ""PO25CL-APP-R07-M10"", ""PO25CL-APP-R07-M03"", ""PO25CL-PLAN-S02-M02"", ""PO25CL-APP-R07-M11"", ""PO25CL-PLAN-S04-M03"", ""PO25CL-PLAN-INTRO"", ""PO25CL-GEN-C03-P15-A03"", ""PO25CL-GEN-C03-P19-A08""]","[0.11950879249559747, 0.10740301223965387, 0.09774824156682911, 0.09572588885036186, 0.09539318355071247, 0.09371795524273477, 0.07759344309260703, 0.0642919282984321, 0.06052923953450155, 0.05972672768560125]",[],,,,,,,,,,,,,,,,,,,,,,,,
Q0656,Welche Vorkenntnisse aus zwei Basismodulen werden für Objektorientierte Programmierung inhaltlich erwartet?,not_answerable_from_source,0,[],0.27061157128579627,0.19349000959583218,0.07712156168996409,"[""PO25CL-APP-R07-M11"", ""PO25CL-PLAN-S03-M04"", ""PO25CL-APP-R04"", ""PO25CL-PLAN-S01-M03"", ""PO25CL-GEN-C04-P24-A01"", ""PO25CL-APP-R07-M10"", ""PO25CL-APP-R07-M03"", ""PO25CL-PLAN-S02-M02"", ""PO25CL-GEN-C01-P03-A01"", ""PO25CL-GEN-C03-P14-A10""]","[0.27061157128579627, 0.19349000959583218, 0.09711335605123025, 0.07766338863769134, 0.06999568388454706, 0.06994418925669625, 0.06849708577046452, 0.06825901701268054, 0.06344134516327411, 0.05088483584676459]",[],,,,,,,,,,,,,,,,,,,,,,,,
Q0657,"Wie verteilt sich das Selbststudium auf Vorlesung, Übung und praktische Übung in Objektorientierter Programmierung?",not_answerable_from_source,0,[],0.2636213943227104,0.11912879491499459,0.14449259940771583,"[""PO25CL-PLAN-S03-M04"", ""PO25CL-PLAN-S01-M03"", ""PO25CL-PLAN-S04-M03"", ""PO25CL-PLAN-S02-M02"", ""PO25CL-APP-R07-M10"", ""PO25CL-APP-R07-M03"", ""PO25CL-APP-R07-M11"", ""PO25CL-PLAN-S02-M04"", ""PO25CL-PLAN-INTRO"", ""PO25CL-GEN-C03-P21-A02""]","[0.2636213943227104, 0.11912879491499459, 0.09828492678258707, 0.0976922824760089, 0.07825350265453211, 0.07663448443865685, 0.07502700960968875, 0.05638764087671165, 0.05192782280158144, 0.049781901393529386]",[],,,,,,,,,,,,,,,,,,,,,,,,
Q0658,Welche beiden Arten grundlegender Begriffe sollen Studierende in Objektorientierter Programmierung nennen und erläutern können?,not_answerable_from_source,0,[],0.09982720236546136,0.08991521041832003,0.009911991947141333,"[""PO25CL-PLAN-S01-M03"", ""PO25CL-APP-R07-M10"", ""PO25CL-PLAN-S03-M04"", ""PO25CL-APP-R07-M03"", ""PO25CL-APP-R07-M11"", ""PO25CL-GEN-C03-P18-A03"", ""PO25CL-PLAN-S02-M02"", ""PO25CL-PLAN-INTRO"", ""PO25CL-PLAN-S04-M03"", ""PO25CL-GEN-C04-P30-U01""]","[0.09982720236546136, 0.08991521041832003, 0.0897150913637005, 0.08805491843632163, 0.08620789009144474, 0.08016032107572077, 0.07968312991659908, 0.07168909116931077, 0.06481478211006059, 0.05941316081533622]",[],,,,,,,,,,,,,,,,,,,,,,,,
Q0659,Welche persönlichen Entwicklungsziele sollen Studierende im Modul Praktikum & Orientierung für ihre Zukunft formulieren?,not_answerable_from_source,0,[],0.34179496394189496,0.3371388623711438,0.004656101570751137,"[""PO25CL-PLAN-S05-M01"", ""PO25CL-PLAN-S04-M05"", ""PO25CL-APP-R07-M12"", ""PO25CL-APP-R14"", ""PO25CL-GEN-C04-P30-U01"", ""PO25CL-GEN-C02-P07-A02"", ""PO25CL-GEN-C04-P29-U01"", ""PO25CL-PLAN-INTRO"", ""PO25CL-GEN-C01-P05-A01"", ""PO25CL-GEN-C04-P25-A05""]","[0.34179496394189496, 0.3371388623711438, 0.19953518935910775, 0.06602017719118285, 0.0503994009402568, 0.0460369436998361, 0.04053772760347934, 0.035085203583366975, 0.029824192897897974, 0.028718167794811574]",[],,,,,,,,,,,,,,,,,,,,,,,,
Q0660,Wie sollen Studierende nach Praktikum & Orientierung ihre beruflichen Wünsche und Möglichkeiten einschätzen können?,not_answerable_from_source,0,[],0.30592460206214633,0.29064727041067717,0.015277331651469161,"[""PO25CL-PLAN-S05-M01"", ""PO25CL-PLAN-S04-M05"", ""PO25CL-APP-R07-M12"", ""PO25CL-APP-R14"", ""PO25CL-GEN-C04-P30-U01"", ""PO25CL-GEN-C03-P11-A07"", ""PO25CL-PLAN-INTRO"", ""PO25CL-GEN-C01-P05-A03"", ""PO25CL-GEN-C03-P15-A06"", ""PO25CL-GEN-C02-P09-A02""]","[0.30592460206214633, 0.29064727041067717, 0.1942773690592351, 0.07942847961222456, 0.07901472224609535, 0.05429602987764718, 0.05265408353932688, 0.044722866665280615, 0.038561123373384465, 0.037347471637348466]",[],,,,,,,,,,,,,,,,,,,,,,,,
Q0661,Welche Fähigkeit zum Eingrenzen eigener Forschungsfragen soll Praktikum & Orientierung vermitteln?,not_answerable_from_source,0,[],0.30969664343462583,0.29423094273188727,0.01546570070273856,"[""PO25CL-PLAN-S05-M01"", ""PO25CL-PLAN-S04-M05"", ""PO25CL-APP-R07-M12"", ""PO25CL-APP-R14"", ""PO25CL-GEN-C01-P01-A02"", ""PO25CL-GEN-C03-P19-A07"", ""PO25CL-PLAN-INTRO"", ""PO25CL-GEN-C03-P17-A06"", ""PO25CL-GEN-C03-P21-A03"", ""PO25CL-GEN-C03-P14-A07""]","[0.30969664343462583, 0.29423094273188727, 0.18241105822586504, 0.1098288592347356, 0.053571534331757584, 0.030412956734119, 0.02658568567065242, 0.025407959824394793, 0.024174647115922036, 0.020575879751838895]",[],,,,,,,,,,,,,,,,,,,,,,,,
Q0662,Welchen persönlichen Effekt soll die Praxiserprobung des bereits erworbenen Wissens im Modul Praktikum & Orientierung fördern?,not_answerable_from_source,0,[],0.3403963737290441,0.3357593244521354,0.004637049276908667,"[""PO25CL-PLAN-S05-M01"", ""PO25CL-PLAN-S04-M05"", ""PO25CL-APP-R07-M12"", ""PO25CL-APP-R14"", ""PO25CL-GEN-C01-P05-A01"", ""PO25CL-GEN-C03-P14-A07"", ""PO25CL-GEN-C04-P28-A03"", ""PO25CL-GEN-C04-P28-A07"", ""PO25CL-GEN-C03-P11-A05"", ""PO25CL-GEN-C01-P01-A02""]","[0.3403963737290441, 0.3357593244521354, 0.19871871166810107, 0.08083781350776877, 0.05977334854521152, 0.0558694485280688, 0.04431111604940502, 0.043222517384284356, 0.035891630116544525, 0.03201611046913303]",[],,,,,,,,,,,,,,,,,,,,,,,,
Q0663,In welchen drei Fachgebieten sollen im Vertiefungsmodul – Interdisziplinär vertiefte Spezialkenntnisse erworben werden?,not_answerable_from_source,0,[],0.35550795131750035,0.3080718138365061,0.047436137480994234,"[""PO25CL-APP-R07-M13"", ""PO25CL-PLAN-S04-M04"", ""PO25CL-PLAN-S05-M02"", ""PO25CL-APP-R07-M15"", ""PO25CL-APP-R07-M14"", ""PO25CL-PLAN-S06-M01"", ""PO25CL-PLAN-S05-M03"", ""PO25CL-GEN-C02-P09-A01"", ""PO25CL-GEN-C02-P09-A02"", ""PO25CL-GEN-C01-P01-A02""]","[0.35550795131750035, 0.3080718138365061, 0.2777560113558106, 0.10271569128598326, 0.10243525869032259, 0.07968035942791295, 0.06576532283553779, 0.05402308578200031, 0.05217363898188841, 0.04643039349636897]",[],,,,,,,,,,,,,,,,,,,,,,,,
Q0664,Wovon hängt der Selbststudiumsaufwand im Vertiefungsmodul – Interdisziplinär ab?,not_answerable_from_source,0,[],0.43454351787332285,0.3652534200409468,0.06929009783237605,"[""PO25CL-APP-R07-M13"", ""PO25CL-PLAN-S04-M04"", ""PO25CL-PLAN-S05-M02"", ""PO25CL-APP-R07-M15"", ""PO25CL-APP-R07-M14"", ""PO25CL-PLAN-S06-M01"", ""PO25CL-PLAN-S05-M03"", ""PO25CL-GEN-C03-P20-A04"", ""PO25CL-GEN-C03-P12-A02"", ""PO25CL-GEN-C03-P15-A01""]","[0.43454351787332285, 0.3652534200409468, 0.3293106624109473, 0.13576627013184264, 0.13539560342007184, 0.09446993358042928, 0.07797210912169042, 0.06423649077297193, 0.027837913176831056, 0.02638501585318976]",[],,,,,,,,,,,,,,,,,,,,,,,,
Q0665,Welche inhaltliche Einschränkung gilt bei der Wahl von Informatikveranstaltungen im Vertiefungsmodul – Interdisziplinär?,not_answerable_from_source,0,[],0.34770447029359464,0.329492323813602,0.01821214647999264,"[""PO25CL-APP-R07-M13"", ""PO25CL-PLAN-S04-M04"", ""PO25CL-PLAN-S05-M02"", ""PO25CL-PLAN-S05-M03"", ""PO25CL-APP-R07-M15"", ""PO25CL-APP-R07-M14"", ""PO25CL-PLAN-S06-M01"", ""PO25CL-GEN-C03-P17-A05"", ""PO25CL-PLAN-INTRO"", ""PO25CL-GEN-C03-P14-A01""]","[0.34770447029359464, 0.329492323813602, 0.2970686363517571, 0.11100064303723084, 0.10863477902273293, 0.10833818623657773, 0.10787298207780188, 0.07723446958473779, 0.07057715792669404, 0.0652430712173404]",[],,,,,,,,,,,,,,,,,,,,,,,,
Q0666,Welchen Nutzen soll der parallele Besuch des Forschungskolloquiums für die Bachelorarbeit haben?,not_answerable_from_source,0,[],0.23118210613477488,0.1500442513399729,0.08113785479480198,"[""PO25CL-GEN-C04-P25-A03"", ""PO25CL-GEN-C03-P15-A02"", ""PO25CL-APP-R10"", ""PO25CL-GEN-C03-P16-A01"", ""PO25CL-GEN-C04-P24-A02"", ""PO25CL-GEN-C03-P23-U01"", ""PO25CL-GEN-C04-P24-A01"", ""PO25CL-GEN-C01-P03-A05"", ""PO25CL-GEN-C04-P24-A04"", ""PO25CL-GEN-C03-P18-A05""]","[0.23118210613477488, 0.1500442513399729, 0.12178885390996269, 0.10707186079068168, 0.09275949065422391, 0.08565688397600116, 0.08495486522523399, 0.08367765371646468, 0.08238358523675965, 0.08226465184804335]",[],,,,,,,,,,,,,,,,,,,,,,,,
Q0667,Wovon hängen die inhaltlichen Teilnahmevoraussetzungen im Vertiefungsmodul – Computerlinguistik 1 ab?,not_answerable_from_source,0,[],0.3560803870650128,0.35510822257915575,0.0009721644858570744,"[""PO25CL-APP-R07-M15"", ""PO25CL-APP-R07-M14"", ""PO25CL-PLAN-S06-M01"", ""PO25CL-PLAN-S05-M03"", ""PO25CL-APP-R07-M13"", ""PO25CL-PLAN-S04-M04"", ""PO25CL-PLAN-S05-M02"", ""PO25CL-GEN-C03-P20-A04"", ""PO25CL-PLAN-S01-M02"", ""PO25CL-PLAN-S02-SUM""]","[0.3560803870650128, 0.35510822257915575, 0.27157323409709955, 0.22098175445132207, 0.14334237963396632, 0.12421591902465907, 0.11199245327096279, 0.06780681563520646, 0.04859638596971203, 0.044902700798583814]",[],,,,,,,,,,,,,,,,,,,,,,,,
Q0668,Welcher Selbststudiumsaufwand ist im fünften Fachsemester für Computerlinguistik 1 vorgesehen?,not_answerable_from_source,0,[],0.07770819829324317,0.05397294861384756,0.02373524967939561,"[""PO25CL-APP-R14"", ""PO25CL-GEN-C04-P28-A02"", ""PO25CL-GEN-C03-P11-A08"", ""PO25CL-GEN-C04-P25-A02"", ""PO25CL-GEN-C04-P28-A06"", ""PO25CL-GEN-C04-P28-A08"", ""PO25CL-APP-R08"", ""PO25CL-PLAN-INTRO"", ""PO25CL-GEN-C03-P18-A05"", ""PO25CL-GEN-C04-P28-A07""]","[0.07770819829324317, 0.05397294861384756, 0.05250389207751012, 0.05134769189109148, 0.051108166018715144, 0.04971932077448904, 0.046192015643088655, 0.04409046151084729, 0.0431307672263837, 0.04303133913317504]",[],,,,,,,,,,,,,,,,,,,,,,,,
Q0669,Welche Art aktueller Forschungsarbeit sollen Studierende im Modul Abschlussarbeit und Forschungskolloquium kennenlernen?,not_answerable_from_source,0,[],0.5460713665356596,0.4306389353422274,0.11543243119343216,"[""PO25CL-APP-R07-M16"", ""PO25CL-PLAN-S06-M02"", ""PO25CL-APP-R07-M15"", ""PO25CL-APP-R07-M14"", ""PO25CL-APP-R07-M09"", ""PO25CL-APP-R07-M12"", ""PO25CL-APP-R07-M13"", ""PO25CL-PLAN-INTRO"", ""PO25CL-APP-R07-M10"", ""PO25CL-APP-R07-M08""]","[0.5460713665356596, 0.4306389353422274, 0.04080011363821894, 0.04068872187686712, 0.03953723887331789, 0.038557476770241975, 0.03806916555466257, 0.035323463269501844, 0.0348221534489524, 0.034694196278990654]",[],,,,,,,,,,,,,,,,,,,,,,,,
Q0670,Welche Fähigkeit zur Vermittlung zwischen unterschiedlichen fachlichen Standpunkten soll durch die Interdisziplinarität des Studiengangs gefördert werden?,not_answerable_from_source,0,[],0.12635216328463753,0.09250459012489107,0.03384757315974646,"[""PO25CL-GEN-C02-P09-A03"", ""PO25CL-GEN-C01-P01-A02"", ""PO25CL-GEN-C04-P24-A05"", ""PO25CL-GEN-C03-P21-A02"", ""PO25CL-GEN-C02-P07-A01"", ""PO25CL-GEN-C04-P31-A02"", ""PO25CL-GEN-C04-P25-A01"", ""PO25CL-GEN-C03-P14-A07"", ""PO25CL-GEN-C03-P14-A05"", ""PO25CL-GEN-C03-P14-A03""]","[0.12635216328463753, 0.09250459012489107, 0.06305760531186176, 0.057127689324934845, 0.05695765109108049, 0.05490504038536869, 0.045311253035025395, 0.04501749211551695, 0.041190541548654834, 0.040774939498628905]",[],,,,,,,,,,,,,,,,,,,,,,,,
Q0671,Welche mathematischen Themen dienen im Basismodul – Mathematische und logische Grundlagen als Beispiele für die Vertiefung von Schulkenntnissen?,not_answerable_from_source,0,[],0.6657036788753646,0.48979565338317976,0.17590802549218487,"[""PO25CL-APP-R07-M01"", ""PO25CL-PLAN-S01-M01"", ""PO25CL-APP-R07-M02"", ""PO25CL-APP-R07-M10"", ""PO25CL-APP-R07-M08"", ""PO25CL-PLAN-S01-M02"", ""PO25CL-PLAN-S02-M01"", ""PO25CL-APP-R10"", ""PO25CL-APP-R07-M03"", ""PO25CL-PLAN-S04-M03""]","[0.6657036788753646, 0.48979565338317976, 0.07956882022043184, 0.07375400915616921, 0.07348299334151577, 0.06167162043135865, 0.058785500327785206, 0.051946265096714524, 0.04967026823296045, 0.04914212779642598]",[],,,,,,,,,,,,,,,,,,,,,,,,
Q0672,Welche logischen Systeme werden in Einführung in die computationelle Logik eingeführt?,not_answerable_from_source,0,[],0.2495360614732447,0.17052180911151604,0.07901425236172865,"[""PO25CL-PLAN-S01-M01"", ""PO25CL-PLAN-S01-M02"", ""PO25CL-PLAN-S01-M03"", ""PO25CL-GEN-C03-P11-A08"", ""PO25CL-PLAN-S04-M03"", ""PO25CL-GEN-C01-P05-A03"", ""PO25CL-GEN-C01-P02-A02"", ""PO25CL-GEN-C02-P09-A02"", ""PO25CL-GEN-C01-P01-A02"", ""PO25CL-GEN-C04-P30-U01""]","[0.2495360614732447, 0.17052180911151604, 0.1692845406713045, 0.06836253433449821, 0.05890477696113581, 0.049395001127008294, 0.04672097258134346, 0.04441782585467332, 0.04317978569621756, 0.04277434442369544]",[],,,,,,,,,,,,,,,,,,,,,,,,
Q0673,Welche Grammatikformalismen werden im Seminar Grammatikformalismen beispielhaft für syntaktische Modellierung behandelt?,not_answerable_from_source,0,[],0.15021526655971798,0.04223280303744327,0.10798246352227471,"[""PO25CL-PLAN-S02-M01"", ""PO25CL-GEN-C03-P14-A10"", ""PO25CL-GEN-C03-P15-A07"", ""PO25CL-PLAN-S05-M03"", ""PO25CL-GEN-C03-P11-A04"", ""PO25CL-GEN-C03-P15-A06"", ""PO25CL-APP-R08"", ""PO25CL-GEN-C03-P18-A01"", ""PO25CL-GEN-C02-P07-A02"", ""PO25CL-GEN-C04-P29-U01""]","[0.15021526655971798, 0.04223280303744327, 0.03603039596129207, 0.03579037397762379, 0.03512368378032557, 0.03228585239571661, 0.03109865718802846, 0.028901123247734237, 0.02497062693755692, 0.024435848468040165]",[],,,,,,,,,,,,,,,,,,,,,,,,
Q0674,Welche Form der Textverarbeitung wird im Wintersemester der Python-Programmierung behandelt?,not_answerable_from_source,0,[],0.2719193080138257,0.25517406848177954,0.016745239532046152,"[""PO25CL-APP-R07-M03"", ""PO25CL-PLAN-S02-M02"", ""PO25CL-PLAN-S01-M03"", ""PO25CL-APP-R02"", ""PO25CL-APP-R07-M10"", ""PO25CL-APP-R07-M11"", ""PO25CL-PLAN-S03-M04"", ""PO25CL-GEN-C03-P16-A01"", ""PO25CL-PLAN-S04-M03"", ""PO25CL-GEN-C03-P11-A06""]","[0.2719193080138257, 0.25517406848177954, 0.2373153298046313, 0.18578604128854187, 0.08668024427899682, 0.08310630578673295, 0.07745244226497461, 0.05529407218619241, 0.05081798828949835, 0.04862723482378814]",[],,,,,,,,,,,,,,,,,,,,,,,,
Q0675,Welche beiden Programmierparadigmen mit Python werden im Sommersemester der fortgeschrittenen Python-Programmierung behandelt?,not_answerable_from_source,0,[],0.36756379267358397,0.31099818766511,0.05656560500847396,"[""PO25CL-PLAN-S01-M03"", ""PO25CL-PLAN-S02-M02"", ""PO25CL-APP-R07-M03"", ""PO25CL-GEN-C03-P18-A03"", ""PO25CL-APP-R07-M10"", ""PO25CL-PLAN-S03-M04"", ""PO25CL-APP-R07-M11"", ""PO25CL-PLAN-S04-M03"", ""PO25CL-GEN-C03-P15-A06"", ""PO25CL-GEN-C03-P15-A07""]","[0.36756379267358397, 0.31099818766511, 0.30683448479613834, 0.06879624912418343, 0.06744642166949089, 0.06647428178373115, 0.06466551854012047, 0.043615012960877234, 0.03777815655333648, 0.0368666432531729]",[],,,,,,,,,,,,,,,,,,,,,,,,
Q0676,Welche zwei Arten von Faktoren werden in Morphologie und Syntax zur Erklärung sprachübergreifender Trends thematisiert?,not_answerable_from_source,0,[],0.38629340789601285,0.3019888962997433,0.08430451159626956,"[""PO25CL-APP-R07-M04"", ""PO25CL-PLAN-S01-M04"", ""PO25CL-GEN-C01-P05-A02"", ""PO25CL-GEN-C03-P11-A08"", ""PO25CL-GEN-C03-P12-A02"", ""PO25CL-GEN-C01-P02-A02"", ""PO25CL-GEN-C01-P05-A03"", ""PO25CL-GEN-C02-P08-U01"", ""PO25CL-GEN-C03-P14-A10"", ""PO25CL-PLAN-INTRO""]","[0.38629340789601285, 0.3019888962997433, 0.06242616572960684, 0.05229345247716849, 0.04494147014052432, 0.044576225928795635, 0.04105661848069719, 0.036437518522007335, 0.03580605207610122, 0.034887546972361065]",[],,,,,,,,,,,,,,,,,,,,,,,,
Q0677,Welche semantischen Relationen werden in Semantik und Pragmatik beispielhaft behandelt?,not_answerable_from_source,0,[],0.4353971153799545,0.34037623122235416,0.09502088415760035,"[""PO25CL-APP-R07-M05"", ""PO25CL-PLAN-S02-M03"", ""PO25CL-GEN-C03-P11-A08"", ""PO25CL-GEN-C01-P02-A02"", ""PO25CL-GEN-C01-P05-A03"", ""PO25CL-GEN-C03-P15-A06"", ""PO25CL-GEN-C02-P08-U01"", ""PO25CL-PLAN-INTRO"", ""PO25CL-GEN-C03-P21-A02"", ""PO25CL-GEN-C02-P09-A02""]","[0.4353971153799545, 0.34037623122235416, 0.05894073752339822, 0.05024253530401257, 0.0462755327643669, 0.04168308063982477, 0.03324871149534539, 0.03219800034444084, 0.027425750112301868, 0.0269328112126705]",[],,,,,,,,,,,,,,,,,,,,,,,,
Q0678,"Welche pragmatischen Theorien werden in Semantik und Pragmatik mit Austin, Searle und Grice verbunden?",not_answerable_from_source,0,[],0.43470423971941563,0.3355877181927332,0.09911652152668243,"[""PO25CL-APP-R07-M05"", ""PO25CL-PLAN-S02-M03"", ""PO25CL-GEN-C03-P11-A08"", ""PO25CL-GEN-C01-P02-A02"", ""PO25CL-GEN-C01-P01-A01"", ""PO25CL-GEN-C01-P05-A03"", ""PO25CL-GEN-C03-P11-A05"", ""PO25CL-GEN-C02-P08-U01"", ""PO25CL-GEN-C03-P18-A04"", ""PO25CL-GEN-C01-P04-A05""]","[0.43470423971941563, 0.3355877181927332, 0.07143449160447808, 0.06469026237428349, 0.05989402438922414, 0.04503173490140919, 0.04245340916603299, 0.04211831253752949, 0.04051145138148005, 0.03772940390679447]",[],,,,,,,,,,,,,,,,,,,,,,,,
Q0679,Welche Programmiersprache wird für statistische Programmierung im Statistik-Basismodul beispielhaft genannt?,not_answerable_from_source,0,[],0.16127090624329737,0.13347955232017528,0.027791353923122097,"[""PO25CL-PLAN-S02-M04"", ""PO25CL-APP-R07-M06"", ""PO25CL-APP-R07-M03"", ""PO25CL-PLAN-S03-M01"", ""PO25CL-PLAN-S01-M03"", ""PO25CL-PLAN-S02-M02"", ""PO25CL-PLAN-S03-M04"", ""PO25CL-APP-R07-M10"", ""PO25CL-APP-R07-M11"", ""PO25CL-GEN-C01-P02-A01""]","[0.16127090624329737, 0.13347955232017528, 0.13277142360240085, 0.11993808915750226, 0.11668478702219348, 0.10255525804604751, 0.08196601095967919, 0.07459784667564465, 0.07152208105117368, 0.06794544425242835]",[],,,,,,,,,,,,,,,,,,,,,,,,
Q0680,Welche Arten linguistischer Ressourcen werden im Statistik-Basismodul als Beispiele genannt?,not_answerable_from_source,0,[],0.09152864146529008,0.08754211377278684,0.003986527692503239,"[""PO25CL-PLAN-S03-M01"", ""PO25CL-PLAN-S02-M04"", ""PO25CL-APP-R07-M03"", ""PO25CL-APP-R07-M06"", ""PO25CL-APP-R07-M01"", ""PO25CL-APP-R07-M02"", ""PO25CL-GEN-C03-P15-A07"", ""PO25CL-GEN-C03-P11-A04"", ""PO25CL-PLAN-S02-M01"", ""PO25CL-PLAN-S01-M02""]","[0.09152864146529008, 0.08754211377278684, 0.05826283662774845, 0.049009055400308824, 0.047638962344699935, 0.04363539262047671, 0.038323292688114616, 0.03735887929858684, 0.0339887637207919, 0.033271202902003534]",[],,,,,,,,,,,,,,,,,,,,,,,,
Q0681,Welche linearen Lernverfahren werden in Grundlagen des maschinellen Lernens ausdrücklich als Beispiele behandelt?,not_answerable_from_source,0,[],0.30678586362944077,0.05024926968108061,0.25653659394836015,"[""PO25CL-PLAN-S03-M02"", ""PO25CL-GEN-C01-P05-A03"", ""PO25CL-PLAN-S01-M01"", ""PO25CL-GEN-C03-P11-A08"", ""PO25CL-APP-R07-M01"", ""PO25CL-APP-R07-M02"", ""PO25CL-GEN-C01-P02-A02"", ""PO25CL-PLAN-S01-M02"", ""PO25CL-GEN-C03-P15-A06"", ""PO25CL-GEN-C03-P17-A05""]","[0.30678586362944077, 0.05024926968108061, 0.048082501076650214, 0.04429562387114187, 0.04351769376251805, 0.03986047469978969, 0.038464856707666896, 0.03689543244887363, 0.03323762077611412, 0.03159706316392206]",[],,,,,,,,,,,,,,,,,,,,,,,,
Q0682,Auf welcher Art von Repräsentationen beruhen die im Aufbaumodul – Maschinelles Lernen behandelten modernen Methoden?,not_answerable_from_source,0,[],0.5181837975240333,0.4053782292211012,0.11280556830293209,"[""PO25CL-APP-R07-M07"", ""PO25CL-PLAN-S03-M02"", ""PO25CL-PLAN-S04-M01"", ""PO25CL-APP-R07-M09"", ""PO25CL-APP-R07-M10"", ""PO25CL-APP-R07-M08"", ""PO25CL-APP-R07-M11"", ""PO25CL-APP-R07-M06"", ""PO25CL-GEN-C01-P01-A01"", ""PO25CL-GEN-C01-P02-A02""]","[0.5181837975240333, 0.4053782292211012, 0.397850518515291, 0.08781251532436976, 0.07734027389118692, 0.07705608002058985, 0.07415143444846142, 0.07094390290362113, 0.0639314364306556, 0.05321483680887541]",[],,,,,,,,,,,,,,,,,,,,,,,,
Q0683,Welche Hierarchie bildet die Grundlage für die behandelten Sprachklassen in Mathematischer Linguistik?,not_answerable_from_source,0,[],0.11724269546534344,0.09396923853237266,0.023273456932970782,"[""PO25CL-GEN-C04-P24-A01"", ""PO25CL-APP-R10"", ""PO25CL-APP-R07-M08"", ""PO25CL-GEN-C04-P24-A02"", ""PO25CL-GEN-C04-P25-A03"", ""PO25CL-GEN-C03-P23-U01"", ""PO25CL-GEN-C03-P14-A09"", ""PO25CL-GEN-C03-P18-A01"", ""PO25CL-APP-R07-M04"", ""PO25CL-APP-R07-M05""]","[0.11724269546534344, 0.09396923853237266, 0.08451466188055, 0.08330608397054051, 0.07393264583134028, 0.07267593497890454, 0.06811358196488436, 0.06786101564835137, 0.06745500498618671, 0.06745500498618671]",[],,,,,,,,,,,,,,,,,,,,,,,,
Q0684,Welche zwei Theoriegebiete werden neben Sprachklassen und Relationen in Mathematischer Linguistik behandelt?,not_answerable_from_source,0,[],0.09670856126511132,0.0846549483239072,0.01205361294120412,"[""PO25CL-APP-R07-M08"", ""PO25CL-APP-R07-M04"", ""PO25CL-APP-R07-M05"", ""PO25CL-GEN-C04-P24-A03"", ""PO25CL-PLAN-S01-M04"", ""PO25CL-PLAN-S02-M03"", ""PO25CL-GEN-C03-P15-A06"", ""PO25CL-PLAN-S03-M03"", ""PO25CL-GEN-C04-P24-A01"", ""PO25CL-GEN-C03-P14-A10""]","[0.09670856126511132, 0.0846549483239072, 0.0846549483239072, 0.06981897977542607, 0.06113646195659578, 0.06113646195659578, 0.05502378628936286, 0.05482104487015729, 0.05097073397096413, 0.046713467979051945]",[],,,,,,,,,,,,,,,,,,,,,,,,
Q0685,Welche beiden Strukturtypen werden im Parsing als gängige Repräsentationen von Syntax behandelt?,not_answerable_from_source,0,[],0.16855149149922638,0.1314258492490046,0.037125642250221774,"[""PO25CL-PLAN-S04-M02"", ""PO25CL-APP-R07-M09"", ""PO25CL-APP-R07-M04"", ""PO25CL-GEN-C03-P18-A03"", ""PO25CL-PLAN-S01-M04"", ""PO25CL-GEN-C03-P17-A05"", ""PO25CL-GEN-C03-P11-A04"", ""PO25CL-GEN-C03-P15-A07"", ""PO25CL-GEN-C03-P19-A05"", ""PO25CL-GEN-C04-P28-A04""]","[0.16855149149922638, 0.1314258492490046, 0.092047798710922, 0.09112652943824687, 0.07290656991768586, 0.046746403629183385, 0.04469324267896792, 0.040160059910181144, 0.039466010160866774, 0.037996989240875696]",[],,,,,,,,,,,,,,,,,,,,,,,,
Q0686,Welche zwei methodischen Grundrichtungen werden im Parsing gegenübergestellt?,not_answerable_from_source,0,[],0.20066636212963315,0.15646700497287727,0.04419935715675588,"[""PO25CL-PLAN-S04-M02"", ""PO25CL-APP-R07-M09"", ""PO25CL-GEN-C03-P14-A10"", ""PO25CL-GEN-C03-P12-A02"", ""PO25CL-GEN-C03-P15-A07"", ""PO25CL-GEN-C03-P11-A04"", ""PO25CL-GEN-C04-P24-A01"", ""PO25CL-GEN-C04-P24-A03"", ""PO25CL-PLAN-INTRO"", ""PO25CL-GEN-C04-P25-A06""]","[0.20066636212963315, 0.15646700497287727, 0.06060222728428429, 0.050326754163730114, 0.04781193600485678, 0.046608738992596155, 0.042001583133217085, 0.03671490241079556, 0.03232958339811798, 0.03188167018270034]",[],,,,,,,,,,,,,,,,,,,,,,,,
Q0687,Welche vier Themen werden in Einführung in Prolog neben dem logischen Programmierparadigma ausdrücklich behandelt?,not_answerable_from_source,0,[],0.19269811580249,0.08655128256598676,0.10614683323650323,"[""PO25CL-PLAN-S04-M03"", ""PO25CL-PLAN-S01-M02"", ""PO25CL-PLAN-S01-M03"", ""PO25CL-GEN-C03-P21-A02"", ""PO25CL-GEN-C03-P11-A08"", ""PO25CL-GEN-C02-P09-A01"", ""PO25CL-GEN-C03-P14-A10"", ""PO25CL-PLAN-S01-M01"", ""PO25CL-GEN-C01-P02-A02"", ""PO25CL-GEN-C01-P05-A03""]","[0.19269811580249, 0.08655128256598676, 0.08592328564913083, 0.07002886396948564, 0.05988025505513164, 0.04778934038268318, 0.044712850179461604, 0.042603910596983936, 0.04097524457601262, 0.04033664302854436]",[],,,,,,,,,,,,,,,,,,,,,,,,
Q0688,Welche Speicherbereiche werden in Objektorientierter Programmierung bei Programmstrukturen im Speicher thematisiert?,not_answerable_from_source,0,[],0.13812845348960592,0.12413657330974306,0.013991880179862859,"[""PO25CL-PLAN-S01-M03"", ""PO25CL-PLAN-S03-M04"", ""PO25CL-APP-R07-M10"", ""PO25CL-APP-R07-M03"", ""PO25CL-PLAN-S02-M02"", ""PO25CL-APP-R07-M11"", ""PO25CL-GEN-C03-P11-A08"", ""PO25CL-PLAN-S04-M03"", ""PO25CL-GEN-C01-P02-A02"", ""PO25CL-GEN-C01-P05-A03""]","[0.13812845348960592, 0.12413657330974306, 0.11297757392580056, 0.11064013542188114, 0.11025559410447087, 0.10831936254701878, 0.09515380644102729, 0.08968262561694268, 0.08650919966550233, 0.07439165341617844]",[],,,,,,,,,,,,,,,,,,,,,,,,
Q0689,Welche Such- und Sortieralgorithmen werden in Objektorientierter Programmierung beispielhaft genannt?,not_answerable_from_source,0,[],0.12392937030222616,0.11162423812038946,0.012305132181836695,"[""PO25CL-PLAN-S01-M03"", ""PO25CL-APP-R07-M10"", ""PO25CL-PLAN-S03-M04"", ""PO25CL-APP-R07-M03"", ""PO25CL-APP-R07-M11"", ""PO25CL-PLAN-S02-M02"", ""PO25CL-GEN-C03-P11-A08"", ""PO25CL-PLAN-S04-M03"", ""PO25CL-GEN-C01-P02-A02"", ""PO25CL-GEN-C03-P21-A02""]","[0.12392937030222616, 0.11162423812038946, 0.11137580254534768, 0.10931479932570773, 0.10702182652583937, 0.09892173556184145, 0.08501184533142747, 0.08046359051282903, 0.0724661892570978, 0.06884016112305509]",[],,,,,,,,,,,,,,,,,,,,,,,,
Q0690,Welche Themen aus Linguistik werden als mögliche Inhalte des Vertiefungsmoduls – Interdisziplinär beispielhaft genannt?,not_answerable_from_source,0,[],0.09794605378645406,0.08487691579413492,0.013069137992319138,"[""PO25CL-APP-R07-M13"", ""PO25CL-PLAN-S04-M04"", ""PO25CL-PLAN-S05-M02"", ""PO25CL-APP-R07-M08"", ""PO25CL-APP-R07-M04"", ""PO25CL-APP-R07-M05"", ""PO25CL-GEN-C02-P07-A01"", ""PO25CL-GEN-C03-P18-A06"", ""PO25CL-PLAN-S01-M04"", ""PO25CL-PLAN-S02-M03""]","[0.09794605378645406, 0.08487691579413492, 0.07652460409660593, 0.06227245212771176, 0.04970248327697071, 0.04970248327697071, 0.0420902377949952, 0.039510856606830194, 0.0393669117878113, 0.0393669117878113]",[],,,,,,,,,,,,,,,,,,,,,,,,
Q0691,Welche Gruppengröße ist für das Tutorium zu Morphologie und Syntax vorgesehen?,not_answerable_from_source,0,[],0.3971158572758016,0.3410857412885509,0.05603011598725072,"[""PO25CL-APP-R07-M04"", ""PO25CL-PLAN-S01-M04"", ""PO25CL-GEN-C03-P21-A02"", ""PO25CL-GEN-C03-P20-A02"", ""PO25CL-GEN-C04-P25-A02"", ""PO25CL-GEN-C02-P08-U01"", ""PO25CL-GEN-C03-P19-A08"", ""PO25CL-GEN-C03-P12-A03"", ""PO25CL-GEN-C02-P09-A01"", ""PO25CL-GEN-C03-P15-A03""]","[0.3971158572758016, 0.3410857412885509, 0.06839414050708818, 0.05456168733225097, 0.04751007698097538, 0.04741468600967148, 0.046058959315084344, 0.04539790035515588, 0.044932701070992224, 0.04421632681328621]",[],,,,,,,,,,,,,,,,,,,,,,,,
Q0692,Für wie viele Studierende ist die Vorlesung Semantik und Pragmatik ungefähr ausgelegt?,not_answerable_from_source,0,[],0.4267434286314312,0.3629975085300242,0.063745920101407,"[""PO25CL-APP-R07-M05"", ""PO25CL-PLAN-S02-M03"", ""PO25CL-GEN-C02-P08-U01"", ""PO25CL-GEN-C02-P07-A02"", ""PO25CL-PLAN-S03-M04"", ""PO25CL-GEN-C03-P18-A03"", ""PO25CL-GEN-C04-P27-A01-02"", ""PO25CL-GEN-C01-P05-A03"", ""PO25CL-PLAN-INTRO"", ""PO25CL-GEN-C03-P14-A09""]","[0.4267434286314312, 0.3629975085300242, 0.05988491924986852, 0.05214832768791445, 0.051264546224312105, 0.05101720852173461, 0.05050315810574374, 0.0500068861258948, 0.048014816336875654, 0.046422820708624066]",[],,,,,,,,,,,,,,,,,,,,,,,,
Q0693,Ist die Teilnehmerzahl der Vorlesung Programmierung im Aufbaumodul – Objektorientierte Programmierung begrenzt?,not_answerable_from_source,0,[],0.5500113580162005,0.4285790173725227,0.1214323406436778,"[""PO25CL-APP-R07-M11"", ""PO25CL-PLAN-S03-M04"", ""PO25CL-APP-R07-M10"", ""PO25CL-PLAN-S01-M03"", ""PO25CL-APP-R07-M03"", ""PO25CL-PLAN-S04-M03"", ""PO25CL-PLAN-S02-M02"", ""PO25CL-APP-R07-M09"", ""PO25CL-APP-R07-M08"", ""PO25CL-APP-R07-M07""]","[0.5500113580162005, 0.4285790173725227, 0.18684281151348936, 0.14623208851371886, 0.1319685157658176, 0.12942415864913, 0.1243685663782853, 0.06744740918385057, 0.059185560737603865, 0.05753084256253502]",[],,,,,,,,,,,,,,,,,,,,,,,,
Q0694,Wie groß sollen die Seminare im Vertiefungsmodul – Computerlinguistik 1 ungefähr sein?,not_answerable_from_source,0,[],0.2425880745182425,0.24192576477216815,0.000662309746074341,"[""PO25CL-APP-R07-M15"", ""PO25CL-APP-R07-M14"", ""PO25CL-PLAN-S06-M01"", ""PO25CL-PLAN-S05-M03"", ""PO25CL-APP-R07-M13"", ""PO25CL-PLAN-S04-M04"", ""PO25CL-PLAN-S05-M02"", ""PO25CL-GEN-C03-P15-A06"", ""PO25CL-GEN-C01-P01-A01"", ""PO25CL-GEN-C04-P29-U01""]","[0.2425880745182425, 0.24192576477216815, 0.18501560418231883, 0.15054897788072125, 0.09765534170214765, 0.08462499400508756, 0.07629747266764454, 0.0647500752798418, 0.06253643601327412, 0.062219983351404606]",[],,,,,,,,,,,,,,,,,,,,,,,,
Q0695,Welche ungefähre Gruppengröße ist für das Forschungskolloquium Computerlinguistik vorgesehen?,not_answerable_from_source,0,[],0.15826322084982805,0.14219188270776414,0.016071338142063907,"[""PO25CL-PLAN-S06-M02"", ""PO25CL-APP-R07-M16"", ""PO25CL-GEN-C03-P21-A02"", ""PO25CL-GEN-C03-P20-A02"", ""PO25CL-GEN-C02-P08-U01"", ""PO25CL-PLAN-INTRO"", ""PO25CL-GEN-C04-P25-A02"", ""PO25CL-APP-R08"", ""PO25CL-GEN-C03-P15-A03"", ""PO25CL-GEN-C03-P19-A08""]","[0.15826322084982805, 0.14219188270776414, 0.08550582351419352, 0.06351508713547248, 0.061047978322399055, 0.060063620553947795, 0.056228028052380946, 0.054197027620286026, 0.05201318486375437, 0.048560519350608365]",[],,,,,,,,,,,,,,,,,,,,,,,,
Q0696,In welchem Turnus wird das Orientierungsseminar im Modul Praktikum & Orientierung angeboten?,not_answerable_from_source,0,[],0.43138234027538647,0.3849691359154819,0.04641320435990459,"[""PO25CL-PLAN-S04-M05"", ""PO25CL-PLAN-S05-M01"", ""PO25CL-APP-R07-M12"", ""PO25CL-APP-R14"", ""PO25CL-GEN-C01-P04-A01"", ""PO25CL-GEN-C03-P21-A02"", ""PO25CL-GEN-C02-P07-A05"", ""PO25CL-GEN-C01-P05-A02"", ""PO25CL-GEN-C03-P14-A07"", ""PO25CL-GEN-C03-P16-A01""]","[0.43138234027538647, 0.3849691359154819, 0.22120970993764616, 0.09076945669621272, 0.054002875382434784, 0.05391539600404659, 0.05204438101236977, 0.039336203504866274, 0.03637133692641175, 0.036056430853842344]",[],,,,,,,,,,,,,,,,,,,,,,,,
Q0697,Wie häufig findet Deep Learning regulär statt?,not_answerable_from_source,0,[],0.15707642992380672,0.094143392982203,0.06293303694160371,"[""PO25CL-PLAN-S04-M01"", ""PO25CL-GEN-C01-P03-A03"", ""PO25CL-GEN-C02-P07-A05"", ""PO25CL-GEN-C01-P05-A03"", ""PO25CL-GEN-C03-P15-A10"", ""PO25CL-PLAN-INTRO"", ""PO25CL-GEN-C03-P18-A03"", ""PO25CL-FRONT-TITLE"", ""PO25CL-FRONT-PREAMBLE"", ""PO25CL-GEN-C01-P01-A01""]","[0.15707642992380672, 0.094143392982203, 0.06886092974804606, 0.04878490014419131, 0.02919461622354355, 0.022011108146326144, 0.01454682585880864, 0.0, 0.0, 0.0]",[],,,,,,,,,,,,,,,,,,,,,,,,
Q0698,In welchem Angebotsrhythmus läuft Einführung in Prolog?,not_answerable_from_source,0,[],0.3059937465939995,0.13743855830966034,0.16855518828433919,"[""PO25CL-PLAN-S04-M03"", ""PO25CL-PLAN-S01-M02"", ""PO25CL-PLAN-S01-M03"", ""PO25CL-PLAN-S01-M01"", ""PO25CL-GEN-C03-P11-A08"", ""PO25CL-GEN-C04-P28-A05"", ""PO25CL-GEN-C03-P11-A05"", ""PO25CL-GEN-C02-P09-A02"", ""PO25CL-APP-R07-M06"", ""PO25CL-GEN-C04-P28-A06""]","[0.3059937465939995, 0.13743855830966034, 0.1364413346023191, 0.0676526086870978, 0.05842171239654164, 0.03446791069761566, 0.030246914896645053, 0.030179044455534775, 0.028489477500544293, 0.026010429598964237]",[],,,,,,,,,,,,,,,,,,,,,,,,
Q0699,Wie häufig wird das thematische Seminar im Vertiefungsmodul – Computerlinguistik 2 regulär angeboten?,not_answerable_from_source,0,[],0.2901745232598905,0.28938229381827774,0.0007922294416127795,"[""PO25CL-APP-R07-M15"", ""PO25CL-APP-R07-M14"", ""PO25CL-PLAN-S06-M01"", ""PO25CL-PLAN-S05-M03"", ""PO25CL-PLAN-S04-M04"", ""PO25CL-PLAN-S05-M02"", ""PO25CL-APP-R07-M13"", ""PO25CL-GEN-C01-P04-A01"", ""PO25CL-GEN-C02-P07-A05"", ""PO25CL-GEN-C03-P21-A02""]","[0.2901745232598905, 0.28938229381827774, 0.24605729717344474, 0.21734785598210915, 0.12976814917087925, 0.11699831628822029, 0.11681156329913268, 0.07548874508450244, 0.07275103378294166, 0.06590115301251269]",[],,,,,,,,,,,,,,,,,,,,,,,,
Q0700,In welchem zeitlichen Abstand halten Gäste im Forschungskolloquium Computerlinguistik ihre Vorträge?,not_answerable_from_source,0,[],0.24097553736477184,0.2165049160532695,0.02447062131150235,"[""PO25CL-PLAN-S06-M02"", ""PO25CL-APP-R07-M16"", ""PO25CL-GEN-C04-P30-U01"", ""PO25CL-GEN-C04-P31-A01"", ""PO25CL-PLAN-S05-M03"", ""PO25CL-PLAN-S06-M01"", ""PO25CL-APP-R07-M06"", ""PO25CL-GEN-C04-P25-A05"", ""PO25CL-PLAN-S01-M02"", ""PO25CL-APP-R07-M15""]","[0.24097553736477184, 0.2165049160532695, 0.08190397003056255, 0.07339364455369202, 0.07076567994534384, 0.06789444790073879, 0.0650776300672405, 0.06498109633397833, 0.06315106753204681, 0.059620506943609326]",[],,,,,,,,,,,,,,,,,,,,,,,,
Q0701,Wie werden die Gastvorträge im Forschungskolloquium in der jeweils vorhergehenden Woche vorbereitet?,not_answerable_from_source,0,[],0.1433777334297963,0.1351292219036384,0.008248511526157881,"[""PO25CL-PLAN-S06-M02"", ""PO25CL-APP-R07-M16"", ""PO25CL-GEN-C01-P05-A03"", ""PO25CL-GEN-C04-P28-A06"", ""PO25CL-GEN-C03-P17-A01"", ""PO25CL-APP-R07-M06"", ""PO25CL-GEN-C03-P11-A08"", ""PO25CL-GEN-C03-P13-A01"", ""PO25CL-GEN-C03-P11-A09"", ""PO25CL-GEN-C03-P15-A01""]","[0.1433777334297963, 0.1351292219036384, 0.07915909222169266, 0.07157849443009456, 0.07032254164125867, 0.06933252666065974, 0.06904701380066365, 0.06818467212643295, 0.06762750053548962, 0.0655948345436923]",[],,,,,,,,,,,,,,,,,,,,,,,,
Q0702,Wer entscheidet über die Zulassung einer nicht im Vorlesungsverzeichnis zugeordneten Veranstaltung zu Computerlinguistik 1?,not_answerable_from_source,0,[],0.17270558029388394,0.13722942732503354,0.0354761529688504,"[""PO25CL-GEN-C03-P20-A02"", ""PO25CL-GEN-C03-P12-A04"", ""PO25CL-GEN-C04-P24-A02"", ""PO25CL-GEN-C03-P12-A05"", ""PO25CL-GEN-C03-P12-A03"", ""PO25CL-GEN-C04-P24-A05"", ""PO25CL-GEN-C03-P17-A05"", ""PO25CL-GEN-C04-P28-A09"", ""PO25CL-GEN-C03-P19-A10"", ""PO25CL-GEN-C04-P27-A03""]","[0.17270558029388394, 0.13722942732503354, 0.08891796200181211, 0.08774710316782733, 0.08397783819490294, 0.07518759903557039, 0.06934916261256262, 0.06678328752330713, 0.06610535896920317, 0.06484153701831882]",[],,,,,,,,,,,,,,,,,,,,,,,,
Q0703,Sind im Vertiefungsmodul – Interdisziplinär neben Seminaren auch Vorlesungen als Lehrveranstaltungen vorgesehen?,not_answerable_from_source,0,[],0.2879823309646008,0.24955627215745563,0.03842605880714517,"[""PO25CL-APP-R07-M13"", ""PO25CL-PLAN-S04-M04"", ""PO25CL-PLAN-S05-M02"", ""PO25CL-APP-R07-M15"", ""PO25CL-APP-R07-M14"", ""PO25CL-PLAN-S06-M01"", ""PO25CL-GEN-C02-P07-A01"", ""PO25CL-GEN-C02-P08-U01"", ""PO25CL-PLAN-S05-M03"", ""PO25CL-GEN-C03-P11-A02""]","[0.2879823309646008, 0.24955627215745563, 0.22499869072756495, 0.08320574573242089, 0.08297857885112465, 0.06454577332267394, 0.058396403605229644, 0.05433674193296509, 0.05327377600593586, 0.04493034709887629]",[],,,,,,,,,,,,,,,,,,,,,,,,
Q0704,Woran richtet sich die geplante Gruppengröße im Vertiefungsmodul – Interdisziplinär?,not_answerable_from_source,0,[],0.41970154883290123,0.3636999311541923,0.056001617678708926,"[""PO25CL-APP-R07-M13"", ""PO25CL-PLAN-S04-M04"", ""PO25CL-PLAN-S05-M02"", ""PO25CL-APP-R07-M15"", ""PO25CL-APP-R07-M14"", ""PO25CL-PLAN-S06-M01"", ""PO25CL-PLAN-S05-M03"", ""PO25CL-GEN-C03-P17-A01"", ""PO25CL-GEN-C03-P18-A03"", ""PO25CL-GEN-C03-P15-A04""]","[0.41970154883290123, 0.3636999311541923, 0.3279100445761086, 0.12126292692584051, 0.1209318569896947, 0.09406813585890984, 0.07764047963281726, 0.07270329448432106, 0.05944203341248942, 0.052184810526946485]",[],,,,,,,,,,,,,,,,,,,,,,,,
Q0705,Wie viele Stunden Kontaktzeit sind für das Forschungskolloquium Computerlinguistik vorgesehen?,not_answerable_from_source,0,[],0.12597813116174145,0.1131852843238349,0.012792846837906546,"[""PO25CL-PLAN-S06-M02"", ""PO25CL-APP-R07-M16"", ""PO25CL-GEN-C03-P21-A02"", ""PO25CL-GEN-C04-P28-A06"", ""PO25CL-GEN-C04-P25-A02"", ""PO25CL-GEN-C03-P20-A02"", ""PO25CL-GEN-C01-P05-A03"", ""PO25CL-GEN-C02-P08-U01"", ""PO25CL-APP-R08"", ""PO25CL-GEN-C01-P02-A01""]","[0.12597813116174145, 0.1131852843238349, 0.10483228364388104, 0.054172855574586405, 0.05228660439517925, 0.05055825311109029, 0.04407513886917788, 0.04329655456143766, 0.043141041977172265, 0.04213288896762299]",[],,,,,,,,,,,,,,,,,,,,,,,,
Q0706,An welchem konkreten Datum findet meine Klausur in Basiswissen Linguistik – Semantik und Pragmatik statt?,not_answerable_from_source,0,[],0.6458602565971229,0.5221472362192323,0.12371302037789056,"[""PO25CL-APP-R07-M05"", ""PO25CL-PLAN-S02-M03"", ""PO25CL-APP-R07-M04"", ""PO25CL-PLAN-S01-M04"", ""PO25CL-GEN-C01-P03-A03"", ""PO25CL-APP-R07-M08"", ""PO25CL-GEN-C02-P07-A02"", ""PO25CL-GEN-C01-P04-A03"", ""PO25CL-PLAN-S03-M03"", ""PO25CL-GEN-C03-P12-A01""]","[0.6458602565971229, 0.5221472362192323, 0.14823684144917043, 0.12800401044693624, 0.0714612356825314, 0.05372840652811124, 0.03845799288286374, 0.030854851558382346, 0.030456945554232347, 0.025677927929687348]",[],,,,,,,,,,,,,,,,,,,,,,,,
Q0707,In welchem Raum findet die nächste Modulprüfung im Basismodul – Mathematische und logische Grundlagen statt?,not_answerable_from_source,0,[],0.6841723658864546,0.5170903277075404,0.1670820381789142,"[""PO25CL-APP-R07-M01"", ""PO25CL-PLAN-S01-M01"", ""PO25CL-APP-R07-M02"", ""PO25CL-GEN-C01-P03-A03"", ""PO25CL-APP-R07-M10"", ""PO25CL-APP-R07-M08"", ""PO25CL-PLAN-S02-M01"", ""PO25CL-PLAN-S01-M02"", ""PO25CL-PLAN-S04-M03"", ""PO25CL-APP-R07-M06""]","[0.6841723658864546, 0.5170903277075404, 0.08177630634845723, 0.08137889500812488, 0.07580017437072767, 0.07552163973589232, 0.07136166686742043, 0.06979883396286014, 0.054641134152993334, 0.052391618925729314]",[],,,,,,,,,,,,,,,,,,,,,,,,
Q0708,Bin ich derzeit zur Modulprüfung im Vertiefungsmodul – Computerlinguistik 2 angemeldet?,not_answerable_from_source,0,[],0.3177336636677746,0.3168661927398611,0.0008674709279135051,"[""PO25CL-APP-R07-M15"", ""PO25CL-APP-R07-M14"", ""PO25CL-PLAN-S06-M01"", ""PO25CL-PLAN-S05-M03"", ""PO25CL-PLAN-S05-M02"", ""PO25CL-APP-R07-M13"", ""PO25CL-PLAN-S04-M04"", ""PO25CL-GEN-C02-P07-A04"", ""PO25CL-PLAN-LEGEND"", ""PO25CL-APP-R09""]","[0.3177336636677746, 0.3168661927398611, 0.271248143294626, 0.197183964621819, 0.13000440634834526, 0.12790566707523152, 0.11083895791867523, 0.07634368869308361, 0.05354601816500439, 0.048737605955650104]",[],,,,,,,,,,,,,,,,,,,,,,,,
Q0709,Wer ist für meine konkrete Prüfung im Aufbaumodul – Objektorientierte Programmierung als Prüferin oder Prüfer eingeteilt?,not_answerable_from_source,0,[],0.42548303965247475,0.27471494586644013,0.15076809378603462,"[""PO25CL-APP-R07-M11"", ""PO25CL-PLAN-S03-M04"", ""PO25CL-GEN-C03-P13-A01"", ""PO25CL-APP-R07-M10"", ""PO25CL-GEN-C04-P25-A03"", ""PO25CL-GEN-C03-P16-A02"", ""PO25CL-PLAN-S04-M03"", ""PO25CL-GEN-C03-P11-A07"", ""PO25CL-PLAN-S01-M03"", ""PO25CL-GEN-C03-P17-A05""]","[0.42548303965247475, 0.27471494586644013, 0.10911506786975526, 0.10224745664979559, 0.07829980048196392, 0.0738863096127172, 0.07371270939693017, 0.06806906114572465, 0.06246825049160554, 0.05887977959132708]",[],,,,,,,,,,,,,,,,,,,,,,,,
Q0710,Ist meine Note für die Modulprüfung in Grundlagen der Computerlinguistik und formale Grammatikbeschreibung bereits verbucht?,not_answerable_from_source,0,[],0.6331284724024232,0.4968537974127879,0.1362746749896353,"[""PO25CL-APP-R07-M02"", ""PO25CL-PLAN-S02-M01"", ""PO25CL-PLAN-S01-M02"", ""PO25CL-APP-R07-M06"", ""PO25CL-PLAN-S02-M04"", ""PO25CL-PLAN-S03-M01"", ""PO25CL-PLAN-S01-M01"", ""PO25CL-GEN-C04-P24-A01"", ""PO25CL-APP-R10"", ""PO25CL-APP-R07-M01""]","[0.6331284724024232, 0.4968537974127879, 0.49356651592739764, 0.08599368789245466, 0.06958104489900388, 0.06876563937249011, 0.06283573988077869, 0.06006906759902624, 0.0600215017555081, 0.05894268706248923]",[],,,,,,,,,,,,,,,,,,,,,,,,
Q0711,Welcher Tutoriumsgruppe zu Morphologie und Syntax bin ich persönlich zugeteilt?,not_answerable_from_source,0,[],0.4968129127343385,0.3883886706772149,0.10842424205712359,"[""PO25CL-APP-R07-M04"", ""PO25CL-PLAN-S01-M04"", ""PO25CL-PLAN-INTRO"", ""PO25CL-GEN-C03-P12-A03"", ""PO25CL-GEN-C02-P07-A02"", ""PO25CL-GEN-C03-P17-A06"", ""PO25CL-GEN-C03-P18-A06"", ""PO25CL-GEN-C01-P05-A01"", ""PO25CL-GEN-C01-P01-A01"", ""PO25CL-GEN-C04-P25-A01""]","[0.4968129127343385, 0.3883886706772149, 0.03491046969861382, 0.03118801655510258, 0.019807835176244112, 0.019751696146521242, 0.019679297254441848, 0.019569625833101505, 0.018533021982394808, 0.01769084370687879]",[],,,,,,,,,,,,,,,,,,,,,,,,
Q0712,Wie viele Sitzungen der Übung zu Parsing wurden bei mir als anwesend erfasst?,not_answerable_from_source,0,[],0.19585397256606638,0.14477597559866429,0.05107799696740209,"[""PO25CL-PLAN-S04-M02"", ""PO25CL-APP-R07-M09"", ""PO25CL-GEN-C04-P24-A03"", ""PO25CL-GEN-C04-P24-A05"", ""PO25CL-GEN-C04-P28-A03"", ""PO25CL-GEN-C03-P19-A06"", ""PO25CL-GEN-C01-P05-A03"", ""PO25CL-GEN-C03-P17-A05"", ""PO25CL-GEN-C03-P18-A03"", ""PO25CL-PLAN-INTRO""]","[0.19585397256606638, 0.14477597559866429, 0.06106740307769195, 0.056819352215252965, 0.049313597055770604, 0.047785406601255784, 0.04735862837280392, 0.0460572431205613, 0.04496044610414085, 0.044160739417780495]",[],,,,,,,,,,,,,,,,,,,,,,,,
Q0713,Ist mein gewählter Praktikumsplatz für Praktikum & Orientierung bereits bestätigt worden?,not_answerable_from_source,0,[],0.3826653823450331,0.36355575233092363,0.01910963001410948,"[""PO25CL-PLAN-S05-M01"", ""PO25CL-PLAN-S04-M05"", ""PO25CL-APP-R07-M12"", ""PO25CL-APP-R14"", ""PO25CL-GEN-C04-P28-A07"", ""PO25CL-GEN-C03-P23-U01"", ""PO25CL-GEN-C03-P21-A02"", ""PO25CL-GEN-C03-P19-A01"", ""PO25CL-APP-R08"", ""PO25CL-GEN-C03-P18-A01""]","[0.3826653823450331, 0.36355575233092363, 0.22538958306371634, 0.10482029981913324, 0.09351293704509109, 0.0659181653159599, 0.05542400130613321, 0.045040329543697175, 0.041931400342903956, 0.03589615692489193]",[],,,,,,,,,,,,,,,,,,,,,,,,
Q0714,Wurde mein eingereichter Praktikumsbericht bereits als Leistungsnachweis akzeptiert?,not_answerable_from_source,0,[],0.12028259824283795,0.05659801206898332,0.06368458617385463,"[""PO25CL-GEN-C02-P09-A04"", ""PO25CL-GEN-C03-P19-A06"", ""PO25CL-GEN-C04-P28-A07"", ""PO25CL-GEN-C03-P17-A03"", ""PO25CL-GEN-C03-P19-A05"", ""PO25CL-GEN-C03-P15-A06"", ""PO25CL-GEN-C03-P17-A05"", ""PO25CL-GEN-C02-P07-A03"", ""PO25CL-GEN-C03-P14-A09"", ""PO25CL-GEN-C03-P11-A01""]","[0.12028259824283795, 0.05659801206898332, 0.04832800086236258, 0.03943866632401545, 0.03854190362750012, 0.03720259120263537, 0.03714530692155891, 0.03643597218159915, 0.03480223821994282, 0.034555512064797685]",[],,,,,,,,,,,,,,,,,,,,,,,,
Q0715,Ist meine extern gewählte Veranstaltung schon für das Vertiefungsmodul – Computerlinguistik 1 genehmigt?,not_answerable_from_source,0,[],0.2943846242879909,0.2935809005017018,0.0008037237862890678,"[""PO25CL-APP-R07-M15"", ""PO25CL-APP-R07-M14"", ""PO25CL-PLAN-S06-M01"", ""PO25CL-PLAN-S05-M03"", ""PO25CL-APP-R07-M13"", ""PO25CL-PLAN-S04-M04"", ""PO25CL-GEN-C03-P15-A03"", ""PO25CL-PLAN-S05-M02"", ""PO25CL-GEN-C03-P21-A02"", ""PO25CL-GEN-C03-P20-A02""]","[0.2943846242879909, 0.2935809005017018, 0.21606855041451722, 0.1699681493042572, 0.11850636571395125, 0.10269382415040272, 0.09650065090276622, 0.09258823983822317, 0.09046158638655331, 0.06719630670303119]",[],,,,,,,,,,,,,,,,,,,,,,,,
Q0716,Welches konkrete Abgabedatum wurde für meine Hausarbeit im Aufbaumodul – Maschinelles Lernen festgelegt?,not_answerable_from_source,0,[],0.4898611287106925,0.39895863791843966,0.09090249079225282,"[""PO25CL-APP-R07-M07"", ""PO25CL-PLAN-S03-M02"", ""PO25CL-PLAN-S04-M01"", ""PO25CL-GEN-C03-P14-A05"", ""PO25CL-APP-R07-M09"", ""PO25CL-APP-R07-M10"", ""PO25CL-APP-R07-M08"", ""PO25CL-APP-R07-M11"", ""PO25CL-GEN-C02-P08-U01"", ""PO25CL-PLAN-S04-M02""]","[0.4898611287106925, 0.39895863791843966, 0.39155013644167164, 0.0791452200509539, 0.06283772521414617, 0.05534389785794565, 0.055140531671677595, 0.0530619974259419, 0.04904431427012023, 0.040294174881822575]",[],,,,,,,,,,,,,,,,,,,,,,,,
Q0717,Wer hält den nächsten Gastvortrag im Forschungskolloquium Computerlinguistik?,not_answerable_from_source,0,[],0.23071057327185457,0.20728234012904717,0.023428233142807398,"[""PO25CL-PLAN-S06-M02"", ""PO25CL-APP-R07-M16"", ""PO25CL-GEN-C03-P17-A05"", ""PO25CL-PLAN-S05-M03"", ""PO25CL-PLAN-S06-M01"", ""PO25CL-APP-R07-M15"", ""PO25CL-APP-R07-M14"", ""PO25CL-GEN-C03-P11-A04"", ""PO25CL-PLAN-S02-SUM"", ""PO25CL-PLAN-S03-SUM""]","[0.23071057327185457, 0.20728234012904717, 0.0789468214937684, 0.06775123635661455, 0.06500231172197571, 0.057080820261424366, 0.056924979197727654, 0.0558086248431323, 0.05115151796745866, 0.05115151796745866]",[],,,,,,,,,,,,,,,,,,,,,,,,
Q0718,Wer wurde als Zweitgutachterin oder Zweitgutachter meiner Bachelorarbeit bestellt?,not_answerable_from_source,0,[],0.1861741804752165,0.076503593142024,0.1096705873331925,"[""PO25CL-GEN-C03-P16-A02"", ""PO25CL-GEN-C03-P19-A06"", ""PO25CL-GEN-C03-P17-A05"", ""PO25CL-GEN-C04-P25-A06"", ""PO25CL-GEN-C03-P15-A03"", ""PO25CL-GEN-C04-P25-A04"", ""PO25CL-GEN-C03-P15-A09"", ""PO25CL-GEN-C03-P16-A03"", ""PO25CL-GEN-C03-P15-A01"", ""PO25CL-GEN-C03-P18-A03""]","[0.1861741804752165, 0.076503593142024, 0.06347109436587368, 0.05481971252556132, 0.05480627482424179, 0.049397739147724655, 0.04681814865808226, 0.045719950610132634, 0.045068908465558354, 0.04348148680577037]",[],,,,,,,,,,,,,,,,,,,,,,,,
Q0719,Welches konkrete Thema wurde für meine Bachelorarbeit im Studiengang Computerlinguistik ausgegeben?,not_answerable_from_source,0,[],0.18169598447509092,0.08192627459757652,0.09976970987751439,"[""PO25CL-APP-R01"", ""PO25CL-GEN-C03-P15-A03"", ""PO25CL-PLAN-S06-SUM"", ""PO25CL-GEN-C03-P15-A05"", ""PO25CL-GEN-C03-P19-A06"", ""PO25CL-GEN-C03-P15-A06"", ""PO25CL-GEN-C03-P15-A02"", ""PO25CL-GEN-C03-P15-A01"", ""PO25CL-PLAN-S06-M01"", ""PO25CL-PLAN-S05-M03""]","[0.18169598447509092, 0.08192627459757652, 0.07518744803738811, 0.07447850091946517, 0.06963308890812578, 0.06823199422622453, 0.06681740571951704, 0.06297797592700298, 0.05766893658876904, 0.056312556970331634]",[],,,,,,,,,,,,,,,,,,,,,,,,
Q0720,Ist meinem persönlichen Antrag auf Fristverlängerung für die Bachelorarbeit bereits stattgegeben worden?,not_answerable_from_source,0,[],0.1619714375787118,0.11780185577229411,0.04416958180641768,"[""PO25CL-GEN-C04-P25-A03"", ""PO25CL-GEN-C03-P15-A02"", ""PO25CL-GEN-C04-P27-A03"", ""PO25CL-GEN-C03-P23-U01"", ""PO25CL-APP-R10"", ""PO25CL-GEN-C04-P27-A01-02"", ""PO25CL-GEN-C04-P28-A07"", ""PO25CL-GEN-C03-P19-A01"", ""PO25CL-GEN-C03-P16-A01"", ""PO25CL-GEN-C01-P03-A05""]","[0.1619714375787118, 0.11780185577229411, 0.10184439435989234, 0.08875452080417856, 0.08481486246831266, 0.08157432740446319, 0.07558230506995345, 0.06826423123977797, 0.06555639371552378, 0.06294264344465597]",[],,,,,,,,,,,,,,,,,,,,,,,,
