question_id,question,mapping_status,gold_size,gold_chunk_ids,best_score,second_best_score,top1_gap,top_chunk_ids,top_scores,gold_chunk_ranks,best_gold_rank,worst_gold_rank,mean_gold_rank,mrr,best_gold_score,worst_gold_score,best_non_gold_score,best_gold_margin,complete_gold_margin,recall_at_1,hit_at_1,all_gold_at_1,recall_at_2,hit_at_2,all_gold_at_2,recall_at_3,hit_at_3,all_gold_at_3,recall_at_5,hit_at_5,all_gold_at_5,recall_at_10,hit_at_10,all_gold_at_10
Q0001,Welche fachlichen Grundlagen soll das Studium vermitteln?,fully_answerable,1,"[""PO25CL-GEN-C01-P01-A01""]",0.86406010389328,0.8468317985534668,0.017228305339813232,"[""PO25CL-GEN-C01-P01-A01"", ""PO25CL-GEN-C01-P05-A01"", ""PO25CL-GEN-C02-P09-A02"", ""PO25CL-GEN-C01-P01-A02"", ""PO25CL-GEN-C04-P31-A01"", ""PO25CL-GEN-C02-P06-U01"", ""PO25CL-GEN-C02-P09-A03"", ""PO25CL-PLAN-S03-M02"", ""PO25CL-PLAN-S01-M02"", ""PO25CL-GEN-C01-P05-A02""]","[0.86406010389328, 0.8468317985534668, 0.841212272644043, 0.8392235636711121, 0.8389956951141357, 0.8380464911460876, 0.8353838920593262, 0.8347547650337219, 0.8326340913772583, 0.8314275741577148]",[1],1.0,1.0,1.0,1.0,0.86406010389328,0.86406010389328,0.8468317985534668,0.017228305339813232,0.017228305339813232,1.0,1.0,1.0,1.0,1.0,1.0,1.0,1.0,1.0,1.0,1.0,1.0,1.0,1.0,1.0
Q0002,Welche Art von Forschungsergebnissen soll das Studium vermitteln?,fully_answerable,1,"[""PO25CL-GEN-C01-P01-A01""]",0.8669719696044922,0.8377739191055298,0.029198050498962402,"[""PO25CL-GEN-C01-P01-A01"", ""PO25CL-GEN-C02-P07-A02"", ""PO25CL-GEN-C02-P07-A04"", ""PO25CL-GEN-C01-P01-A02"", ""PO25CL-GEN-C02-P07-A03"", ""PO25CL-GEN-C02-P07-A01"", ""PO25CL-GEN-C01-P03-A03"", ""PO25CL-GEN-C01-P04-A01"", ""PO25CL-GEN-C02-P07-A05"", ""PO25CL-GEN-C03-P15-A06""]","[0.8669719696044922, 0.8377739191055298, 0.830674409866333, 0.8303177356719971, 0.8271453380584717, 0.8269049525260925, 0.8246538043022156, 0.8241647481918335, 0.8236867785453796, 0.8231110572814941]",[1],1.0,1.0,1.0,1.0,0.8669719696044922,0.8669719696044922,0.8377739191055298,0.029198050498962402,0.029198050498962402,1.0,1.0,1.0,1.0,1.0,1.0,1.0,1.0,1.0,1.0,1.0,1.0,1.0,1.0,1.0
Q0003,In der Anwendung welcher Methoden bildet das Studium aus?,fully_answerable,1,"[""PO25CL-GEN-C01-P01-A01""]",0.8457609415054321,0.8396002054214478,0.006160736083984375,"[""PO25CL-GEN-C01-P01-A01"", ""PO25CL-PLAN-S03-M01"", ""PO25CL-PLAN-S02-M04"", ""PO25CL-GEN-C01-P04-A03"", ""PO25CL-GEN-C01-P04-A02"", ""PO25CL-APP-R07-M06"", ""PO25CL-GEN-C01-P03-A03"", ""PO25CL-GEN-C02-P07-A05"", ""PO25CL-PLAN-S02-PBB"", ""PO25CL-PLAN-S04-PBB""]","[0.8457609415054321, 0.8396002054214478, 0.8353258967399597, 0.8277093172073364, 0.8275173902511597, 0.824726939201355, 0.8242923021316528, 0.8239537477493286, 0.8233306407928467, 0.823063850402832]",[1],1.0,1.0,1.0,1.0,0.8457609415054321,0.8457609415054321,0.8396002054214478,0.006160736083984375,0.006160736083984375,1.0,1.0,1.0,1.0,1.0,1.0,1.0,1.0,1.0,1.0,1.0,1.0,1.0,1.0,1.0
Q0004,Welche Form der Aneignung wissenschaftlicher Theorien sollen Studierende lernen?,fully_answerable,1,"[""PO25CL-GEN-C01-P01-A01""]",0.8184815645217896,0.8043223023414612,0.01415926218032837,"[""PO25CL-GEN-C01-P01-A01"", ""PO25CL-FRONT-TITLE"", ""PO25CL-GEN-C01-P03-A03"", ""PO25CL-GEN-C02-P07-A05"", ""PO25CL-GEN-C02-P07-A01"", ""PO25CL-GEN-C02-P08-U01"", ""PO25CL-GEN-C03-P14-A09"", ""PO25CL-GEN-C03-P15-A01"", ""PO25CL-GEN-C02-P07-A03"", ""PO25CL-GEN-C03-P11-A02""]","[0.8184815645217896, 0.8043223023414612, 0.8013637661933899, 0.7921789884567261, 0.7890022397041321, 0.78900146484375, 0.788260817527771, 0.7868475317955017, 0.7864332795143127, 0.7863393425941467]",[1],1.0,1.0,1.0,1.0,0.8184815645217896,0.8184815645217896,0.8043223023414612,0.01415926218032837,0.01415926218032837,1.0,1.0,1.0,1.0,1.0,1.0,1.0,1.0,1.0,1.0,1.0,1.0,1.0,1.0,1.0
Q0005,Welche Art der Beurteilung wissenschaftlicher Methoden sollen Studierende lernen?,fully_answerable,1,"[""PO25CL-GEN-C01-P01-A01""]",0.8261731266975403,0.8124969601631165,0.013676166534423828,"[""PO25CL-GEN-C01-P01-A01"", ""PO25CL-GEN-C03-P11-A09"", ""PO25CL-PLAN-S03-M01"", ""PO25CL-GEN-C03-P15-A06"", ""PO25CL-GEN-C03-P14-A04"", ""PO25CL-PLAN-S02-M04"", ""PO25CL-PLAN-INTRO"", ""PO25CL-GEN-C03-P11-A05"", ""PO25CL-GEN-C01-P03-A03"", ""PO25CL-GEN-C03-P14-A09""]","[0.8261731266975403, 0.8124969601631165, 0.8109039068222046, 0.8084746599197388, 0.8076536655426025, 0.8072229623794556, 0.8070312738418579, 0.8069167733192444, 0.8053533434867859, 0.8040610551834106]",[1],1.0,1.0,1.0,1.0,0.8261731266975403,0.8261731266975403,0.8124969601631165,0.013676166534423828,0.013676166534423828,1.0,1.0,1.0,1.0,1.0,1.0,1.0,1.0,1.0,1.0,1.0,1.0,1.0,1.0,1.0
Q0006,Zu welcher Arbeit auf theoretischem Gebiet sollen Studierende befähigt werden?,fully_answerable,1,"[""PO25CL-GEN-C01-P01-A01""]",0.829547643661499,0.827438235282898,0.0021094083786010742,"[""PO25CL-GEN-C01-P01-A01"", ""PO25CL-GEN-C01-P05-A01"", ""PO25CL-GEN-C02-P07-A03"", ""PO25CL-GEN-C02-P09-A02"", ""PO25CL-GEN-C03-P15-A06"", ""PO25CL-GEN-C02-P07-A01"", ""PO25CL-GEN-C01-P01-A02"", ""PO25CL-FRONT-TITLE"", ""PO25CL-GEN-C02-P07-A04"", ""PO25CL-GEN-C01-P04-A01""]","[0.829547643661499, 0.827438235282898, 0.8231926560401917, 0.8213862180709839, 0.8203107714653015, 0.819214940071106, 0.8157536387443542, 0.8157377243041992, 0.8155390024185181, 0.815072774887085]",[1],1.0,1.0,1.0,1.0,0.829547643661499,0.829547643661499,0.827438235282898,0.0021094083786010742,0.0021094083786010742,1.0,1.0,1.0,1.0,1.0,1.0,1.0,1.0,1.0,1.0,1.0,1.0,1.0,1.0,1.0
Q0007,Zu welcher Arbeit auf empirischem Gebiet sollen Studierende befähigt werden?,fully_answerable,1,"[""PO25CL-GEN-C01-P01-A01""]",0.8251057863235474,0.8153332471847534,0.009772539138793945,"[""PO25CL-GEN-C01-P01-A01"", ""PO25CL-GEN-C02-P09-A02"", ""PO25CL-PLAN-INTRO"", ""PO25CL-GEN-C02-P07-A03"", ""PO25CL-GEN-C04-P31-A02"", ""PO25CL-GEN-C01-P03-A04"", ""PO25CL-FRONT-TITLE"", ""PO25CL-GEN-C02-P07-A01"", ""PO25CL-GEN-C01-P03-A03"", ""PO25CL-GEN-C02-P09-A03""]","[0.8251057863235474, 0.8153332471847534, 0.8141263723373413, 0.8137741088867188, 0.8121235370635986, 0.8117024898529053, 0.810957133769989, 0.809132993221283, 0.8081022500991821, 0.8073281049728394]",[1],1.0,1.0,1.0,1.0,0.8251057863235474,0.8251057863235474,0.8153332471847534,0.009772539138793945,0.009772539138793945,1.0,1.0,1.0,1.0,1.0,1.0,1.0,1.0,1.0,1.0,1.0,1.0,1.0,1.0,1.0
Q0008,Zu welcher Arbeit auf praktischem Gebiet sollen Studierende befähigt werden?,fully_answerable,1,"[""PO25CL-GEN-C01-P01-A01""]",0.8513478636741638,0.8342934846878052,0.017054378986358643,"[""PO25CL-GEN-C02-P09-A02"", ""PO25CL-GEN-C01-P05-A01"", ""PO25CL-GEN-C02-P09-A03"", ""PO25CL-GEN-C02-P09-A05"", ""PO25CL-GEN-C02-P07-A03"", ""PO25CL-GEN-C02-P07-A01"", ""PO25CL-GEN-C01-P01-A01"", ""PO25CL-GEN-C02-P06-U01"", ""PO25CL-GEN-C02-P09-A04"", ""PO25CL-GEN-C01-P01-A02""]","[0.8513478636741638, 0.8342934846878052, 0.8335509300231934, 0.8314254283905029, 0.8306120038032532, 0.8285709619522095, 0.823108434677124, 0.820094645023346, 0.8194331526756287, 0.8193969130516052]",[7],7.0,7.0,7.0,0.14285714285714285,0.823108434677124,0.823108434677124,0.8513478636741638,-0.028239428997039795,-0.028239428997039795,0.0,0.0,0.0,0.0,0.0,0.0,0.0,0.0,0.0,0.0,0.0,0.0,1.0,1.0,1.0
Q0009,Welche Fähigkeit zur Urteilsbildung soll der Bachelorstudiengang fördern?,fully_answerable,1,"[""PO25CL-GEN-C01-P01-A01""]",0.8418435454368591,0.8364002108573914,0.0054433345794677734,"[""PO25CL-GEN-C01-P01-A01"", ""PO25CL-GEN-C01-P01-A02"", ""PO25CL-GEN-C04-P28-A09"", ""PO25CL-GEN-C03-P20-A03"", ""PO25CL-GEN-C01-P04-A02"", ""PO25CL-GEN-C01-P03-A05"", ""PO25CL-GEN-C03-P21-A01"", ""PO25CL-GEN-C03-P21-A03"", ""PO25CL-GEN-C03-P15-A06"", ""PO25CL-GEN-C01-P05-A01""]","[0.8418435454368591, 0.8364002108573914, 0.8287409543991089, 0.8277698755264282, 0.8266503810882568, 0.8257986307144165, 0.8245255947113037, 0.8221592903137207, 0.822092592716217, 0.8207887411117554]",[1],1.0,1.0,1.0,1.0,0.8418435454368591,0.8418435454368591,0.8364002108573914,0.0054433345794677734,0.0054433345794677734,1.0,1.0,1.0,1.0,1.0,1.0,1.0,1.0,1.0,1.0,1.0,1.0,1.0,1.0,1.0
Q0010,Welche Ausdrucksfähigkeit soll der Bachelorstudiengang fördern?,fully_answerable,1,"[""PO25CL-GEN-C01-P01-A01""]",0.8459423780441284,0.8395196199417114,0.006422758102416992,"[""PO25CL-GEN-C03-P15-A07"", ""PO25CL-GEN-C03-P20-A03"", ""PO25CL-GEN-C01-P01-A01"", ""PO25CL-GEN-C03-P15-A10"", ""PO25CL-GEN-C01-P01-A02"", ""PO25CL-GEN-C01-P04-A03"", ""PO25CL-GEN-C03-P15-A08"", ""PO25CL-GEN-C01-P04-A02"", ""PO25CL-PLAN-S06-M02"", ""PO25CL-GEN-C03-P15-A06""]","[0.8459423780441284, 0.8395196199417114, 0.8361916542053223, 0.834128737449646, 0.8321102857589722, 0.8321102857589722, 0.8310770988464355, 0.827807605266571, 0.8264228701591492, 0.8262366056442261]",[3],3.0,3.0,3.0,0.3333333333333333,0.8361916542053223,0.8361916542053223,0.8459423780441284,-0.009750723838806152,-0.009750723838806152,0.0,0.0,0.0,0.0,0.0,0.0,1.0,1.0,1.0,1.0,1.0,1.0,1.0,1.0,1.0
Q0011,Welche Kommunikationsfähigkeit soll der Bachelorstudiengang fördern?,fully_answerable,1,"[""PO25CL-GEN-C01-P01-A01""]",0.8381971120834351,0.8370112776756287,0.0011858344078063965,"[""PO25CL-GEN-C01-P04-A03"", ""PO25CL-GEN-C03-P15-A07"", ""PO25CL-GEN-C01-P01-A01"", ""PO25CL-GEN-C03-P20-A03"", ""PO25CL-PLAN-S06-M02"", ""PO25CL-GEN-C01-P01-A02"", ""PO25CL-PLAN-S04-PBB"", ""PO25CL-GEN-C01-P04-A02"", ""PO25CL-GEN-C01-P04-A01"", ""PO25CL-PLAN-S03-PBB""]","[0.8381971120834351, 0.8370112776756287, 0.8366007208824158, 0.8353829383850098, 0.8342175483703613, 0.8324013948440552, 0.8252054452896118, 0.8250393867492676, 0.8249413967132568, 0.8239701986312866]",[3],3.0,3.0,3.0,0.3333333333333333,0.8366007208824158,0.8366007208824158,0.8381971120834351,-0.0015963912010192871,-0.0015963912010192871,0.0,0.0,0.0,0.0,0.0,0.0,1.0,1.0,1.0,1.0,1.0,1.0,1.0,1.0,1.0
Q0012,Welche Teamfähigkeit soll der Bachelorstudiengang fördern?,fully_answerable,1,"[""PO25CL-GEN-C01-P01-A01""]",0.8481543064117432,0.8349409699440002,0.01321333646774292,"[""PO25CL-GEN-C03-P15-A08"", ""PO25CL-GEN-C01-P01-A01"", ""PO25CL-GEN-C01-P01-A02"", ""PO25CL-GEN-C01-P03-A05"", ""PO25CL-GEN-C03-P19-A06"", ""PO25CL-GEN-C03-P15-A06"", ""PO25CL-GEN-C03-P15-A07"", ""PO25CL-GEN-C03-P15-A10"", ""PO25CL-GEN-C01-P04-A03"", ""PO25CL-GEN-C01-P04-A02""]","[0.8481543064117432, 0.8349409699440002, 0.8329098224639893, 0.8310471773147583, 0.8275516629219055, 0.8254069685935974, 0.8231136798858643, 0.8224229216575623, 0.8217914700508118, 0.8213184475898743]",[2],2.0,2.0,2.0,0.5,0.8349409699440002,0.8349409699440002,0.8481543064117432,-0.01321333646774292,-0.01321333646774292,0.0,0.0,0.0,1.0,1.0,1.0,1.0,1.0,1.0,1.0,1.0,1.0,1.0,1.0,1.0
Q0013,Wann wird die Bachelorprüfung abgelegt?,fully_answerable,1,"[""PO25CL-GEN-C01-P01-A02""]",0.8697317838668823,0.8673666715621948,0.0023651123046875,"[""PO25CL-GEN-C03-P15-A01"", ""PO25CL-GEN-C03-P16-A01"", ""PO25CL-GEN-C03-P16-A03"", ""PO25CL-GEN-C03-P15-A05"", ""PO25CL-GEN-C03-P21-A03"", ""PO25CL-GEN-C03-P23-U01"", ""PO25CL-FRONT-TITLE"", ""PO25CL-GEN-C03-P20-A04"", ""PO25CL-GEN-C01-P01-A02"", ""PO25CL-GEN-C03-P21-A02""]","[0.8697317838668823, 0.8673666715621948, 0.8651955127716064, 0.8625072836875916, 0.8618610501289368, 0.8591309785842896, 0.8583592176437378, 0.8581512570381165, 0.8578815460205078, 0.8556349277496338]",[9],9.0,9.0,9.0,0.1111111111111111,0.8578815460205078,0.8578815460205078,0.8697317838668823,-0.011850237846374512,-0.011850237846374512,0.0,0.0,0.0,0.0,0.0,0.0,0.0,0.0,0.0,0.0,0.0,0.0,1.0,1.0,1.0
Q0014,Als welche Art von Prüfung wird die Bachelorprüfung bezeichnet?,fully_answerable,1,"[""PO25CL-GEN-C01-P01-A02""]",0.8977042436599731,0.8837952613830566,0.013908982276916504,"[""PO25CL-GEN-C03-P10-U01"", ""PO25CL-GEN-C01-P01-A02"", ""PO25CL-GEN-C03-P22-U01"", ""PO25CL-GEN-C03-P21-A03"", ""PO25CL-GEN-C03-P23-U01"", ""PO25CL-GEN-C03-P19-A10"", ""PO25CL-GEN-C03-P19-A09"", ""PO25CL-GEN-C03-P15-A01"", ""PO25CL-GEN-C03-P15-A08"", ""PO25CL-GEN-C03-P16-A03""]","[0.8977042436599731, 0.8837952613830566, 0.8649416565895081, 0.8570221066474915, 0.8569509387016296, 0.8544318675994873, 0.8520439863204956, 0.8518307209014893, 0.8514590263366699, 0.8502622246742249]",[2],2.0,2.0,2.0,0.5,0.8837952613830566,0.8837952613830566,0.8977042436599731,-0.013908982276916504,-0.013908982276916504,0.0,0.0,0.0,1.0,1.0,1.0,1.0,1.0,1.0,1.0,1.0,1.0,1.0,1.0,1.0
Q0015,Wofür steht die Abkürzung LP in der Prüfungsordnung?,fully_answerable,1,"[""PO25CL-GEN-C01-P02-A01""]",0.8567491769790649,0.8443629145622253,0.0123862624168396,"[""PO25CL-PLAN-LEGEND"", ""PO25CL-GEN-C01-P02-A01"", ""PO25CL-GEN-C01-P02-A02"", ""PO25CL-GEN-C03-P11-A08"", ""PO25CL-GEN-C03-P11-A02"", ""PO25CL-GEN-C01-P05-A02"", ""PO25CL-GEN-C03-P11-A05"", ""PO25CL-GEN-C01-P03-A02"", ""PO25CL-GEN-C03-P11-A04"", ""PO25CL-APP-R07-M17""]","[0.8567491769790649, 0.8443629145622253, 0.8313663005828857, 0.8312994241714478, 0.8307172060012817, 0.8290704488754272, 0.8269966840744019, 0.825853705406189, 0.8245714902877808, 0.8213434219360352]",[2],2.0,2.0,2.0,0.5,0.8443629145622253,0.8443629145622253,0.8567491769790649,-0.0123862624168396,-0.0123862624168396,0.0,0.0,0.0,1.0,1.0,1.0,1.0,1.0,1.0,1.0,1.0,1.0,1.0,1.0,1.0
Q0016,Welchem durchschnittlichen Arbeitsaufwand entspricht ein ECTS-Leistungspunkt?,fully_answerable,1,"[""PO25CL-GEN-C01-P02-A01""]",0.9018865823745728,0.8794076442718506,0.022478938102722168,"[""PO25CL-GEN-C01-P02-A01"", ""PO25CL-GEN-C01-P02-A03"", ""PO25CL-GEN-C01-P03-A05"", ""PO25CL-GEN-C01-P02-A02"", ""PO25CL-GEN-C01-P03-A02"", ""PO25CL-GEN-C01-P03-A04"", ""PO25CL-APP-R03"", ""PO25CL-GEN-C03-P21-A01"", ""PO25CL-GEN-C04-P28-A09"", ""PO25CL-GEN-C04-P31-A02""]","[0.9018865823745728, 0.8794076442718506, 0.8773295879364014, 0.8722066283226013, 0.8662257194519043, 0.86620032787323, 0.856981635093689, 0.8498408198356628, 0.8477572798728943, 0.8446865081787109]",[1],1.0,1.0,1.0,1.0,0.9018865823745728,0.9018865823745728,0.8794076442718506,0.022478938102722168,0.022478938102722168,1.0,1.0,1.0,1.0,1.0,1.0,1.0,1.0,1.0,1.0,1.0,1.0,1.0,1.0,1.0
Q0017,Wodurch muss der Erfolg einer mit ECTS-Leistungspunkten bewerteten Arbeit nachgewiesen werden?,fully_answerable,1,"[""PO25CL-GEN-C01-P02-A01""]",0.8941216468811035,0.8834995031356812,0.010622143745422363,"[""PO25CL-GEN-C01-P02-A01"", ""PO25CL-GEN-C01-P02-A03"", ""PO25CL-GEN-C01-P02-A02"", ""PO25CL-GEN-C04-P28-A09"", ""PO25CL-GEN-C04-P28-A03"", ""PO25CL-GEN-C03-P21-A01"", ""PO25CL-GEN-C01-P03-A05"", ""PO25CL-GEN-C03-P18-A08"", ""PO25CL-GEN-C03-P19-A01"", ""PO25CL-GEN-C04-P31-A02""]","[0.8941216468811035, 0.8834995031356812, 0.8734259009361267, 0.8635454773902893, 0.8619180917739868, 0.8583813905715942, 0.8576220273971558, 0.8569345474243164, 0.8554568290710449, 0.8445150256156921]",[1],1.0,1.0,1.0,1.0,0.8941216468811035,0.8941216468811035,0.8834995031356812,0.010622143745422363,0.010622143745422363,1.0,1.0,1.0,1.0,1.0,1.0,1.0,1.0,1.0,1.0,1.0,1.0,1.0,1.0,1.0
Q0018,In welcher Art von Kreditpunktesystem werden Studienleistungen dokumentiert?,fully_answerable,1,"[""PO25CL-GEN-C01-P02-A02""]",0.8945780992507935,0.8363003730773926,0.05827772617340088,"[""PO25CL-GEN-C01-P02-A02"", ""PO25CL-GEN-C01-P02-A01"", ""PO25CL-GEN-C01-P03-A05"", ""PO25CL-GEN-C02-P07-A04"", ""PO25CL-GEN-C02-P07-A02"", ""PO25CL-GEN-C02-P07-A03"", ""PO25CL-GEN-C03-P21-A01"", ""PO25CL-GEN-C04-P31-A02"", ""PO25CL-GEN-C04-P28-A03"", ""PO25CL-GEN-C02-P07-A01""]","[0.8945780992507935, 0.8363003730773926, 0.8340089321136475, 0.8307111263275146, 0.8302182555198669, 0.8288227915763855, 0.8273409605026245, 0.8266369104385376, 0.8259457349777222, 0.825636625289917]",[1],1.0,1.0,1.0,1.0,0.8945780992507935,0.8945780992507935,0.8363003730773926,0.05827772617340088,0.05827772617340088,1.0,1.0,1.0,1.0,1.0,1.0,1.0,1.0,1.0,1.0,1.0,1.0,1.0,1.0,1.0
Q0019,Mit welcher Einheit werden Prüfungsleistungen im Kreditpunktesystem dokumentiert?,fully_answerable,1,"[""PO25CL-GEN-C01-P02-A02""]",0.8885182738304138,0.8510527014732361,0.037465572357177734,"[""PO25CL-GEN-C01-P02-A02"", ""PO25CL-GEN-C01-P02-A01"", ""PO25CL-GEN-C03-P18-A08"", ""PO25CL-GEN-C03-P18-A04"", ""PO25CL-GEN-C03-P21-A01"", ""PO25CL-GEN-C03-P12-A02"", ""PO25CL-GEN-C03-P18-A07"", ""PO25CL-GEN-C04-P31-A02"", ""PO25CL-GEN-C03-P18-A02"", ""PO25CL-GEN-C03-P18-A05""]","[0.8885182738304138, 0.8510527014732361, 0.8394948244094849, 0.8382599353790283, 0.8380554914474487, 0.8325788974761963, 0.8320537805557251, 0.8320494890213013, 0.831345796585083, 0.8303825259208679]",[1],1.0,1.0,1.0,1.0,0.8885182738304138,0.8885182738304138,0.8510527014732361,0.037465572357177734,0.037465572357177734,1.0,1.0,1.0,1.0,1.0,1.0,1.0,1.0,1.0,1.0,1.0,1.0,1.0,1.0,1.0
Q0020,Wann werden ECTS-Leistungspunkte gutgeschrieben?,fully_answerable,1,"[""PO25CL-GEN-C01-P02-A03""]",0.9110760688781738,0.8974485397338867,0.01362752914428711,"[""PO25CL-GEN-C01-P02-A03"", ""PO25CL-GEN-C01-P02-A01"", ""PO25CL-GEN-C01-P02-A02"", ""PO25CL-GEN-C03-P21-A01"", ""PO25CL-GEN-C01-P03-A05"", ""PO25CL-GEN-C04-P28-A03"", ""PO25CL-GEN-C04-P28-A09"", ""PO25CL-GEN-C03-P18-A08"", ""PO25CL-GEN-C03-P19-A01"", ""PO25CL-GEN-C01-P03-A04""]","[0.9110760688781738, 0.8974485397338867, 0.8797016739845276, 0.8648423552513123, 0.8622084856033325, 0.8607185482978821, 0.8595844507217407, 0.8554911613464355, 0.8551007509231567, 0.8538921475410461]",[1],1.0,1.0,1.0,1.0,0.9110760688781738,0.9110760688781738,0.8974485397338867,0.01362752914428711,0.01362752914428711,1.0,1.0,1.0,1.0,1.0,1.0,1.0,1.0,1.0,1.0,1.0,1.0,1.0,1.0,1.0
Q0021,Werden Prüfungsleistungen im akkumulierenden Kreditpunktesystem dokumentiert?,fully_answerable,1,"[""PO25CL-GEN-C01-P02-A02""]",0.9003497362136841,0.8430748581886292,0.05727487802505493,"[""PO25CL-GEN-C01-P02-A02"", ""PO25CL-GEN-C03-P18-A02"", ""PO25CL-GEN-C03-P18-A08"", ""PO25CL-GEN-C01-P02-A01"", ""PO25CL-GEN-C03-P19-A01"", ""PO25CL-GEN-C03-P21-A01"", ""PO25CL-GEN-C03-P18-A04"", ""PO25CL-GEN-C03-P21-A02"", ""PO25CL-GEN-C04-P28-A03"", ""PO25CL-GEN-C03-P12-A02""]","[0.9003497362136841, 0.8430748581886292, 0.8411408066749573, 0.8403071761131287, 0.8375511169433594, 0.8374336957931519, 0.8365451693534851, 0.834478497505188, 0.8343925476074219, 0.8336943984031677]",[1],1.0,1.0,1.0,1.0,0.9003497362136841,0.9003497362136841,0.8430748581886292,0.05727487802505493,0.05727487802505493,1.0,1.0,1.0,1.0,1.0,1.0,1.0,1.0,1.0,1.0,1.0,1.0,1.0,1.0,1.0
Q0022,Wie viele Studienjahre beträgt die reguläre Regelstudienzeit?,fully_answerable,1,"[""PO25CL-GEN-C01-P03-A01""]",0.8939367532730103,0.8530717492103577,0.04086500406265259,"[""PO25CL-GEN-C01-P03-A01"", ""PO25CL-GEN-C01-P03-A02"", ""PO25CL-GEN-C01-P03-A04"", ""PO25CL-PLAN-S05-M01"", ""PO25CL-GEN-C01-P03-A05"", ""PO25CL-GEN-C01-P03-A03"", ""PO25CL-GEN-C02-P09-A01"", ""PO25CL-PLAN-S03-PBB"", ""PO25CL-PLAN-S06-PBB"", ""PO25CL-PLAN-S04-PBB""]","[0.8939367532730103, 0.8530717492103577, 0.8440949320793152, 0.8402092456817627, 0.8366817235946655, 0.8305718302726746, 0.8305196166038513, 0.823232889175415, 0.8224798440933228, 0.8223147988319397]",[1],1.0,1.0,1.0,1.0,0.8939367532730103,0.8939367532730103,0.8530717492103577,0.04086500406265259,0.04086500406265259,1.0,1.0,1.0,1.0,1.0,1.0,1.0,1.0,1.0,1.0,1.0,1.0,1.0,1.0,1.0
Q0023,Wie viele Studienjahre kann die Regelstudienzeit ausnahmsweise betragen?,fully_answerable,1,"[""PO25CL-GEN-C01-P03-A01""]",0.8983619809150696,0.8682295083999634,0.0301324725151062,"[""PO25CL-GEN-C01-P03-A01"", ""PO25CL-GEN-C01-P03-A02"", ""PO25CL-GEN-C01-P03-A04"", ""PO25CL-GEN-C01-P03-A05"", ""PO25CL-GEN-C01-P03-A03"", ""PO25CL-PLAN-S05-M01"", ""PO25CL-GEN-C02-P09-A01"", ""PO25CL-PLAN-S03-PBB"", ""PO25CL-PLAN-S04-PBB"", ""PO25CL-PLAN-S06-PBB""]","[0.8983619809150696, 0.8682295083999634, 0.8503910899162292, 0.8451458811759949, 0.8424949645996094, 0.8421899080276489, 0.8354326486587524, 0.8292883634567261, 0.8290719985961914, 0.8278658390045166]",[1],1.0,1.0,1.0,1.0,0.8983619809150696,0.8983619809150696,0.8682295083999634,0.0301324725151062,0.0301324725151062,1.0,1.0,1.0,1.0,1.0,1.0,1.0,1.0,1.0,1.0,1.0,1.0,1.0,1.0,1.0
Q0024,Wo werden Ausnahmen von der Regelstudienzeit beschrieben?,fully_answerable,1,"[""PO25CL-GEN-C01-P03-A01""]",0.8446027636528015,0.8292452096939087,0.015357553958892822,"[""PO25CL-GEN-C01-P03-A01"", ""PO25CL-GEN-C04-P28-A02"", ""PO25CL-GEN-C01-P03-A03"", ""PO25CL-GEN-C04-P28-A01"", ""PO25CL-GEN-C01-P03-A04"", ""PO25CL-GEN-C01-P03-A05"", ""PO25CL-GEN-C03-P11-A02"", ""PO25CL-GEN-C01-P03-A02"", ""PO25CL-APP-R02"", ""PO25CL-PLAN-S02-M04""]","[0.8446027636528015, 0.8292452096939087, 0.8245331048965454, 0.8244765996932983, 0.8234053254127502, 0.8200885653495789, 0.8176061511039734, 0.8171675801277161, 0.8156322240829468, 0.8155578374862671]",[1],1.0,1.0,1.0,1.0,0.8446027636528015,0.8446027636528015,0.8292452096939087,0.015357553958892822,0.015357553958892822,1.0,1.0,1.0,1.0,1.0,1.0,1.0,1.0,1.0,1.0,1.0,1.0,1.0,1.0,1.0
Q0025,Aus wie vielen Semestern besteht ein Studienjahr?,fully_answerable,1,"[""PO25CL-GEN-C01-P03-A01""]",0.8781737089157104,0.8585014343261719,0.019672274589538574,"[""PO25CL-GEN-C01-P03-A01"", ""PO25CL-GEN-C01-P03-A02"", ""PO25CL-PLAN-S06-SUM"", ""PO25CL-PLAN-S03-SUM"", ""PO25CL-PLAN-S05-SUM"", ""PO25CL-PLAN-S02-SUM"", ""PO25CL-PLAN-S04-SUM"", ""PO25CL-PLAN-S01-SUM"", ""PO25CL-PLAN-S05-M01"", ""PO25CL-PLAN-S05-PBB""]","[0.8781737089157104, 0.8585014343261719, 0.8540537357330322, 0.851190984249115, 0.8511238098144531, 0.8501756191253662, 0.8500083684921265, 0.8497833609580994, 0.8482927083969116, 0.8460245132446289]",[1],1.0,1.0,1.0,1.0,0.8781737089157104,0.8781737089157104,0.8585014343261719,0.019672274589538574,0.019672274589538574,1.0,1.0,1.0,1.0,1.0,1.0,1.0,1.0,1.0,1.0,1.0,1.0,1.0,1.0,1.0
Q0026,Auf wie viele Arbeitsstunden pro Semester ist der Bachelorstudiengang ausgelegt?,fully_answerable,1,"[""PO25CL-GEN-C01-P03-A01""]",0.9066448211669922,0.867405891418457,0.039238929748535156,"[""PO25CL-GEN-C01-P03-A01"", ""PO25CL-GEN-C03-P15-A10"", ""PO25CL-GEN-C01-P03-A05"", ""PO25CL-PLAN-S06-SUM"", ""PO25CL-PLAN-S05-SUM"", ""PO25CL-PLAN-S03-SUM"", ""PO25CL-PLAN-S01-SUM"", ""PO25CL-PLAN-S04-SUM"", ""PO25CL-PLAN-S02-SUM"", ""PO25CL-PLAN-S05-M01""]","[0.9066448211669922, 0.867405891418457, 0.8652424812316895, 0.8628215789794922, 0.8600050806999207, 0.8590288162231445, 0.8589367270469666, 0.8585628271102905, 0.8584851622581482, 0.855991780757904]",[1],1.0,1.0,1.0,1.0,0.9066448211669922,0.9066448211669922,0.867405891418457,0.039238929748535156,0.039238929748535156,1.0,1.0,1.0,1.0,1.0,1.0,1.0,1.0,1.0,1.0,1.0,1.0,1.0,1.0,1.0
Q0027,Wie viele ECTS-Leistungspunkte umfasst ein dreijähriges Bachelorstudium insgesamt?,fully_answerable,1,"[""PO25CL-GEN-C01-P03-A02""]",0.8899996280670166,0.8874573111534119,0.0025423169136047363,"[""PO25CL-GEN-C01-P03-A05"", ""PO25CL-GEN-C01-P03-A02"", ""PO25CL-GEN-C03-P21-A01"", ""PO25CL-GEN-C01-P02-A01"", ""PO25CL-GEN-C03-P19-A01"", ""PO25CL-GEN-C01-P03-A04"", ""PO25CL-GEN-C01-P02-A02"", ""PO25CL-GEN-C01-P02-A03"", ""PO25CL-PLAN-INTRO"", ""PO25CL-PLAN-S03-SUM""]","[0.8899996280670166, 0.8874573111534119, 0.8763198852539062, 0.8747546672821045, 0.8684438467025757, 0.8665186762809753, 0.8568695187568665, 0.8527655601501465, 0.8496671319007874, 0.8464745283126831]",[2],2.0,2.0,2.0,0.5,0.8874573111534119,0.8874573111534119,0.8899996280670166,-0.0025423169136047363,-0.0025423169136047363,0.0,0.0,0.0,1.0,1.0,1.0,1.0,1.0,1.0,1.0,1.0,1.0,1.0,1.0,1.0
Q0028,Wie viele ECTS-Leistungspunkte entfallen im dreijährigen Modell auf das Kernfach?,fully_answerable,1,"[""PO25CL-GEN-C01-P03-A02""]",0.8841235637664795,0.8580619692802429,0.026061594486236572,"[""PO25CL-GEN-C01-P03-A02"", ""PO25CL-GEN-C01-P02-A01"", ""PO25CL-GEN-C01-P03-A05"", ""PO25CL-GEN-C01-P03-A04"", ""PO25CL-GEN-C01-P02-A03"", ""PO25CL-GEN-C01-P02-A02"", ""PO25CL-GEN-C03-P19-A01"", ""PO25CL-GEN-C03-P21-A01"", ""PO25CL-PLAN-INTRO"", ""PO25CL-APP-R03""]","[0.8841235637664795, 0.8580619692802429, 0.8565478920936584, 0.8543946743011475, 0.8493951559066772, 0.8466154336929321, 0.8415263295173645, 0.8389256000518799, 0.8375864624977112, 0.836754560470581]",[1],1.0,1.0,1.0,1.0,0.8841235637664795,0.8841235637664795,0.8580619692802429,0.026061594486236572,0.026061594486236572,1.0,1.0,1.0,1.0,1.0,1.0,1.0,1.0,1.0,1.0,1.0,1.0,1.0,1.0,1.0
Q0029,Wie viele ECTS-Leistungspunkte entfallen im dreijährigen Modell auf das Ergänzungsfach?,fully_answerable,1,"[""PO25CL-GEN-C01-P03-A02""]",0.8865981101989746,0.8599970936775208,0.026601016521453857,"[""PO25CL-GEN-C01-P03-A02"", ""PO25CL-GEN-C01-P02-A01"", ""PO25CL-GEN-C01-P03-A04"", ""PO25CL-GEN-C01-P03-A05"", ""PO25CL-GEN-C01-P02-A02"", ""PO25CL-GEN-C01-P02-A03"", ""PO25CL-GEN-C03-P19-A01"", ""PO25CL-GEN-C03-P21-A01"", ""PO25CL-APP-R03"", ""PO25CL-GEN-C03-P18-A08""]","[0.8865981101989746, 0.8599970936775208, 0.8596524000167847, 0.8553723096847534, 0.8524254560470581, 0.8507698178291321, 0.8490921258926392, 0.8399655818939209, 0.8392716646194458, 0.8369681239128113]",[1],1.0,1.0,1.0,1.0,0.8865981101989746,0.8865981101989746,0.8599970936775208,0.026601016521453857,0.026601016521453857,1.0,1.0,1.0,1.0,1.0,1.0,1.0,1.0,1.0,1.0,1.0,1.0,1.0,1.0,1.0
Q0030,Wie viele ECTS-Leistungspunkte entfallen im dreijährigen Modell auf den Profilbildungsbereich?,fully_answerable,1,"[""PO25CL-GEN-C01-P03-A02""]",0.8891946077346802,0.8644497990608215,0.024744808673858643,"[""PO25CL-GEN-C01-P03-A02"", ""PO25CL-GEN-C01-P02-A01"", ""PO25CL-GEN-C01-P03-A04"", ""PO25CL-GEN-C01-P03-A05"", ""PO25CL-GEN-C01-P02-A02"", ""PO25CL-GEN-C01-P05-A02"", ""PO25CL-GEN-C01-P02-A03"", ""PO25CL-GEN-C03-P19-A01"", ""PO25CL-PLAN-S03-PBB"", ""PO25CL-GEN-C03-P21-A01""]","[0.8891946077346802, 0.8644497990608215, 0.8584338426589966, 0.8555421829223633, 0.853670060634613, 0.8506634831428528, 0.8503496050834656, 0.8447237014770508, 0.8445534706115723, 0.8423594236373901]",[1],1.0,1.0,1.0,1.0,0.8891946077346802,0.8891946077346802,0.8644497990608215,0.024744808673858643,0.024744808673858643,1.0,1.0,1.0,1.0,1.0,1.0,1.0,1.0,1.0,1.0,1.0,1.0,1.0,1.0,1.0
Q0031,Wie viele ECTS-Leistungspunkte umfasst ein vierjähriges Bachelorstudium insgesamt?,fully_answerable,1,"[""PO25CL-GEN-C01-P03-A02""]",0.8942795395851135,0.8849876523017883,0.009291887283325195,"[""PO25CL-GEN-C03-P21-A01"", ""PO25CL-GEN-C03-P19-A01"", ""PO25CL-GEN-C01-P03-A05"", ""PO25CL-GEN-C01-P03-A02"", ""PO25CL-GEN-C01-P03-A04"", ""PO25CL-GEN-C01-P02-A01"", ""PO25CL-GEN-C01-P02-A02"", ""PO25CL-GEN-C04-P28-A09"", ""PO25CL-PLAN-INTRO"", ""PO25CL-GEN-C01-P02-A03""]","[0.8942795395851135, 0.8849876523017883, 0.8830763697624207, 0.88080233335495, 0.8712956309318542, 0.8663467168807983, 0.8567092418670654, 0.853756844997406, 0.8518967628479004, 0.8485621809959412]",[4],4.0,4.0,4.0,0.25,0.88080233335495,0.88080233335495,0.8942795395851135,-0.013477206230163574,-0.013477206230163574,0.0,0.0,0.0,0.0,0.0,0.0,0.0,0.0,0.0,1.0,1.0,1.0,1.0,1.0,1.0
Q0032,Wie viele ECTS-Leistungspunkte entfallen im vierjährigen Modell auf das Kernfach?,fully_answerable,1,"[""PO25CL-GEN-C01-P03-A02""]",0.8774193525314331,0.8589030504226685,0.01851630210876465,"[""PO25CL-GEN-C01-P03-A02"", ""PO25CL-GEN-C01-P03-A04"", ""PO25CL-GEN-C03-P19-A01"", ""PO25CL-GEN-C03-P21-A01"", ""PO25CL-GEN-C01-P03-A05"", ""PO25CL-GEN-C01-P02-A01"", ""PO25CL-GEN-C01-P02-A03"", ""PO25CL-GEN-C01-P02-A02"", ""PO25CL-PLAN-INTRO"", ""PO25CL-APP-R03""]","[0.8774193525314331, 0.8589030504226685, 0.8568163514137268, 0.8555789589881897, 0.8517965078353882, 0.8507290482521057, 0.8467896580696106, 0.8460613489151001, 0.8402718305587769, 0.8376697897911072]",[1],1.0,1.0,1.0,1.0,0.8774193525314331,0.8774193525314331,0.8589030504226685,0.01851630210876465,0.01851630210876465,1.0,1.0,1.0,1.0,1.0,1.0,1.0,1.0,1.0,1.0,1.0,1.0,1.0,1.0,1.0
Q0033,Wie viele ECTS-Leistungspunkte entfallen im vierjährigen Modell auf das Ergänzungsfach?,fully_answerable,1,"[""PO25CL-GEN-C01-P03-A02""]",0.8797998428344727,0.8644355535507202,0.015364289283752441,"[""PO25CL-GEN-C01-P03-A02"", ""PO25CL-GEN-C03-P19-A01"", ""PO25CL-GEN-C01-P03-A04"", ""PO25CL-GEN-C03-P21-A01"", ""PO25CL-GEN-C01-P02-A01"", ""PO25CL-GEN-C01-P02-A02"", ""PO25CL-GEN-C01-P03-A05"", ""PO25CL-GEN-C01-P02-A03"", ""PO25CL-APP-R03"", ""PO25CL-GEN-C04-P31-A02""]","[0.8797998428344727, 0.8644355535507202, 0.863724946975708, 0.8569620847702026, 0.8525909781455994, 0.8518471717834473, 0.8502705693244934, 0.8481156826019287, 0.8398723602294922, 0.8378697633743286]",[1],1.0,1.0,1.0,1.0,0.8797998428344727,0.8797998428344727,0.8644355535507202,0.015364289283752441,0.015364289283752441,1.0,1.0,1.0,1.0,1.0,1.0,1.0,1.0,1.0,1.0,1.0,1.0,1.0,1.0,1.0
Q0034,In welcher curricularen Einheit werden Lehrinhalte vermittelt?,fully_answerable,1,"[""PO25CL-GEN-C01-P03-A03""]",0.8507314920425415,0.8250689506530762,0.025662541389465332,"[""PO25CL-GEN-C01-P03-A03"", ""PO25CL-GEN-C01-P05-A03"", ""PO25CL-GEN-C02-P06-U01"", ""PO25CL-GEN-C02-P07-A03"", ""PO25CL-APP-R07-M17"", ""PO25CL-GEN-C02-P07-A01"", ""PO25CL-GEN-C01-P05-A02"", ""PO25CL-APP-R07-M12"", ""PO25CL-GEN-C02-P09-A03"", ""PO25CL-GEN-C02-P07-A02""]","[0.8507314920425415, 0.8250689506530762, 0.8237298130989075, 0.8203269243240356, 0.8197917938232422, 0.8185157179832458, 0.8182350993156433, 0.8182106614112854, 0.8171775341033936, 0.816948652267456]",[1],1.0,1.0,1.0,1.0,0.8507314920425415,0.8507314920425415,0.8250689506530762,0.025662541389465332,0.025662541389465332,1.0,1.0,1.0,1.0,1.0,1.0,1.0,1.0,1.0,1.0,1.0,1.0,1.0,1.0,1.0
Q0035,Welche Lehrveranstaltungen werden in einem Modul gebündelt?,fully_answerable,1,"[""PO25CL-GEN-C01-P03-A03""]",0.8824209570884705,0.8525464534759521,0.02987450361251831,"[""PO25CL-GEN-C01-P03-A03"", ""PO25CL-GEN-C02-P07-A03"", ""PO25CL-GEN-C03-P11-A02"", ""PO25CL-GEN-C02-P07-A01"", ""PO25CL-APP-R07-M07"", ""PO25CL-GEN-C02-P07-A04"", ""PO25CL-PLAN-S04-M01"", ""PO25CL-APP-R07-M16"", ""PO25CL-APP-R07-M11"", ""PO25CL-PLAN-S03-M04""]","[0.8824209570884705, 0.8525464534759521, 0.8437579870223999, 0.8420239686965942, 0.8418242335319519, 0.8414011001586914, 0.8398802280426025, 0.8368008136749268, 0.8353179693222046, 0.8348753452301025]",[1],1.0,1.0,1.0,1.0,0.8824209570884705,0.8824209570884705,0.8525464534759521,0.02987450361251831,0.02987450361251831,1.0,1.0,1.0,1.0,1.0,1.0,1.0,1.0,1.0,1.0,1.0,1.0,1.0,1.0,1.0
Q0036,Wie viele ECTS-Leistungspunkte umfasst ein Modul mindestens?,fully_answerable,1,"[""PO25CL-GEN-C01-P03-A03""]",0.8889666199684143,0.8850002288818359,0.003966391086578369,"[""PO25CL-GEN-C01-P03-A05"", ""PO25CL-GEN-C01-P02-A01"", ""PO25CL-GEN-C01-P03-A02"", ""PO25CL-GEN-C01-P03-A04"", ""PO25CL-GEN-C01-P02-A02"", ""PO25CL-GEN-C01-P02-A03"", ""PO25CL-GEN-C03-P19-A01"", ""PO25CL-GEN-C03-P21-A01"", ""PO25CL-APP-R03"", ""PO25CL-GEN-C01-P03-A03""]","[0.8889666199684143, 0.8850002288818359, 0.8846361637115479, 0.8834470510482788, 0.8750373721122742, 0.8713412880897522, 0.869926929473877, 0.8621261119842529, 0.8600255250930786, 0.853691041469574]",[10],10.0,10.0,10.0,0.1,0.853691041469574,0.853691041469574,0.8889666199684143,-0.03527557849884033,-0.03527557849884033,0.0,0.0,0.0,0.0,0.0,0.0,0.0,0.0,0.0,0.0,0.0,0.0,1.0,1.0,1.0
Q0037,Mit wie vielen ECTS-Leistungspunkten wird die Bachelorarbeit bewertet?,fully_answerable,1,"[""PO25CL-GEN-C01-P03-A05""]",0.9114166498184204,0.8842714428901672,0.027145206928253174,"[""PO25CL-GEN-C01-P03-A05"", ""PO25CL-GEN-C01-P02-A01"", ""PO25CL-GEN-C03-P21-A01"", ""PO25CL-GEN-C03-P19-A01"", ""PO25CL-GEN-C01-P02-A02"", ""PO25CL-GEN-C04-P28-A09"", ""PO25CL-GEN-C01-P03-A02"", ""PO25CL-GEN-C01-P03-A04"", ""PO25CL-GEN-C01-P02-A03"", ""PO25CL-APP-R03""]","[0.9114166498184204, 0.8842714428901672, 0.8819170594215393, 0.8735987544059753, 0.8703934550285339, 0.8679173588752747, 0.8672193884849548, 0.8661731481552124, 0.8657609224319458, 0.8561973571777344]",[1],1.0,1.0,1.0,1.0,0.9114166498184204,0.9114166498184204,0.8842714428901672,0.027145206928253174,0.027145206928253174,1.0,1.0,1.0,1.0,1.0,1.0,1.0,1.0,1.0,1.0,1.0,1.0,1.0,1.0,1.0
Q0038,Werden im Bachelorstudium integrierte Studiengänge angeboten?,fully_answerable,1,"[""PO25CL-GEN-C01-P04-A01""]",0.8843696117401123,0.877289354801178,0.007080256938934326,"[""PO25CL-GEN-C01-P04-A01"", ""PO25CL-GEN-C01-P04-A02"", ""PO25CL-GEN-C01-P04-A03"", ""PO25CL-GEN-C01-P04-A04"", ""PO25CL-GEN-C01-P04-A05"", ""PO25CL-PLAN-S01-PBB"", ""PO25CL-GEN-C01-P01-A02"", ""PO25CL-PLAN-S02-PBB"", ""PO25CL-PLAN-S04-PBB"", ""PO25CL-GEN-C03-P19-A09""]","[0.8843696117401123, 0.877289354801178, 0.8701063990592957, 0.8251845836639404, 0.8244901895523071, 0.8230232000350952, 0.8224643468856812, 0.8222866654396057, 0.821123480796814, 0.8200496435165405]",[1],1.0,1.0,1.0,1.0,0.8843696117401123,0.8843696117401123,0.877289354801178,0.007080256938934326,0.007080256938934326,1.0,1.0,1.0,1.0,1.0,1.0,1.0,1.0,1.0,1.0,1.0,1.0,1.0,1.0,1.0
Q0039,Tragen mehrere Fächer zu einem integrierten Studiengang bei?,fully_answerable,1,"[""PO25CL-GEN-C01-P04-A02""]",0.892926812171936,0.8869104385375977,0.006016373634338379,"[""PO25CL-GEN-C01-P04-A03"", ""PO25CL-GEN-C01-P04-A02"", ""PO25CL-GEN-C01-P04-A01"", ""PO25CL-GEN-C01-P04-A04"", ""PO25CL-GEN-C01-P04-A05"", ""PO25CL-GEN-C01-P05-A02"", ""PO25CL-GEN-C01-P03-A03"", ""PO25CL-GEN-C03-P15-A02"", ""PO25CL-GEN-C03-P11-A03"", ""PO25CL-GEN-C03-P12-A01""]","[0.892926812171936, 0.8869104385375977, 0.8801196813583374, 0.861029863357544, 0.8584326505661011, 0.8469358086585999, 0.8432762026786804, 0.838040292263031, 0.8377094268798828, 0.8354809284210205]",[2],2.0,2.0,2.0,0.5,0.8869104385375977,0.8869104385375977,0.892926812171936,-0.006016373634338379,-0.006016373634338379,0.0,0.0,0.0,1.0,1.0,1.0,1.0,1.0,1.0,1.0,1.0,1.0,1.0,1.0,1.0
Q0040,Kann ein integrierter Studiengang einen Profilbildungsbereich enthalten?,fully_answerable,1,"[""PO25CL-GEN-C01-P04-A02""]",0.8936387300491333,0.8774190545082092,0.016219675540924072,"[""PO25CL-GEN-C01-P04-A02"", ""PO25CL-GEN-C01-P05-A01"", ""PO25CL-GEN-C01-P05-A02"", ""PO25CL-GEN-C01-P04-A01"", ""PO25CL-GEN-C01-P04-A03"", ""PO25CL-GEN-C01-P05-A03"", ""PO25CL-GEN-C01-P03-A02"", ""PO25CL-PLAN-S01-PBB"", ""PO25CL-PLAN-S02-PBB"", ""PO25CL-PLAN-S04-PBB""]","[0.8936387300491333, 0.8774190545082092, 0.8769581913948059, 0.8652922511100769, 0.8634279370307922, 0.861271321773529, 0.855718731880188, 0.8515682220458984, 0.8477358818054199, 0.8469528555870056]",[1],1.0,1.0,1.0,1.0,0.8936387300491333,0.8936387300491333,0.8774190545082092,0.016219675540924072,0.016219675540924072,1.0,1.0,1.0,1.0,1.0,1.0,1.0,1.0,1.0,1.0,1.0,1.0,1.0,1.0,1.0
Q0041,Welches Fach bildet den ersten Bestandteil eines Kern- und Ergänzungsfachstudiengangs?,fully_answerable,1,"[""PO25CL-GEN-C01-P04-A02""]",0.8779776096343994,0.8779153227806091,6.22868537902832e-05,"[""PO25CL-GEN-C01-P04-A05"", ""PO25CL-GEN-C01-P04-A02"", ""PO25CL-GEN-C01-P04-A01"", ""PO25CL-GEN-C01-P04-A04"", ""PO25CL-GEN-C03-P15-A02"", ""PO25CL-GEN-C01-P04-A03"", ""PO25CL-GEN-C03-P18-A06"", ""PO25CL-GEN-C01-P03-A02"", ""PO25CL-GEN-C01-P01-A01"", ""PO25CL-GEN-C04-P28-A02""]","[0.8779776096343994, 0.8779153227806091, 0.873641848564148, 0.8714683055877686, 0.8447521924972534, 0.8401601314544678, 0.8343284726142883, 0.8232875466346741, 0.8145595192909241, 0.8142748475074768]",[2],2.0,2.0,2.0,0.5,0.8779153227806091,0.8779153227806091,0.8779776096343994,-6.22868537902832e-05,-6.22868537902832e-05,0.0,0.0,0.0,1.0,1.0,1.0,1.0,1.0,1.0,1.0,1.0,1.0,1.0,1.0,1.0
Q0042,Welches Fach bildet den zweiten fachlichen Bestandteil eines Kern- und Ergänzungsfachstudiengangs?,fully_answerable,1,"[""PO25CL-GEN-C01-P04-A02""]",0.881432056427002,0.872329592704773,0.009102463722229004,"[""PO25CL-GEN-C01-P04-A05"", ""PO25CL-GEN-C01-P04-A02"", ""PO25CL-GEN-C01-P04-A04"", ""PO25CL-GEN-C01-P04-A01"", ""PO25CL-GEN-C03-P15-A02"", ""PO25CL-GEN-C01-P04-A03"", ""PO25CL-GEN-C03-P18-A06"", ""PO25CL-APP-R09"", ""PO25CL-GEN-C01-P03-A02"", ""PO25CL-APP-R07-M16""]","[0.881432056427002, 0.872329592704773, 0.8698923587799072, 0.8655220866203308, 0.8491030931472778, 0.8380575180053711, 0.8348829746246338, 0.8222245573997498, 0.816925048828125, 0.8144255876541138]",[2],2.0,2.0,2.0,0.5,0.872329592704773,0.872329592704773,0.881432056427002,-0.009102463722229004,-0.009102463722229004,0.0,0.0,0.0,1.0,1.0,1.0,1.0,1.0,1.0,1.0,1.0,1.0,1.0,1.0,1.0
Q0043,Welcher Bereich gehört zusätzlich zum Kern- und Ergänzungsfachstudiengang?,fully_answerable,1,"[""PO25CL-GEN-C01-P04-A02""]",0.8914985656738281,0.8839340209960938,0.007564544677734375,"[""PO25CL-GEN-C01-P04-A05"", ""PO25CL-GEN-C01-P04-A01"", ""PO25CL-GEN-C01-P04-A02"", ""PO25CL-GEN-C01-P04-A04"", ""PO25CL-GEN-C03-P15-A02"", ""PO25CL-GEN-C01-P04-A03"", ""PO25CL-GEN-C03-P18-A06"", ""PO25CL-GEN-C01-P03-A02"", ""PO25CL-GEN-C01-P05-A02"", ""PO25CL-APP-R07-M16""]","[0.8914985656738281, 0.8839340209960938, 0.8838037252426147, 0.8784832954406738, 0.8616346716880798, 0.8500993251800537, 0.8429899215698242, 0.8332475423812866, 0.8250332474708557, 0.8249826431274414]",[3],3.0,3.0,3.0,0.3333333333333333,0.8838037252426147,0.8838037252426147,0.8914985656738281,-0.007694840431213379,-0.007694840431213379,0.0,0.0,0.0,0.0,0.0,0.0,1.0,1.0,1.0,1.0,1.0,1.0,1.0,1.0,1.0
Q0044,Kann Kommunikations- und Medienwissenschaft als Ergänzungsfach gewählt werden?,fully_answerable,1,"[""PO25CL-GEN-C01-P04-A05""]",0.8850764036178589,0.8514825105667114,0.03359389305114746,"[""PO25CL-GEN-C01-P04-A05"", ""PO25CL-GEN-C01-P04-A04"", ""PO25CL-GEN-C01-P04-A03"", ""PO25CL-GEN-C01-P04-A01"", ""PO25CL-GEN-C01-P04-A02"", ""PO25CL-APP-R09"", ""PO25CL-PLAN-S05-M02"", ""PO25CL-PLAN-S06-M01"", ""PO25CL-PLAN-S06-M02"", ""PO25CL-PLAN-S04-M04""]","[0.8850764036178589, 0.8514825105667114, 0.8368252515792847, 0.8226377367973328, 0.8206733465194702, 0.8121837973594666, 0.8104389905929565, 0.8091813325881958, 0.8086183667182922, 0.8082549571990967]",[1],1.0,1.0,1.0,1.0,0.8850764036178589,0.8850764036178589,0.8514825105667114,0.03359389305114746,0.03359389305114746,1.0,1.0,1.0,1.0,1.0,1.0,1.0,1.0,1.0,1.0,1.0,1.0,1.0,1.0,1.0
Q0045,Zu welcher Studiengangsform gehört Linguistik (integrativ)?,fully_answerable,1,"[""PO25CL-GEN-C01-P04-A03""]",0.8636817336082458,0.8420730233192444,0.021608710289001465,"[""PO25CL-GEN-C01-P04-A03"", ""PO25CL-GEN-C01-P04-A05"", ""PO25CL-PLAN-S02-M03"", ""PO25CL-PLAN-S03-M01"", ""PO25CL-PLAN-S01-M04"", ""PO25CL-PLAN-S04-M05"", ""PO25CL-APP-R01"", ""PO25CL-PLAN-S03-M03"", ""PO25CL-PLAN-S05-M01"", ""PO25CL-GEN-C01-P04-A04""]","[0.8636817336082458, 0.8420730233192444, 0.8408298492431641, 0.8407516479492188, 0.8401546478271484, 0.8383868336677551, 0.8377652168273926, 0.8375338315963745, 0.8361749649047852, 0.8353304862976074]",[1],1.0,1.0,1.0,1.0,0.8636817336082458,0.8636817336082458,0.8420730233192444,0.021608710289001465,0.021608710289001465,1.0,1.0,1.0,1.0,1.0,1.0,1.0,1.0,1.0,1.0,1.0,1.0,1.0,1.0,1.0
Q0046,Zu welcher Studiengangsform gehört Philosophie (integrativ)?,fully_answerable,1,"[""PO25CL-GEN-C01-P04-A03""]",0.8682037591934204,0.840934157371521,0.027269601821899414,"[""PO25CL-GEN-C01-P04-A03"", ""PO25CL-GEN-C01-P04-A02"", ""PO25CL-GEN-C01-P04-A05"", ""PO25CL-GEN-C01-P04-A01"", ""PO25CL-GEN-C01-P04-A04"", ""PO25CL-GEN-C03-P22-U01"", ""PO25CL-PLAN-S01-M01"", ""PO25CL-PLAN-S04-M03"", ""PO25CL-FRONT-TITLE"", ""PO25CL-GEN-C01-P03-A03""]","[0.8682037591934204, 0.840934157371521, 0.834685742855072, 0.833512544631958, 0.8301634788513184, 0.8168647289276123, 0.8147223591804504, 0.8141467571258545, 0.8139697313308716, 0.8101192712783813]",[1],1.0,1.0,1.0,1.0,0.8682037591934204,0.8682037591934204,0.840934157371521,0.027269601821899414,0.027269601821899414,1.0,1.0,1.0,1.0,1.0,1.0,1.0,1.0,1.0,1.0,1.0,1.0,1.0,1.0,1.0
Q0047,"Zu welcher Studiengangsform gehört Sozialwissenschaften – Medien, Politik, Gesellschaft?",fully_answerable,1,"[""PO25CL-GEN-C01-P04-A03""]",0.8132356405258179,0.8122298717498779,0.0010057687759399414,"[""PO25CL-GEN-C01-P04-A03"", ""PO25CL-GEN-C01-P04-A05"", ""PO25CL-GEN-C01-P04-A04"", ""PO25CL-PLAN-S02-M04"", ""PO25CL-PLAN-S03-M01"", ""PO25CL-PLAN-S06-M02"", ""PO25CL-GEN-C02-P07-A04"", ""PO25CL-PLAN-S04-M05"", ""PO25CL-FRONT-TITLE"", ""PO25CL-PLAN-S04-M04""]","[0.8132356405258179, 0.8122298717498779, 0.7824222445487976, 0.7740792036056519, 0.773928701877594, 0.7717065811157227, 0.7708306312561035, 0.7708196640014648, 0.7692323327064514, 0.769061267375946]",[1],1.0,1.0,1.0,1.0,0.8132356405258179,0.8132356405258179,0.8122298717498779,0.0010057687759399414,0.0010057687759399414,1.0,1.0,1.0,1.0,1.0,1.0,1.0,1.0,1.0,1.0,1.0,1.0,1.0,1.0,1.0
Q0048,Kann Anglistik und Amerikanistik als Kernfach gewählt werden?,fully_answerable,1,"[""PO25CL-GEN-C01-P04-A04""]",0.8859690427780151,0.8551122546195984,0.030856788158416748,"[""PO25CL-GEN-C01-P04-A04"", ""PO25CL-GEN-C01-P04-A05"", ""PO25CL-GEN-C03-P15-A07"", ""PO25CL-GEN-C01-P04-A02"", ""PO25CL-GEN-C01-P04-A01"", ""PO25CL-GEN-C01-P04-A03"", ""PO25CL-GEN-C03-P15-A02"", ""PO25CL-APP-R07-M05"", ""PO25CL-APP-R10"", ""PO25CL-PLAN-S03-M03""]","[0.8859690427780151, 0.8551122546195984, 0.84373539686203, 0.8198251724243164, 0.8186026215553284, 0.8181618452072144, 0.8120501041412354, 0.8100929260253906, 0.8094532489776611, 0.8062125444412231]",[1],1.0,1.0,1.0,1.0,0.8859690427780151,0.8859690427780151,0.8551122546195984,0.030856788158416748,0.030856788158416748,1.0,1.0,1.0,1.0,1.0,1.0,1.0,1.0,1.0,1.0,1.0,1.0,1.0,1.0,1.0
Q0049,Kann Germanistik. Sprache – Literatur – Kultur als Ergänzungsfach gewählt werden?,fully_answerable,1,"[""PO25CL-GEN-C01-P04-A04""]",0.8941680192947388,0.886832594871521,0.0073354244232177734,"[""PO25CL-GEN-C01-P04-A05"", ""PO25CL-GEN-C01-P04-A04"", ""PO25CL-GEN-C01-P04-A03"", ""PO25CL-GEN-C03-P15-A07"", ""PO25CL-APP-R11"", ""PO25CL-APP-R09"", ""PO25CL-PLAN-S02-M01"", ""PO25CL-APP-R07-M05"", ""PO25CL-APP-R01"", ""PO25CL-PLAN-S03-M01""]","[0.8941680192947388, 0.886832594871521, 0.831536054611206, 0.8267633318901062, 0.8213456273078918, 0.8208625912666321, 0.8154208064079285, 0.814242422580719, 0.8139819502830505, 0.8135824203491211]",[2],2.0,2.0,2.0,0.5,0.886832594871521,0.886832594871521,0.8941680192947388,-0.0073354244232177734,-0.0073354244232177734,0.0,0.0,0.0,1.0,1.0,1.0,1.0,1.0,1.0,1.0,1.0,1.0,1.0,1.0,1.0
Q0050,Kann Geschichte als Kernfach gewählt werden?,fully_answerable,1,"[""PO25CL-GEN-C01-P04-A04""]",0.8603589534759521,0.8440866470336914,0.016272306442260742,"[""PO25CL-GEN-C01-P04-A04"", ""PO25CL-GEN-C01-P04-A05"", ""PO25CL-GEN-C01-P04-A02"", ""PO25CL-GEN-C03-P15-A02"", ""PO25CL-GEN-C01-P04-A01"", ""PO25CL-GEN-C01-P04-A03"", ""PO25CL-GEN-C01-P03-A02"", ""PO25CL-GEN-C03-P15-A07"", ""PO25CL-GEN-C03-P14-A01"", ""PO25CL-GEN-C01-P01-A01""]","[0.8603589534759521, 0.8440866470336914, 0.8262000679969788, 0.8233773708343506, 0.8201337456703186, 0.8089841604232788, 0.8043531179428101, 0.8000987768173218, 0.7989634871482849, 0.7974516749382019]",[1],1.0,1.0,1.0,1.0,0.8603589534759521,0.8603589534759521,0.8440866470336914,0.016272306442260742,0.016272306442260742,1.0,1.0,1.0,1.0,1.0,1.0,1.0,1.0,1.0,1.0,1.0,1.0,1.0,1.0,1.0
Q0051,Kann Jüdische Studien als Ergänzungsfach gewählt werden?,fully_answerable,1,"[""PO25CL-GEN-C01-P04-A04""]",0.8929663300514221,0.8737642168998718,0.019202113151550293,"[""PO25CL-GEN-C01-P04-A05"", ""PO25CL-GEN-C01-P04-A04"", ""PO25CL-GEN-C01-P04-A01"", ""PO25CL-GEN-C01-P04-A02"", ""PO25CL-GEN-C01-P04-A03"", ""PO25CL-GEN-C02-P07-A03"", ""PO25CL-GEN-C02-P07-A04"", ""PO25CL-GEN-C03-P15-A02"", ""PO25CL-GEN-C04-P28-A07"", ""PO25CL-GEN-C01-P03-A02""]","[0.8929663300514221, 0.8737642168998718, 0.827254056930542, 0.8224654197692871, 0.8175084590911865, 0.8042631149291992, 0.8033407330513, 0.8030684590339661, 0.8003115653991699, 0.8000141382217407]",[2],2.0,2.0,2.0,0.5,0.8737642168998718,0.8737642168998718,0.8929663300514221,-0.019202113151550293,-0.019202113151550293,0.0,0.0,0.0,1.0,1.0,1.0,1.0,1.0,1.0,1.0,1.0,1.0,1.0,1.0,1.0
Q0052,Kann Kunstgeschichte als Kernfach gewählt werden?,fully_answerable,1,"[""PO25CL-GEN-C01-P04-A04""]",0.8553312420845032,0.8372907638549805,0.018040478229522705,"[""PO25CL-GEN-C01-P04-A04"", ""PO25CL-GEN-C01-P04-A05"", ""PO25CL-GEN-C01-P04-A02"", ""PO25CL-GEN-C01-P04-A01"", ""PO25CL-GEN-C03-P15-A02"", ""PO25CL-GEN-C01-P04-A03"", ""PO25CL-GEN-C01-P03-A02"", ""PO25CL-GEN-C03-P15-A07"", ""PO25CL-FRONT-TITLE"", ""PO25CL-GEN-C01-P01-A01""]","[0.8553312420845032, 0.8372907638549805, 0.8198495507240295, 0.8131988644599915, 0.812961220741272, 0.8027506470680237, 0.7932667136192322, 0.7925707101821899, 0.7908819913864136, 0.7896358966827393]",[1],1.0,1.0,1.0,1.0,0.8553312420845032,0.8553312420845032,0.8372907638549805,0.018040478229522705,0.018040478229522705,1.0,1.0,1.0,1.0,1.0,1.0,1.0,1.0,1.0,1.0,1.0,1.0,1.0,1.0,1.0
Q0053,Kann Modernes Japan als Ergänzungsfach gewählt werden?,fully_answerable,1,"[""PO25CL-GEN-C01-P04-A04""]",0.8614364266395569,0.848944902420044,0.01249152421951294,"[""PO25CL-GEN-C01-P04-A04"", ""PO25CL-GEN-C01-P04-A05"", ""PO25CL-GEN-C01-P04-A01"", ""PO25CL-GEN-C01-P04-A02"", ""PO25CL-GEN-C01-P04-A03"", ""PO25CL-APP-R09"", ""PO25CL-GEN-C03-P15-A02"", ""PO25CL-GEN-C03-P18-A06"", ""PO25CL-GEN-C04-P28-A02"", ""PO25CL-APP-R10""]","[0.8614364266395569, 0.848944902420044, 0.8061392307281494, 0.8046659231185913, 0.7985051274299622, 0.7938511967658997, 0.7937079071998596, 0.7913498282432556, 0.7877641320228577, 0.7863873243331909]",[1],1.0,1.0,1.0,1.0,0.8614364266395569,0.8614364266395569,0.848944902420044,0.01249152421951294,0.01249152421951294,1.0,1.0,1.0,1.0,1.0,1.0,1.0,1.0,1.0,1.0,1.0,1.0,1.0,1.0,1.0
Q0054,Kann Philosophie als Kernfach gewählt werden?,fully_answerable,1,"[""PO25CL-GEN-C01-P04-A04""]",0.8628586530685425,0.8605499863624573,0.002308666706085205,"[""PO25CL-GEN-C01-P04-A04"", ""PO25CL-GEN-C01-P04-A05"", ""PO25CL-GEN-C01-P04-A02"", ""PO25CL-GEN-C01-P04-A01"", ""PO25CL-GEN-C01-P04-A03"", ""PO25CL-GEN-C03-P22-U01"", ""PO25CL-GEN-C04-P24-A01"", ""PO25CL-GEN-C03-P15-A02"", ""PO25CL-GEN-C01-P01-A01"", ""PO25CL-GEN-C01-P03-A02""]","[0.8628586530685425, 0.8605499863624573, 0.8416754007339478, 0.8333802819252014, 0.8318005204200745, 0.8298429250717163, 0.824577271938324, 0.8225370645523071, 0.8147966861724854, 0.8124353289604187]",[1],1.0,1.0,1.0,1.0,0.8628586530685425,0.8628586530685425,0.8605499863624573,0.002308666706085205,0.002308666706085205,1.0,1.0,1.0,1.0,1.0,1.0,1.0,1.0,1.0,1.0,1.0,1.0,1.0,1.0,1.0
Q0055,Darf ein Kernfach mit sich selbst als Ergänzungsfach kombiniert werden?,fully_answerable,1,"[""PO25CL-GEN-C01-P04-A05""]",0.8829736113548279,0.8740895986557007,0.008884012699127197,"[""PO25CL-GEN-C01-P04-A05"", ""PO25CL-GEN-C01-P04-A04"", ""PO25CL-GEN-C01-P04-A02"", ""PO25CL-GEN-C01-P04-A01"", ""PO25CL-GEN-C03-P18-A06"", ""PO25CL-GEN-C03-P15-A02"", ""PO25CL-GEN-C01-P04-A03"", ""PO25CL-GEN-C01-P03-A02"", ""PO25CL-APP-R09"", ""PO25CL-GEN-C02-P07-A03""]","[0.8829736113548279, 0.8740895986557007, 0.8728479743003845, 0.8703668117523193, 0.8412988781929016, 0.8406646251678467, 0.8371052145957947, 0.823945939540863, 0.8208434581756592, 0.8203152418136597]",[1],1.0,1.0,1.0,1.0,0.8829736113548279,0.8829736113548279,0.8740895986557007,0.008884012699127197,0.008884012699127197,1.0,1.0,1.0,1.0,1.0,1.0,1.0,1.0,1.0,1.0,1.0,1.0,1.0,1.0,1.0
Q0056,"Als welche Fachart kann Jiddische Kultur, Sprache und Literatur gewählt werden?",fully_answerable,1,"[""PO25CL-GEN-C01-P04-A05""]",0.8498364090919495,0.8156273365020752,0.03420907258987427,"[""PO25CL-GEN-C01-P04-A05"", ""PO25CL-GEN-C01-P04-A04"", ""PO25CL-APP-R07-M05"", ""PO25CL-APP-R11"", ""PO25CL-APP-R07-M16"", ""PO25CL-APP-R07-M04"", ""PO25CL-APP-R07-M17"", ""PO25CL-APP-R07-M12"", ""PO25CL-GEN-C01-P04-A03"", ""PO25CL-GEN-C03-P15-A07""]","[0.8498364090919495, 0.8156273365020752, 0.7733659744262695, 0.7728558778762817, 0.7716678380966187, 0.7712482810020447, 0.7705349922180176, 0.7702518701553345, 0.7700756788253784, 0.769808828830719]",[1],1.0,1.0,1.0,1.0,0.8498364090919495,0.8498364090919495,0.8156273365020752,0.03420907258987427,0.03420907258987427,1.0,1.0,1.0,1.0,1.0,1.0,1.0,1.0,1.0,1.0,1.0,1.0,1.0,1.0,1.0
Q0057,Als welche Fachart kann Linguistik zusätzlich gewählt werden?,fully_answerable,1,"[""PO25CL-GEN-C01-P04-A05""]",0.8690383434295654,0.8558521270751953,0.013186216354370117,"[""PO25CL-GEN-C01-P04-A05"", ""PO25CL-GEN-C01-P04-A04"", ""PO25CL-APP-R07-M05"", ""PO25CL-APP-R07-M04"", ""PO25CL-GEN-C01-P04-A03"", ""PO25CL-APP-R14"", ""PO25CL-APP-R07-M08"", ""PO25CL-APP-R11"", ""PO25CL-APP-R07-M12"", ""PO25CL-PLAN-S02-M03""]","[0.8690383434295654, 0.8558521270751953, 0.8414087891578674, 0.8371624946594238, 0.8345465660095215, 0.831556499004364, 0.8307454586029053, 0.829055666923523, 0.8290361166000366, 0.8284504413604736]",[1],1.0,1.0,1.0,1.0,0.8690383434295654,0.8690383434295654,0.8558521270751953,0.013186216354370117,0.013186216354370117,1.0,1.0,1.0,1.0,1.0,1.0,1.0,1.0,1.0,1.0,1.0,1.0,1.0,1.0,1.0
Q0058,Dient der Profilbildungsbereich dem Erwerb von Schlüsselqualifikationen?,fully_answerable,1,"[""PO25CL-GEN-C01-P05-A01""]",0.904678463935852,0.8515915274620056,0.053086936473846436,"[""PO25CL-GEN-C01-P05-A01"", ""PO25CL-GEN-C01-P05-A02"", ""PO25CL-GEN-C01-P05-A03"", ""PO25CL-GEN-C01-P04-A02"", ""PO25CL-GEN-C02-P06-U01"", ""PO25CL-PLAN-S01-PBB"", ""PO25CL-PLAN-S03-PBB"", ""PO25CL-PLAN-S04-PBB"", ""PO25CL-PLAN-S05-PBB"", ""PO25CL-PLAN-S02-PBB""]","[0.904678463935852, 0.8515915274620056, 0.8491268754005432, 0.8222779035568237, 0.820263147354126, 0.8181017637252808, 0.8167301416397095, 0.8166956901550293, 0.8166080713272095, 0.8163981437683105]",[1],1.0,1.0,1.0,1.0,0.904678463935852,0.904678463935852,0.8515915274620056,0.053086936473846436,0.053086936473846436,1.0,1.0,1.0,1.0,1.0,1.0,1.0,1.0,1.0,1.0,1.0,1.0,1.0,1.0,1.0
Q0059,Welche Grundlagen wissenschaftlichen Arbeitens vermittelt der Profilbildungsbereich?,fully_answerable,1,"[""PO25CL-GEN-C01-P05-A01""]",0.8997848629951477,0.8589388132095337,0.040846049785614014,"[""PO25CL-GEN-C01-P05-A01"", ""PO25CL-GEN-C01-P05-A02"", ""PO25CL-GEN-C01-P05-A03"", ""PO25CL-PLAN-S03-PBB"", ""PO25CL-PLAN-S04-PBB"", ""PO25CL-PLAN-S05-PBB"", ""PO25CL-PLAN-S01-PBB"", ""PO25CL-PLAN-S06-PBB"", ""PO25CL-PLAN-S02-PBB"", ""PO25CL-APP-R07-M17""]","[0.8997848629951477, 0.8589388132095337, 0.8460932970046997, 0.8334078788757324, 0.83220374584198, 0.83172208070755, 0.8310521245002747, 0.830971360206604, 0.8308330774307251, 0.8287972807884216]",[1],1.0,1.0,1.0,1.0,0.8997848629951477,0.8997848629951477,0.8589388132095337,0.040846049785614014,0.040846049785614014,1.0,1.0,1.0,1.0,1.0,1.0,1.0,1.0,1.0,1.0,1.0,1.0,1.0,1.0,1.0
Q0060,Welche Kompetenzen über die gewählten Fächer hinaus vermittelt der Profilbildungsbereich?,fully_answerable,1,"[""PO25CL-GEN-C01-P05-A01""]",0.9031245112419128,0.8767949938774109,0.026329517364501953,"[""PO25CL-GEN-C01-P05-A01"", ""PO25CL-GEN-C01-P05-A02"", ""PO25CL-GEN-C01-P05-A03"", ""PO25CL-APP-R07-M17"", ""PO25CL-GEN-C01-P04-A02"", ""PO25CL-GEN-C01-P03-A02"", ""PO25CL-GEN-C02-P09-A02"", ""PO25CL-APP-R05"", ""PO25CL-PLAN-S04-PBB"", ""PO25CL-PLAN-S01-PBB""]","[0.9031245112419128, 0.8767949938774109, 0.8657452464103699, 0.8480042219161987, 0.8377606868743896, 0.8344936966896057, 0.8297849893569946, 0.8289196491241455, 0.8282014727592468, 0.8267820477485657]",[1],1.0,1.0,1.0,1.0,0.9031245112419128,0.9031245112419128,0.8767949938774109,0.026329517364501953,0.026329517364501953,1.0,1.0,1.0,1.0,1.0,1.0,1.0,1.0,1.0,1.0,1.0,1.0,1.0,1.0,1.0
Q0061,Nach welchen persönlichen Neigungen können Studierende den Profilbildungsbereich gestalten?,fully_answerable,1,"[""PO25CL-GEN-C01-P05-A01""]",0.8715776205062866,0.8487542867660522,0.022823333740234375,"[""PO25CL-GEN-C01-P05-A01"", ""PO25CL-GEN-C01-P05-A02"", ""PO25CL-GEN-C01-P05-A03"", ""PO25CL-GEN-C02-P06-U01"", ""PO25CL-PLAN-S04-PBB"", ""PO25CL-PLAN-S03-PBB"", ""PO25CL-PLAN-S01-PBB"", ""PO25CL-PLAN-S05-PBB"", ""PO25CL-PLAN-S02-PBB"", ""PO25CL-PLAN-S06-PBB""]","[0.8715776205062866, 0.8487542867660522, 0.8410184383392334, 0.8290539979934692, 0.8281269073486328, 0.8277720212936401, 0.8275275230407715, 0.8269072771072388, 0.8265476226806641, 0.8256381154060364]",[1],1.0,1.0,1.0,1.0,0.8715776205062866,0.8715776205062866,0.8487542867660522,0.022823333740234375,0.022823333740234375,1.0,1.0,1.0,1.0,1.0,1.0,1.0,1.0,1.0,1.0,1.0,1.0,1.0,1.0,1.0
Q0062,Nach welchen persönlichen Fähigkeiten können Studierende den Profilbildungsbereich gestalten?,fully_answerable,1,"[""PO25CL-GEN-C01-P05-A01""]",0.8963658809661865,0.8659793138504028,0.03038656711578369,"[""PO25CL-GEN-C01-P05-A01"", ""PO25CL-GEN-C01-P05-A02"", ""PO25CL-GEN-C01-P05-A03"", ""PO25CL-GEN-C02-P06-U01"", ""PO25CL-PLAN-S04-PBB"", ""PO25CL-PLAN-S01-PBB"", ""PO25CL-PLAN-S03-PBB"", ""PO25CL-PLAN-S02-PBB"", ""PO25CL-PLAN-S05-PBB"", ""PO25CL-PLAN-S06-PBB""]","[0.8963658809661865, 0.8659793138504028, 0.8525680303573608, 0.8399970531463623, 0.8387492299079895, 0.8379901647567749, 0.8376756906509399, 0.8367323875427246, 0.8366248607635498, 0.8357969522476196]",[1],1.0,1.0,1.0,1.0,0.8963658809661865,0.8963658809661865,0.8659793138504028,0.03038656711578369,0.03038656711578369,1.0,1.0,1.0,1.0,1.0,1.0,1.0,1.0,1.0,1.0,1.0,1.0,1.0,1.0,1.0
Q0063,Was können Studierende im Profilbildungsbereich flexibel auf die Semester verteilen?,fully_answerable,1,"[""PO25CL-GEN-C01-P05-A01""]",0.8639723062515259,0.8601381778717041,0.0038341283798217773,"[""PO25CL-GEN-C01-P05-A01"", ""PO25CL-GEN-C01-P05-A02"", ""PO25CL-PLAN-S04-PBB"", ""PO25CL-PLAN-S02-PBB"", ""PO25CL-PLAN-S03-PBB"", ""PO25CL-PLAN-S05-PBB"", ""PO25CL-GEN-C01-P03-A02"", ""PO25CL-PLAN-S01-PBB"", ""PO25CL-PLAN-S06-PBB"", ""PO25CL-PLAN-INTRO""]","[0.8639723062515259, 0.8601381778717041, 0.8537826538085938, 0.8536063432693481, 0.8533242344856262, 0.8531287908554077, 0.8528014421463013, 0.8526303768157959, 0.8525218963623047, 0.8513846397399902]",[1],1.0,1.0,1.0,1.0,0.8639723062515259,0.8639723062515259,0.8601381778717041,0.0038341283798217773,0.0038341283798217773,1.0,1.0,1.0,1.0,1.0,1.0,1.0,1.0,1.0,1.0,1.0,1.0,1.0,1.0,1.0
Q0064,Wie viele ECTS-Leistungspunkte umfasst der Profilbildungsbereich in der Regel?,fully_answerable,1,"[""PO25CL-GEN-C01-P05-A02""]",0.8964732885360718,0.8823347091674805,0.014138579368591309,"[""PO25CL-GEN-C01-P03-A02"", ""PO25CL-GEN-C01-P02-A01"", ""PO25CL-GEN-C01-P05-A02"", ""PO25CL-GEN-C01-P02-A02"", ""PO25CL-GEN-C01-P03-A05"", ""PO25CL-GEN-C01-P03-A04"", ""PO25CL-GEN-C01-P02-A03"", ""PO25CL-GEN-C01-P05-A01"", ""PO25CL-GEN-C03-P21-A01"", ""PO25CL-APP-R03""]","[0.8964732885360718, 0.8823347091674805, 0.8821743726730347, 0.8729053735733032, 0.8727371692657471, 0.8684799671173096, 0.8677149415016174, 0.860245406627655, 0.8537425398826599, 0.8536921143531799]",[3],3.0,3.0,3.0,0.3333333333333333,0.8821743726730347,0.8821743726730347,0.8964732885360718,-0.01429891586303711,-0.01429891586303711,0.0,0.0,0.0,0.0,0.0,0.0,1.0,1.0,1.0,1.0,1.0,1.0,1.0,1.0,1.0
Q0065,In welcher Studiengangsform kann der Profilbildungsbereich reduziert werden?,fully_answerable,1,"[""PO25CL-GEN-C01-P05-A02""]",0.8801206350326538,0.8758280873298645,0.004292547702789307,"[""PO25CL-GEN-C01-P05-A01"", ""PO25CL-GEN-C01-P05-A02"", ""PO25CL-PLAN-S01-PBB"", ""PO25CL-PLAN-S04-PBB"", ""PO25CL-PLAN-S03-PBB"", ""PO25CL-GEN-C01-P05-A03"", ""PO25CL-PLAN-S05-PBB"", ""PO25CL-PLAN-S02-PBB"", ""PO25CL-PLAN-S06-PBB"", ""PO25CL-GEN-C01-P04-A02""]","[0.8801206350326538, 0.8758280873298645, 0.8538999557495117, 0.8533087968826294, 0.8531796932220459, 0.8526432514190674, 0.8525869846343994, 0.8525748252868652, 0.8510515093803406, 0.8439357876777649]",[2],2.0,2.0,2.0,0.5,0.8758280873298645,0.8758280873298645,0.8801206350326538,-0.004292547702789307,-0.004292547702789307,0.0,0.0,0.0,1.0,1.0,1.0,1.0,1.0,1.0,1.0,1.0,1.0,1.0,1.0,1.0
Q0066,Wo müssen Details zu einer Reduzierung des Profilbildungsbereichs angegeben werden?,fully_answerable,1,"[""PO25CL-GEN-C01-P05-A02""]",0.8634980320930481,0.8627485036849976,0.0007495284080505371,"[""PO25CL-GEN-C01-P05-A02"", ""PO25CL-GEN-C01-P05-A01"", ""PO25CL-GEN-C01-P05-A03"", ""PO25CL-APP-R05"", ""PO25CL-APP-R07-M17"", ""PO25CL-GEN-C01-P04-A02"", ""PO25CL-PLAN-S01-PBB"", ""PO25CL-GEN-C01-P03-A02"", ""PO25CL-PLAN-S05-PBB"", ""PO25CL-PLAN-S04-PBB""]","[0.8634980320930481, 0.8627485036849976, 0.8536479473114014, 0.8274723887443542, 0.8190793395042419, 0.8186520338058472, 0.8185773491859436, 0.8183631896972656, 0.8165158033370972, 0.815928041934967]",[1],1.0,1.0,1.0,1.0,0.8634980320930481,0.8634980320930481,0.8627485036849976,0.0007495284080505371,0.0007495284080505371,1.0,1.0,1.0,1.0,1.0,1.0,1.0,1.0,1.0,1.0,1.0,1.0,1.0,1.0,1.0
Q0067,Wie viele ECTS-Leistungspunkte dürfen fachwissenschaftliche Propädeutika pro Studienfach höchstens umfassen?,fully_answerable,1,"[""PO25CL-GEN-C01-P05-A02""]",0.8705887198448181,0.8689351081848145,0.0016536116600036621,"[""PO25CL-GEN-C01-P03-A04"", ""PO25CL-GEN-C01-P05-A02"", ""PO25CL-GEN-C01-P03-A02"", ""PO25CL-GEN-C01-P03-A05"", ""PO25CL-GEN-C01-P02-A01"", ""PO25CL-GEN-C03-P19-A01"", ""PO25CL-GEN-C04-P28-A09"", ""PO25CL-APP-R03"", ""PO25CL-GEN-C03-P21-A01"", ""PO25CL-GEN-C01-P02-A02""]","[0.8705887198448181, 0.8689351081848145, 0.8684656620025635, 0.8637897968292236, 0.8608425259590149, 0.8533554077148438, 0.8496496677398682, 0.8496332168579102, 0.8492411971092224, 0.8465303182601929]",[2],2.0,2.0,2.0,0.5,0.8689351081848145,0.8689351081848145,0.8705887198448181,-0.0016536116600036621,-0.0016536116600036621,0.0,0.0,0.0,1.0,1.0,1.0,1.0,1.0,1.0,1.0,1.0,1.0,1.0,1.0,1.0
Q0068,Welche zentrale Einrichtung der HHU kann Angebote für den Profilbildungsbereich bereitstellen?,fully_answerable,1,"[""PO25CL-GEN-C01-P05-A02""]",0.8534361124038696,0.8351922035217285,0.018243908882141113,"[""PO25CL-GEN-C01-P05-A02"", ""PO25CL-GEN-C01-P05-A01"", ""PO25CL-GEN-C01-P05-A03"", ""PO25CL-APP-R05"", ""PO25CL-APP-R07-M17"", ""PO25CL-GEN-C02-P06-U01"", ""PO25CL-GEN-C04-P31-A01"", ""PO25CL-GEN-C02-P07-A02"", ""PO25CL-GEN-C03-P17-A04"", ""PO25CL-PLAN-S04-PBB""]","[0.8534361124038696, 0.8351922035217285, 0.8251177072525024, 0.8108142614364624, 0.8043800592422485, 0.8011807203292847, 0.798877477645874, 0.7948460578918457, 0.7946380376815796, 0.7931779623031616]",[1],1.0,1.0,1.0,1.0,0.8534361124038696,0.8534361124038696,0.8351922035217285,0.018243908882141113,0.018243908882141113,1.0,1.0,1.0,1.0,1.0,1.0,1.0,1.0,1.0,1.0,1.0,1.0,1.0,1.0,1.0
Q0069,Können Angebote zur Vorbereitung auf die Berufswelt zum Profilbildungsbereich gehören?,fully_answerable,1,"[""PO25CL-GEN-C01-P05-A02""]",0.8745574951171875,0.8735964298248291,0.0009610652923583984,"[""PO25CL-GEN-C01-P05-A01"", ""PO25CL-GEN-C01-P05-A03"", ""PO25CL-GEN-C01-P05-A02"", ""PO25CL-GEN-C01-P04-A02"", ""PO25CL-APP-R05"", ""PO25CL-GEN-C02-P06-U01"", ""PO25CL-PLAN-S01-PBB"", ""PO25CL-GEN-C02-P09-A02"", ""PO25CL-APP-R07-M17"", ""PO25CL-PLAN-S02-PBB""]","[0.8745574951171875, 0.8735964298248291, 0.8681674003601074, 0.8331625461578369, 0.8321890830993652, 0.8308705687522888, 0.8307168483734131, 0.8306396007537842, 0.8281868100166321, 0.8279341459274292]",[3],3.0,3.0,3.0,0.3333333333333333,0.8681674003601074,0.8681674003601074,0.8745574951171875,-0.006390094757080078,-0.006390094757080078,0.0,0.0,0.0,0.0,0.0,0.0,1.0,1.0,1.0,1.0,1.0,1.0,1.0,1.0,1.0
Q0070,Können Module aus nicht gewählten Fächern zum Profilbildungsbereich gehören?,fully_answerable,1,"[""PO25CL-GEN-C01-P05-A02""]",0.8723763227462769,0.8713877201080322,0.000988602638244629,"[""PO25CL-GEN-C01-P05-A02"", ""PO25CL-GEN-C01-P05-A01"", ""PO25CL-GEN-C01-P04-A02"", ""PO25CL-GEN-C01-P05-A03"", ""PO25CL-PLAN-S01-PBB"", ""PO25CL-PLAN-S02-PBB"", ""PO25CL-PLAN-S04-PBB"", ""PO25CL-GEN-C03-P19-A09"", ""PO25CL-GEN-C03-P11-A02"", ""PO25CL-PLAN-S03-PBB""]","[0.8723763227462769, 0.8713877201080322, 0.8596968650817871, 0.8573535680770874, 0.8540985584259033, 0.853706955909729, 0.8526836633682251, 0.8519256114959717, 0.851803183555603, 0.851318895816803]",[1],1.0,1.0,1.0,1.0,0.8723763227462769,0.8723763227462769,0.8713877201080322,0.000988602638244629,0.000988602638244629,1.0,1.0,1.0,1.0,1.0,1.0,1.0,1.0,1.0,1.0,1.0,1.0,1.0,1.0,1.0
Q0071,Können weitere Leistungen aus dem Ergänzungsfach zum Profilbildungsbereich gehören?,fully_answerable,1,"[""PO25CL-GEN-C01-P05-A02""]",0.8867431879043579,0.8792317509651184,0.007511436939239502,"[""PO25CL-GEN-C01-P05-A02"", ""PO25CL-GEN-C01-P05-A01"", ""PO25CL-GEN-C01-P05-A03"", ""PO25CL-GEN-C01-P04-A02"", ""PO25CL-GEN-C01-P03-A02"", ""PO25CL-GEN-C01-P04-A05"", ""PO25CL-GEN-C02-P07-A04"", ""PO25CL-GEN-C01-P04-A01"", ""PO25CL-APP-R05"", ""PO25CL-APP-R07-M17""]","[0.8867431879043579, 0.8792317509651184, 0.8733263611793518, 0.8711179494857788, 0.8546115756034851, 0.8500592112541199, 0.8418413400650024, 0.840374767780304, 0.8386694192886353, 0.8382458090782166]",[1],1.0,1.0,1.0,1.0,0.8867431879043579,0.8867431879043579,0.8792317509651184,0.007511436939239502,0.007511436939239502,1.0,1.0,1.0,1.0,1.0,1.0,1.0,1.0,1.0,1.0,1.0,1.0,1.0,1.0,1.0
Q0072,Kann ein fakultatives Berufsfeldpraktikum zum Profilbildungsbereich gehören?,fully_answerable,1,"[""PO25CL-GEN-C01-P05-A02""]",0.8894404172897339,0.8791022300720215,0.010338187217712402,"[""PO25CL-GEN-C01-P05-A02"", ""PO25CL-GEN-C02-P09-A02"", ""PO25CL-GEN-C02-P09-A01"", ""PO25CL-GEN-C02-P09-A04"", ""PO25CL-GEN-C01-P05-A01"", ""PO25CL-GEN-C02-P09-A03"", ""PO25CL-GEN-C02-P09-A05"", ""PO25CL-GEN-C01-P03-A04"", ""PO25CL-GEN-C01-P04-A02"", ""PO25CL-GEN-C01-P05-A03""]","[0.8894404172897339, 0.8791022300720215, 0.8704763650894165, 0.8701496720314026, 0.8658473491668701, 0.8629871606826782, 0.8561505675315857, 0.8507844805717468, 0.84981369972229, 0.84775710105896]",[1],1.0,1.0,1.0,1.0,0.8894404172897339,0.8894404172897339,0.8791022300720215,0.010338187217712402,0.010338187217712402,1.0,1.0,1.0,1.0,1.0,1.0,1.0,1.0,1.0,1.0,1.0,1.0,1.0,1.0,1.0
Q0073,Wie werden Angebote des Profilbildungsbereichs angekündigt?,fully_answerable,1,"[""PO25CL-GEN-C01-P05-A03""]",0.8888060450553894,0.8740735054016113,0.014732539653778076,"[""PO25CL-GEN-C01-P05-A03"", ""PO25CL-GEN-C01-P05-A01"", ""PO25CL-GEN-C01-P05-A02"", ""PO25CL-APP-R07-M17"", ""PO25CL-APP-R05"", ""PO25CL-PLAN-S03-PBB"", ""PO25CL-PLAN-S05-PBB"", ""PO25CL-PLAN-S01-PBB"", ""PO25CL-PLAN-S04-PBB"", ""PO25CL-PLAN-S02-PBB""]","[0.8888060450553894, 0.8740735054016113, 0.8723461627960205, 0.8321571350097656, 0.8269939422607422, 0.8263234496116638, 0.8262192606925964, 0.8261921405792236, 0.8261592388153076, 0.8254579901695251]",[1],1.0,1.0,1.0,1.0,0.8888060450553894,0.8888060450553894,0.8740735054016113,0.014732539653778076,0.014732539653778076,1.0,1.0,1.0,1.0,1.0,1.0,1.0,1.0,1.0,1.0,1.0,1.0,1.0,1.0,1.0
Q0074,In welcher Studienform ist die Lehre organisiert?,fully_answerable,1,"[""PO25CL-GEN-C02-P06-U01""]",0.8474435806274414,0.8328054547309875,0.014638125896453857,"[""PO25CL-GEN-C02-P06-U01"", ""PO25CL-GEN-C01-P03-A03"", ""PO25CL-GEN-C02-P07-A03"", ""PO25CL-GEN-C02-P07-A05"", ""PO25CL-GEN-C02-P09-A03"", ""PO25CL-GEN-C02-P07-A04"", ""PO25CL-GEN-C02-P09-A05"", ""PO25CL-PLAN-S03-M02"", ""PO25CL-PLAN-S04-M01"", ""PO25CL-PLAN-S04-M05""]","[0.8474435806274414, 0.8328054547309875, 0.8207865357398987, 0.8198026418685913, 0.8195279836654663, 0.8177050352096558, 0.8158613443374634, 0.8153241872787476, 0.8147963285446167, 0.8134631514549255]",[1],1.0,1.0,1.0,1.0,0.8474435806274414,0.8474435806274414,0.8328054547309875,0.014638125896453857,0.014638125896453857,1.0,1.0,1.0,1.0,1.0,1.0,1.0,1.0,1.0,1.0,1.0,1.0,1.0,1.0,1.0
Q0075,Müssen Studierende Pflichtveranstaltungen belegen?,fully_answerable,1,"[""PO25CL-GEN-C02-P06-U01""]",0.8503178358078003,0.8495966196060181,0.0007212162017822266,"[""PO25CL-GEN-C02-P08-U01"", ""PO25CL-GEN-C02-P07-A01"", ""PO25CL-GEN-C02-P07-A02"", ""PO25CL-GEN-C02-P06-U01"", ""PO25CL-GEN-C02-P07-A03"", ""PO25CL-GEN-C03-P11-A02"", ""PO25CL-GEN-C04-P30-U01"", ""PO25CL-GEN-C03-P11-A04"", ""PO25CL-GEN-C04-P25-A02"", ""PO25CL-GEN-C04-P28-A02""]","[0.8503178358078003, 0.8495966196060181, 0.84146648645401, 0.8398185968399048, 0.8323606848716736, 0.828083872795105, 0.8280600309371948, 0.8275294899940491, 0.8248572945594788, 0.8222851157188416]",[4],4.0,4.0,4.0,0.25,0.8398185968399048,0.8398185968399048,0.8503178358078003,-0.010499238967895508,-0.010499238967895508,0.0,0.0,0.0,0.0,0.0,0.0,0.0,0.0,0.0,1.0,1.0,1.0,1.0,1.0,1.0
Q0076,Müssen Studierende Wahlpflichtveranstaltungen einschließlich des Profilbildungsbereichs belegen?,fully_answerable,1,"[""PO25CL-GEN-C02-P06-U01""]",0.8654986619949341,0.851425051689148,0.014073610305786133,"[""PO25CL-GEN-C02-P06-U01"", ""PO25CL-GEN-C01-P05-A01"", ""PO25CL-GEN-C01-P05-A02"", ""PO25CL-GEN-C02-P07-A03"", ""PO25CL-GEN-C02-P07-A01"", ""PO25CL-GEN-C03-P11-A02"", ""PO25CL-GEN-C02-P08-U01"", ""PO25CL-GEN-C01-P05-A03"", ""PO25CL-PLAN-S01-PBB"", ""PO25CL-GEN-C04-P30-U01""]","[0.8654986619949341, 0.851425051689148, 0.8435787558555603, 0.8405395746231079, 0.8372861742973328, 0.8349787592887878, 0.8340747356414795, 0.8313391208648682, 0.8294833898544312, 0.8285830616950989]",[1],1.0,1.0,1.0,1.0,0.8654986619949341,0.8654986619949341,0.851425051689148,0.014073610305786133,0.014073610305786133,1.0,1.0,1.0,1.0,1.0,1.0,1.0,1.0,1.0,1.0,1.0,1.0,1.0,1.0,1.0
Q0077,Sind Studienleistungen in allen Lehrveranstaltungen obligatorisch?,fully_answerable,1,"[""PO25CL-GEN-C02-P07-A01""]",0.9018541574478149,0.8518358469009399,0.050018310546875,"[""PO25CL-GEN-C02-P07-A01"", ""PO25CL-GEN-C02-P07-A03"", ""PO25CL-GEN-C02-P08-U01"", ""PO25CL-GEN-C02-P07-A04"", ""PO25CL-GEN-C02-P07-A02"", ""PO25CL-GEN-C02-P06-U01"", ""PO25CL-GEN-C04-P28-A02"", ""PO25CL-PLAN-S04-M05"", ""PO25CL-GEN-C02-P09-A01"", ""PO25CL-GEN-C02-P07-A05""]","[0.9018541574478149, 0.8518358469009399, 0.8494398593902588, 0.8487048149108887, 0.8380829095840454, 0.838050127029419, 0.8320412635803223, 0.8288918733596802, 0.8286527395248413, 0.8283461332321167]",[1],1.0,1.0,1.0,1.0,0.9018541574478149,0.9018541574478149,0.8518358469009399,0.050018310546875,0.050018310546875,1.0,1.0,1.0,1.0,1.0,1.0,1.0,1.0,1.0,1.0,1.0,1.0,1.0,1.0,1.0
Q0078,Wodurch werden Studienleistungen im Sinne der Prüfungsordnung erbracht?,fully_answerable,1,"[""PO25CL-GEN-C02-P07-A01""]",0.8864554762840271,0.8813205361366272,0.005134940147399902,"[""PO25CL-GEN-C02-P07-A01"", ""PO25CL-GEN-C04-P28-A02"", ""PO25CL-GEN-C04-P28-A01"", ""PO25CL-GEN-C04-P28-A04"", ""PO25CL-GEN-C04-P28-A06"", ""PO25CL-GEN-C04-P28-A07"", ""PO25CL-GEN-C02-P07-A03"", ""PO25CL-GEN-C04-P28-A09"", ""PO25CL-GEN-C04-P28-A03"", ""PO25CL-GEN-C04-P28-A08""]","[0.8864554762840271, 0.8813205361366272, 0.8798474073410034, 0.8720905184745789, 0.8709917068481445, 0.8695076107978821, 0.8609150052070618, 0.8599870204925537, 0.8591368198394775, 0.8567261099815369]",[1],1.0,1.0,1.0,1.0,0.8864554762840271,0.8864554762840271,0.8813205361366272,0.005134940147399902,0.005134940147399902,1.0,1.0,1.0,1.0,1.0,1.0,1.0,1.0,1.0,1.0,1.0,1.0,1.0,1.0,1.0
Q0079,An welchen Inhalten sind Studienleistungen ausgerichtet?,fully_answerable,1,"[""PO25CL-GEN-C02-P07-A01""]",0.8724507093429565,0.8481987714767456,0.024251937866210938,"[""PO25CL-GEN-C02-P07-A01"", ""PO25CL-GEN-C02-P07-A04"", ""PO25CL-GEN-C04-P28-A02"", ""PO25CL-GEN-C02-P07-A02"", ""PO25CL-GEN-C02-P07-A03"", ""PO25CL-GEN-C02-P07-A05"", ""PO25CL-GEN-C01-P03-A03"", ""PO25CL-GEN-C01-P05-A02"", ""PO25CL-GEN-C04-P28-A01"", ""PO25CL-GEN-C01-P01-A01""]","[0.8724507093429565, 0.8481987714767456, 0.8476622104644775, 0.847472608089447, 0.8472293615341187, 0.8423206806182861, 0.8402384519577026, 0.8398948907852173, 0.8391848206520081, 0.836089551448822]",[1],1.0,1.0,1.0,1.0,0.8724507093429565,0.8724507093429565,0.8481987714767456,0.024251937866210938,0.024251937866210938,1.0,1.0,1.0,1.0,1.0,1.0,1.0,1.0,1.0,1.0,1.0,1.0,1.0,1.0,1.0
Q0080,An welchen Kompetenzen sind Studienleistungen ausgerichtet?,fully_answerable,1,"[""PO25CL-GEN-C02-P07-A01""]",0.8573870658874512,0.8471148014068604,0.01027226448059082,"[""PO25CL-GEN-C02-P07-A01"", ""PO25CL-GEN-C04-P28-A09"", ""PO25CL-GEN-C04-P28-A06"", ""PO25CL-GEN-C01-P05-A01"", ""PO25CL-GEN-C04-P28-A02"", ""PO25CL-GEN-C04-P28-A03"", ""PO25CL-GEN-C04-P28-A01"", ""PO25CL-GEN-C04-P31-A02"", ""PO25CL-GEN-C02-P07-A04"", ""PO25CL-GEN-C02-P07-A02""]","[0.8573870658874512, 0.8471148014068604, 0.8461207151412964, 0.8453959822654724, 0.8434207439422607, 0.8425337076187134, 0.8408001065254211, 0.8404035568237305, 0.8390524983406067, 0.8376808166503906]",[1],1.0,1.0,1.0,1.0,0.8573870658874512,0.8573870658874512,0.8471148014068604,0.01027226448059082,0.01027226448059082,1.0,1.0,1.0,1.0,1.0,1.0,1.0,1.0,1.0,1.0,1.0,1.0,1.0,1.0,1.0
Q0081,Wodurch wird der Workload von Studienleistungen begrenzt?,fully_answerable,1,"[""PO25CL-GEN-C02-P07-A01""]",0.8786196708679199,0.8407037854194641,0.03791588544845581,"[""PO25CL-GEN-C02-P07-A01"", ""PO25CL-GEN-C02-P07-A03"", ""PO25CL-GEN-C02-P07-A04"", ""PO25CL-GEN-C01-P03-A01"", ""PO25CL-GEN-C02-P07-A02"", ""PO25CL-GEN-C04-P28-A02"", ""PO25CL-GEN-C01-P03-A03"", ""PO25CL-GEN-C03-P14-A10"", ""PO25CL-GEN-C03-P15-A05"", ""PO25CL-GEN-C03-P15-A10""]","[0.8786196708679199, 0.8407037854194641, 0.8394887447357178, 0.8340963125228882, 0.8329240679740906, 0.8271705508232117, 0.8256335258483887, 0.8208559155464172, 0.820423424243927, 0.8199129104614258]",[1],1.0,1.0,1.0,1.0,0.8786196708679199,0.8786196708679199,0.8407037854194641,0.03791588544845581,0.03791588544845581,1.0,1.0,1.0,1.0,1.0,1.0,1.0,1.0,1.0,1.0,1.0,1.0,1.0,1.0,1.0
Q0082,Werden Studienleistungen benotet?,fully_answerable,1,"[""PO25CL-GEN-C02-P07-A01""]",0.8614331483840942,0.8466566801071167,0.014776468276977539,"[""PO25CL-GEN-C02-P07-A01"", ""PO25CL-GEN-C04-P28-A02"", ""PO25CL-GEN-C02-P07-A03"", ""PO25CL-GEN-C02-P07-A04"", ""PO25CL-GEN-C04-P28-A03"", ""PO25CL-GEN-C04-P28-A06"", ""PO25CL-GEN-C02-P07-A02"", ""PO25CL-GEN-C04-P28-A01"", ""PO25CL-GEN-C04-P28-A07"", ""PO25CL-GEN-C04-P28-A04""]","[0.8614331483840942, 0.8466566801071167, 0.8455080986022949, 0.8430994749069214, 0.8422133922576904, 0.8404381275177002, 0.8376033306121826, 0.8368141651153564, 0.835294246673584, 0.8330078721046448]",[1],1.0,1.0,1.0,1.0,0.8614331483840942,0.8614331483840942,0.8466566801071167,0.014776468276977539,0.014776468276977539,1.0,1.0,1.0,1.0,1.0,1.0,1.0,1.0,1.0,1.0,1.0,1.0,1.0,1.0,1.0
Q0083,Können Studienleistungen als Prüfungsvoraussetzung bestimmt werden?,fully_answerable,1,"[""PO25CL-GEN-C02-P07-A01""]",0.8908332586288452,0.870654821395874,0.02017843723297119,"[""PO25CL-GEN-C02-P07-A01"", ""PO25CL-GEN-C04-P28-A06"", ""PO25CL-GEN-C04-P28-A02"", ""PO25CL-GEN-C04-P28-A04"", ""PO25CL-GEN-C04-P28-A09"", ""PO25CL-GEN-C04-P28-A01"", ""PO25CL-GEN-C02-P07-A03"", ""PO25CL-GEN-C04-P28-A07"", ""PO25CL-GEN-C04-P28-A05"", ""PO25CL-GEN-C02-P07-A04""]","[0.8908332586288452, 0.870654821395874, 0.8665175437927246, 0.8633869290351868, 0.8632367253303528, 0.857421875, 0.8537279367446899, 0.8528773784637451, 0.8514111042022705, 0.8511136770248413]",[1],1.0,1.0,1.0,1.0,0.8908332586288452,0.8908332586288452,0.870654821395874,0.02017843723297119,0.02017843723297119,1.0,1.0,1.0,1.0,1.0,1.0,1.0,1.0,1.0,1.0,1.0,1.0,1.0,1.0,1.0
Q0084,Wo werden nähere Regelungen zu Studienleistungen getroffen?,fully_answerable,1,"[""PO25CL-GEN-C02-P07-A01""]",0.8470135927200317,0.8461438417434692,0.0008697509765625,"[""PO25CL-GEN-C02-P07-A04"", ""PO25CL-GEN-C04-P28-A01"", ""PO25CL-GEN-C02-P07-A02"", ""PO25CL-GEN-C04-P28-A02"", ""PO25CL-GEN-C04-P28-A03"", ""PO25CL-GEN-C02-P07-A05"", ""PO25CL-GEN-C02-P07-A01"", ""PO25CL-GEN-C04-P28-A04"", ""PO25CL-GEN-C02-P07-A03"", ""PO25CL-GEN-C04-P28-A07""]","[0.8470135927200317, 0.8461438417434692, 0.8446768522262573, 0.8435661792755127, 0.8432092070579529, 0.8413517475128174, 0.8382906913757324, 0.8373677134513855, 0.8366056680679321, 0.8310346007347107]",[7],7.0,7.0,7.0,0.14285714285714285,0.8382906913757324,0.8382906913757324,0.8470135927200317,-0.008722901344299316,-0.008722901344299316,0.0,0.0,0.0,0.0,0.0,0.0,0.0,0.0,0.0,0.0,0.0,0.0,1.0,1.0,1.0
Q0085,Wo werden die konkreten Anforderungen einer Studienleistung angekündigt?,fully_answerable,1,"[""PO25CL-GEN-C02-P07-A02""]",0.8729571104049683,0.8568865656852722,0.016070544719696045,"[""PO25CL-GEN-C02-P07-A02"", ""PO25CL-GEN-C02-P07-A01"", ""PO25CL-GEN-C02-P06-U01"", ""PO25CL-GEN-C04-P31-A02"", ""PO25CL-GEN-C04-P28-A02"", ""PO25CL-GEN-C04-P31-A01"", ""PO25CL-GEN-C02-P07-A03"", ""PO25CL-GEN-C01-P01-A02"", ""PO25CL-GEN-C02-P07-A05"", ""PO25CL-GEN-C03-P14-A04""]","[0.8729571104049683, 0.8568865656852722, 0.844880223274231, 0.8424912691116333, 0.8382411003112793, 0.8361873626708984, 0.8345441818237305, 0.8302920460700989, 0.8289176225662231, 0.8289140462875366]",[1],1.0,1.0,1.0,1.0,0.8729571104049683,0.8729571104049683,0.8568865656852722,0.016070544719696045,0.016070544719696045,1.0,1.0,1.0,1.0,1.0,1.0,1.0,1.0,1.0,1.0,1.0,1.0,1.0,1.0,1.0
Q0086,In welchem System werden die Anforderungen einer Studienleistung veröffentlicht?,fully_answerable,1,"[""PO25CL-GEN-C02-P07-A02""]",0.8689630031585693,0.848310112953186,0.0206528902053833,"[""PO25CL-GEN-C02-P07-A02"", ""PO25CL-GEN-C02-P07-A01"", ""PO25CL-GEN-C04-P31-A02"", ""PO25CL-GEN-C04-P28-A02"", ""PO25CL-GEN-C01-P02-A02"", ""PO25CL-GEN-C02-P06-U01"", ""PO25CL-GEN-C02-P07-A05"", ""PO25CL-GEN-C01-P03-A05"", ""PO25CL-GEN-C01-P03-A03"", ""PO25CL-GEN-C03-P11-A09""]","[0.8689630031585693, 0.848310112953186, 0.8428581953048706, 0.8373885750770569, 0.8363867998123169, 0.8344858884811401, 0.8326678276062012, 0.8314879536628723, 0.8314375877380371, 0.828585147857666]",[1],1.0,1.0,1.0,1.0,0.8689630031585693,0.8689630031585693,0.848310112953186,0.0206528902053833,0.0206528902053833,1.0,1.0,1.0,1.0,1.0,1.0,1.0,1.0,1.0,1.0,1.0,1.0,1.0,1.0,1.0
Q0087,Bis zu welchem Zeitpunkt müssen die Anforderungen einer Studienleistung bekannt gegeben werden?,fully_answerable,1,"[""PO25CL-GEN-C02-P07-A02""]",0.8880331516265869,0.863399088382721,0.024634063243865967,"[""PO25CL-GEN-C02-P07-A02"", ""PO25CL-GEN-C02-P07-A01"", ""PO25CL-GEN-C03-P11-A09"", ""PO25CL-GEN-C04-P28-A02"", ""PO25CL-GEN-C03-P16-A03"", ""PO25CL-GEN-C02-P07-A03"", ""PO25CL-GEN-C03-P14-A04"", ""PO25CL-GEN-C02-P06-U01"", ""PO25CL-GEN-C04-P26-U01"", ""PO25CL-GEN-C03-P21-A01""]","[0.8880331516265869, 0.863399088382721, 0.8597207069396973, 0.8551093935966492, 0.852501630783081, 0.8509030938148499, 0.8491209745407104, 0.8467150926589966, 0.8456165790557861, 0.8452617526054382]",[1],1.0,1.0,1.0,1.0,0.8880331516265869,0.8880331516265869,0.863399088382721,0.024634063243865967,0.024634063243865967,1.0,1.0,1.0,1.0,1.0,1.0,1.0,1.0,1.0,1.0,1.0,1.0,1.0,1.0,1.0
Q0088,Welche Zuordnung wird mit der Anmeldung zu einer Lehrveranstaltung verbindlich festgelegt?,fully_answerable,1,"[""PO25CL-GEN-C02-P07-A03""]",0.8766382336616516,0.8622559309005737,0.01438230276107788,"[""PO25CL-GEN-C02-P07-A03"", ""PO25CL-GEN-C02-P08-U01"", ""PO25CL-GEN-C02-P06-U01"", ""PO25CL-GEN-C02-P07-A01"", ""PO25CL-GEN-C02-P07-A04"", ""PO25CL-GEN-C02-P07-A02"", ""PO25CL-GEN-C03-P11-A02"", ""PO25CL-GEN-C01-P03-A03"", ""PO25CL-GEN-C03-P11-A04"", ""PO25CL-FRONT-TITLE""]","[0.8766382336616516, 0.8622559309005737, 0.8478522896766663, 0.841192364692688, 0.8372423648834229, 0.8371220827102661, 0.8357768058776855, 0.831795334815979, 0.8290472030639648, 0.8274914622306824]",[1],1.0,1.0,1.0,1.0,0.8766382336616516,0.8766382336616516,0.8622559309005737,0.01438230276107788,0.01438230276107788,1.0,1.0,1.0,1.0,1.0,1.0,1.0,1.0,1.0,1.0,1.0,1.0,1.0,1.0,1.0
Q0089,Ist eine nachträgliche Umbuchung einer Studienleistung möglich?,fully_answerable,1,"[""PO25CL-GEN-C02-P07-A03""]",0.8809428215026855,0.8401588201522827,0.04078400135040283,"[""PO25CL-GEN-C02-P07-A03"", ""PO25CL-GEN-C03-P11-A01"", ""PO25CL-GEN-C02-P07-A04"", ""PO25CL-GEN-C04-P28-A03"", ""PO25CL-GEN-C02-P07-A01"", ""PO25CL-GEN-C04-P28-A07"", ""PO25CL-GEN-C03-P15-A05"", ""PO25CL-GEN-C04-P26-U01"", ""PO25CL-GEN-C04-P28-A02"", ""PO25CL-GEN-C03-P17-A01""]","[0.8809428215026855, 0.8401588201522827, 0.8389767408370972, 0.8367147445678711, 0.8265889286994934, 0.8231140971183777, 0.822890043258667, 0.822235107421875, 0.8181349039077759, 0.817714273929596]",[1],1.0,1.0,1.0,1.0,0.8809428215026855,0.8809428215026855,0.8401588201522827,0.04078400135040283,0.04078400135040283,1.0,1.0,1.0,1.0,1.0,1.0,1.0,1.0,1.0,1.0,1.0,1.0,1.0,1.0,1.0
Q0090,Bleibt die Zuordnung auch bei einer nicht bestandenen Leistung verbindlich?,fully_answerable,1,"[""PO25CL-GEN-C02-P07-A03""]",0.8793346285820007,0.8440847396850586,0.03524988889694214,"[""PO25CL-GEN-C02-P07-A03"", ""PO25CL-GEN-C03-P19-A09"", ""PO25CL-GEN-C03-P19-A04"", ""PO25CL-GEN-C03-P18-A02"", ""PO25CL-GEN-C03-P19-A10"", ""PO25CL-GEN-C04-P28-A07"", ""PO25CL-GEN-C03-P11-A01"", ""PO25CL-GEN-C04-P28-A03"", ""PO25CL-GEN-C02-P07-A04"", ""PO25CL-GEN-C03-P19-A08""]","[0.8793346285820007, 0.8440847396850586, 0.844063401222229, 0.8430218696594238, 0.8419116139411926, 0.840135931968689, 0.8398579955101013, 0.8376402258872986, 0.837277889251709, 0.8366750478744507]",[1],1.0,1.0,1.0,1.0,0.8793346285820007,0.8793346285820007,0.8440847396850586,0.03524988889694214,0.03524988889694214,1.0,1.0,1.0,1.0,1.0,1.0,1.0,1.0,1.0,1.0,1.0,1.0,1.0,1.0,1.0
Q0091,Kann der fächerspezifische Anhang Ausnahmen von der verbindlichen Zuordnung vorsehen?,fully_answerable,1,"[""PO25CL-GEN-C02-P07-A03""]",0.8493955135345459,0.8479949235916138,0.001400589942932129,"[""PO25CL-GEN-C03-P12-A05"", ""PO25CL-GEN-C02-P07-A03"", ""PO25CL-GEN-C03-P11-A03"", ""PO25CL-GEN-C03-P15-A02"", ""PO25CL-GEN-C03-P11-A02"", ""PO25CL-APP-R09"", ""PO25CL-APP-R08"", ""PO25CL-GEN-C03-P11-A01"", ""PO25CL-APP-R11"", ""PO25CL-APP-R10""]","[0.8493955135345459, 0.8479949235916138, 0.8452731966972351, 0.8423812389373779, 0.8407517671585083, 0.8402863144874573, 0.8369888067245483, 0.8290076851844788, 0.8285751342773438, 0.8272337317466736]",[2],2.0,2.0,2.0,0.5,0.8479949235916138,0.8479949235916138,0.8493955135345459,-0.001400589942932129,-0.001400589942932129,0.0,0.0,0.0,1.0,1.0,1.0,1.0,1.0,1.0,1.0,1.0,1.0,1.0,1.0,1.0
Q0092,Dürfen nach erfolgreichem Abschluss eines Moduls dort weitere Studienleistungen angemeldet werden?,fully_answerable,1,"[""PO25CL-GEN-C02-P07-A04""]",0.8968225121498108,0.8732788562774658,0.02354365587234497,"[""PO25CL-GEN-C02-P07-A04"", ""PO25CL-GEN-C02-P07-A03"", ""PO25CL-GEN-C04-P28-A07"", ""PO25CL-GEN-C03-P19-A09"", ""PO25CL-GEN-C03-P11-A04"", ""PO25CL-GEN-C03-P19-A01"", ""PO25CL-GEN-C02-P07-A01"", ""PO25CL-GEN-C03-P11-A01"", ""PO25CL-GEN-C04-P28-A02"", ""PO25CL-GEN-C04-P28-A03""]","[0.8968225121498108, 0.8732788562774658, 0.8581024408340454, 0.8528761863708496, 0.8478692770004272, 0.8465981483459473, 0.8449772596359253, 0.8442261815071106, 0.8429970741271973, 0.8390349745750427]",[1],1.0,1.0,1.0,1.0,0.8968225121498108,0.8968225121498108,0.8732788562774658,0.02354365587234497,0.02354365587234497,1.0,1.0,1.0,1.0,1.0,1.0,1.0,1.0,1.0,1.0,1.0,1.0,1.0,1.0,1.0
Q0093,Kann eine Anwesenheitspflicht für ein gesamtes Modul vorgeschrieben werden?,fully_answerable,1,"[""PO25CL-GEN-C02-P08-U01""]",0.8987679481506348,0.854263961315155,0.044503986835479736,"[""PO25CL-GEN-C02-P08-U01"", ""PO25CL-GEN-C03-P11-A04"", ""PO25CL-GEN-C03-P11-A03"", ""PO25CL-GEN-C03-P17-A01"", ""PO25CL-GEN-C02-P07-A01"", ""PO25CL-GEN-C01-P03-A03"", ""PO25CL-GEN-C02-P07-A03"", ""PO25CL-GEN-C03-P11-A02"", ""PO25CL-GEN-C03-P11-A01"", ""PO25CL-GEN-C04-P28-A07""]","[0.8987679481506348, 0.854263961315155, 0.8497065305709839, 0.8475610017776489, 0.8469405770301819, 0.8451772928237915, 0.843586802482605, 0.8379932045936584, 0.8375820517539978, 0.8345659375190735]",[1],1.0,1.0,1.0,1.0,0.8987679481506348,0.8987679481506348,0.854263961315155,0.044503986835479736,0.044503986835479736,1.0,1.0,1.0,1.0,1.0,1.0,1.0,1.0,1.0,1.0,1.0,1.0,1.0,1.0,1.0
Q0094,Wofür kann regelmäßige Anwesenheit erforderlich sein?,fully_answerable,1,"[""PO25CL-GEN-C02-P08-U01""]",0.8558605909347534,0.796120285987854,0.059740304946899414,"[""PO25CL-GEN-C02-P08-U01"", ""PO25CL-GEN-C02-P07-A01"", ""PO25CL-GEN-C03-P11-A04"", ""PO25CL-GEN-C02-P06-U01"", ""PO25CL-GEN-C03-P19-A05"", ""PO25CL-GEN-C03-P19-A07"", ""PO25CL-GEN-C04-P28-A02"", ""PO25CL-GEN-C03-P19-A06"", ""PO25CL-GEN-C03-P17-A03"", ""PO25CL-GEN-C03-P17-A02""]","[0.8558605909347534, 0.796120285987854, 0.7931501865386963, 0.7927665710449219, 0.7915090322494507, 0.7914435267448425, 0.7906906008720398, 0.7890490889549255, 0.7864648103713989, 0.7863813638687134]",[1],1.0,1.0,1.0,1.0,0.8558605909347534,0.8558605909347534,0.796120285987854,0.059740304946899414,0.059740304946899414,1.0,1.0,1.0,1.0,1.0,1.0,1.0,1.0,1.0,1.0,1.0,1.0,1.0,1.0,1.0
Q0095,Gelten für E-Learning-Angebote analoge Regeln?,fully_answerable,1,"[""PO25CL-GEN-C02-P07-A05""]",0.8736280202865601,0.8032277822494507,0.07040023803710938,"[""PO25CL-GEN-C02-P07-A05"", ""PO25CL-GEN-C02-P07-A02"", ""PO25CL-GEN-C04-P28-A03"", ""PO25CL-APP-R08"", ""PO25CL-GEN-C01-P05-A03"", ""PO25CL-GEN-C03-P11-A04"", ""PO25CL-GEN-C03-P11-A02"", ""PO25CL-GEN-C03-P14-A02"", ""PO25CL-GEN-C04-P28-A05"", ""PO25CL-GEN-C01-P03-A03""]","[0.8736280202865601, 0.8032277822494507, 0.8028215169906616, 0.8022852540016174, 0.8022351861000061, 0.7952367067337036, 0.7950599193572998, 0.7944039106369019, 0.7934215068817139, 0.7931984663009644]",[1],1.0,1.0,1.0,1.0,0.8736280202865601,0.8736280202865601,0.8032277822494507,0.07040023803710938,0.07040023803710938,1.0,1.0,1.0,1.0,1.0,1.0,1.0,1.0,1.0,1.0,1.0,1.0,1.0,1.0,1.0
Q0096,Gilt eine Anwesenheitspflicht generell für Exkursionen?,fully_answerable,1,"[""PO25CL-GEN-C02-P08-U01""]",0.8497197031974792,0.8014768362045288,0.04824286699295044,"[""PO25CL-GEN-C02-P08-U01"", ""PO25CL-APP-R13"", ""PO25CL-APP-R12"", ""PO25CL-GEN-C04-P24-A04"", ""PO25CL-GEN-C03-P17-A02"", ""PO25CL-GEN-C03-P11-A04"", ""PO25CL-GEN-C03-P17-A01"", ""PO25CL-GEN-C03-P17-A06"", ""PO25CL-GEN-C02-P07-A01"", ""PO25CL-GEN-C03-P17-A03""]","[0.8497197031974792, 0.8014768362045288, 0.7919743061065674, 0.7886602878570557, 0.7836645841598511, 0.7831111550331116, 0.7818692922592163, 0.780092716217041, 0.7795080542564392, 0.779123842716217]",[1],1.0,1.0,1.0,1.0,0.8497197031974792,0.8497197031974792,0.8014768362045288,0.04824286699295044,0.04824286699295044,1.0,1.0,1.0,1.0,1.0,1.0,1.0,1.0,1.0,1.0,1.0,1.0,1.0,1.0,1.0
Q0097,Gilt eine Anwesenheitspflicht generell für Forschungsprojekte?,fully_answerable,1,"[""PO25CL-GEN-C02-P08-U01""]",0.8670070171356201,0.8076492547988892,0.05935776233673096,"[""PO25CL-GEN-C02-P08-U01"", ""PO25CL-GEN-C02-P07-A01"", ""PO25CL-GEN-C02-P07-A03"", ""PO25CL-GEN-C02-P07-A04"", ""PO25CL-GEN-C04-P28-A03"", ""PO25CL-GEN-C03-P11-A04"", ""PO25CL-GEN-C03-P14-A09"", ""PO25CL-GEN-C03-P19-A06"", ""PO25CL-GEN-C03-P17-A05"", ""PO25CL-GEN-C03-P15-A06""]","[0.8670070171356201, 0.8076492547988892, 0.7960706353187561, 0.795214056968689, 0.7942004799842834, 0.7916644811630249, 0.790454089641571, 0.7899177670478821, 0.7898536920547485, 0.7890099883079529]",[1],1.0,1.0,1.0,1.0,0.8670070171356201,0.8670070171356201,0.8076492547988892,0.05935776233673096,0.05935776233673096,1.0,1.0,1.0,1.0,1.0,1.0,1.0,1.0,1.0,1.0,1.0,1.0,1.0,1.0,1.0
Q0098,Gilt eine Anwesenheitspflicht generell für Praktika?,fully_answerable,1,"[""PO25CL-GEN-C02-P08-U01""]",0.8567290306091309,0.8144829273223877,0.042246103286743164,"[""PO25CL-GEN-C02-P08-U01"", ""PO25CL-GEN-C01-P03-A04"", ""PO25CL-GEN-C02-P09-A01"", ""PO25CL-GEN-C02-P09-A03"", ""PO25CL-GEN-C02-P09-A05"", ""PO25CL-GEN-C02-P09-A04"", ""PO25CL-GEN-C04-P30-U01"", ""PO25CL-APP-R14"", ""PO25CL-GEN-C03-P17-A01"", ""PO25CL-GEN-C02-P06-U01""]","[0.8567290306091309, 0.8144829273223877, 0.8144617080688477, 0.8141292333602905, 0.8121156692504883, 0.8083789348602295, 0.8063502311706543, 0.8036245107650757, 0.8020333051681519, 0.7981207370758057]",[1],1.0,1.0,1.0,1.0,0.8567290306091309,0.8567290306091309,0.8144829273223877,0.042246103286743164,0.042246103286743164,1.0,1.0,1.0,1.0,1.0,1.0,1.0,1.0,1.0,1.0,1.0,1.0,1.0,1.0,1.0
Q0099,Gilt eine Anwesenheitspflicht generell für Sprachkurse?,fully_answerable,1,"[""PO25CL-GEN-C02-P08-U01""]",0.8855161666870117,0.8129175305366516,0.07259863615036011,"[""PO25CL-GEN-C02-P08-U01"", ""PO25CL-APP-R12"", ""PO25CL-GEN-C02-P07-A01"", ""PO25CL-GEN-C02-P06-U01"", ""PO25CL-APP-R08"", ""PO25CL-GEN-C03-P11-A04"", ""PO25CL-APP-R11"", ""PO25CL-GEN-C03-P11-A08"", ""PO25CL-GEN-C03-P11-A02"", ""PO25CL-GEN-C03-P17-A01""]","[0.8855161666870117, 0.8129175305366516, 0.8097571730613708, 0.808879554271698, 0.8088565468788147, 0.8067537546157837, 0.8065255880355835, 0.8051186800003052, 0.8039696216583252, 0.8033104538917542]",[1],1.0,1.0,1.0,1.0,0.8855161666870117,0.8855161666870117,0.8129175305366516,0.07259863615036011,0.07259863615036011,1.0,1.0,1.0,1.0,1.0,1.0,1.0,1.0,1.0,1.0,1.0,1.0,1.0,1.0,1.0
Q0100,Gilt eine Anwesenheitspflicht generell für Übungen?,fully_answerable,1,"[""PO25CL-GEN-C02-P08-U01""]",0.8673399090766907,0.805803656578064,0.06153625249862671,"[""PO25CL-GEN-C02-P08-U01"", ""PO25CL-GEN-C02-P07-A01"", ""PO25CL-GEN-C04-P24-A04"", ""PO25CL-GEN-C03-P11-A04"", ""PO25CL-GEN-C02-P06-U01"", ""PO25CL-GEN-C04-P24-A05"", ""PO25CL-GEN-C03-P17-A01"", ""PO25CL-GEN-C02-P07-A03"", ""PO25CL-GEN-C03-P17-A06"", ""PO25CL-GEN-C03-P17-A05""]","[0.8673399090766907, 0.805803656578064, 0.8050735592842102, 0.8033949732780457, 0.8020551204681396, 0.80113285779953, 0.800047755241394, 0.7984050512313843, 0.7983506917953491, 0.7979090809822083]",[1],1.0,1.0,1.0,1.0,0.8673399090766907,0.8673399090766907,0.805803656578064,0.06153625249862671,0.06153625249862671,1.0,1.0,1.0,1.0,1.0,1.0,1.0,1.0,1.0,1.0,1.0,1.0,1.0,1.0,1.0
Q0101,Bis zu welcher Teilnehmendenzahl können Seminare mit Anwesenheitspflicht belegt werden?,fully_answerable,1,"[""PO25CL-GEN-C02-P08-U01""]",0.9039337635040283,0.8171165585517883,0.08681720495223999,"[""PO25CL-GEN-C02-P08-U01"", ""PO25CL-GEN-C03-P11-A04"", ""PO25CL-GEN-C02-P06-U01"", ""PO25CL-GEN-C02-P07-A01"", ""PO25CL-GEN-C01-P03-A03"", ""PO25CL-GEN-C02-P07-A04"", ""PO25CL-GEN-C02-P07-A03"", ""PO25CL-GEN-C03-P11-A02"", ""PO25CL-GEN-C01-P05-A02"", ""PO25CL-GEN-C03-P17-A01""]","[0.9039337635040283, 0.8171165585517883, 0.815752387046814, 0.8140634894371033, 0.8135168552398682, 0.81304532289505, 0.8104737401008606, 0.8078405857086182, 0.8006216883659363, 0.7996718883514404]",[1],1.0,1.0,1.0,1.0,0.9039337635040283,0.9039337635040283,0.8171165585517883,0.08681720495223999,0.08681720495223999,1.0,1.0,1.0,1.0,1.0,1.0,1.0,1.0,1.0,1.0,1.0,1.0,1.0,1.0,1.0
Q0102,Kann für Vorlesungen eine Anwesenheitspflicht festgelegt werden?,fully_answerable,1,"[""PO25CL-GEN-C02-P08-U01""]",0.8785147666931152,0.8269705772399902,0.051544189453125,"[""PO25CL-GEN-C02-P08-U01"", ""PO25CL-GEN-C02-P06-U01"", ""PO25CL-GEN-C03-P11-A02"", ""PO25CL-GEN-C03-P17-A06"", ""PO25CL-GEN-C03-P17-A01"", ""PO25CL-GEN-C02-P07-A01"", ""PO25CL-GEN-C03-P11-A04"", ""PO25CL-GEN-C04-P30-U01"", ""PO25CL-GEN-C02-P07-A03"", ""PO25CL-GEN-C04-P24-A04""]","[0.8785147666931152, 0.8269705772399902, 0.8223004341125488, 0.8186270594596863, 0.8180912733078003, 0.817996621131897, 0.8163405656814575, 0.8153179287910461, 0.8135753870010376, 0.8090957403182983]",[1],1.0,1.0,1.0,1.0,0.8785147666931152,0.8785147666931152,0.8269705772399902,0.051544189453125,0.051544189453125,1.0,1.0,1.0,1.0,1.0,1.0,1.0,1.0,1.0,1.0,1.0,1.0,1.0,1.0,1.0
Q0103,Wo muss eine Anwesenheitspflicht für andere Lehrveranstaltungsarten ausdrücklich festgelegt sein?,fully_answerable,1,"[""PO25CL-GEN-C02-P08-U01""]",0.8977659940719604,0.8409931659698486,0.056772828102111816,"[""PO25CL-GEN-C02-P08-U01"", ""PO25CL-GEN-C02-P07-A01"", ""PO25CL-GEN-C02-P06-U01"", ""PO25CL-GEN-C03-P11-A04"", ""PO25CL-GEN-C02-P07-A03"", ""PO25CL-GEN-C04-P28-A07"", ""PO25CL-GEN-C03-P11-A02"", ""PO25CL-GEN-C02-P07-A04"", ""PO25CL-GEN-C04-P28-A03"", ""PO25CL-GEN-C04-P28-A02""]","[0.8977659940719604, 0.8409931659698486, 0.8386775255203247, 0.8379504680633545, 0.8370662927627563, 0.8363782167434692, 0.8351038098335266, 0.8345151543617249, 0.8285866379737854, 0.8253695368766785]",[1],1.0,1.0,1.0,1.0,0.8977659940719604,0.8977659940719604,0.8409931659698486,0.056772828102111816,0.056772828102111816,1.0,1.0,1.0,1.0,1.0,1.0,1.0,1.0,1.0,1.0,1.0,1.0,1.0,1.0,1.0
Q0104,Welcher Anteil der Veranstaltungszeit muss für die Erfüllung der Anwesenheitspflicht besucht werden?,fully_answerable,1,"[""PO25CL-GEN-C02-P08-U01""]",0.8724654912948608,0.8336244821548462,0.03884100914001465,"[""PO25CL-GEN-C02-P08-U01"", ""PO25CL-GEN-C03-P11-A04"", ""PO25CL-GEN-C03-P12-A02"", ""PO25CL-GEN-C04-P28-A02"", ""PO25CL-GEN-C03-P19-A07"", ""PO25CL-GEN-C03-P17-A01"", ""PO25CL-GEN-C03-P11-A02"", ""PO25CL-GEN-C03-P14-A03"", ""PO25CL-GEN-C04-P28-A01"", ""PO25CL-GEN-C01-P03-A04""]","[0.8724654912948608, 0.8336244821548462, 0.8267515897750854, 0.8256921172142029, 0.8253865838050842, 0.8231887817382812, 0.8219217658042908, 0.8198849558830261, 0.8184828162193298, 0.818352997303009]",[1],1.0,1.0,1.0,1.0,0.8724654912948608,0.8724654912948608,0.8336244821548462,0.03884100914001465,0.03884100914001465,1.0,1.0,1.0,1.0,1.0,1.0,1.0,1.0,1.0,1.0,1.0,1.0,1.0,1.0,1.0
Q0105,Auf welche Form der Beteiligung sind Seminare grundsätzlich ausgerichtet?,fully_answerable,1,"[""PO25CL-GEN-C02-P08-U01""]",0.840212345123291,0.8165246248245239,0.02368772029876709,"[""PO25CL-GEN-C02-P08-U01"", ""PO25CL-GEN-C01-P03-A03"", ""PO25CL-GEN-C02-P06-U01"", ""PO25CL-GEN-C01-P04-A03"", ""PO25CL-GEN-C01-P04-A02"", ""PO25CL-GEN-C02-P07-A01"", ""PO25CL-GEN-C02-P09-A03"", ""PO25CL-GEN-C01-P04-A01"", ""PO25CL-GEN-C02-P07-A04"", ""PO25CL-GEN-C02-P07-A05""]","[0.840212345123291, 0.8165246248245239, 0.8080395460128784, 0.8035537004470825, 0.8007326126098633, 0.8005112409591675, 0.7984068989753723, 0.797881007194519, 0.7967059016227722, 0.79559725522995]",[1],1.0,1.0,1.0,1.0,0.840212345123291,0.840212345123291,0.8165246248245239,0.02368772029876709,0.02368772029876709,1.0,1.0,1.0,1.0,1.0,1.0,1.0,1.0,1.0,1.0,1.0,1.0,1.0,1.0,1.0
Q0106,Kann eine Anwesenheitspflicht für einzelne Modulteile vorgeschrieben werden?,fully_answerable,1,"[""PO25CL-GEN-C02-P08-U01""]",0.8870800137519836,0.857567548751831,0.029512465000152588,"[""PO25CL-GEN-C02-P08-U01"", ""PO25CL-GEN-C03-P11-A04"", ""PO25CL-GEN-C03-P11-A03"", ""PO25CL-GEN-C03-P17-A01"", ""PO25CL-GEN-C03-P11-A01"", ""PO25CL-GEN-C03-P11-A02"", ""PO25CL-GEN-C02-P07-A03"", ""PO25CL-GEN-C01-P03-A03"", ""PO25CL-GEN-C03-P12-A05"", ""PO25CL-GEN-C04-P28-A07""]","[0.8870800137519836, 0.857567548751831, 0.8498721718788147, 0.8490744829177856, 0.8424193263053894, 0.841222882270813, 0.8394582867622375, 0.8368968963623047, 0.8354884386062622, 0.8350429534912109]",[1],1.0,1.0,1.0,1.0,0.8870800137519836,0.8870800137519836,0.857567548751831,0.029512465000152588,0.029512465000152588,1.0,1.0,1.0,1.0,1.0,1.0,1.0,1.0,1.0,1.0,1.0,1.0,1.0,1.0,1.0
Q0107,Wo sind nähere Regelungen zum obligatorischen Berufsfeldpraktikum festgelegt?,fully_answerable,1,"[""PO25CL-GEN-C02-P09-A05""]",0.8805020451545715,0.8793326616287231,0.0011693835258483887,"[""PO25CL-GEN-C02-P09-A05"", ""PO25CL-GEN-C02-P09-A01"", ""PO25CL-GEN-C02-P09-A04"", ""PO25CL-GEN-C02-P09-A02"", ""PO25CL-GEN-C02-P09-A03"", ""PO25CL-GEN-C01-P03-A04"", ""PO25CL-APP-R14"", ""PO25CL-GEN-C01-P05-A02"", ""PO25CL-GEN-C04-P25-A05"", ""PO25CL-GEN-C04-P25-A03""]","[0.8805020451545715, 0.8793326616287231, 0.8775248527526855, 0.8758258819580078, 0.8692381381988525, 0.8574160933494568, 0.8314417600631714, 0.828635036945343, 0.812312126159668, 0.8109374642372131]",[1],1.0,1.0,1.0,1.0,0.8805020451545715,0.8805020451545715,0.8793326616287231,0.0011693835258483887,0.0011693835258483887,1.0,1.0,1.0,1.0,1.0,1.0,1.0,1.0,1.0,1.0,1.0,1.0,1.0,1.0,1.0
Q0108,Wie lange dauert ein obligatorisches Berufsfeldpraktikum mindestens?,fully_answerable,1,"[""PO25CL-GEN-C02-P09-A01""]",0.9327430129051208,0.8980660438537598,0.034676969051361084,"[""PO25CL-GEN-C02-P09-A01"", ""PO25CL-GEN-C01-P03-A04"", ""PO25CL-GEN-C02-P09-A04"", ""PO25CL-GEN-C02-P09-A02"", ""PO25CL-APP-R14"", ""PO25CL-GEN-C02-P09-A05"", ""PO25CL-GEN-C02-P09-A03"", ""PO25CL-PLAN-S05-M01"", ""PO25CL-GEN-C03-P14-A06"", ""PO25CL-GEN-C01-P03-A01""]","[0.9327430129051208, 0.8980660438537598, 0.8788728713989258, 0.8717164993286133, 0.8604108095169067, 0.857494592666626, 0.853650689125061, 0.8506423234939575, 0.8353915214538574, 0.8350709676742554]",[1],1.0,1.0,1.0,1.0,0.9327430129051208,0.9327430129051208,0.8980660438537598,0.034676969051361084,0.034676969051361084,1.0,1.0,1.0,1.0,1.0,1.0,1.0,1.0,1.0,1.0,1.0,1.0,1.0,1.0,1.0
Q0109,Wie lange darf ein obligatorisches Berufsfeldpraktikum höchstens dauern?,fully_answerable,1,"[""PO25CL-GEN-C02-P09-A01""]",0.9295992255210876,0.8966234922409058,0.032975733280181885,"[""PO25CL-GEN-C02-P09-A01"", ""PO25CL-GEN-C01-P03-A04"", ""PO25CL-GEN-C02-P09-A04"", ""PO25CL-GEN-C02-P09-A02"", ""PO25CL-GEN-C02-P09-A05"", ""PO25CL-APP-R14"", ""PO25CL-GEN-C02-P09-A03"", ""PO25CL-PLAN-S05-M01"", ""PO25CL-GEN-C03-P14-A06"", ""PO25CL-GEN-C03-P15-A04""]","[0.9295992255210876, 0.8966234922409058, 0.8744719624519348, 0.8693093061447144, 0.8577985763549805, 0.8520612716674805, 0.852017879486084, 0.841543972492218, 0.8353705406188965, 0.8353061079978943]",[1],1.0,1.0,1.0,1.0,0.9295992255210876,0.9295992255210876,0.8966234922409058,0.032975733280181885,0.032975733280181885,1.0,1.0,1.0,1.0,1.0,1.0,1.0,1.0,1.0,1.0,1.0,1.0,1.0,1.0,1.0
Q0110,Kann das obligatorische Berufsfeldpraktikum in Abschnitten absolviert werden?,fully_answerable,1,"[""PO25CL-GEN-C02-P09-A01""]",0.9050340056419373,0.8833805918693542,0.021653413772583008,"[""PO25CL-GEN-C02-P09-A01"", ""PO25CL-GEN-C02-P09-A04"", ""PO25CL-GEN-C02-P09-A02"", ""PO25CL-GEN-C01-P03-A04"", ""PO25CL-GEN-C02-P09-A05"", ""PO25CL-GEN-C02-P09-A03"", ""PO25CL-APP-R14"", ""PO25CL-GEN-C01-P05-A02"", ""PO25CL-GEN-C03-P19-A09"", ""PO25CL-GEN-C03-P11-A02""]","[0.9050340056419373, 0.8833805918693542, 0.8804700970649719, 0.8740946054458618, 0.8691030740737915, 0.8685450553894043, 0.849907636642456, 0.8454350233078003, 0.8355529308319092, 0.8337613344192505]",[1],1.0,1.0,1.0,1.0,0.9050340056419373,0.9050340056419373,0.8833805918693542,0.021653413772583008,0.021653413772583008,1.0,1.0,1.0,1.0,1.0,1.0,1.0,1.0,1.0,1.0,1.0,1.0,1.0,1.0,1.0
Q0111,Können einschlägige Berufstätigkeiten auf das Berufsfeldpraktikum angerechnet werden?,fully_answerable,1,"[""PO25CL-GEN-C02-P09-A01""]",0.8804652690887451,0.8667788505554199,0.013686418533325195,"[""PO25CL-GEN-C02-P09-A02"", ""PO25CL-GEN-C02-P09-A04"", ""PO25CL-GEN-C02-P09-A01"", ""PO25CL-GEN-C02-P09-A03"", ""PO25CL-GEN-C02-P09-A05"", ""PO25CL-GEN-C01-P03-A04"", ""PO25CL-APP-R14"", ""PO25CL-GEN-C04-P28-A09"", ""PO25CL-GEN-C01-P05-A02"", ""PO25CL-GEN-C01-P04-A02""]","[0.8804652690887451, 0.8667788505554199, 0.8654334545135498, 0.8540751934051514, 0.8475058078765869, 0.8428593873977661, 0.8321235179901123, 0.8273683786392212, 0.8272347450256348, 0.8217865228652954]",[3],3.0,3.0,3.0,0.3333333333333333,0.8654334545135498,0.8654334545135498,0.8804652690887451,-0.015031814575195312,-0.015031814575195312,0.0,0.0,0.0,0.0,0.0,0.0,1.0,1.0,1.0,1.0,1.0,1.0,1.0,1.0,1.0
Q0112,Können einschlägige Praxiserfahrungen auf das Berufsfeldpraktikum angerechnet werden?,fully_answerable,1,"[""PO25CL-GEN-C02-P09-A01""]",0.887945294380188,0.8647969961166382,0.023148298263549805,"[""PO25CL-GEN-C02-P09-A02"", ""PO25CL-GEN-C02-P09-A01"", ""PO25CL-GEN-C02-P09-A04"", ""PO25CL-GEN-C02-P09-A03"", ""PO25CL-GEN-C01-P03-A04"", ""PO25CL-GEN-C02-P09-A05"", ""PO25CL-APP-R14"", ""PO25CL-GEN-C01-P05-A02"", ""PO25CL-GEN-C01-P04-A02"", ""PO25CL-GEN-C04-P28-A09""]","[0.887945294380188, 0.8647969961166382, 0.864047646522522, 0.8460986614227295, 0.8409496545791626, 0.8407708406448364, 0.8312218189239502, 0.8204247355461121, 0.8146170377731323, 0.8135048747062683]",[2],2.0,2.0,2.0,0.5,0.8647969961166382,0.8647969961166382,0.887945294380188,-0.023148298263549805,-0.023148298263549805,0.0,0.0,0.0,1.0,1.0,1.0,1.0,1.0,1.0,1.0,1.0,1.0,1.0,1.0,1.0
Q0113,Wie viele ECTS-Leistungspunkte werden für vier Wochen Berufsfeldpraktikum mindestens angerechnet?,fully_answerable,1,"[""PO25CL-GEN-C02-P09-A01""]",0.921795666217804,0.8807927966117859,0.041002869606018066,"[""PO25CL-GEN-C01-P03-A04"", ""PO25CL-GEN-C02-P09-A01"", ""PO25CL-GEN-C01-P02-A01"", ""PO25CL-GEN-C03-P19-A01"", ""PO25CL-GEN-C01-P03-A05"", ""PO25CL-APP-R14"", ""PO25CL-GEN-C03-P21-A01"", ""PO25CL-GEN-C01-P03-A02"", ""PO25CL-GEN-C01-P02-A03"", ""PO25CL-GEN-C02-P09-A04""]","[0.921795666217804, 0.8807927966117859, 0.8739774227142334, 0.8659430146217346, 0.8642193675041199, 0.8641308546066284, 0.8615494966506958, 0.859775185585022, 0.8525285720825195, 0.8504791855812073]",[2],2.0,2.0,2.0,0.5,0.8807927966117859,0.8807927966117859,0.921795666217804,-0.041002869606018066,-0.041002869606018066,0.0,0.0,0.0,1.0,1.0,1.0,1.0,1.0,1.0,1.0,1.0,1.0,1.0,1.0,1.0
Q0114,Gibt das Berufsfeldpraktikum Einblick in einschlägige Berufsfelder?,fully_answerable,1,"[""PO25CL-GEN-C02-P09-A02""]",0.9012813568115234,0.8571568131446838,0.0441245436668396,"[""PO25CL-GEN-C02-P09-A02"", ""PO25CL-GEN-C02-P09-A04"", ""PO25CL-GEN-C02-P09-A01"", ""PO25CL-GEN-C02-P09-A03"", ""PO25CL-GEN-C02-P09-A05"", ""PO25CL-APP-R14"", ""PO25CL-GEN-C01-P03-A04"", ""PO25CL-GEN-C01-P05-A02"", ""PO25CL-GEN-C01-P04-A02"", ""PO25CL-APP-R05""]","[0.9012813568115234, 0.8571568131446838, 0.8528838157653809, 0.846701443195343, 0.8405579328536987, 0.8366544842720032, 0.8343782424926758, 0.8250885605812073, 0.8152960538864136, 0.812181293964386]",[1],1.0,1.0,1.0,1.0,0.9012813568115234,0.9012813568115234,0.8571568131446838,0.0441245436668396,0.0441245436668396,1.0,1.0,1.0,1.0,1.0,1.0,1.0,1.0,1.0,1.0,1.0,1.0,1.0,1.0,1.0
Q0115,Was können Studierende im Berufsfeldpraktikum praktisch erproben?,fully_answerable,1,"[""PO25CL-GEN-C02-P09-A02""]",0.8910788893699646,0.8624656200408936,0.028613269329071045,"[""PO25CL-GEN-C02-P09-A02"", ""PO25CL-GEN-C02-P09-A01"", ""PO25CL-GEN-C02-P09-A04"", ""PO25CL-APP-R14"", ""PO25CL-GEN-C01-P03-A04"", ""PO25CL-GEN-C02-P09-A03"", ""PO25CL-GEN-C02-P09-A05"", ""PO25CL-GEN-C01-P05-A02"", ""PO25CL-PLAN-S05-M01"", ""PO25CL-PLAN-S04-M05""]","[0.8910788893699646, 0.8624656200408936, 0.8519976139068604, 0.8489033579826355, 0.8429967761039734, 0.8423237204551697, 0.8380154371261597, 0.8102413415908813, 0.8087962865829468, 0.8059067726135254]",[1],1.0,1.0,1.0,1.0,0.8910788893699646,0.8910788893699646,0.8624656200408936,0.028613269329071045,0.028613269329071045,1.0,1.0,1.0,1.0,1.0,1.0,1.0,1.0,1.0,1.0,1.0,1.0,1.0,1.0,1.0
Q0116,Welche Art von Fähigkeiten soll das Berufsfeldpraktikum vermitteln?,fully_answerable,1,"[""PO25CL-GEN-C02-P09-A02""]",0.9079366326332092,0.8675421476364136,0.040394484996795654,"[""PO25CL-GEN-C02-P09-A02"", ""PO25CL-GEN-C02-P09-A04"", ""PO25CL-GEN-C02-P09-A01"", ""PO25CL-GEN-C02-P09-A03"", ""PO25CL-GEN-C02-P09-A05"", ""PO25CL-GEN-C01-P03-A04"", ""PO25CL-APP-R14"", ""PO25CL-GEN-C01-P05-A02"", ""PO25CL-GEN-C01-P05-A01"", ""PO25CL-GEN-C04-P28-A09""]","[0.9079366326332092, 0.8675421476364136, 0.8643918633460999, 0.8611619472503662, 0.8524591326713562, 0.8522465229034424, 0.8499312400817871, 0.8291202187538147, 0.8251599073410034, 0.8088051080703735]",[1],1.0,1.0,1.0,1.0,0.9079366326332092,0.9079366326332092,0.8675421476364136,0.040394484996795654,0.040394484996795654,1.0,1.0,1.0,1.0,1.0,1.0,1.0,1.0,1.0,1.0,1.0,1.0,1.0,1.0,1.0
Q0117,Welchen Übergang soll das Berufsfeldpraktikum erleichtern?,fully_answerable,1,"[""PO25CL-GEN-C02-P09-A02""]",0.8908238410949707,0.8648844361305237,0.02593940496444702,"[""PO25CL-GEN-C02-P09-A02"", ""PO25CL-GEN-C02-P09-A01"", ""PO25CL-GEN-C02-P09-A04"", ""PO25CL-APP-R14"", ""PO25CL-GEN-C02-P09-A03"", ""PO25CL-GEN-C02-P09-A05"", ""PO25CL-GEN-C01-P03-A04"", ""PO25CL-GEN-C01-P05-A02"", ""PO25CL-GEN-C01-P05-A01"", ""PO25CL-GEN-C03-P12-A02""]","[0.8908238410949707, 0.8648844361305237, 0.8574313521385193, 0.8521780967712402, 0.8519245982170105, 0.8408933281898499, 0.8384823799133301, 0.8217336535453796, 0.8087876439094543, 0.8042532801628113]",[1],1.0,1.0,1.0,1.0,0.8908238410949707,0.8908238410949707,0.8648844361305237,0.02593940496444702,0.02593940496444702,1.0,1.0,1.0,1.0,1.0,1.0,1.0,1.0,1.0,1.0,1.0,1.0,1.0,1.0,1.0
Q0118,Wer koordiniert die Beratung bei der Vermittlung von Praktikumsplätzen?,fully_answerable,1,"[""PO25CL-GEN-C02-P09-A03""]",0.8706667423248291,0.8326350450515747,0.038031697273254395,"[""PO25CL-GEN-C02-P09-A03"", ""PO25CL-APP-R14"", ""PO25CL-GEN-C04-P31-A01"", ""PO25CL-GEN-C04-P31-A02"", ""PO25CL-GEN-C01-P03-A04"", ""PO25CL-GEN-C01-P05-A02"", ""PO25CL-GEN-C02-P09-A05"", ""PO25CL-GEN-C03-P15-A03"", ""PO25CL-GEN-C04-P29-U01"", ""PO25CL-GEN-C01-P03-A03""]","[0.8706667423248291, 0.8326350450515747, 0.8271249532699585, 0.8201462030410767, 0.8034736514091492, 0.8031368255615234, 0.8010945320129395, 0.8003935813903809, 0.8000911474227905, 0.7992596626281738]",[1],1.0,1.0,1.0,1.0,0.8706667423248291,0.8706667423248291,0.8326350450515747,0.038031697273254395,0.038031697273254395,1.0,1.0,1.0,1.0,1.0,1.0,1.0,1.0,1.0,1.0,1.0,1.0,1.0,1.0,1.0
Q0119,Wer koordiniert die fachliche Betreuung im Praktikum?,fully_answerable,1,"[""PO25CL-GEN-C02-P09-A03""]",0.8711005449295044,0.8399767875671387,0.031123757362365723,"[""PO25CL-GEN-C02-P09-A03"", ""PO25CL-APP-R14"", ""PO25CL-GEN-C04-P31-A01"", ""PO25CL-GEN-C02-P09-A04"", ""PO25CL-GEN-C01-P03-A04"", ""PO25CL-GEN-C02-P09-A02"", ""PO25CL-GEN-C02-P09-A05"", ""PO25CL-GEN-C04-P29-U01"", ""PO25CL-GEN-C02-P09-A01"", ""PO25CL-GEN-C01-P05-A02""]","[0.8711005449295044, 0.8399767875671387, 0.8193327784538269, 0.8187985420227051, 0.8160965442657471, 0.8144615888595581, 0.8139018416404724, 0.813694953918457, 0.8122758865356445, 0.8073450326919556]",[1],1.0,1.0,1.0,1.0,0.8711005449295044,0.8711005449295044,0.8399767875671387,0.031123757362365723,0.031123757362365723,1.0,1.0,1.0,1.0,1.0,1.0,1.0,1.0,1.0,1.0,1.0,1.0,1.0,1.0,1.0
Q0120,Mit welchem Dokument wird das Berufsfeldpraktikum abgeschlossen?,fully_answerable,1,"[""PO25CL-GEN-C02-P09-A04""]",0.9035135507583618,0.8751872777938843,0.02832627296447754,"[""PO25CL-GEN-C02-P09-A04"", ""PO25CL-GEN-C02-P09-A02"", ""PO25CL-GEN-C02-P09-A01"", ""PO25CL-GEN-C02-P09-A05"", ""PO25CL-APP-R14"", ""PO25CL-GEN-C02-P09-A03"", ""PO25CL-GEN-C01-P03-A04"", ""PO25CL-GEN-C03-P19-A01"", ""PO25CL-GEN-C01-P05-A02"", ""PO25CL-GEN-C03-P21-A02""]","[0.9035135507583618, 0.8751872777938843, 0.874870240688324, 0.8598122596740723, 0.8594704866409302, 0.8571078777313232, 0.8563054203987122, 0.8353484869003296, 0.8301616311073303, 0.8258463144302368]",[1],1.0,1.0,1.0,1.0,0.9035135507583618,0.9035135507583618,0.8751872777938843,0.02832627296447754,0.02832627296447754,1.0,1.0,1.0,1.0,1.0,1.0,1.0,1.0,1.0,1.0,1.0,1.0,1.0,1.0,1.0
Q0121,Aus welcher Art von Prüfungen besteht die Bachelorprüfung?,fully_answerable,1,"[""PO25CL-GEN-C03-P10-U01""]",0.9000275135040283,0.8834822177886963,0.01654529571533203,"[""PO25CL-GEN-C03-P10-U01"", ""PO25CL-GEN-C01-P01-A02"", ""PO25CL-GEN-C03-P22-U01"", ""PO25CL-GEN-C03-P23-U01"", ""PO25CL-GEN-C01-P04-A02"", ""PO25CL-GEN-C03-P21-A01"", ""PO25CL-GEN-C03-P19-A09"", ""PO25CL-GEN-C03-P21-A03"", ""PO25CL-GEN-C03-P19-A01"", ""PO25CL-GEN-C03-P15-A07""]","[0.9000275135040283, 0.8834822177886963, 0.8633426427841187, 0.8593350648880005, 0.8592901229858398, 0.8578552603721619, 0.8577084541320801, 0.8574466109275818, 0.8569735288619995, 0.8562614917755127]",[1],1.0,1.0,1.0,1.0,0.9000275135040283,0.9000275135040283,0.8834822177886963,0.01654529571533203,0.01654529571533203,1.0,1.0,1.0,1.0,1.0,1.0,1.0,1.0,1.0,1.0,1.0,1.0,1.0,1.0,1.0
Q0122,Welche Abschlussarbeit gehört zur Bachelorprüfung?,fully_answerable,1,"[""PO25CL-GEN-C03-P10-U01""]",0.8704865574836731,0.8699561953544617,0.0005303621292114258,"[""PO25CL-GEN-C03-P15-A10"", ""PO25CL-GEN-C03-P15-A02"", ""PO25CL-GEN-C03-P15-A08"", ""PO25CL-GEN-C03-P10-U01"", ""PO25CL-GEN-C03-P19-A09"", ""PO25CL-GEN-C01-P01-A02"", ""PO25CL-GEN-C03-P15-A01"", ""PO25CL-PLAN-S06-M02"", ""PO25CL-GEN-C03-P15-A06"", ""PO25CL-GEN-C03-P15-A09""]","[0.8704865574836731, 0.8699561953544617, 0.8684428930282593, 0.8678799271583557, 0.8635357618331909, 0.8621419668197632, 0.8616146445274353, 0.8603248596191406, 0.8586803674697876, 0.8585067987442017]",[4],4.0,4.0,4.0,0.25,0.8678799271583557,0.8678799271583557,0.8704865574836731,-0.002606630325317383,-0.002606630325317383,0.0,0.0,0.0,0.0,0.0,0.0,0.0,0.0,0.0,1.0,1.0,1.0,1.0,1.0,1.0
Q0123,"Wo ist festgelegt, welche Modulprüfungen zur Bachelorprüfung gehören?",fully_answerable,1,"[""PO25CL-GEN-C03-P10-U01""]",0.8839086890220642,0.8733936548233032,0.010515034198760986,"[""PO25CL-GEN-C03-P10-U01"", ""PO25CL-GEN-C03-P19-A09"", ""PO25CL-GEN-C03-P11-A06"", ""PO25CL-GEN-C03-P11-A03"", ""PO25CL-GEN-C03-P11-A02"", ""PO25CL-GEN-C03-P12-A01"", ""PO25CL-GEN-C01-P01-A02"", ""PO25CL-GEN-C03-P11-A07"", ""PO25CL-GEN-C03-P11-A01"", ""PO25CL-GEN-C03-P12-A05""]","[0.8839086890220642, 0.8733936548233032, 0.8711371421813965, 0.8679342865943909, 0.8660057783126831, 0.8654999732971191, 0.865054190158844, 0.8649066686630249, 0.8642667531967163, 0.8636966347694397]",[1],1.0,1.0,1.0,1.0,0.8839086890220642,0.8839086890220642,0.8733936548233032,0.010515034198760986,0.010515034198760986,1.0,1.0,1.0,1.0,1.0,1.0,1.0,1.0,1.0,1.0,1.0,1.0,1.0,1.0,1.0
Q0124,Auf welche Ziele beziehen sich Modulprüfungen?,fully_answerable,1,"[""PO25CL-GEN-C03-P11-A01""]",0.8674359321594238,0.8610849380493164,0.006350994110107422,"[""PO25CL-GEN-C03-P11-A01"", ""PO25CL-GEN-C03-P11-A05"", ""PO25CL-GEN-C03-P11-A07"", ""PO25CL-GEN-C03-P14-A02"", ""PO25CL-GEN-C03-P11-A06"", ""PO25CL-GEN-C03-P11-A03"", ""PO25CL-GEN-C03-P14-A01"", ""PO25CL-GEN-C03-P11-A02"", ""PO25CL-GEN-C03-P12-A03"", ""PO25CL-GEN-C01-P01-A02""]","[0.8674359321594238, 0.8610849380493164, 0.8566918969154358, 0.8549981713294983, 0.8533785343170166, 0.8514187932014465, 0.8510842323303223, 0.8488932847976685, 0.8469905853271484, 0.840989887714386]",[1],1.0,1.0,1.0,1.0,0.8674359321594238,0.8674359321594238,0.8610849380493164,0.006350994110107422,0.006350994110107422,1.0,1.0,1.0,1.0,1.0,1.0,1.0,1.0,1.0,1.0,1.0,1.0,1.0,1.0,1.0
Q0125,Auf wie viele Lehrveranstaltungen können Modulprüfungen exemplarisch Bezug nehmen?,fully_answerable,1,"[""PO25CL-GEN-C03-P11-A01""]",0.8676265478134155,0.8600236177444458,0.0076029300689697266,"[""PO25CL-GEN-C01-P03-A03"", ""PO25CL-GEN-C03-P11-A02"", ""PO25CL-GEN-C03-P11-A01"", ""PO25CL-GEN-C03-P11-A03"", ""PO25CL-GEN-C03-P14-A01"", ""PO25CL-GEN-C03-P11-A05"", ""PO25CL-GEN-C03-P11-A04"", ""PO25CL-GEN-C03-P14-A02"", ""PO25CL-GEN-C03-P18-A04"", ""PO25CL-APP-R06""]","[0.8676265478134155, 0.8600236177444458, 0.8584433794021606, 0.8515087962150574, 0.8508644104003906, 0.8472066521644592, 0.8429232239723206, 0.842396080493927, 0.839971661567688, 0.8392767906188965]",[3],3.0,3.0,3.0,0.3333333333333333,0.8584433794021606,0.8584433794021606,0.8676265478134155,-0.009183168411254883,-0.009183168411254883,0.0,0.0,0.0,0.0,0.0,0.0,1.0,1.0,1.0,1.0,1.0,1.0,1.0,1.0,1.0
Q0126,Auf wie viele Themenschwerpunkte können Modulprüfungen exemplarisch Bezug nehmen?,fully_answerable,1,"[""PO25CL-GEN-C03-P11-A01""]",0.8688324689865112,0.858814537525177,0.010017931461334229,"[""PO25CL-GEN-C03-P11-A01"", ""PO25CL-GEN-C03-P11-A03"", ""PO25CL-GEN-C01-P03-A03"", ""PO25CL-GEN-C03-P11-A05"", ""PO25CL-GEN-C03-P14-A01"", ""PO25CL-GEN-C03-P14-A02"", ""PO25CL-GEN-C03-P11-A02"", ""PO25CL-GEN-C03-P11-A06"", ""PO25CL-GEN-C03-P14-A07"", ""PO25CL-GEN-C03-P11-A07""]","[0.8688324689865112, 0.858814537525177, 0.8583640456199646, 0.8577395081520081, 0.8576934337615967, 0.8505238890647888, 0.846672773361206, 0.8463107943534851, 0.8462594151496887, 0.8453123569488525]",[1],1.0,1.0,1.0,1.0,0.8688324689865112,0.8688324689865112,0.858814537525177,0.010017931461334229,0.010017931461334229,1.0,1.0,1.0,1.0,1.0,1.0,1.0,1.0,1.0,1.0,1.0,1.0,1.0,1.0,1.0
Q0127,Ist eine nachträgliche Umbuchung einer Modulprüfung möglich?,fully_answerable,1,"[""PO25CL-GEN-C03-P11-A01""]",0.8818690180778503,0.863175630569458,0.018693387508392334,"[""PO25CL-GEN-C03-P11-A01"", ""PO25CL-GEN-C02-P07-A03"", ""PO25CL-GEN-C03-P17-A01"", ""PO25CL-APP-R09"", ""PO25CL-GEN-C03-P19-A09"", ""PO25CL-GEN-C03-P11-A06"", ""PO25CL-GEN-C03-P11-A03"", ""PO25CL-GEN-C03-P11-A04"", ""PO25CL-GEN-C03-P11-A02"", ""PO25CL-GEN-C03-P11-A07""]","[0.8818690180778503, 0.863175630569458, 0.8576057553291321, 0.8499386310577393, 0.8488072156906128, 0.8483710289001465, 0.846234917640686, 0.8446543216705322, 0.8420834541320801, 0.8410477042198181]",[1],1.0,1.0,1.0,1.0,0.8818690180778503,0.8818690180778503,0.863175630569458,0.018693387508392334,0.018693387508392334,1.0,1.0,1.0,1.0,1.0,1.0,1.0,1.0,1.0,1.0,1.0,1.0,1.0,1.0,1.0
Q0128,Bleibt die Zuordnung einer Modulprüfung bei Nichtbestehen verbindlich?,fully_answerable,1,"[""PO25CL-GEN-C03-P11-A01""]",0.8709396719932556,0.8708477020263672,9.196996688842773e-05,"[""PO25CL-GEN-C03-P19-A09"", ""PO25CL-GEN-C03-P19-A10"", ""PO25CL-GEN-C03-P11-A01"", ""PO25CL-GEN-C03-P19-A05"", ""PO25CL-GEN-C02-P07-A03"", ""PO25CL-GEN-C04-P28-A07"", ""PO25CL-GEN-C03-P19-A04"", ""PO25CL-GEN-C03-P12-A05"", ""PO25CL-GEN-C03-P17-A01"", ""PO25CL-GEN-C03-P12-A02""]","[0.8709396719932556, 0.8708477020263672, 0.8639129996299744, 0.8616998195648193, 0.857660710811615, 0.8535100817680359, 0.851997971534729, 0.851646363735199, 0.8495381474494934, 0.8450412750244141]",[3],3.0,3.0,3.0,0.3333333333333333,0.8639129996299744,0.8639129996299744,0.8709396719932556,-0.00702667236328125,-0.00702667236328125,0.0,0.0,0.0,0.0,0.0,0.0,1.0,1.0,1.0,1.0,1.0,1.0,1.0,1.0,1.0
Q0129,Welche Wahl haben Studierende bei einer lehrveranstaltungsbezogenen Modulprüfung?,fully_answerable,1,"[""PO25CL-GEN-C03-P11-A02""]",0.8754262328147888,0.8573325872421265,0.018093645572662354,"[""PO25CL-GEN-C03-P11-A02"", ""PO25CL-GEN-C03-P11-A05"", ""PO25CL-GEN-C03-P11-A01"", ""PO25CL-GEN-C01-P03-A03"", ""PO25CL-GEN-C03-P11-A07"", ""PO25CL-GEN-C03-P14-A01"", ""PO25CL-GEN-C03-P11-A06"", ""PO25CL-GEN-C02-P07-A03"", ""PO25CL-GEN-C03-P11-A03"", ""PO25CL-GEN-C02-P07-A01""]","[0.8754262328147888, 0.8573325872421265, 0.8515187501907349, 0.84995436668396, 0.8480162620544434, 0.8438605666160583, 0.8427794575691223, 0.8412719964981079, 0.8403503894805908, 0.8402801156044006]",[1],1.0,1.0,1.0,1.0,0.8754262328147888,0.8754262328147888,0.8573325872421265,0.018093645572662354,0.018093645572662354,1.0,1.0,1.0,1.0,1.0,1.0,1.0,1.0,1.0,1.0,1.0,1.0,1.0,1.0,1.0
Q0130,Wie viele Modulprüfungen sind einem Modul grundsätzlich zugeordnet?,fully_answerable,1,"[""PO25CL-GEN-C03-P11-A03""]",0.8858166933059692,0.8640903234481812,0.021726369857788086,"[""PO25CL-GEN-C03-P11-A03"", ""PO25CL-GEN-C01-P03-A03"", ""PO25CL-GEN-C03-P11-A04"", ""PO25CL-GEN-C03-P11-A06"", ""PO25CL-GEN-C03-P11-A01"", ""PO25CL-APP-R06"", ""PO25CL-GEN-C03-P14-A01"", ""PO25CL-GEN-C03-P12-A03"", ""PO25CL-GEN-C03-P18-A04"", ""PO25CL-GEN-C03-P17-A01""]","[0.8858166933059692, 0.8640903234481812, 0.8625447750091553, 0.8601337671279907, 0.8590494990348816, 0.8574135303497314, 0.8570381999015808, 0.8540184497833252, 0.8532074093818665, 0.8526957035064697]",[1],1.0,1.0,1.0,1.0,0.8858166933059692,0.8858166933059692,0.8640903234481812,0.021726369857788086,0.021726369857788086,1.0,1.0,1.0,1.0,1.0,1.0,1.0,1.0,1.0,1.0,1.0,1.0,1.0,1.0,1.0
Q0131,Können einem Modul in begründeten Ausnahmefällen mehrere Modulprüfungen zugeordnet werden?,fully_answerable,1,"[""PO25CL-GEN-C03-P11-A03""]",0.8895298838615417,0.8691011667251587,0.020428717136383057,"[""PO25CL-GEN-C03-P11-A03"", ""PO25CL-GEN-C03-P11-A01"", ""PO25CL-GEN-C03-P14-A01"", ""PO25CL-GEN-C03-P11-A04"", ""PO25CL-GEN-C03-P12-A05"", ""PO25CL-GEN-C03-P11-A02"", ""PO25CL-GEN-C03-P11-A05"", ""PO25CL-GEN-C03-P19-A05"", ""PO25CL-APP-R09"", ""PO25CL-GEN-C03-P12-A01""]","[0.8895298838615417, 0.8691011667251587, 0.869003176689148, 0.8660516738891602, 0.860440731048584, 0.8594736456871033, 0.8594159483909607, 0.8545629978179932, 0.8527909517288208, 0.8524113297462463]",[1],1.0,1.0,1.0,1.0,0.8895298838615417,0.8895298838615417,0.8691011667251587,0.020428717136383057,0.020428717136383057,1.0,1.0,1.0,1.0,1.0,1.0,1.0,1.0,1.0,1.0,1.0,1.0,1.0,1.0,1.0
Q0132,Ist für jede Modulprüfung eine gesonderte Meldung erforderlich?,fully_answerable,1,"[""PO25CL-GEN-C03-P11-A04""]",0.9064656496047974,0.8555448055267334,0.050920844078063965,"[""PO25CL-GEN-C03-P11-A04"", ""PO25CL-GEN-C03-P11-A03"", ""PO25CL-GEN-C03-P17-A01"", ""PO25CL-APP-R09"", ""PO25CL-GEN-C03-P11-A06"", ""PO25CL-GEN-C03-P14-A01"", ""PO25CL-GEN-C04-P28-A07"", ""PO25CL-GEN-C03-P11-A02"", ""PO25CL-GEN-C03-P18-A04"", ""PO25CL-GEN-C03-P11-A01""]","[0.9064656496047974, 0.8555448055267334, 0.8539958596229553, 0.8515271544456482, 0.8410863280296326, 0.8405793309211731, 0.8403602838516235, 0.8387675285339355, 0.8370782136917114, 0.8369584679603577]",[1],1.0,1.0,1.0,1.0,0.9064656496047974,0.9064656496047974,0.8555448055267334,0.050920844078063965,0.050920844078063965,1.0,1.0,1.0,1.0,1.0,1.0,1.0,1.0,1.0,1.0,1.0,1.0,1.0,1.0,1.0
Q0133,Nach welchem Paragraphen richten sich die Zulassungsvoraussetzungen für Modulprüfungen?,fully_answerable,1,"[""PO25CL-GEN-C03-P11-A04""]",0.8908991813659668,0.8892186880111694,0.0016804933547973633,"[""PO25CL-GEN-C03-P12-A04"", ""PO25CL-GEN-C03-P12-A03"", ""PO25CL-GEN-C03-P12-A05"", ""PO25CL-GEN-C03-P11-A04"", ""PO25CL-GEN-C03-P12-A01"", ""PO25CL-GEN-C03-P11-A02"", ""PO25CL-GEN-C03-P11-A07"", ""PO25CL-GEN-C03-P11-A03"", ""PO25CL-GEN-C03-P11-A01"", ""PO25CL-GEN-C03-P11-A06""]","[0.8908991813659668, 0.8892186880111694, 0.8840630054473877, 0.8815812468528748, 0.878698468208313, 0.8758125305175781, 0.8712261319160461, 0.870523989200592, 0.8684892654418945, 0.8658803701400757]",[4],4.0,4.0,4.0,0.25,0.8815812468528748,0.8815812468528748,0.8908991813659668,-0.009317934513092041,-0.009317934513092041,0.0,0.0,0.0,0.0,0.0,0.0,0.0,0.0,0.0,1.0,1.0,1.0,1.0,1.0,1.0
Q0134,Wo werden die Meldetermine für Modulprüfungen elektronisch bekannt gegeben?,fully_answerable,1,"[""PO25CL-GEN-C03-P11-A04""]",0.8887972831726074,0.85693359375,0.03186368942260742,"[""PO25CL-GEN-C03-P11-A04"", ""PO25CL-GEN-C03-P12-A03"", ""PO25CL-GEN-C03-P11-A05"", ""PO25CL-GEN-C03-P17-A01"", ""PO25CL-GEN-C03-P11-A09"", ""PO25CL-GEN-C03-P11-A06"", ""PO25CL-GEN-C03-P11-A07"", ""PO25CL-GEN-C03-P11-A03"", ""PO25CL-GEN-C03-P11-A01"", ""PO25CL-GEN-C03-P14-A02""]","[0.8887972831726074, 0.85693359375, 0.8520140647888184, 0.8432865142822266, 0.8410512208938599, 0.8336184620857239, 0.832240879535675, 0.8320086002349854, 0.8306573629379272, 0.8291345238685608]",[1],1.0,1.0,1.0,1.0,0.8887972831726074,0.8887972831726074,0.85693359375,0.03186368942260742,0.03186368942260742,1.0,1.0,1.0,1.0,1.0,1.0,1.0,1.0,1.0,1.0,1.0,1.0,1.0,1.0,1.0
Q0135,Wo werden die Meldetermine zusätzlich zur elektronischen Bekanntgabe mitgeteilt?,fully_answerable,1,"[""PO25CL-GEN-C03-P11-A04""]",0.8412864804267883,0.8022429347038269,0.039043545722961426,"[""PO25CL-GEN-C03-P11-A04"", ""PO25CL-GEN-C03-P17-A04"", ""PO25CL-GEN-C02-P07-A02"", ""PO25CL-GEN-C03-P17-A03"", ""PO25CL-GEN-C03-P12-A03"", ""PO25CL-GEN-C03-P17-A01"", ""PO25CL-GEN-C03-P17-A06"", ""PO25CL-GEN-C03-P15-A03"", ""PO25CL-GEN-C03-P11-A09"", ""PO25CL-GEN-C03-P16-A01""]","[0.8412864804267883, 0.8022429347038269, 0.8006810545921326, 0.7971456050872803, 0.7893706560134888, 0.7857122421264648, 0.7850165367126465, 0.7824041843414307, 0.7822166681289673, 0.7819486260414124]",[1],1.0,1.0,1.0,1.0,0.8412864804267883,0.8412864804267883,0.8022429347038269,0.039043545722961426,0.039043545722961426,1.0,1.0,1.0,1.0,1.0,1.0,1.0,1.0,1.0,1.0,1.0,1.0,1.0,1.0,1.0
Q0136,In welchem Paragraphen ist die Abmeldung von Prüfungen geregelt?,fully_answerable,1,"[""PO25CL-GEN-C03-P11-A04""]",0.8746775388717651,0.8705387115478516,0.004138827323913574,"[""PO25CL-GEN-C03-P17-A06"", ""PO25CL-GEN-C03-P17-A04"", ""PO25CL-GEN-C03-P17-A03"", ""PO25CL-GEN-C03-P17-A01"", ""PO25CL-GEN-C03-P11-A04"", ""PO25CL-GEN-C03-P19-A02"", ""PO25CL-GEN-C03-P17-A02"", ""PO25CL-GEN-C03-P19-A04"", ""PO25CL-GEN-C03-P11-A02"", ""PO25CL-GEN-C03-P19-A03""]","[0.8746775388717651, 0.8705387115478516, 0.8690337538719177, 0.8668539524078369, 0.8654876947402954, 0.8630931973457336, 0.8554165959358215, 0.8544597029685974, 0.8528560996055603, 0.8505058288574219]",[5],5.0,5.0,5.0,0.2,0.8654876947402954,0.8654876947402954,0.8746775388717651,-0.009189844131469727,-0.009189844131469727,0.0,0.0,0.0,0.0,0.0,0.0,0.0,0.0,0.0,1.0,1.0,1.0,1.0,1.0,1.0
Q0137,Kann eine Modulprüfung als Klausur erfolgen?,fully_answerable,1,"[""PO25CL-GEN-C03-P11-A05""]",0.8952404260635376,0.8880499005317688,0.007190525531768799,"[""PO25CL-GEN-C03-P11-A05"", ""PO25CL-GEN-C03-P14-A01"", ""PO25CL-GEN-C03-P17-A01"", ""PO25CL-GEN-C03-P11-A01"", ""PO25CL-GEN-C03-P14-A02"", ""PO25CL-GEN-C03-P14-A03"", ""PO25CL-GEN-C03-P11-A06"", ""PO25CL-GEN-C03-P12-A02"", ""PO25CL-GEN-C03-P11-A02"", ""PO25CL-GEN-C03-P11-A03""]","[0.8952404260635376, 0.8880499005317688, 0.8833768367767334, 0.871638834476471, 0.8704931139945984, 0.8703039884567261, 0.8670163154602051, 0.8602876663208008, 0.8602107763290405, 0.8590236902236938]",[1],1.0,1.0,1.0,1.0,0.8952404260635376,0.8952404260635376,0.8880499005317688,0.007190525531768799,0.007190525531768799,1.0,1.0,1.0,1.0,1.0,1.0,1.0,1.0,1.0,1.0,1.0,1.0,1.0,1.0,1.0
Q0138,Kann eine Modulprüfung in elektronischer Klausurform erfolgen?,fully_answerable,1,"[""PO25CL-GEN-C03-P11-A05""]",0.901279866695404,0.8805160522460938,0.020763814449310303,"[""PO25CL-GEN-C03-P11-A05"", ""PO25CL-GEN-C03-P14-A02"", ""PO25CL-GEN-C03-P14-A01"", ""PO25CL-GEN-C03-P12-A03"", ""PO25CL-GEN-C03-P11-A04"", ""PO25CL-GEN-C03-P17-A01"", ""PO25CL-GEN-C03-P11-A06"", ""PO25CL-GEN-C03-P11-A01"", ""PO25CL-GEN-C03-P14-A03"", ""PO25CL-APP-R09""]","[0.901279866695404, 0.8805160522460938, 0.8698460459709167, 0.865324854850769, 0.8604556322097778, 0.85984206199646, 0.8576902151107788, 0.8527798652648926, 0.8492710590362549, 0.8452643752098083]",[1],1.0,1.0,1.0,1.0,0.901279866695404,0.901279866695404,0.8805160522460938,0.020763814449310303,0.020763814449310303,1.0,1.0,1.0,1.0,1.0,1.0,1.0,1.0,1.0,1.0,1.0,1.0,1.0,1.0,1.0
Q0139,Kann eine Modulprüfung als mündliche Prüfung erfolgen?,fully_answerable,1,"[""PO25CL-GEN-C03-P11-A05""]",0.8878657817840576,0.8834711909294128,0.004394590854644775,"[""PO25CL-GEN-C03-P11-A06"", ""PO25CL-GEN-C03-P11-A05"", ""PO25CL-GEN-C03-P13-A02"", ""PO25CL-GEN-C03-P17-A01"", ""PO25CL-GEN-C03-P14-A01"", ""PO25CL-GEN-C03-P11-A01"", ""PO25CL-GEN-C03-P13-A01"", ""PO25CL-APP-R09"", ""PO25CL-GEN-C03-P11-A03"", ""PO25CL-GEN-C03-P12-A02""]","[0.8878657817840576, 0.8834711909294128, 0.8819928765296936, 0.8775115013122559, 0.8770895004272461, 0.8748644590377808, 0.874782919883728, 0.8688935041427612, 0.8662923574447632, 0.8599133491516113]",[2],2.0,2.0,2.0,0.5,0.8834711909294128,0.8834711909294128,0.8878657817840576,-0.004394590854644775,-0.004394590854644775,0.0,0.0,0.0,1.0,1.0,1.0,1.0,1.0,1.0,1.0,1.0,1.0,1.0,1.0,1.0
Q0140,Kann eine Modulprüfung als Studienarbeit erfolgen?,fully_answerable,1,"[""PO25CL-GEN-C03-P11-A05""]",0.8831861019134521,0.8739153742790222,0.009270727634429932,"[""PO25CL-GEN-C03-P11-A06"", ""PO25CL-GEN-C03-P14-A08"", ""PO25CL-GEN-C03-P11-A05"", ""PO25CL-GEN-C03-P11-A01"", ""PO25CL-GEN-C03-P14-A01"", ""PO25CL-GEN-C03-P14-A04"", ""PO25CL-GEN-C03-P17-A01"", ""PO25CL-GEN-C03-P11-A02"", ""PO25CL-GEN-C03-P19-A09"", ""PO25CL-GEN-C03-P11-A03""]","[0.8831861019134521, 0.8739153742790222, 0.8715476989746094, 0.8687354922294617, 0.860414445400238, 0.8574106693267822, 0.8570173978805542, 0.8548177480697632, 0.8537818789482117, 0.8528760671615601]",[3],3.0,3.0,3.0,0.3333333333333333,0.8715476989746094,0.8715476989746094,0.8831861019134521,-0.011638402938842773,-0.011638402938842773,0.0,0.0,0.0,0.0,0.0,0.0,1.0,1.0,1.0,1.0,1.0,1.0,1.0,1.0,1.0
Q0141,Kann eine Modulprüfung als Hausarbeit erfolgen?,fully_answerable,1,"[""PO25CL-GEN-C03-P11-A05""]",0.8923046588897705,0.8775415420532227,0.014763116836547852,"[""PO25CL-GEN-C03-P11-A06"", ""PO25CL-GEN-C03-P14-A05"", ""PO25CL-GEN-C03-P14-A08"", ""PO25CL-GEN-C03-P11-A05"", ""PO25CL-GEN-C03-P14-A10"", ""PO25CL-GEN-C03-P14-A01"", ""PO25CL-GEN-C03-P11-A01"", ""PO25CL-GEN-C03-P13-A02"", ""PO25CL-GEN-C03-P11-A03"", ""PO25CL-GEN-C03-P19-A05""]","[0.8923046588897705, 0.8775415420532227, 0.8773986101150513, 0.8728323578834534, 0.8556149005889893, 0.8549067974090576, 0.8467197418212891, 0.8464416861534119, 0.8456199169158936, 0.8455045223236084]",[4],4.0,4.0,4.0,0.25,0.8728323578834534,0.8728323578834534,0.8923046588897705,-0.01947230100631714,-0.01947230100631714,0.0,0.0,0.0,0.0,0.0,0.0,0.0,0.0,0.0,1.0,1.0,1.0,1.0,1.0,1.0
Q0142,Kann eine Modulprüfung als Portfolio erfolgen?,fully_answerable,1,"[""PO25CL-GEN-C03-P11-A05""]",0.890552282333374,0.8705544471740723,0.019997835159301758,"[""PO25CL-GEN-C03-P14-A07"", ""PO25CL-GEN-C03-P11-A05"", ""PO25CL-GEN-C03-P11-A06"", ""PO25CL-GEN-C03-P14-A01"", ""PO25CL-GEN-C03-P11-A01"", ""PO25CL-GEN-C03-P17-A01"", ""PO25CL-GEN-C03-P14-A08"", ""PO25CL-GEN-C03-P11-A03"", ""PO25CL-GEN-C03-P13-A02"", ""PO25CL-GEN-C03-P11-A02""]","[0.890552282333374, 0.8705544471740723, 0.8551146388053894, 0.8548446297645569, 0.8443540930747986, 0.8436983227729797, 0.839020311832428, 0.8384413719177246, 0.8383005857467651, 0.8366265892982483]",[2],2.0,2.0,2.0,0.5,0.8705544471740723,0.8705544471740723,0.890552282333374,-0.019997835159301758,-0.019997835159301758,0.0,0.0,0.0,1.0,1.0,1.0,1.0,1.0,1.0,1.0,1.0,1.0,1.0,1.0,1.0
Q0143,Kann eine Modulprüfung als Projektarbeit erfolgen?,fully_answerable,1,"[""PO25CL-GEN-C03-P11-A05""]",0.8753151297569275,0.868080735206604,0.007234394550323486,"[""PO25CL-GEN-C03-P14-A08"", ""PO25CL-GEN-C03-P11-A06"", ""PO25CL-GEN-C03-P11-A05"", ""PO25CL-GEN-C03-P14-A06"", ""PO25CL-GEN-C03-P11-A01"", ""PO25CL-GEN-C03-P14-A01"", ""PO25CL-GEN-C03-P19-A05"", ""PO25CL-GEN-C03-P17-A01"", ""PO25CL-GEN-C03-P14-A10"", ""PO25CL-GEN-C03-P11-A03""]","[0.8753151297569275, 0.868080735206604, 0.8672577738761902, 0.8635611534118652, 0.8539294600486755, 0.8524008989334106, 0.8462654948234558, 0.8459874391555786, 0.8457496762275696, 0.8450627326965332]",[3],3.0,3.0,3.0,0.3333333333333333,0.8672577738761902,0.8672577738761902,0.8753151297569275,-0.008057355880737305,-0.008057355880737305,0.0,0.0,0.0,0.0,0.0,0.0,1.0,1.0,1.0,1.0,1.0,1.0,1.0,1.0,1.0
Q0144,Wie viele Modulabschlussprüfungen müssen mindestens als Hausarbeit oder Studienarbeit abgelegt werden?,fully_answerable,1,"[""PO25CL-GEN-C03-P11-A06""]",0.8986160755157471,0.8921682834625244,0.006447792053222656,"[""PO25CL-GEN-C03-P11-A06"", ""PO25CL-GEN-C03-P14-A05"", ""PO25CL-GEN-C03-P14-A08"", ""PO25CL-GEN-C03-P14-A04"", ""PO25CL-GEN-C03-P14-A10"", ""PO25CL-GEN-C03-P11-A05"", ""PO25CL-GEN-C03-P14-A06"", ""PO25CL-GEN-C01-P03-A03"", ""PO25CL-GEN-C03-P11-A03"", ""PO25CL-GEN-C03-P14-A01""]","[0.8986160755157471, 0.8921682834625244, 0.8705996870994568, 0.8663715720176697, 0.8572921752929688, 0.8550806045532227, 0.8529573678970337, 0.8490501046180725, 0.8483279943466187, 0.847653865814209]",[1],1.0,1.0,1.0,1.0,0.8986160755157471,0.8986160755157471,0.8921682834625244,0.006447792053222656,0.006447792053222656,1.0,1.0,1.0,1.0,1.0,1.0,1.0,1.0,1.0,1.0,1.0,1.0,1.0,1.0,1.0
Q0145,Wie viele Modulabschlussprüfungen müssen mindestens als mündliche Prüfung abgelegt werden?,fully_answerable,1,"[""PO25CL-GEN-C03-P11-A06""]",0.88836270570755,0.8749822974205017,0.01338040828704834,"[""PO25CL-GEN-C03-P11-A06"", ""PO25CL-GEN-C03-P13-A02"", ""PO25CL-GEN-C03-P17-A01"", ""PO25CL-GEN-C03-P13-A01"", ""PO25CL-GEN-C03-P14-A01"", ""PO25CL-GEN-C03-P11-A03"", ""PO25CL-GEN-C03-P11-A05"", ""PO25CL-GEN-C03-P11-A01"", ""PO25CL-GEN-C03-P12-A02"", ""PO25CL-GEN-C03-P11-A04""]","[0.88836270570755, 0.8749822974205017, 0.871539831161499, 0.870019793510437, 0.8675153255462646, 0.8657679557800293, 0.8628079891204834, 0.860045313835144, 0.8597543239593506, 0.858005166053772]",[1],1.0,1.0,1.0,1.0,0.88836270570755,0.88836270570755,0.8749822974205017,0.01338040828704834,0.01338040828704834,1.0,1.0,1.0,1.0,1.0,1.0,1.0,1.0,1.0,1.0,1.0,1.0,1.0,1.0,1.0
Q0146,Innerhalb welcher Frist muss die Bewertung einer Prüfung bekannt gegeben werden?,fully_answerable,1,"[""PO25CL-GEN-C03-P11-A09""]",0.9000691771507263,0.887317955493927,0.012751221656799316,"[""PO25CL-GEN-C03-P11-A09"", ""PO25CL-GEN-C03-P16-A03"", ""PO25CL-GEN-C03-P14-A03"", ""PO25CL-GEN-C03-P14-A06"", ""PO25CL-GEN-C03-P14-A04"", ""PO25CL-GEN-C03-P13-A01"", ""PO25CL-GEN-C03-P20-A04"", ""PO25CL-GEN-C03-P19-A07"", ""PO25CL-GEN-C04-P26-U01"", ""PO25CL-GEN-C03-P15-A04""]","[0.9000691771507263, 0.887317955493927, 0.8712136149406433, 0.8671658039093018, 0.8656588792800903, 0.8630174994468689, 0.8589943647384644, 0.8578448295593262, 0.8577513694763184, 0.8565612435340881]",[1],1.0,1.0,1.0,1.0,0.9000691771507263,0.9000691771507263,0.887317955493927,0.012751221656799316,0.012751221656799316,1.0,1.0,1.0,1.0,1.0,1.0,1.0,1.0,1.0,1.0,1.0,1.0,1.0,1.0,1.0
Q0147,In welcher Sprache werden Prüfungen in der Regel abgenommen?,fully_answerable,1,"[""PO25CL-GEN-C03-P11-A08""]",0.8842618465423584,0.8431565165519714,0.04110532999038696,"[""PO25CL-GEN-C03-P11-A08"", ""PO25CL-GEN-C03-P15-A07"", ""PO25CL-APP-R11"", ""PO25CL-GEN-C03-P11-A02"", ""PO25CL-APP-R08"", ""PO25CL-PLAN-LEGEND"", ""PO25CL-APP-R09"", ""PO25CL-GEN-C03-P11-A03"", ""PO25CL-GEN-C03-P17-A01"", ""PO25CL-GEN-C03-P17-A03""]","[0.8842618465423584, 0.8431565165519714, 0.833145260810852, 0.831286609172821, 0.8225523829460144, 0.8214482069015503, 0.8197712898254395, 0.8197019100189209, 0.8190793991088867, 0.8183075785636902]",[1],1.0,1.0,1.0,1.0,0.8842618465423584,0.8842618465423584,0.8431565165519714,0.04110532999038696,0.04110532999038696,1.0,1.0,1.0,1.0,1.0,1.0,1.0,1.0,1.0,1.0,1.0,1.0,1.0,1.0,1.0
Q0148,Unter welcher Voraussetzung kann eine Prüfung in einer anderen Sprache abgenommen werden?,fully_answerable,1,"[""PO25CL-GEN-C03-P11-A08""]",0.886654257774353,0.8556543588638306,0.03099989891052246,"[""PO25CL-GEN-C03-P11-A08"", ""PO25CL-GEN-C03-P15-A07"", ""PO25CL-GEN-C03-P11-A02"", ""PO25CL-GEN-C03-P12-A05"", ""PO25CL-APP-R09"", ""PO25CL-GEN-C03-P11-A01"", ""PO25CL-GEN-C04-P28-A07"", ""PO25CL-GEN-C03-P17-A01"", ""PO25CL-APP-R11"", ""PO25CL-GEN-C03-P17-A03""]","[0.886654257774353, 0.8556543588638306, 0.8481089472770691, 0.8402464985847473, 0.837326169013977, 0.8365986347198486, 0.8352961540222168, 0.8352921009063721, 0.8337138295173645, 0.8332911133766174]",[1],1.0,1.0,1.0,1.0,0.886654257774353,0.886654257774353,0.8556543588638306,0.03099989891052246,0.03099989891052246,1.0,1.0,1.0,1.0,1.0,1.0,1.0,1.0,1.0,1.0,1.0,1.0,1.0,1.0,1.0
Q0149,Welche Einschreibung ist grundsätzlich für die Zulassung zu einer Modulprüfung erforderlich?,fully_answerable,1,"[""PO25CL-GEN-C03-P12-A01""]",0.8827051520347595,0.87666255235672,0.006042599678039551,"[""PO25CL-GEN-C03-P12-A03"", ""PO25CL-GEN-C03-P12-A01"", ""PO25CL-GEN-C03-P11-A04"", ""PO25CL-GEN-C03-P11-A06"", ""PO25CL-GEN-C03-P12-A04"", ""PO25CL-GEN-C03-P12-A05"", ""PO25CL-GEN-C03-P11-A03"", ""PO25CL-GEN-C03-P11-A05"", ""PO25CL-GEN-C03-P17-A01"", ""PO25CL-GEN-C03-P12-A02""]","[0.8827051520347595, 0.87666255235672, 0.8747494220733643, 0.8723418116569519, 0.8715527057647705, 0.869134783744812, 0.8666867613792419, 0.8575885891914368, 0.8572320938110352, 0.8549141883850098]",[2],2.0,2.0,2.0,0.5,0.87666255235672,0.87666255235672,0.8827051520347595,-0.006042599678039551,-0.006042599678039551,0.0,0.0,0.0,1.0,1.0,1.0,1.0,1.0,1.0,1.0,1.0,1.0,1.0,1.0,1.0
Q0150,Können zugelassene Zweithörerinnen und Zweithörer an Modulprüfungen teilnehmen?,fully_answerable,1,"[""PO25CL-GEN-C03-P12-A01""]",0.8886171579360962,0.842301607131958,0.046315550804138184,"[""PO25CL-GEN-C03-P12-A01"", ""PO25CL-GEN-C03-P12-A02"", ""PO25CL-GEN-C03-P12-A05"", ""PO25CL-GEN-C03-P11-A04"", ""PO25CL-GEN-C03-P12-A04"", ""PO25CL-GEN-C03-P17-A01"", ""PO25CL-APP-R09"", ""PO25CL-GEN-C03-P11-A01"", ""PO25CL-GEN-C03-P11-A03"", ""PO25CL-GEN-C03-P12-A03""]","[0.8886171579360962, 0.842301607131958, 0.8387295007705688, 0.8357908725738525, 0.8343306183815002, 0.8328119516372681, 0.831747829914093, 0.8300824165344238, 0.8295049667358398, 0.8279346823692322]",[1],1.0,1.0,1.0,1.0,0.8886171579360962,0.8886171579360962,0.842301607131958,0.046315550804138184,0.046315550804138184,1.0,1.0,1.0,1.0,1.0,1.0,1.0,1.0,1.0,1.0,1.0,1.0,1.0,1.0,1.0
Q0151,Müssen die fachbezogenen Voraussetzungen des fächerspezifischen Anhangs erfüllt sein?,fully_answerable,1,"[""PO25CL-GEN-C03-P12-A01""]",0.8631113767623901,0.8548334240913391,0.008277952671051025,"[""PO25CL-APP-R08"", ""PO25CL-APP-R04"", ""PO25CL-GEN-C03-P15-A02"", ""PO25CL-APP-R07-M16"", ""PO25CL-APP-R09"", ""PO25CL-APP-R11"", ""PO25CL-APP-R10"", ""PO25CL-APP-R07-M01"", ""PO25CL-GEN-C03-P11-A03"", ""PO25CL-GEN-C03-P12-A05""]","[0.8631113767623901, 0.8548334240913391, 0.8513569831848145, 0.8438390493392944, 0.8437147736549377, 0.8423929214477539, 0.8417147994041443, 0.8408468961715698, 0.8406954407691956, 0.8390346169471741]",[43],43.0,43.0,43.0,0.023255813953488372,0.8169052004814148,0.8169052004814148,0.8631113767623901,-0.04620617628097534,-0.04620617628097534,0.0,0.0,0.0,0.0,0.0,0.0,0.0,0.0,0.0,0.0,0.0,0.0,0.0,0.0,0.0
Q0152,Welche ausländischen Studierenden sind von der Einschreibungsverpflichtung ausgenommen?,fully_answerable,1,"[""PO25CL-GEN-C03-P12-A01""]",0.8437305688858032,0.8144381046295166,0.02929246425628662,"[""PO25CL-GEN-C03-P12-A01"", ""PO25CL-GEN-C04-P29-U01"", ""PO25CL-GEN-C04-P28-A07"", ""PO25CL-GEN-C03-P15-A07"", ""PO25CL-GEN-C03-P12-A05"", ""PO25CL-GEN-C04-P28-A03"", ""PO25CL-GEN-C04-P30-U01"", ""PO25CL-GEN-C04-P28-A06"", ""PO25CL-GEN-C04-P28-A02"", ""PO25CL-GEN-C03-P11-A04""]","[0.8437305688858032, 0.8144381046295166, 0.8132197260856628, 0.8110338449478149, 0.8100042939186096, 0.8078387975692749, 0.8055146932601929, 0.8054836988449097, 0.804389238357544, 0.8038782477378845]",[1],1.0,1.0,1.0,1.0,0.8437305688858032,0.8437305688858032,0.8144381046295166,0.02929246425628662,0.02929246425628662,1.0,1.0,1.0,1.0,1.0,1.0,1.0,1.0,1.0,1.0,1.0,1.0,1.0,1.0,1.0
Q0153,Welche Zugangsprüfung ermöglicht beruflich Qualifizierten die Zulassung zu Modulprüfungen?,fully_answerable,1,"[""PO25CL-GEN-C03-P12-A02""]",0.8567206859588623,0.8557631969451904,0.000957489013671875,"[""PO25CL-GEN-C03-P12-A03"", ""PO25CL-GEN-C03-P12-A02"", ""PO25CL-GEN-C03-P12-A01"", ""PO25CL-GEN-C03-P12-A04"", ""PO25CL-GEN-C03-P11-A04"", ""PO25CL-GEN-C03-P11-A06"", ""PO25CL-GEN-C03-P12-A05"", ""PO25CL-GEN-C03-P11-A01"", ""PO25CL-GEN-C03-P11-A02"", ""PO25CL-GEN-C03-P11-A05""]","[0.8567206859588623, 0.8557631969451904, 0.855352520942688, 0.8499751091003418, 0.8483138084411621, 0.8420999646186829, 0.841386616230011, 0.8413744568824768, 0.8392877578735352, 0.8389524221420288]",[2],2.0,2.0,2.0,0.5,0.8557631969451904,0.8557631969451904,0.8567206859588623,-0.000957489013671875,-0.000957489013671875,0.0,0.0,0.0,1.0,1.0,1.0,1.0,1.0,1.0,1.0,1.0,1.0,1.0,1.0,1.0
Q0154,Wie lange dauert die Klausurarbeit der Zugangsprüfung?,fully_answerable,1,"[""PO25CL-GEN-C03-P12-A02""]",0.8994458317756653,0.8785296678543091,0.0209161639213562,"[""PO25CL-GEN-C03-P14-A03"", ""PO25CL-GEN-C03-P14-A04"", ""PO25CL-GEN-C03-P12-A02"", ""PO25CL-GEN-C03-P16-A03"", ""PO25CL-GEN-C03-P15-A04"", ""PO25CL-GEN-C03-P14-A10"", ""PO25CL-GEN-C03-P14-A05"", ""PO25CL-GEN-C03-P14-A06"", ""PO25CL-GEN-C03-P17-A01"", ""PO25CL-GEN-C01-P03-A01""]","[0.8994458317756653, 0.8785296678543091, 0.8669869899749756, 0.8609930276870728, 0.8592086434364319, 0.8535051941871643, 0.8529247641563416, 0.8517695665359497, 0.8508590459823608, 0.8479529619216919]",[3],3.0,3.0,3.0,0.3333333333333333,0.8669869899749756,0.8669869899749756,0.8994458317756653,-0.0324588418006897,-0.0324588418006897,0.0,0.0,0.0,0.0,0.0,0.0,1.0,1.0,1.0,1.0,1.0,1.0,1.0,1.0,1.0
Q0155,Wie lange dauert der mündliche Teil der Zugangsprüfung mindestens?,fully_answerable,1,"[""PO25CL-GEN-C03-P12-A02""]",0.8693103790283203,0.866825520992279,0.0024848580360412598,"[""PO25CL-GEN-C03-P13-A02"", ""PO25CL-GEN-C03-P12-A02"", ""PO25CL-GEN-C03-P13-A01"", ""PO25CL-GEN-C03-P15-A04"", ""PO25CL-GEN-C03-P14-A03"", ""PO25CL-GEN-C03-P14-A04"", ""PO25CL-GEN-C03-P17-A01"", ""PO25CL-GEN-C03-P14-A10"", ""PO25CL-GEN-C03-P11-A06"", ""PO25CL-GEN-C03-P11-A09""]","[0.8693103790283203, 0.866825520992279, 0.8656488060951233, 0.8561769723892212, 0.852690577507019, 0.851886510848999, 0.8477846384048462, 0.8475877046585083, 0.8473272323608398, 0.8464832305908203]",[2],2.0,2.0,2.0,0.5,0.866825520992279,0.866825520992279,0.8693103790283203,-0.0024848580360412598,-0.0024848580360412598,0.0,0.0,0.0,1.0,1.0,1.0,1.0,1.0,1.0,1.0,1.0,1.0,1.0,1.0,1.0
Q0156,Wie lange dauert der mündliche Teil der Zugangsprüfung höchstens?,fully_answerable,1,"[""PO25CL-GEN-C03-P12-A02""]",0.8578579425811768,0.8573779463768005,0.0004799962043762207,"[""PO25CL-GEN-C03-P13-A02"", ""PO25CL-GEN-C03-P13-A01"", ""PO25CL-GEN-C03-P12-A02"", ""PO25CL-GEN-C03-P15-A04"", ""PO25CL-GEN-C03-P14-A03"", ""PO25CL-GEN-C03-P14-A04"", ""PO25CL-GEN-C03-P14-A10"", ""PO25CL-GEN-C03-P11-A06"", ""PO25CL-GEN-C03-P11-A09"", ""PO25CL-GEN-C03-P17-A01""]","[0.8578579425811768, 0.8573779463768005, 0.856652021408081, 0.8457838296890259, 0.8444288969039917, 0.8414809703826904, 0.8396381139755249, 0.839364767074585, 0.8371979594230652, 0.8367794752120972]",[3],3.0,3.0,3.0,0.3333333333333333,0.856652021408081,0.856652021408081,0.8578579425811768,-0.0012059211730957031,-0.0012059211730957031,0.0,0.0,0.0,0.0,0.0,0.0,1.0,1.0,1.0,1.0,1.0,1.0,1.0,1.0,1.0
Q0157,Welche Mindestbewertung muss jede Teilleistung der Zugangsprüfung erreichen?,fully_answerable,1,"[""PO25CL-GEN-C03-P12-A02""]",0.8392987251281738,0.8382920026779175,0.0010067224502563477,"[""PO25CL-GEN-C03-P18-A01"", ""PO25CL-GEN-C03-P12-A02"", ""PO25CL-GEN-C04-P28-A09"", ""PO25CL-GEN-C03-P14-A02"", ""PO25CL-GEN-C03-P18-A03"", ""PO25CL-GEN-C03-P18-A07"", ""PO25CL-GEN-C03-P19-A08"", ""PO25CL-GEN-C03-P18-A02"", ""PO25CL-GEN-C03-P19-A05"", ""PO25CL-GEN-C03-P19-A01""]","[0.8392987251281738, 0.8382920026779175, 0.8368217945098877, 0.8353802561759949, 0.8325133323669434, 0.8322091102600098, 0.8320479393005371, 0.8315663933753967, 0.8295734524726868, 0.8248342275619507]",[2],2.0,2.0,2.0,0.5,0.8382920026779175,0.8382920026779175,0.8392987251281738,-0.0010067224502563477,-0.0010067224502563477,0.0,0.0,0.0,1.0,1.0,1.0,1.0,1.0,1.0,1.0,1.0,1.0,1.0,1.0,1.0
Q0158,Wie wird die Gesamtnote der Zugangsprüfung berechnet?,fully_answerable,1,"[""PO25CL-GEN-C03-P12-A02""]",0.8682795763015747,0.865363359451294,0.0029162168502807617,"[""PO25CL-GEN-C03-P18-A05"", ""PO25CL-GEN-C03-P18-A06"", ""PO25CL-GEN-C03-P18-A07"", ""PO25CL-GEN-C03-P18-A02"", ""PO25CL-GEN-C03-P18-A04"", ""PO25CL-GEN-C03-P18-A03"", ""PO25CL-GEN-C03-P18-A01"", ""PO25CL-GEN-C03-P18-A08"", ""PO25CL-GEN-C03-P12-A02"", ""PO25CL-GEN-C03-P19-A08""]","[0.8682795763015747, 0.865363359451294, 0.8611204028129578, 0.8521952629089355, 0.8521010875701904, 0.8514525294303894, 0.8458549976348877, 0.8428884744644165, 0.8426631689071655, 0.8347966074943542]",[9],9.0,9.0,9.0,0.1111111111111111,0.8426631689071655,0.8426631689071655,0.8682795763015747,-0.02561640739440918,-0.02561640739440918,0.0,0.0,0.0,0.0,0.0,0.0,0.0,0.0,0.0,0.0,0.0,0.0,1.0,1.0,1.0
Q0159,Wie viele Semester dauert das Probestudium?,fully_answerable,1,"[""PO25CL-GEN-C03-P12-A02""]",0.8556159138679504,0.8448500037193298,0.010765910148620605,"[""PO25CL-GEN-C01-P03-A01"", ""PO25CL-GEN-C02-P09-A01"", ""PO25CL-PLAN-S05-M01"", ""PO25CL-GEN-C01-P03-A04"", ""PO25CL-GEN-C03-P12-A02"", ""PO25CL-GEN-C03-P11-A09"", ""PO25CL-GEN-C03-P14-A03"", ""PO25CL-GEN-C01-P03-A02"", ""PO25CL-GEN-C03-P13-A02"", ""PO25CL-GEN-C03-P14-A06""]","[0.8556159138679504, 0.8448500037193298, 0.8411461114883423, 0.8408223390579224, 0.8399098515510559, 0.8391917943954468, 0.8353524208068848, 0.8343532085418701, 0.8341401219367981, 0.8332843780517578]",[5],5.0,5.0,5.0,0.2,0.8399098515510559,0.8399098515510559,0.8556159138679504,-0.01570606231689453,-0.01570606231689453,0.0,0.0,0.0,0.0,0.0,0.0,0.0,0.0,0.0,1.0,1.0,1.0,1.0,1.0,1.0
Q0160,An wen ist der Antrag zur Zugangsprüfung zu richten?,fully_answerable,1,"[""PO25CL-GEN-C03-P12-A02""]",0.8382652997970581,0.8376733660697937,0.0005919337272644043,"[""PO25CL-GEN-C03-P12-A03"", ""PO25CL-GEN-C03-P12-A04"", ""PO25CL-GEN-C03-P12-A01"", ""PO25CL-GEN-C04-P27-A03"", ""PO25CL-GEN-C03-P12-A02"", ""PO25CL-GEN-C04-P28-A08"", ""PO25CL-GEN-C03-P15-A03"", ""PO25CL-GEN-C03-P11-A04"", ""PO25CL-GEN-C01-P01-A02"", ""PO25CL-GEN-C04-P24-A04""]","[0.8382652997970581, 0.8376733660697937, 0.8332833647727966, 0.8302541375160217, 0.8295968770980835, 0.8247894048690796, 0.8247854113578796, 0.8241223096847534, 0.8237367868423462, 0.8235713839530945]",[5],5.0,5.0,5.0,0.2,0.8295968770980835,0.8295968770980835,0.8382652997970581,-0.00866842269897461,-0.00866842269897461,0.0,0.0,0.0,0.0,0.0,0.0,0.0,0.0,0.0,1.0,1.0,1.0,1.0,1.0,1.0
Q0161,Über welches System wird der Zulassungsantrag zu Modulprüfungen gestellt?,fully_answerable,1,"[""PO25CL-GEN-C03-P12-A03""]",0.9025788903236389,0.8654417991638184,0.03713709115982056,"[""PO25CL-GEN-C03-P12-A03"", ""PO25CL-GEN-C03-P11-A04"", ""PO25CL-GEN-C03-P12-A04"", ""PO25CL-GEN-C03-P11-A03"", ""PO25CL-GEN-C03-P12-A05"", ""PO25CL-GEN-C03-P12-A01"", ""PO25CL-GEN-C03-P11-A06"", ""PO25CL-GEN-C03-P11-A02"", ""PO25CL-GEN-C03-P12-A02"", ""PO25CL-GEN-C03-P11-A05""]","[0.9025788903236389, 0.8654417991638184, 0.8622100949287415, 0.8479198813438416, 0.8458952307701111, 0.8435115814208984, 0.8408003449440002, 0.8386630415916443, 0.837712824344635, 0.8361271023750305]",[1],1.0,1.0,1.0,1.0,0.9025788903236389,0.9025788903236389,0.8654417991638184,0.03713709115982056,0.03713709115982056,1.0,1.0,1.0,1.0,1.0,1.0,1.0,1.0,1.0,1.0,1.0,1.0,1.0,1.0,1.0
Q0162,Wer entscheidet über die Zulassung zu einer Modulprüfung?,fully_answerable,1,"[""PO25CL-GEN-C03-P12-A04""]",0.898184061050415,0.887518048286438,0.01066601276397705,"[""PO25CL-GEN-C03-P12-A04"", ""PO25CL-GEN-C03-P12-A03"", ""PO25CL-GEN-C03-P11-A07"", ""PO25CL-GEN-C03-P11-A04"", ""PO25CL-GEN-C03-P12-A05"", ""PO25CL-GEN-C03-P12-A01"", ""PO25CL-GEN-C03-P11-A03"", ""PO25CL-GEN-C03-P11-A02"", ""PO25CL-GEN-C03-P11-A06"", ""PO25CL-GEN-C03-P11-A01""]","[0.898184061050415, 0.887518048286438, 0.8711186051368713, 0.8646264672279358, 0.863939106464386, 0.863565981388092, 0.8621172904968262, 0.8610029220581055, 0.8578243255615234, 0.8493952751159668]",[1],1.0,1.0,1.0,1.0,0.898184061050415,0.898184061050415,0.887518048286438,0.01066601276397705,0.01066601276397705,1.0,1.0,1.0,1.0,1.0,1.0,1.0,1.0,1.0,1.0,1.0,1.0,1.0,1.0,1.0
Q0163,Kann die Stellvertretung des Prüfungsausschussvorsitzes über die Zulassung entscheiden?,fully_answerable,1,"[""PO25CL-GEN-C03-P12-A04""]",0.8841515779495239,0.8589308261871338,0.025220751762390137,"[""PO25CL-GEN-C03-P12-A04"", ""PO25CL-GEN-C04-P24-A06"", ""PO25CL-GEN-C04-P24-A03"", ""PO25CL-GEN-C04-P24-A04"", ""PO25CL-GEN-C04-P24-A05"", ""PO25CL-GEN-C04-P24-A02"", ""PO25CL-GEN-C04-P29-U01"", ""PO25CL-GEN-C03-P15-A03"", ""PO25CL-GEN-C03-P20-A02"", ""PO25CL-GEN-C04-P28-A08""]","[0.8841515779495239, 0.8589308261871338, 0.8573637008666992, 0.8495980501174927, 0.8440572023391724, 0.8420205116271973, 0.8420131802558899, 0.841905415058136, 0.8409311771392822, 0.8399356007575989]",[1],1.0,1.0,1.0,1.0,0.8841515779495239,0.8841515779495239,0.8589308261871338,0.025220751762390137,0.025220751762390137,1.0,1.0,1.0,1.0,1.0,1.0,1.0,1.0,1.0,1.0,1.0,1.0,1.0,1.0,1.0
Q0164,Darf die Zulassung bei fehlenden allgemeinen Voraussetzungen abgelehnt werden?,fully_answerable,1,"[""PO25CL-GEN-C03-P12-A05""]",0.8617291450500488,0.8423329591751099,0.019396185874938965,"[""PO25CL-GEN-C03-P12-A05"", ""PO25CL-GEN-C03-P20-A02"", ""PO25CL-GEN-C03-P19-A06"", ""PO25CL-APP-R08"", ""PO25CL-GEN-C03-P11-A04"", ""PO25CL-GEN-C03-P19-A10"", ""PO25CL-GEN-C03-P12-A01"", ""PO25CL-GEN-C03-P20-A04"", ""PO25CL-GEN-C03-P23-U01"", ""PO25CL-GEN-C03-P19-A09""]","[0.8617291450500488, 0.8423329591751099, 0.8128348588943481, 0.8120392560958862, 0.8091331720352173, 0.8089615106582642, 0.8082507848739624, 0.8074902892112732, 0.8073039650917053, 0.8062627911567688]",[1],1.0,1.0,1.0,1.0,0.8617291450500488,0.8617291450500488,0.8423329591751099,0.019396185874938965,0.019396185874938965,1.0,1.0,1.0,1.0,1.0,1.0,1.0,1.0,1.0,1.0,1.0,1.0,1.0,1.0,1.0
Q0165,Darf die Zulassung bei fehlenden fächerspezifischen Bedingungen abgelehnt werden?,fully_answerable,1,"[""PO25CL-GEN-C03-P12-A05""]",0.8719865679740906,0.8312232494354248,0.04076331853866577,"[""PO25CL-GEN-C03-P12-A05"", ""PO25CL-APP-R08"", ""PO25CL-GEN-C03-P20-A02"", ""PO25CL-GEN-C03-P11-A02"", ""PO25CL-GEN-C03-P11-A03"", ""PO25CL-GEN-C03-P12-A01"", ""PO25CL-GEN-C03-P19-A06"", ""PO25CL-GEN-C03-P11-A04"", ""PO25CL-GEN-C03-P19-A09"", ""PO25CL-GEN-C03-P19-A03""]","[0.8719865679740906, 0.8312232494354248, 0.8307873606681824, 0.8269786834716797, 0.8244850635528564, 0.817713737487793, 0.8173410892486572, 0.8156118392944336, 0.8142036199569702, 0.8135029077529907]",[1],1.0,1.0,1.0,1.0,0.8719865679740906,0.8719865679740906,0.8312232494354248,0.04076331853866577,0.04076331853866577,1.0,1.0,1.0,1.0,1.0,1.0,1.0,1.0,1.0,1.0,1.0,1.0,1.0,1.0,1.0
Q0166,Darf die Zulassung nach endgültigem Nichtbestehen desselben Studiengangs abgelehnt werden?,fully_answerable,1,"[""PO25CL-GEN-C03-P12-A05""]",0.8620826005935669,0.8616280555725098,0.0004545450210571289,"[""PO25CL-GEN-C03-P19-A10"", ""PO25CL-GEN-C03-P12-A05"", ""PO25CL-GEN-C03-P19-A09"", ""PO25CL-GEN-C03-P20-A02"", ""PO25CL-GEN-C03-P19-A04"", ""PO25CL-GEN-C03-P19-A07"", ""PO25CL-GEN-C03-P19-A03"", ""PO25CL-GEN-C03-P19-A06"", ""PO25CL-GEN-C04-P28-A07"", ""PO25CL-GEN-C03-P19-A05""]","[0.8620826005935669, 0.8616280555725098, 0.8538612723350525, 0.8488692045211792, 0.84853196144104, 0.8433746099472046, 0.840543806552887, 0.8390113115310669, 0.8388233184814453, 0.8352298140525818]",[2],2.0,2.0,2.0,0.5,0.8616280555725098,0.8616280555725098,0.8620826005935669,-0.0004545450210571289,-0.0004545450210571289,0.0,0.0,0.0,1.0,1.0,1.0,1.0,1.0,1.0,1.0,1.0,1.0,1.0,1.0,1.0
Q0167,Wie lange dauert eine mündliche Einzelprüfung mindestens?,fully_answerable,1,"[""PO25CL-GEN-C03-P13-A01""]",0.9066259860992432,0.8971703052520752,0.009455680847167969,"[""PO25CL-GEN-C03-P13-A01"", ""PO25CL-GEN-C03-P13-A02"", ""PO25CL-GEN-C03-P14-A06"", ""PO25CL-GEN-C03-P14-A04"", ""PO25CL-GEN-C03-P12-A02"", ""PO25CL-GEN-C03-P14-A03"", ""PO25CL-GEN-C03-P17-A01"", ""PO25CL-GEN-C03-P15-A04"", ""PO25CL-GEN-C03-P14-A10"", ""PO25CL-GEN-C03-P11-A06""]","[0.9066259860992432, 0.8971703052520752, 0.8736329674720764, 0.8688565492630005, 0.8636898994445801, 0.8604879975318909, 0.8589141368865967, 0.8572607040405273, 0.8549948930740356, 0.8516594171524048]",[1],1.0,1.0,1.0,1.0,0.9066259860992432,0.9066259860992432,0.8971703052520752,0.009455680847167969,0.009455680847167969,1.0,1.0,1.0,1.0,1.0,1.0,1.0,1.0,1.0,1.0,1.0,1.0,1.0,1.0,1.0
Q0168,Wie lange dauert eine mündliche Einzelprüfung höchstens?,fully_answerable,1,"[""PO25CL-GEN-C03-P13-A01""]",0.9045363664627075,0.8915311098098755,0.013005256652832031,"[""PO25CL-GEN-C03-P13-A01"", ""PO25CL-GEN-C03-P13-A02"", ""PO25CL-GEN-C03-P14-A06"", ""PO25CL-GEN-C03-P14-A04"", ""PO25CL-GEN-C03-P12-A02"", ""PO25CL-GEN-C03-P14-A03"", ""PO25CL-GEN-C03-P17-A01"", ""PO25CL-GEN-C03-P14-A10"", ""PO25CL-GEN-C03-P15-A04"", ""PO25CL-GEN-C03-P11-A06""]","[0.9045363664627075, 0.8915311098098755, 0.8681823015213013, 0.8647194504737854, 0.8592172861099243, 0.8576409220695496, 0.8528904914855957, 0.8520112037658691, 0.8515377640724182, 0.8465958833694458]",[1],1.0,1.0,1.0,1.0,0.9045363664627075,0.9045363664627075,0.8915311098098755,0.013005256652832031,0.013005256652832031,1.0,1.0,1.0,1.0,1.0,1.0,1.0,1.0,1.0,1.0,1.0,1.0,1.0,1.0,1.0
Q0169,In welcher Prüfungsform wird eine mündliche Prüfung grundsätzlich abgelegt?,fully_answerable,1,"[""PO25CL-GEN-C03-P13-A01""]",0.8745360374450684,0.8734050393104553,0.0011309981346130371,"[""PO25CL-GEN-C03-P11-A06"", ""PO25CL-GEN-C03-P13-A01"", ""PO25CL-GEN-C03-P11-A05"", ""PO25CL-GEN-C03-P17-A01"", ""PO25CL-GEN-C03-P13-A02"", ""PO25CL-GEN-C03-P14-A01"", ""PO25CL-GEN-C03-P11-A08"", ""PO25CL-GEN-C03-P11-A03"", ""PO25CL-GEN-C03-P12-A02"", ""PO25CL-GEN-C03-P11-A02""]","[0.8745360374450684, 0.8734050393104553, 0.8689848184585571, 0.8676744699478149, 0.8638014793395996, 0.8628017902374268, 0.8540804982185364, 0.8508962988853455, 0.8507726192474365, 0.849195659160614]",[2],2.0,2.0,2.0,0.5,0.8734050393104553,0.8734050393104553,0.8745360374450684,-0.0011309981346130371,-0.0011309981346130371,0.0,0.0,0.0,1.0,1.0,1.0,1.0,1.0,1.0,1.0,1.0,1.0,1.0,1.0,1.0
Q0170,Vor wie vielen Prüferinnen oder Prüfern wird eine mündliche Einzelprüfung abgelegt?,fully_answerable,1,"[""PO25CL-GEN-C03-P13-A01""]",0.8745352029800415,0.8730998039245605,0.001435399055480957,"[""PO25CL-GEN-C03-P13-A01"", ""PO25CL-GEN-C03-P13-A02"", ""PO25CL-GEN-C04-P25-A05"", ""PO25CL-GEN-C03-P17-A01"", ""PO25CL-GEN-C04-P25-A04"", ""PO25CL-GEN-C04-P25-A02"", ""PO25CL-GEN-C03-P12-A02"", ""PO25CL-GEN-C03-P14-A06"", ""PO25CL-GEN-C04-P25-A03"", ""PO25CL-GEN-C03-P14-A01""]","[0.8745352029800415, 0.8730998039245605, 0.849058210849762, 0.8470259308815002, 0.8436167240142822, 0.8400028944015503, 0.8398500680923462, 0.8389416933059692, 0.8383313417434692, 0.8371384143829346]",[1],1.0,1.0,1.0,1.0,0.8745352029800415,0.8745352029800415,0.8730998039245605,0.001435399055480957,0.001435399055480957,1.0,1.0,1.0,1.0,1.0,1.0,1.0,1.0,1.0,1.0,1.0,1.0,1.0,1.0,1.0
Q0171,Welche weitere sachkundige Person muss bei einer mündlichen Einzelprüfung anwesend sein?,fully_answerable,1,"[""PO25CL-GEN-C03-P13-A01""]",0.8733170628547668,0.865784227848053,0.007532835006713867,"[""PO25CL-GEN-C03-P13-A01"", ""PO25CL-GEN-C04-P25-A05"", ""PO25CL-GEN-C03-P13-A02"", ""PO25CL-GEN-C04-P25-A04"", ""PO25CL-GEN-C04-P28-A08"", ""PO25CL-GEN-C03-P17-A01"", ""PO25CL-GEN-C04-P25-A02"", ""PO25CL-GEN-C03-P15-A06"", ""PO25CL-GEN-C03-P14-A01"", ""PO25CL-APP-R09""]","[0.8733170628547668, 0.865784227848053, 0.8446481227874756, 0.8394702672958374, 0.8349701762199402, 0.8343454599380493, 0.8343182802200317, 0.8327058553695679, 0.8324732780456543, 0.8314340114593506]",[1],1.0,1.0,1.0,1.0,0.8733170628547668,0.8733170628547668,0.865784227848053,0.007532835006713867,0.007532835006713867,1.0,1.0,1.0,1.0,1.0,1.0,1.0,1.0,1.0,1.0,1.0,1.0,1.0,1.0,1.0
Q0172,Wer führt in der Regel das Protokoll einer mündlichen Prüfung?,fully_answerable,1,"[""PO25CL-GEN-C03-P13-A01""]",0.876896858215332,0.8449466228485107,0.03195023536682129,"[""PO25CL-GEN-C03-P13-A01"", ""PO25CL-GEN-C03-P13-A02"", ""PO25CL-GEN-C03-P19-A08"", ""PO25CL-GEN-C03-P14-A01"", ""PO25CL-GEN-C03-P12-A02"", ""PO25CL-GEN-C03-P11-A05"", ""PO25CL-GEN-C04-P25-A02"", ""PO25CL-GEN-C03-P11-A06"", ""PO25CL-GEN-C04-P25-A05"", ""PO25CL-GEN-C03-P17-A01""]","[0.876896858215332, 0.8449466228485107, 0.8346171379089355, 0.832155704498291, 0.8311362862586975, 0.8297754526138306, 0.8289893865585327, 0.8263475298881531, 0.8261935710906982, 0.8254992961883545]",[1],1.0,1.0,1.0,1.0,0.876896858215332,0.876896858215332,0.8449466228485107,0.03195023536682129,0.03195023536682129,1.0,1.0,1.0,1.0,1.0,1.0,1.0,1.0,1.0,1.0,1.0,1.0,1.0,1.0,1.0
Q0173,Was wird im Protokoll zu den Prüfungsgegenständen festgehalten?,fully_answerable,1,"[""PO25CL-GEN-C03-P13-A01""]",0.8596132397651672,0.8562771081924438,0.0033361315727233887,"[""PO25CL-GEN-C03-P19-A08"", ""PO25CL-GEN-C03-P21-A02"", ""PO25CL-GEN-C04-P30-U01"", ""PO25CL-GEN-C03-P19-A02"", ""PO25CL-GEN-C03-P13-A01"", ""PO25CL-GEN-C04-P25-A02"", ""PO25CL-GEN-C03-P17-A06"", ""PO25CL-GEN-C04-P28-A02"", ""PO25CL-GEN-C03-P20-A01"", ""PO25CL-GEN-C03-P17-A03""]","[0.8596132397651672, 0.8562771081924438, 0.8481420278549194, 0.8473923206329346, 0.8473411798477173, 0.8459063768386841, 0.8457162380218506, 0.844251275062561, 0.8439614772796631, 0.8428502082824707]",[5],5.0,5.0,5.0,0.2,0.8473411798477173,0.8473411798477173,0.8596132397651672,-0.012272059917449951,-0.012272059917449951,0.0,0.0,0.0,0.0,0.0,0.0,0.0,0.0,0.0,1.0,1.0,1.0,1.0,1.0,1.0
Q0174,Was wird im Protokoll zu den Prüfungsergebnissen festgehalten?,fully_answerable,1,"[""PO25CL-GEN-C03-P13-A01""]",0.8606165647506714,0.8573514223098755,0.0032651424407958984,"[""PO25CL-GEN-C03-P19-A08"", ""PO25CL-GEN-C03-P21-A02"", ""PO25CL-GEN-C03-P20-A01"", ""PO25CL-GEN-C01-P02-A02"", ""PO25CL-GEN-C03-P18-A08"", ""PO25CL-GEN-C03-P18-A02"", ""PO25CL-GEN-C03-P18-A04"", ""PO25CL-GEN-C03-P13-A01"", ""PO25CL-GEN-C03-P18-A07"", ""PO25CL-GEN-C03-P17-A06""]","[0.8606165647506714, 0.8573514223098755, 0.8443729877471924, 0.8440347909927368, 0.8433763384819031, 0.841720461845398, 0.8416582345962524, 0.841081976890564, 0.8410283327102661, 0.8401542901992798]",[8],8.0,8.0,8.0,0.125,0.841081976890564,0.841081976890564,0.8606165647506714,-0.019534587860107422,-0.019534587860107422,0.0,0.0,0.0,0.0,0.0,0.0,0.0,0.0,0.0,0.0,0.0,0.0,1.0,1.0,1.0
Q0175,Wen hört die prüfende Person vor der Festsetzung der Note?,fully_answerable,1,"[""PO25CL-GEN-C03-P13-A01""]",0.8200739026069641,0.8187767267227173,0.0012971758842468262,"[""PO25CL-GEN-C03-P13-A01"", ""PO25CL-GEN-C03-P19-A08"", ""PO25CL-GEN-C04-P28-A08"", ""PO25CL-GEN-C03-P20-A01"", ""PO25CL-GEN-C04-P30-U01"", ""PO25CL-GEN-C03-P18-A02"", ""PO25CL-GEN-C03-P17-A06"", ""PO25CL-GEN-C03-P18-A04"", ""PO25CL-GEN-C03-P16-A02"", ""PO25CL-GEN-C03-P20-A03""]","[0.8200739026069641, 0.8187767267227173, 0.8117972612380981, 0.8101832270622253, 0.8069096803665161, 0.8034759163856506, 0.8014793395996094, 0.8007979393005371, 0.8005920648574829, 0.7991516590118408]",[1],1.0,1.0,1.0,1.0,0.8200739026069641,0.8200739026069641,0.8187767267227173,0.0012971758842468262,0.0012971758842468262,1.0,1.0,1.0,1.0,1.0,1.0,1.0,1.0,1.0,1.0,1.0,1.0,1.0,1.0,1.0
Q0176,Wann wird die Bewertung einer mündlichen Prüfung bekannt gegeben?,fully_answerable,1,"[""PO25CL-GEN-C03-P13-A01""]",0.8792589902877808,0.8668484091758728,0.012410581111907959,"[""PO25CL-GEN-C03-P13-A01"", ""PO25CL-GEN-C03-P11-A09"", ""PO25CL-GEN-C03-P14-A04"", ""PO25CL-GEN-C03-P14-A06"", ""PO25CL-GEN-C03-P13-A02"", ""PO25CL-GEN-C03-P16-A03"", ""PO25CL-GEN-C03-P17-A01"", ""PO25CL-GEN-C03-P12-A02"", ""PO25CL-GEN-C03-P14-A10"", ""PO25CL-GEN-C03-P11-A06""]","[0.8792589902877808, 0.8668484091758728, 0.8578857183456421, 0.8543007373809814, 0.8518801927566528, 0.8489788174629211, 0.8468475341796875, 0.8440557718276978, 0.8434416651725769, 0.842944860458374]",[1],1.0,1.0,1.0,1.0,0.8792589902877808,0.8792589902877808,0.8668484091758728,0.012410581111907959,0.012410581111907959,1.0,1.0,1.0,1.0,1.0,1.0,1.0,1.0,1.0,1.0,1.0,1.0,1.0,1.0,1.0
Q0177,Wessen Einvernehmen ist für eine mündliche Gruppenprüfung erforderlich?,fully_answerable,1,"[""PO25CL-GEN-C03-P13-A02""]",0.8642452359199524,0.8406628370285034,0.023582398891448975,"[""PO25CL-GEN-C03-P13-A02"", ""PO25CL-GEN-C04-P25-A05"", ""PO25CL-GEN-C03-P14-A08"", ""PO25CL-GEN-C03-P13-A01"", ""PO25CL-GEN-C03-P17-A01"", ""PO25CL-GEN-C03-P19-A05"", ""PO25CL-GEN-C03-P15-A08"", ""PO25CL-GEN-C03-P11-A06"", ""PO25CL-GEN-C03-P12-A02"", ""PO25CL-GEN-C04-P25-A02""]","[0.8642452359199524, 0.8406628370285034, 0.8396830558776855, 0.8372708559036255, 0.8290518522262573, 0.828679084777832, 0.8282968401908875, 0.8269176483154297, 0.8268744945526123, 0.8250444531440735]",[1],1.0,1.0,1.0,1.0,0.8642452359199524,0.8642452359199524,0.8406628370285034,0.023582398891448975,0.023582398891448975,1.0,1.0,1.0,1.0,1.0,1.0,1.0,1.0,1.0,1.0,1.0,1.0,1.0,1.0,1.0
Q0178,Wie viele Personen dürfen höchstens an einer mündlichen Gruppenprüfung teilnehmen?,fully_answerable,1,"[""PO25CL-GEN-C03-P13-A02""]",0.890048623085022,0.8458117842674255,0.044236838817596436,"[""PO25CL-GEN-C03-P13-A02"", ""PO25CL-GEN-C03-P13-A01"", ""PO25CL-GEN-C03-P14-A08"", ""PO25CL-GEN-C03-P17-A01"", ""PO25CL-GEN-C03-P12-A02"", ""PO25CL-GEN-C03-P19-A05"", ""PO25CL-GEN-C03-P15-A08"", ""PO25CL-GEN-C03-P14-A01"", ""PO25CL-GEN-C03-P14-A02"", ""PO25CL-GEN-C04-P25-A05""]","[0.890048623085022, 0.8458117842674255, 0.8320088386535645, 0.8306414484977722, 0.8301404714584351, 0.8282411694526672, 0.8241652250289917, 0.8238200545310974, 0.8186005353927612, 0.818085789680481]",[1],1.0,1.0,1.0,1.0,0.890048623085022,0.890048623085022,0.8458117842674255,0.044236838817596436,0.044236838817596436,1.0,1.0,1.0,1.0,1.0,1.0,1.0,1.0,1.0,1.0,1.0,1.0,1.0,1.0,1.0
Q0179,Wie lange dauert eine mündliche Gruppenprüfung pro Person mindestens?,fully_answerable,1,"[""PO25CL-GEN-C03-P13-A02""]",0.913032054901123,0.8838713765144348,0.029160678386688232,"[""PO25CL-GEN-C03-P13-A02"", ""PO25CL-GEN-C03-P13-A01"", ""PO25CL-GEN-C03-P14-A06"", ""PO25CL-GEN-C03-P12-A02"", ""PO25CL-GEN-C03-P14-A04"", ""PO25CL-GEN-C03-P14-A03"", ""PO25CL-GEN-C03-P17-A01"", ""PO25CL-GEN-C03-P15-A04"", ""PO25CL-GEN-C03-P14-A10"", ""PO25CL-GEN-C03-P14-A08""]","[0.913032054901123, 0.8838713765144348, 0.8577455878257751, 0.8498612642288208, 0.8468023538589478, 0.843183159828186, 0.841550350189209, 0.8401927947998047, 0.8393698930740356, 0.8381794691085815]",[1],1.0,1.0,1.0,1.0,0.913032054901123,0.913032054901123,0.8838713765144348,0.029160678386688232,0.029160678386688232,1.0,1.0,1.0,1.0,1.0,1.0,1.0,1.0,1.0,1.0,1.0,1.0,1.0,1.0,1.0
Q0180,Wie lange dauert eine mündliche Gruppenprüfung pro Person höchstens?,fully_answerable,1,"[""PO25CL-GEN-C03-P13-A02""]",0.9077366590499878,0.8810642957687378,0.02667236328125,"[""PO25CL-GEN-C03-P13-A02"", ""PO25CL-GEN-C03-P13-A01"", ""PO25CL-GEN-C03-P14-A06"", ""PO25CL-GEN-C03-P12-A02"", ""PO25CL-GEN-C03-P14-A04"", ""PO25CL-GEN-C03-P14-A03"", ""PO25CL-GEN-C03-P14-A10"", ""PO25CL-GEN-C03-P17-A01"", ""PO25CL-GEN-C03-P15-A04"", ""PO25CL-GEN-C03-P14-A08""]","[0.9077366590499878, 0.8810642957687378, 0.8530132174491882, 0.8465426564216614, 0.8428850769996643, 0.8393526077270508, 0.8367612361907959, 0.8363648653030396, 0.8356145620346069, 0.8332386612892151]",[1],1.0,1.0,1.0,1.0,0.9077366590499878,0.9077366590499878,0.8810642957687378,0.02667236328125,0.02667236328125,1.0,1.0,1.0,1.0,1.0,1.0,1.0,1.0,1.0,1.0,1.0,1.0,1.0,1.0,1.0
Q0181,Kann eine schriftliche Modulprüfung als dokumentierter Einzelbericht ausgestaltet werden?,fully_answerable,1,"[""PO25CL-GEN-C03-P14-A01""]",0.8988820910453796,0.870671808719635,0.02821028232574463,"[""PO25CL-GEN-C03-P14-A01"", ""PO25CL-GEN-C03-P14-A06"", ""PO25CL-GEN-C03-P11-A05"", ""PO25CL-GEN-C03-P13-A01"", ""PO25CL-GEN-C03-P14-A08"", ""PO25CL-GEN-C03-P14-A04"", ""PO25CL-GEN-C03-P13-A02"", ""PO25CL-GEN-C03-P11-A06"", ""PO25CL-GEN-C03-P11-A03"", ""PO25CL-GEN-C03-P18-A04""]","[0.8988820910453796, 0.870671808719635, 0.8696776628494263, 0.8652645945549011, 0.8619216680526733, 0.8586273193359375, 0.8557990789413452, 0.854619562625885, 0.8511315584182739, 0.8509465456008911]",[1],1.0,1.0,1.0,1.0,0.8988820910453796,0.8988820910453796,0.870671808719635,0.02821028232574463,0.02821028232574463,1.0,1.0,1.0,1.0,1.0,1.0,1.0,1.0,1.0,1.0,1.0,1.0,1.0,1.0,1.0
Q0182,Dürfen Klausuren Multiple-Choice-Aufgaben enthalten?,fully_answerable,1,"[""PO25CL-GEN-C03-P14-A01""]",0.8720916509628296,0.847684919834137,0.024406731128692627,"[""PO25CL-GEN-C03-P14-A01"", ""PO25CL-GEN-C03-P14-A02"", ""PO25CL-GEN-C03-P11-A02"", ""PO25CL-GEN-C03-P11-A05"", ""PO25CL-PLAN-S04-M01"", ""PO25CL-GEN-C03-P17-A01"", ""PO25CL-GEN-C03-P12-A02"", ""PO25CL-APP-R09"", ""PO25CL-GEN-C03-P13-A02"", ""PO25CL-GEN-C03-P11-A01""]","[0.8720916509628296, 0.847684919834137, 0.8231477737426758, 0.8230428099632263, 0.8139785528182983, 0.8137295246124268, 0.8127935528755188, 0.8118646740913391, 0.8110982775688171, 0.810828447341919]",[1],1.0,1.0,1.0,1.0,0.8720916509628296,0.8720916509628296,0.847684919834137,0.024406731128692627,0.024406731128692627,1.0,1.0,1.0,1.0,1.0,1.0,1.0,1.0,1.0,1.0,1.0,1.0,1.0,1.0,1.0
Q0183,Was muss bei elektronischen Prüfungsverfahren hinsichtlich der Authentizität der Ergebnisse sichergestellt werden?,fully_answerable,1,"[""PO25CL-GEN-C03-P14-A02""]",0.87381511926651,0.8477197289466858,0.02609539031982422,"[""PO25CL-GEN-C03-P14-A02"", ""PO25CL-GEN-C03-P14-A09"", ""PO25CL-GEN-C03-P11-A05"", ""PO25CL-GEN-C04-P28-A05"", ""PO25CL-GEN-C03-P11-A04"", ""PO25CL-GEN-C03-P16-A01"", ""PO25CL-GEN-C03-P12-A03"", ""PO25CL-GEN-C03-P17-A04"", ""PO25CL-GEN-C03-P15-A06"", ""PO25CL-GEN-C03-P17-A05""]","[0.87381511926651, 0.8477197289466858, 0.8372585773468018, 0.8263200521469116, 0.8262320756912231, 0.8253704309463501, 0.8238926529884338, 0.8224890232086182, 0.8217291831970215, 0.8193774223327637]",[1],1.0,1.0,1.0,1.0,0.87381511926651,0.87381511926651,0.8477197289466858,0.02609539031982422,0.02609539031982422,1.0,1.0,1.0,1.0,1.0,1.0,1.0,1.0,1.0,1.0,1.0,1.0,1.0,1.0,1.0
Q0184,Muss bei elektronischen Prüfungsverfahren die Integrität der Prüfungsergebnisse sichergestellt werden?,fully_answerable,1,"[""PO25CL-GEN-C03-P14-A02""]",0.8666204810142517,0.8394337892532349,0.027186691761016846,"[""PO25CL-GEN-C03-P14-A02"", ""PO25CL-GEN-C03-P14-A09"", ""PO25CL-GEN-C03-P11-A05"", ""PO25CL-GEN-C03-P17-A05"", ""PO25CL-GEN-C03-P11-A04"", ""PO25CL-GEN-C03-P12-A03"", ""PO25CL-GEN-C03-P16-A01"", ""PO25CL-GEN-C03-P18-A08"", ""PO25CL-GEN-C03-P17-A04"", ""PO25CL-GEN-C03-P20-A02""]","[0.8666204810142517, 0.8394337892532349, 0.8302341103553772, 0.8301734924316406, 0.8299535512924194, 0.8258861899375916, 0.8256759643554688, 0.816402018070221, 0.8159729242324829, 0.8157409429550171]",[1],1.0,1.0,1.0,1.0,0.8666204810142517,0.8666204810142517,0.8394337892532349,0.027186691761016846,0.027186691761016846,1.0,1.0,1.0,1.0,1.0,1.0,1.0,1.0,1.0,1.0,1.0,1.0,1.0,1.0,1.0
Q0185,Wer legt die Bestehensgrenze einer Multiple-Choice-Klausur fest?,fully_answerable,1,"[""PO25CL-GEN-C03-P14-A02""]",0.8470789194107056,0.803676187992096,0.04340273141860962,"[""PO25CL-GEN-C03-P14-A02"", ""PO25CL-GEN-C03-P18-A03"", ""PO25CL-GEN-C04-P28-A09"", ""PO25CL-GEN-C03-P12-A04"", ""PO25CL-GEN-C03-P19-A09"", ""PO25CL-GEN-C03-P14-A01"", ""PO25CL-GEN-C03-P12-A02"", ""PO25CL-GEN-C03-P11-A07"", ""PO25CL-GEN-C04-P24-A03"", ""PO25CL-GEN-C04-P28-A08""]","[0.8470789194107056, 0.803676187992096, 0.7941200733184814, 0.7938024997711182, 0.7932834625244141, 0.790687620639801, 0.7903835773468018, 0.7889981865882874, 0.7882399559020996, 0.7847484946250916]",[1],1.0,1.0,1.0,1.0,0.8470789194107056,0.8470789194107056,0.803676187992096,0.04340273141860962,0.04340273141860962,1.0,1.0,1.0,1.0,1.0,1.0,1.0,1.0,1.0,1.0,1.0,1.0,1.0,1.0,1.0
Q0186,In welcher Form wird die Bestehensgrenze einer Multiple-Choice-Klausur angegeben?,fully_answerable,1,"[""PO25CL-GEN-C03-P14-A02""]",0.8505333065986633,0.8132171630859375,0.03731614351272583,"[""PO25CL-GEN-C03-P14-A02"", ""PO25CL-GEN-C03-P18-A03"", ""PO25CL-GEN-C03-P14-A01"", ""PO25CL-GEN-C03-P19-A09"", ""PO25CL-GEN-C03-P12-A02"", ""PO25CL-GEN-C04-P28-A09"", ""PO25CL-APP-R10"", ""PO25CL-GEN-C03-P18-A06"", ""PO25CL-GEN-C03-P18-A01"", ""PO25CL-GEN-C03-P20-A03""]","[0.8505333065986633, 0.8132171630859375, 0.8029012084007263, 0.8023450374603271, 0.8018270134925842, 0.7989920377731323, 0.7915642261505127, 0.7913129329681396, 0.7909533977508545, 0.7905774116516113]",[1],1.0,1.0,1.0,1.0,0.8505333065986633,0.8505333065986633,0.8132171630859375,0.03731614351272583,0.03731614351272583,1.0,1.0,1.0,1.0,1.0,1.0,1.0,1.0,1.0,1.0,1.0,1.0,1.0,1.0,1.0
Q0187,Wird bei der Festlegung der Multiple-Choice-Bestehensgrenze der Mittelwert der erzielten Leistungen berücksichtigt?,fully_answerable,1,"[""PO25CL-GEN-C03-P14-A02""]",0.8279685378074646,0.8230361938476562,0.00493234395980835,"[""PO25CL-GEN-C03-P14-A02"", ""PO25CL-GEN-C04-P28-A03"", ""PO25CL-GEN-C04-P28-A09"", ""PO25CL-GEN-C03-P18-A03"", ""PO25CL-GEN-C03-P19-A08"", ""PO25CL-GEN-C03-P18-A01"", ""PO25CL-GEN-C01-P02-A03"", ""PO25CL-GEN-C03-P18-A04"", ""PO25CL-GEN-C03-P18-A05"", ""PO25CL-GEN-C02-P07-A03""]","[0.8279685378074646, 0.8230361938476562, 0.8118082284927368, 0.8112181425094604, 0.8103305101394653, 0.8041951060295105, 0.8017921447753906, 0.7991134524345398, 0.794355571269989, 0.7941354513168335]",[1],1.0,1.0,1.0,1.0,0.8279685378074646,0.8279685378074646,0.8230361938476562,0.00493234395980835,0.00493234395980835,1.0,1.0,1.0,1.0,1.0,1.0,1.0,1.0,1.0,1.0,1.0,1.0,1.0,1.0,1.0
Q0188,Wie lange dauert eine Klausur in der Regel?,fully_answerable,1,"[""PO25CL-GEN-C03-P14-A03""]",0.9041053056716919,0.8733654022216797,0.030739903450012207,"[""PO25CL-GEN-C03-P14-A03"", ""PO25CL-GEN-C03-P14-A04"", ""PO25CL-GEN-C01-P03-A01"", ""PO25CL-GEN-C03-P17-A01"", ""PO25CL-GEN-C03-P15-A04"", ""PO25CL-GEN-C02-P09-A01"", ""PO25CL-GEN-C03-P13-A02"", ""PO25CL-GEN-C01-P03-A04"", ""PO25CL-GEN-C03-P12-A02"", ""PO25CL-GEN-C03-P13-A01""]","[0.9041053056716919, 0.8733654022216797, 0.8607757091522217, 0.8525084853172302, 0.8517763614654541, 0.8479691743850708, 0.8468485474586487, 0.8462392091751099, 0.8461623191833496, 0.8456711769104004]",[1],1.0,1.0,1.0,1.0,0.9041053056716919,0.9041053056716919,0.8733654022216797,0.030739903450012207,0.030739903450012207,1.0,1.0,1.0,1.0,1.0,1.0,1.0,1.0,1.0,1.0,1.0,1.0,1.0,1.0,1.0
Q0189,Auf welche Höchstdauer kann eine Klausur ausnahmsweise verlängert werden?,fully_answerable,1,"[""PO25CL-GEN-C03-P14-A03""]",0.8832517266273499,0.8547348976135254,0.028516829013824463,"[""PO25CL-GEN-C03-P14-A03"", ""PO25CL-GEN-C03-P14-A04"", ""PO25CL-GEN-C04-P26-U01"", ""PO25CL-GEN-C03-P14-A10"", ""PO25CL-GEN-C03-P15-A04"", ""PO25CL-GEN-C03-P17-A01"", ""PO25CL-GEN-C03-P12-A02"", ""PO25CL-GEN-C03-P15-A05"", ""PO25CL-GEN-C03-P14-A02"", ""PO25CL-GEN-C03-P11-A05""]","[0.8832517266273499, 0.8547348976135254, 0.8485288023948669, 0.8459580540657043, 0.8448039293289185, 0.8375776410102844, 0.8347648978233337, 0.8338481187820435, 0.8312259912490845, 0.8307065963745117]",[1],1.0,1.0,1.0,1.0,0.8832517266273499,0.8832517266273499,0.8547348976135254,0.028516829013824463,0.028516829013824463,1.0,1.0,1.0,1.0,1.0,1.0,1.0,1.0,1.0,1.0,1.0,1.0,1.0,1.0,1.0
Q0190,Auf welche Mindestdauer kann eine Klausur ausnahmsweise verkürzt werden?,fully_answerable,1,"[""PO25CL-GEN-C03-P14-A03""]",0.8837429285049438,0.8577573299407959,0.02598559856414795,"[""PO25CL-GEN-C03-P14-A03"", ""PO25CL-GEN-C03-P14-A04"", ""PO25CL-GEN-C03-P17-A01"", ""PO25CL-GEN-C03-P12-A02"", ""PO25CL-GEN-C03-P15-A04"", ""PO25CL-GEN-C03-P11-A05"", ""PO25CL-GEN-C03-P13-A02"", ""PO25CL-GEN-C03-P14-A10"", ""PO25CL-GEN-C03-P14-A02"", ""PO25CL-GEN-C03-P13-A01""]","[0.8837429285049438, 0.8577573299407959, 0.8443479537963867, 0.8404865264892578, 0.8385080695152283, 0.8381508588790894, 0.8361821174621582, 0.8357579112052917, 0.8323918581008911, 0.8319687843322754]",[1],1.0,1.0,1.0,1.0,0.8837429285049438,0.8837429285049438,0.8577573299407959,0.02598559856414795,0.02598559856414795,1.0,1.0,1.0,1.0,1.0,1.0,1.0,1.0,1.0,1.0,1.0,1.0,1.0,1.0,1.0
Q0191,Wer bewertet eine Klausur?,fully_answerable,1,"[""PO25CL-GEN-C03-P14-A03""]",0.8611392974853516,0.8411250114440918,0.020014286041259766,"[""PO25CL-GEN-C03-P14-A03"", ""PO25CL-GEN-C03-P14-A02"", ""PO25CL-GEN-C03-P11-A05"", ""PO25CL-GEN-C03-P14-A04"", ""PO25CL-GEN-C03-P14-A01"", ""PO25CL-GEN-C03-P12-A02"", ""PO25CL-GEN-C03-P16-A02"", ""PO25CL-GEN-C03-P17-A01"", ""PO25CL-GEN-C03-P11-A09"", ""PO25CL-GEN-C03-P13-A01""]","[0.8611392974853516, 0.8411250114440918, 0.8316716551780701, 0.8304030895233154, 0.8234643936157227, 0.8229027986526489, 0.8212674856185913, 0.8198356032371521, 0.8193437457084656, 0.8132294416427612]",[1],1.0,1.0,1.0,1.0,0.8611392974853516,0.8611392974853516,0.8411250114440918,0.020014286041259766,0.020014286041259766,1.0,1.0,1.0,1.0,1.0,1.0,1.0,1.0,1.0,1.0,1.0,1.0,1.0,1.0,1.0
Q0192,Bis wann muss die Bewertung einer Klausur bekannt gegeben werden?,fully_answerable,1,"[""PO25CL-GEN-C03-P14-A03""]",0.8894973993301392,0.8675921559333801,0.021905243396759033,"[""PO25CL-GEN-C03-P14-A03"", ""PO25CL-GEN-C03-P11-A09"", ""PO25CL-GEN-C03-P14-A04"", ""PO25CL-GEN-C03-P16-A03"", ""PO25CL-GEN-C03-P17-A01"", ""PO25CL-GEN-C03-P14-A02"", ""PO25CL-GEN-C03-P11-A05"", ""PO25CL-GEN-C03-P12-A02"", ""PO25CL-GEN-C03-P13-A01"", ""PO25CL-GEN-C03-P14-A06""]","[0.8894973993301392, 0.8675921559333801, 0.8662780523300171, 0.8607840538024902, 0.8526382446289062, 0.8499277830123901, 0.8451136946678162, 0.844569206237793, 0.8423316478729248, 0.8408094644546509]",[1],1.0,1.0,1.0,1.0,0.8894973993301392,0.8894973993301392,0.8675921559333801,0.021905243396759033,0.021905243396759033,1.0,1.0,1.0,1.0,1.0,1.0,1.0,1.0,1.0,1.0,1.0,1.0,1.0,1.0,1.0
Q0193,Welcher mündliche Bestandteil gehört zu einer Studienarbeit?,fully_answerable,1,"[""PO25CL-GEN-C03-P14-A04""]",0.8537863492965698,0.8537025451660156,8.380413055419922e-05,"[""PO25CL-GEN-C03-P11-A06"", ""PO25CL-GEN-C02-P07-A03"", ""PO25CL-GEN-C03-P14-A04"", ""PO25CL-GEN-C03-P14-A08"", ""PO25CL-GEN-C03-P15-A02"", ""PO25CL-GEN-C02-P07-A04"", ""PO25CL-GEN-C02-P07-A01"", ""PO25CL-GEN-C03-P14-A10"", ""PO25CL-GEN-C03-P15-A01"", ""PO25CL-GEN-C03-P14-A06""]","[0.8537863492965698, 0.8537025451660156, 0.8533661365509033, 0.8526306748390198, 0.8465425372123718, 0.8444109559059143, 0.8422723412513733, 0.8413903713226318, 0.8406016826629639, 0.8393942713737488]",[3],3.0,3.0,3.0,0.3333333333333333,0.8533661365509033,0.8533661365509033,0.8537863492965698,-0.0004202127456665039,-0.0004202127456665039,0.0,0.0,0.0,0.0,0.0,0.0,1.0,1.0,1.0,1.0,1.0,1.0,1.0,1.0,1.0
Q0194,Welcher schriftliche Bestandteil gehört zu einer Studienarbeit?,fully_answerable,1,"[""PO25CL-GEN-C03-P14-A04""]",0.8709844350814819,0.8621984720230103,0.00878596305847168,"[""PO25CL-GEN-C03-P14-A04"", ""PO25CL-GEN-C03-P14-A08"", ""PO25CL-GEN-C03-P14-A05"", ""PO25CL-GEN-C03-P15-A01"", ""PO25CL-GEN-C03-P15-A10"", ""PO25CL-GEN-C03-P14-A06"", ""PO25CL-GEN-C03-P15-A02"", ""PO25CL-GEN-C03-P15-A08"", ""PO25CL-GEN-C03-P15-A09"", ""PO25CL-GEN-C02-P07-A01""]","[0.8709844350814819, 0.8621984720230103, 0.8577374219894409, 0.8555638790130615, 0.8537148237228394, 0.8534965515136719, 0.8487184643745422, 0.8484311103820801, 0.8469648957252502, 0.8441426753997803]",[1],1.0,1.0,1.0,1.0,0.8709844350814819,0.8709844350814819,0.8621984720230103,0.00878596305847168,0.00878596305847168,1.0,1.0,1.0,1.0,1.0,1.0,1.0,1.0,1.0,1.0,1.0,1.0,1.0,1.0,1.0
Q0195,Welche Prüfung kann die schriftliche Ausarbeitung einer Studienarbeit ersetzen?,fully_answerable,1,"[""PO25CL-GEN-C03-P14-A04""]",0.8889981508255005,0.8692284822463989,0.019769668579101562,"[""PO25CL-GEN-C03-P14-A04"", ""PO25CL-GEN-C03-P14-A06"", ""PO25CL-GEN-C03-P14-A05"", ""PO25CL-GEN-C03-P14-A08"", ""PO25CL-GEN-C03-P14-A10"", ""PO25CL-GEN-C03-P11-A06"", ""PO25CL-GEN-C03-P14-A01"", ""PO25CL-GEN-C03-P15-A01"", ""PO25CL-GEN-C03-P15-A08"", ""PO25CL-GEN-C03-P11-A05""]","[0.8889981508255005, 0.8692284822463989, 0.861721396446228, 0.8572267293930054, 0.8555324673652649, 0.8499688506126404, 0.849652886390686, 0.8495423197746277, 0.845878541469574, 0.8455232977867126]",[1],1.0,1.0,1.0,1.0,0.8889981508255005,0.8889981508255005,0.8692284822463989,0.019769668579101562,0.019769668579101562,1.0,1.0,1.0,1.0,1.0,1.0,1.0,1.0,1.0,1.0,1.0,1.0,1.0,1.0,1.0
Q0196,Wie lange dauert die mündliche Präsentation einer Studienarbeit mindestens?,fully_answerable,1,"[""PO25CL-GEN-C03-P14-A04""]",0.8984766602516174,0.8806195259094238,0.017857134342193604,"[""PO25CL-GEN-C03-P14-A04"", ""PO25CL-GEN-C03-P14-A06"", ""PO25CL-GEN-C03-P14-A10"", ""PO25CL-GEN-C03-P13-A01"", ""PO25CL-GEN-C03-P16-A03"", ""PO25CL-GEN-C03-P14-A03"", ""PO25CL-GEN-C03-P15-A04"", ""PO25CL-GEN-C03-P14-A05"", ""PO25CL-GEN-C03-P11-A09"", ""PO25CL-GEN-C01-P03-A01""]","[0.8984766602516174, 0.8806195259094238, 0.8663480281829834, 0.8593851923942566, 0.8581977486610413, 0.8579524159431458, 0.8537929058074951, 0.8527659177780151, 0.8509761095046997, 0.8472771644592285]",[1],1.0,1.0,1.0,1.0,0.8984766602516174,0.8984766602516174,0.8806195259094238,0.017857134342193604,0.017857134342193604,1.0,1.0,1.0,1.0,1.0,1.0,1.0,1.0,1.0,1.0,1.0,1.0,1.0,1.0,1.0
Q0197,Wie viele Wörter soll die schriftliche Ausarbeitung einer Studienarbeit mindestens umfassen?,fully_answerable,1,"[""PO25CL-GEN-C03-P14-A04""]",0.900391697883606,0.8932251930236816,0.007166504859924316,"[""PO25CL-GEN-C03-P14-A04"", ""PO25CL-GEN-C03-P14-A05"", ""PO25CL-GEN-C03-P15-A10"", ""PO25CL-GEN-C03-P14-A06"", ""PO25CL-GEN-C01-P03-A05"", ""PO25CL-PLAN-S06-M02"", ""PO25CL-GEN-C03-P15-A01"", ""PO25CL-GEN-C03-P15-A05"", ""PO25CL-GEN-C03-P14-A03"", ""PO25CL-GEN-C03-P14-A10""]","[0.900391697883606, 0.8932251930236816, 0.8858311176300049, 0.8733291029930115, 0.8347611427307129, 0.833791971206665, 0.8327722549438477, 0.8314832448959351, 0.8314635157585144, 0.8314325213432312]",[1],1.0,1.0,1.0,1.0,0.900391697883606,0.900391697883606,0.8932251930236816,0.007166504859924316,0.007166504859924316,1.0,1.0,1.0,1.0,1.0,1.0,1.0,1.0,1.0,1.0,1.0,1.0,1.0,1.0,1.0
Q0198,Wie viele Wörter soll die schriftliche Ausarbeitung einer Studienarbeit höchstens umfassen?,fully_answerable,1,"[""PO25CL-GEN-C03-P14-A04""]",0.8956432342529297,0.8897964954376221,0.005846738815307617,"[""PO25CL-GEN-C03-P14-A04"", ""PO25CL-GEN-C03-P14-A05"", ""PO25CL-GEN-C03-P15-A10"", ""PO25CL-GEN-C03-P14-A06"", ""PO25CL-GEN-C01-P03-A05"", ""PO25CL-PLAN-S06-M02"", ""PO25CL-GEN-C03-P15-A01"", ""PO25CL-GEN-C03-P14-A03"", ""PO25CL-GEN-C03-P15-A05"", ""PO25CL-GEN-C03-P14-A10""]","[0.8956432342529297, 0.8897964954376221, 0.8809777498245239, 0.867797315120697, 0.832492470741272, 0.831893801689148, 0.8297570943832397, 0.8279618620872498, 0.8278692960739136, 0.8267585039138794]",[1],1.0,1.0,1.0,1.0,0.8956432342529297,0.8956432342529297,0.8897964954376221,0.005846738815307617,0.005846738815307617,1.0,1.0,1.0,1.0,1.0,1.0,1.0,1.0,1.0,1.0,1.0,1.0,1.0,1.0,1.0
Q0199,Wer bewertet eine Studienarbeit?,fully_answerable,1,"[""PO25CL-GEN-C03-P14-A04""]",0.8479831218719482,0.8415597677230835,0.006423354148864746,"[""PO25CL-GEN-C03-P14-A04"", ""PO25CL-GEN-C03-P14-A05"", ""PO25CL-GEN-C03-P14-A08"", ""PO25CL-GEN-C03-P16-A02"", ""PO25CL-GEN-C03-P16-A03"", ""PO25CL-GEN-C03-P15-A08"", ""PO25CL-GEN-C03-P14-A06"", ""PO25CL-GEN-C03-P16-A01"", ""PO25CL-GEN-C01-P03-A05"", ""PO25CL-GEN-C03-P11-A09""]","[0.8479831218719482, 0.8415597677230835, 0.8413861393928528, 0.841326117515564, 0.8382643461227417, 0.8370893001556396, 0.836280345916748, 0.831475555896759, 0.828805148601532, 0.8274704217910767]",[1],1.0,1.0,1.0,1.0,0.8479831218719482,0.8479831218719482,0.8415597677230835,0.006423354148864746,0.006423354148864746,1.0,1.0,1.0,1.0,1.0,1.0,1.0,1.0,1.0,1.0,1.0,1.0,1.0,1.0,1.0
Q0200,Bis wann muss die Bewertung einer Studienarbeit bekannt gegeben werden?,fully_answerable,1,"[""PO25CL-GEN-C03-P14-A04""]",0.8782367706298828,0.8720743060112,0.006162464618682861,"[""PO25CL-GEN-C03-P16-A03"", ""PO25CL-GEN-C03-P14-A04"", ""PO25CL-GEN-C03-P11-A09"", ""PO25CL-GEN-C03-P14-A06"", ""PO25CL-GEN-C03-P14-A05"", ""PO25CL-GEN-C03-P16-A01"", ""PO25CL-GEN-C03-P15-A05"", ""PO25CL-GEN-C03-P14-A03"", ""PO25CL-GEN-C03-P14-A10"", ""PO25CL-GEN-C03-P16-A02""]","[0.8782367706298828, 0.8720743060112, 0.871586799621582, 0.8624545335769653, 0.8611785769462585, 0.8540340662002563, 0.8527261018753052, 0.8516585826873779, 0.8474870920181274, 0.8472470045089722]",[2],2.0,2.0,2.0,0.5,0.8720743060112,0.8720743060112,0.8782367706298828,-0.006162464618682861,-0.006162464618682861,0.0,0.0,0.0,1.0,1.0,1.0,1.0,1.0,1.0,1.0,1.0,1.0,1.0,1.0,1.0
Q0201,Woraus besteht eine Hausarbeit?,fully_answerable,1,"[""PO25CL-GEN-C03-P14-A05""]",0.8767719268798828,0.8334419131278992,0.04333001375198364,"[""PO25CL-GEN-C03-P14-A05"", ""PO25CL-GEN-C03-P14-A08"", ""PO25CL-GEN-C03-P11-A06"", ""PO25CL-GEN-C03-P14-A10"", ""PO25CL-GEN-C03-P15-A09"", ""PO25CL-GEN-C03-P14-A09"", ""PO25CL-GEN-C03-P15-A08"", ""PO25CL-GEN-C03-P15-A10"", ""PO25CL-GEN-C03-P15-A01"", ""PO25CL-GEN-C03-P14-A04""]","[0.8767719268798828, 0.8334419131278992, 0.8267108201980591, 0.8182805776596069, 0.8158233165740967, 0.8099534511566162, 0.807691752910614, 0.8064500689506531, 0.8045685291290283, 0.8030458688735962]",[1],1.0,1.0,1.0,1.0,0.8767719268798828,0.8767719268798828,0.8334419131278992,0.04333001375198364,0.04333001375198364,1.0,1.0,1.0,1.0,1.0,1.0,1.0,1.0,1.0,1.0,1.0,1.0,1.0,1.0,1.0
Q0202,Wie viele Wörter soll eine Hausarbeit mindestens umfassen?,fully_answerable,1,"[""PO25CL-GEN-C03-P14-A05""]",0.9023846387863159,0.8629169464111328,0.039467692375183105,"[""PO25CL-GEN-C03-P14-A05"", ""PO25CL-GEN-C03-P15-A10"", ""PO25CL-GEN-C03-P14-A04"", ""PO25CL-GEN-C03-P14-A06"", ""PO25CL-GEN-C03-P11-A06"", ""PO25CL-GEN-C03-P14-A10"", ""PO25CL-GEN-C03-P14-A08"", ""PO25CL-APP-R06"", ""PO25CL-GEN-C03-P14-A03"", ""PO25CL-APP-R07-M07""]","[0.9023846387863159, 0.8629169464111328, 0.838086724281311, 0.8278696537017822, 0.8194156885147095, 0.8174507021903992, 0.815289318561554, 0.8149595260620117, 0.8145047426223755, 0.8084333539009094]",[1],1.0,1.0,1.0,1.0,0.9023846387863159,0.9023846387863159,0.8629169464111328,0.039467692375183105,0.039467692375183105,1.0,1.0,1.0,1.0,1.0,1.0,1.0,1.0,1.0,1.0,1.0,1.0,1.0,1.0,1.0
Q0203,Wie viele Wörter soll eine Hausarbeit höchstens umfassen?,fully_answerable,1,"[""PO25CL-GEN-C03-P14-A05""]",0.8977096080780029,0.8565744161605835,0.041135191917419434,"[""PO25CL-GEN-C03-P14-A05"", ""PO25CL-GEN-C03-P15-A10"", ""PO25CL-GEN-C03-P14-A04"", ""PO25CL-GEN-C03-P14-A06"", ""PO25CL-GEN-C03-P11-A06"", ""PO25CL-GEN-C03-P14-A10"", ""PO25CL-APP-R06"", ""PO25CL-GEN-C03-P14-A03"", ""PO25CL-GEN-C03-P14-A08"", ""PO25CL-APP-R07-M07""]","[0.8977096080780029, 0.8565744161605835, 0.8322702050209045, 0.8208590149879456, 0.814061164855957, 0.8116832971572876, 0.8103815913200378, 0.8096171617507935, 0.8089591860771179, 0.8046591281890869]",[1],1.0,1.0,1.0,1.0,0.8977096080780029,0.8977096080780029,0.8565744161605835,0.041135191917419434,0.041135191917419434,1.0,1.0,1.0,1.0,1.0,1.0,1.0,1.0,1.0,1.0,1.0,1.0,1.0,1.0,1.0
Q0204,Wer bewertet eine Hausarbeit?,fully_answerable,1,"[""PO25CL-GEN-C03-P14-A05""]",0.8634914755821228,0.8261160850524902,0.03737539052963257,"[""PO25CL-GEN-C03-P14-A05"", ""PO25CL-GEN-C03-P14-A08"", ""PO25CL-GEN-C03-P16-A02"", ""PO25CL-GEN-C03-P16-A03"", ""PO25CL-GEN-C03-P14-A10"", ""PO25CL-GEN-C03-P14-A06"", ""PO25CL-GEN-C03-P11-A06"", ""PO25CL-GEN-C03-P15-A08"", ""PO25CL-GEN-C03-P14-A09"", ""PO25CL-GEN-C03-P16-A01""]","[0.8634914755821228, 0.8261160850524902, 0.8109683990478516, 0.8109439611434937, 0.8106766939163208, 0.8085567355155945, 0.8077583312988281, 0.8070134520530701, 0.803252100944519, 0.8012915849685669]",[1],1.0,1.0,1.0,1.0,0.8634914755821228,0.8634914755821228,0.8261160850524902,0.03737539052963257,0.03737539052963257,1.0,1.0,1.0,1.0,1.0,1.0,1.0,1.0,1.0,1.0,1.0,1.0,1.0,1.0,1.0
Q0205,Bis wann muss die Bewertung einer Hausarbeit bekannt gegeben werden?,fully_answerable,1,"[""PO25CL-GEN-C03-P14-A05""]",0.8851991891860962,0.8576136827468872,0.027585506439208984,"[""PO25CL-GEN-C03-P14-A05"", ""PO25CL-GEN-C03-P16-A03"", ""PO25CL-GEN-C03-P14-A10"", ""PO25CL-GEN-C03-P11-A09"", ""PO25CL-GEN-C03-P14-A06"", ""PO25CL-GEN-C03-P14-A08"", ""PO25CL-GEN-C03-P14-A04"", ""PO25CL-GEN-C03-P14-A03"", ""PO25CL-GEN-C03-P11-A06"", ""PO25CL-GEN-C03-P15-A05""]","[0.8851991891860962, 0.8576136827468872, 0.8480404615402222, 0.8441230058670044, 0.8439348340034485, 0.8400248289108276, 0.8382390737533569, 0.8380706310272217, 0.8374388217926025, 0.8335831165313721]",[1],1.0,1.0,1.0,1.0,0.8851991891860962,0.8851991891860962,0.8576136827468872,0.027585506439208984,0.027585506439208984,1.0,1.0,1.0,1.0,1.0,1.0,1.0,1.0,1.0,1.0,1.0,1.0,1.0,1.0,1.0
Q0206,Was wenden Studierende in einer Projektarbeit selbstständig an?,fully_answerable,1,"[""PO25CL-GEN-C03-P14-A06""]",0.8288902640342712,0.8227188587188721,0.00617140531539917,"[""PO25CL-GEN-C03-P15-A09"", ""PO25CL-GEN-C03-P14-A09"", ""PO25CL-GEN-C03-P15-A06"", ""PO25CL-GEN-C03-P14-A06"", ""PO25CL-GEN-C04-P30-U01"", ""PO25CL-GEN-C04-P25-A03"", ""PO25CL-PLAN-INTRO"", ""PO25CL-GEN-C01-P01-A01"", ""PO25CL-GEN-C03-P14-A08"", ""PO25CL-GEN-C04-P31-A01""]","[0.8288902640342712, 0.8227188587188721, 0.8216695785522461, 0.8186155557632446, 0.8099870681762695, 0.8091139793395996, 0.8079395294189453, 0.8078386783599854, 0.8045937418937683, 0.8045328855514526]",[4],4.0,4.0,4.0,0.25,0.8186155557632446,0.8186155557632446,0.8288902640342712,-0.010274708271026611,-0.010274708271026611,0.0,0.0,0.0,0.0,0.0,0.0,0.0,0.0,0.0,1.0,1.0,1.0,1.0,1.0,1.0
Q0207,Welcher mündliche Bestandteil gehört zu einer Projektarbeit?,fully_answerable,1,"[""PO25CL-GEN-C03-P14-A06""]",0.8394564390182495,0.8386685848236084,0.0007878541946411133,"[""PO25CL-GEN-C03-P14-A06"", ""PO25CL-GEN-C03-P14-A08"", ""PO25CL-GEN-C03-P14-A10"", ""PO25CL-GEN-C03-P11-A06"", ""PO25CL-GEN-C03-P15-A02"", ""PO25CL-GEN-C03-P11-A05"", ""PO25CL-GEN-C03-P15-A08"", ""PO25CL-GEN-C03-P14-A07"", ""PO25CL-GEN-C03-P14-A04"", ""PO25CL-GEN-C03-P15-A09""]","[0.8394564390182495, 0.8386685848236084, 0.8298578858375549, 0.8253146409988403, 0.8236931562423706, 0.8172978758811951, 0.8147618770599365, 0.8134893774986267, 0.8134446144104004, 0.812683641910553]",[1],1.0,1.0,1.0,1.0,0.8394564390182495,0.8394564390182495,0.8386685848236084,0.0007878541946411133,0.0007878541946411133,1.0,1.0,1.0,1.0,1.0,1.0,1.0,1.0,1.0,1.0,1.0,1.0,1.0,1.0,1.0
Q0208,Welcher schriftliche Bestandteil gehört zu einer Projektarbeit?,fully_answerable,1,"[""PO25CL-GEN-C03-P14-A06""]",0.8617873191833496,0.8551604747772217,0.00662684440612793,"[""PO25CL-GEN-C03-P14-A06"", ""PO25CL-GEN-C03-P14-A08"", ""PO25CL-GEN-C03-P14-A10"", ""PO25CL-GEN-C03-P14-A04"", ""PO25CL-GEN-C03-P14-A05"", ""PO25CL-GEN-C03-P15-A09"", ""PO25CL-GEN-C03-P15-A08"", ""PO25CL-GEN-C03-P15-A10"", ""PO25CL-GEN-C03-P15-A01"", ""PO25CL-GEN-C03-P15-A02""]","[0.8617873191833496, 0.8551604747772217, 0.8387362957000732, 0.8376520872116089, 0.8338431119918823, 0.8330560922622681, 0.8320461511611938, 0.8319836854934692, 0.8301712274551392, 0.8295884728431702]",[1],1.0,1.0,1.0,1.0,0.8617873191833496,0.8617873191833496,0.8551604747772217,0.00662684440612793,0.00662684440612793,1.0,1.0,1.0,1.0,1.0,1.0,1.0,1.0,1.0,1.0,1.0,1.0,1.0,1.0,1.0
Q0209,Kann eine Projektarbeit einen schriftlichen Test enthalten?,fully_answerable,1,"[""PO25CL-GEN-C03-P14-A06""]",0.8853573203086853,0.8557025790214539,0.029654741287231445,"[""PO25CL-GEN-C03-P14-A06"", ""PO25CL-GEN-C03-P14-A08"", ""PO25CL-GEN-C03-P14-A10"", ""PO25CL-GEN-C03-P14-A01"", ""PO25CL-GEN-C03-P14-A04"", ""PO25CL-GEN-C03-P15-A08"", ""PO25CL-GEN-C03-P14-A05"", ""PO25CL-GEN-C03-P14-A09"", ""PO25CL-GEN-C03-P11-A05"", ""PO25CL-GEN-C03-P11-A06""]","[0.8853573203086853, 0.8557025790214539, 0.8400124311447144, 0.8378873467445374, 0.8367753028869629, 0.8331159353256226, 0.8321561813354492, 0.829287052154541, 0.8274892568588257, 0.8245750665664673]",[1],1.0,1.0,1.0,1.0,0.8853573203086853,0.8853573203086853,0.8557025790214539,0.029654741287231445,0.029654741287231445,1.0,1.0,1.0,1.0,1.0,1.0,1.0,1.0,1.0,1.0,1.0,1.0,1.0,1.0,1.0
Q0210,Wie lange dauert die Präsentation einer Projektarbeit mindestens?,fully_answerable,1,"[""PO25CL-GEN-C03-P14-A06""]",0.8741297125816345,0.859244704246521,0.014885008335113525,"[""PO25CL-GEN-C03-P14-A06"", ""PO25CL-GEN-C03-P14-A04"", ""PO25CL-GEN-C03-P14-A10"", ""PO25CL-GEN-C03-P16-A03"", ""PO25CL-GEN-C03-P14-A03"", ""PO25CL-GEN-C03-P15-A10"", ""PO25CL-GEN-C03-P14-A05"", ""PO25CL-GEN-C03-P15-A04"", ""PO25CL-GEN-C03-P15-A05"", ""PO25CL-GEN-C01-P03-A01""]","[0.8741297125816345, 0.859244704246521, 0.8438411951065063, 0.8367786407470703, 0.8348351716995239, 0.8318068981170654, 0.8316994309425354, 0.8286594152450562, 0.8262225985527039, 0.8241209983825684]",[1],1.0,1.0,1.0,1.0,0.8741297125816345,0.8741297125816345,0.859244704246521,0.014885008335113525,0.014885008335113525,1.0,1.0,1.0,1.0,1.0,1.0,1.0,1.0,1.0,1.0,1.0,1.0,1.0,1.0,1.0
Q0211,Wie lange dauert die Präsentation einer Projektarbeit höchstens?,fully_answerable,1,"[""PO25CL-GEN-C03-P14-A06""]",0.867500364780426,0.8528420329093933,0.014658331871032715,"[""PO25CL-GEN-C03-P14-A06"", ""PO25CL-GEN-C03-P14-A04"", ""PO25CL-GEN-C03-P14-A10"", ""PO25CL-GEN-C03-P14-A03"", ""PO25CL-GEN-C03-P16-A03"", ""PO25CL-GEN-C03-P14-A05"", ""PO25CL-GEN-C03-P15-A10"", ""PO25CL-GEN-C03-P15-A04"", ""PO25CL-GEN-C03-P15-A05"", ""PO25CL-GEN-C03-P13-A01""]","[0.867500364780426, 0.8528420329093933, 0.8384600877761841, 0.8293213248252869, 0.8291293382644653, 0.8250538110733032, 0.824207067489624, 0.8196538686752319, 0.8191210031509399, 0.8172400593757629]",[1],1.0,1.0,1.0,1.0,0.867500364780426,0.867500364780426,0.8528420329093933,0.014658331871032715,0.014658331871032715,1.0,1.0,1.0,1.0,1.0,1.0,1.0,1.0,1.0,1.0,1.0,1.0,1.0,1.0,1.0
Q0212,Wie viele Wörter soll die schriftliche Ausarbeitung einer Projektarbeit mindestens umfassen?,fully_answerable,1,"[""PO25CL-GEN-C03-P14-A06""]",0.8799037933349609,0.8764373064041138,0.003466486930847168,"[""PO25CL-GEN-C03-P14-A06"", ""PO25CL-GEN-C03-P14-A05"", ""PO25CL-GEN-C03-P15-A10"", ""PO25CL-GEN-C03-P14-A04"", ""PO25CL-GEN-C03-P14-A10"", ""PO25CL-GEN-C03-P14-A08"", ""PO25CL-GEN-C01-P03-A05"", ""PO25CL-GEN-C03-P14-A07"", ""PO25CL-PLAN-S06-M02"", ""PO25CL-GEN-C03-P14-A03""]","[0.8799037933349609, 0.8764373064041138, 0.8730230927467346, 0.8729531764984131, 0.8278213143348694, 0.8261218070983887, 0.8216113448143005, 0.8163488507270813, 0.816214919090271, 0.8156797885894775]",[1],1.0,1.0,1.0,1.0,0.8799037933349609,0.8799037933349609,0.8764373064041138,0.003466486930847168,0.003466486930847168,1.0,1.0,1.0,1.0,1.0,1.0,1.0,1.0,1.0,1.0,1.0,1.0,1.0,1.0,1.0
Q0213,Wie viele Wörter soll die schriftliche Ausarbeitung einer Projektarbeit höchstens umfassen?,fully_answerable,1,"[""PO25CL-GEN-C03-P14-A06""]",0.8747611045837402,0.87279212474823,0.001968979835510254,"[""PO25CL-GEN-C03-P14-A06"", ""PO25CL-GEN-C03-P14-A05"", ""PO25CL-GEN-C03-P14-A04"", ""PO25CL-GEN-C03-P15-A10"", ""PO25CL-GEN-C03-P14-A10"", ""PO25CL-GEN-C03-P14-A08"", ""PO25CL-GEN-C01-P03-A05"", ""PO25CL-PLAN-S06-M02"", ""PO25CL-GEN-C03-P14-A07"", ""PO25CL-GEN-C03-P14-A03""]","[0.8747611045837402, 0.87279212474823, 0.8683132529258728, 0.868170976638794, 0.8236888647079468, 0.8219097256660461, 0.8196158409118652, 0.8146873712539673, 0.8128929734230042, 0.8120079040527344]",[1],1.0,1.0,1.0,1.0,0.8747611045837402,0.8747611045837402,0.87279212474823,0.001968979835510254,0.001968979835510254,1.0,1.0,1.0,1.0,1.0,1.0,1.0,1.0,1.0,1.0,1.0,1.0,1.0,1.0,1.0
Q0214,Wie lange dauert ein schriftlicher Test innerhalb einer Projektarbeit in der Regel?,fully_answerable,1,"[""PO25CL-GEN-C03-P14-A06""]",0.9119259119033813,0.8768554925918579,0.03507041931152344,"[""PO25CL-GEN-C03-P14-A06"", ""PO25CL-GEN-C03-P14-A04"", ""PO25CL-GEN-C03-P14-A10"", ""PO25CL-GEN-C03-P14-A05"", ""PO25CL-GEN-C03-P14-A03"", ""PO25CL-GEN-C03-P13-A01"", ""PO25CL-GEN-C03-P15-A04"", ""PO25CL-GEN-C03-P16-A03"", ""PO25CL-GEN-C03-P13-A02"", ""PO25CL-GEN-C03-P15-A10""]","[0.9119259119033813, 0.8768554925918579, 0.8733994364738464, 0.8615610003471375, 0.8578601479530334, 0.8554232120513916, 0.852655291557312, 0.8521665334701538, 0.8491920828819275, 0.8468031287193298]",[1],1.0,1.0,1.0,1.0,0.9119259119033813,0.9119259119033813,0.8768554925918579,0.03507041931152344,0.03507041931152344,1.0,1.0,1.0,1.0,1.0,1.0,1.0,1.0,1.0,1.0,1.0,1.0,1.0,1.0,1.0
Q0215,Aus wie vielen abgeschlossenen Objekten besteht ein Portfolio mindestens?,fully_answerable,1,"[""PO25CL-GEN-C03-P14-A07""]",0.8498808145523071,0.7951769828796387,0.05470383167266846,"[""PO25CL-GEN-C03-P14-A07"", ""PO25CL-GEN-C01-P05-A02"", ""PO25CL-GEN-C03-P19-A01"", ""PO25CL-GEN-C01-P03-A04"", ""PO25CL-APP-R07-M11"", ""PO25CL-GEN-C03-P15-A10"", ""PO25CL-GEN-C03-P14-A05"", ""PO25CL-GEN-C01-P03-A05"", ""PO25CL-GEN-C02-P09-A04"", ""PO25CL-PLAN-S03-M04""]","[0.8498808145523071, 0.7951769828796387, 0.7899590730667114, 0.7839400768280029, 0.7839094400405884, 0.7836697101593018, 0.783320963382721, 0.7822519540786743, 0.7817061543464661, 0.7813018560409546]",[1],1.0,1.0,1.0,1.0,0.8498808145523071,0.8498808145523071,0.7951769828796387,0.05470383167266846,0.05470383167266846,1.0,1.0,1.0,1.0,1.0,1.0,1.0,1.0,1.0,1.0,1.0,1.0,1.0,1.0,1.0
Q0216,Kann ein Portfolio elektronisch geführt werden?,fully_answerable,1,"[""PO25CL-GEN-C03-P14-A07""]",0.841102123260498,0.7911705374717712,0.04993158578872681,"[""PO25CL-GEN-C03-P14-A07"", ""PO25CL-GEN-C03-P11-A05"", ""PO25CL-GEN-C03-P14-A09"", ""PO25CL-GEN-C03-P14-A02"", ""PO25CL-GEN-C03-P16-A01"", ""PO25CL-PLAN-INTRO"", ""PO25CL-GEN-C03-P15-A03"", ""PO25CL-GEN-C04-P30-U01"", ""PO25CL-GEN-C01-P02-A02"", ""PO25CL-GEN-C03-P12-A03""]","[0.841102123260498, 0.7911705374717712, 0.7851343154907227, 0.7748396396636963, 0.7742127180099487, 0.7707199454307556, 0.7692503929138184, 0.7673612833023071, 0.7650701403617859, 0.7646575570106506]",[1],1.0,1.0,1.0,1.0,0.841102123260498,0.841102123260498,0.7911705374717712,0.04993158578872681,0.04993158578872681,1.0,1.0,1.0,1.0,1.0,1.0,1.0,1.0,1.0,1.0,1.0,1.0,1.0,1.0,1.0
Q0217,Muss der individuelle Beitrag einer schriftlichen Gruppenarbeit eindeutig abgrenzbar sein?,fully_answerable,1,"[""PO25CL-GEN-C03-P14-A08""]",0.8641753792762756,0.8596113324165344,0.004564046859741211,"[""PO25CL-GEN-C03-P14-A08"", ""PO25CL-GEN-C03-P15-A08"", ""PO25CL-GEN-C03-P15-A09"", ""PO25CL-GEN-C03-P14-A09"", ""PO25CL-GEN-C03-P15-A10"", ""PO25CL-GEN-C03-P19-A06"", ""PO25CL-GEN-C03-P14-A06"", ""PO25CL-GEN-C03-P19-A05"", ""PO25CL-GEN-C04-P27-A01-02"", ""PO25CL-GEN-C03-P14-A05""]","[0.8641753792762756, 0.8596113324165344, 0.8414140939712524, 0.8364743590354919, 0.8300533294677734, 0.8288763165473938, 0.8183901309967041, 0.8151512145996094, 0.8149610757827759, 0.8134940266609192]",[1],1.0,1.0,1.0,1.0,0.8641753792762756,0.8641753792762756,0.8596113324165344,0.004564046859741211,0.004564046859741211,1.0,1.0,1.0,1.0,1.0,1.0,1.0,1.0,1.0,1.0,1.0,1.0,1.0,1.0,1.0
Q0218,Welche Versicherung muss schriftlichen Arbeiten beigefügt werden?,fully_answerable,1,"[""PO25CL-GEN-C03-P14-A09""]",0.8555448055267334,0.8459687232971191,0.009576082229614258,"[""PO25CL-GEN-C03-P15-A09"", ""PO25CL-GEN-C03-P14-A09"", ""PO25CL-GEN-C03-P17-A03"", ""PO25CL-GEN-C04-P30-U01"", ""PO25CL-GEN-C03-P11-A06"", ""PO25CL-GEN-C03-P14-A10"", ""PO25CL-GEN-C03-P14-A06"", ""PO25CL-GEN-C03-P14-A08"", ""PO25CL-GEN-C03-P14-A01"", ""PO25CL-GEN-C03-P15-A01""]","[0.8555448055267334, 0.8459687232971191, 0.8196489810943604, 0.8161488771438599, 0.8146911859512329, 0.8138828277587891, 0.8132964372634888, 0.8116061687469482, 0.811299741268158, 0.810760498046875]",[2],2.0,2.0,2.0,0.5,0.8459687232971191,0.8459687232971191,0.8555448055267334,-0.009576082229614258,-0.009576082229614258,0.0,0.0,0.0,1.0,1.0,1.0,1.0,1.0,1.0,1.0,1.0,1.0,1.0,1.0,1.0
Q0219,Muss die Nutzung generativer Künstlicher Intelligenz methodisch reflektiert werden?,fully_answerable,1,"[""PO25CL-GEN-C03-P14-A09""]",0.8253636360168457,0.8144223093986511,0.01094132661819458,"[""PO25CL-GEN-C03-P14-A09"", ""PO25CL-GEN-C03-P17-A05"", ""PO25CL-PLAN-S03-M01"", ""PO25CL-GEN-C04-P28-A03"", ""PO25CL-PLAN-S02-M01"", ""PO25CL-PLAN-S02-M04"", ""PO25CL-PLAN-S01-M02"", ""PO25CL-PLAN-S01-M01"", ""PO25CL-APP-R09"", ""PO25CL-PLAN-S04-M01""]","[0.8253636360168457, 0.8144223093986511, 0.7940136194229126, 0.7926013469696045, 0.7899640798568726, 0.7887599468231201, 0.7841075658798218, 0.7831618785858154, 0.7829335927963257, 0.7824833393096924]",[1],1.0,1.0,1.0,1.0,0.8253636360168457,0.8253636360168457,0.8144223093986511,0.01094132661819458,0.01094132661819458,1.0,1.0,1.0,1.0,1.0,1.0,1.0,1.0,1.0,1.0,1.0,1.0,1.0,1.0,1.0
Q0220,Wie lange beträgt die Bearbeitungszeit einer Hausarbeit in der Regel?,fully_answerable,1,"[""PO25CL-GEN-C03-P14-A10""]",0.8865494728088379,0.8827180862426758,0.0038313865661621094,"[""PO25CL-GEN-C03-P14-A10"", ""PO25CL-GEN-C03-P14-A05"", ""PO25CL-GEN-C03-P15-A04"", ""PO25CL-GEN-C03-P14-A03"", ""PO25CL-GEN-C03-P14-A04"", ""PO25CL-GEN-C03-P16-A03"", ""PO25CL-GEN-C03-P15-A05"", ""PO25CL-GEN-C03-P11-A06"", ""PO25CL-GEN-C03-P14-A06"", ""PO25CL-GEN-C01-P03-A01""]","[0.8865494728088379, 0.8827180862426758, 0.8583129644393921, 0.8547729849815369, 0.8441627025604248, 0.8422359228134155, 0.8410061001777649, 0.840583086013794, 0.8377394676208496, 0.8334716558456421]",[1],1.0,1.0,1.0,1.0,0.8865494728088379,0.8865494728088379,0.8827180862426758,0.0038313865661621094,0.0038313865661621094,1.0,1.0,1.0,1.0,1.0,1.0,1.0,1.0,1.0,1.0,1.0,1.0,1.0,1.0,1.0
Q0221,In welchem Fachsemester wird die Bachelorarbeit in der Regel angefertigt?,fully_answerable,1,"[""PO25CL-GEN-C03-P15-A01""]",0.8991578221321106,0.8640006184577942,0.035157203674316406,"[""PO25CL-GEN-C03-P15-A01"", ""PO25CL-GEN-C03-P15-A02"", ""PO25CL-GEN-C01-P03-A01"", ""PO25CL-GEN-C03-P15-A05"", ""PO25CL-GEN-C03-P10-U01"", ""PO25CL-GEN-C01-P03-A05"", ""PO25CL-GEN-C03-P15-A10"", ""PO25CL-GEN-C03-P15-A06"", ""PO25CL-PLAN-S06-M02"", ""PO25CL-GEN-C03-P16-A03""]","[0.8991578221321106, 0.8640006184577942, 0.8581560850143433, 0.8509229421615601, 0.8489230871200562, 0.8471375107765198, 0.8469254374504089, 0.8456024527549744, 0.8437881469726562, 0.8431667685508728]",[1],1.0,1.0,1.0,1.0,0.8991578221321106,0.8991578221321106,0.8640006184577942,0.035157203674316406,0.035157203674316406,1.0,1.0,1.0,1.0,1.0,1.0,1.0,1.0,1.0,1.0,1.0,1.0,1.0,1.0,1.0
Q0222,Auf den Inhalt welcher Modulart bezieht sich die Bachelorarbeit in der Regel?,fully_answerable,1,"[""PO25CL-GEN-C03-P15-A02""]",0.885324239730835,0.8687525987625122,0.016571640968322754,"[""PO25CL-GEN-C03-P15-A02"", ""PO25CL-GEN-C03-P10-U01"", ""PO25CL-GEN-C01-P03-A05"", ""PO25CL-GEN-C01-P03-A03"", ""PO25CL-GEN-C03-P18-A05"", ""PO25CL-GEN-C03-P15-A10"", ""PO25CL-GEN-C01-P04-A02"", ""PO25CL-GEN-C01-P01-A02"", ""PO25CL-PLAN-S06-M02"", ""PO25CL-GEN-C03-P15-A01""]","[0.885324239730835, 0.8687525987625122, 0.8619312644004822, 0.8577854037284851, 0.857234001159668, 0.8567633628845215, 0.8543623089790344, 0.8529806733131409, 0.851036787033081, 0.8486782312393188]",[1],1.0,1.0,1.0,1.0,0.885324239730835,0.885324239730835,0.8687525987625122,0.016571640968322754,0.016571640968322754,1.0,1.0,1.0,1.0,1.0,1.0,1.0,1.0,1.0,1.0,1.0,1.0,1.0,1.0,1.0
Q0223,Aus welchem Fach muss das Aufbaumodul bei einem Kern- und Ergänzungsfachstudiengang stammen?,fully_answerable,1,"[""PO25CL-GEN-C03-P15-A02""]",0.8784620761871338,0.8747076988220215,0.0037543773651123047,"[""PO25CL-GEN-C03-P15-A02"", ""PO25CL-GEN-C01-P04-A02"", ""PO25CL-GEN-C01-P04-A01"", ""PO25CL-GEN-C01-P04-A05"", ""PO25CL-GEN-C01-P04-A04"", ""PO25CL-GEN-C03-P18-A06"", ""PO25CL-APP-R07-M08"", ""PO25CL-APP-R07-M09"", ""PO25CL-GEN-C01-P04-A03"", ""PO25CL-APP-R07-M02""]","[0.8784620761871338, 0.8747076988220215, 0.8679213523864746, 0.8651340007781982, 0.8625422120094299, 0.8546015024185181, 0.8454997539520264, 0.8451825976371765, 0.8411049842834473, 0.8403580188751221]",[1],1.0,1.0,1.0,1.0,0.8784620761871338,0.8784620761871338,0.8747076988220215,0.0037543773651123047,0.0037543773651123047,1.0,1.0,1.0,1.0,1.0,1.0,1.0,1.0,1.0,1.0,1.0,1.0,1.0,1.0,1.0
Q0224,Wessen Zustimmung ist für ein Thema aus einem anderen Themenbereich erforderlich?,fully_answerable,1,"[""PO25CL-GEN-C03-P15-A02""]",0.8317074179649353,0.8272844552993774,0.004422962665557861,"[""PO25CL-GEN-C03-P15-A02"", ""PO25CL-GEN-C03-P15-A03"", ""PO25CL-GEN-C04-P28-A07"", ""PO25CL-GEN-C04-P28-A04"", ""PO25CL-GEN-C04-P28-A01"", ""PO25CL-GEN-C03-P12-A04"", ""PO25CL-GEN-C04-P28-A09"", ""PO25CL-GEN-C04-P28-A02"", ""PO25CL-GEN-C04-P24-A03"", ""PO25CL-GEN-C03-P12-A01""]","[0.8317074179649353, 0.8272844552993774, 0.8233726024627686, 0.8192179799079895, 0.8183916211128235, 0.8181779980659485, 0.8170018792152405, 0.8166425228118896, 0.8159555792808533, 0.8145641088485718]",[1],1.0,1.0,1.0,1.0,0.8317074179649353,0.8317074179649353,0.8272844552993774,0.004422962665557861,0.004422962665557861,1.0,1.0,1.0,1.0,1.0,1.0,1.0,1.0,1.0,1.0,1.0,1.0,1.0,1.0,1.0
Q0225,Dürfen Studierende einen Themenbereich für die Bachelorarbeit vorschlagen?,fully_answerable,1,"[""PO25CL-GEN-C03-P15-A02""]",0.8679220676422119,0.8502504825592041,0.017671585083007812,"[""PO25CL-GEN-C03-P15-A02"", ""PO25CL-GEN-C03-P15-A06"", ""PO25CL-GEN-C03-P15-A05"", ""PO25CL-GEN-C01-P04-A01"", ""PO25CL-GEN-C03-P15-A07"", ""PO25CL-GEN-C03-P15-A08"", ""PO25CL-GEN-C04-P25-A03"", ""PO25CL-GEN-C01-P04-A02"", ""PO25CL-GEN-C01-P04-A03"", ""PO25CL-GEN-C03-P19-A06""]","[0.8679220676422119, 0.8502504825592041, 0.8462055921554565, 0.8438284397125244, 0.8426677584648132, 0.8420470952987671, 0.8415140509605408, 0.8373560905456543, 0.8349599242210388, 0.8338916301727295]",[1],1.0,1.0,1.0,1.0,0.8679220676422119,0.8679220676422119,0.8502504825592041,0.017671585083007812,0.017671585083007812,1.0,1.0,1.0,1.0,1.0,1.0,1.0,1.0,1.0,1.0,1.0,1.0,1.0,1.0,1.0
Q0226,Wer bestellt die Betreuung der Bachelorarbeit?,fully_answerable,1,"[""PO25CL-GEN-C03-P15-A03""]",0.8582460284233093,0.8469252586364746,0.011320769786834717,"[""PO25CL-GEN-C03-P15-A03"", ""PO25CL-GEN-C03-P16-A02"", ""PO25CL-GEN-C03-P15-A09"", ""PO25CL-GEN-C04-P25-A03"", ""PO25CL-GEN-C03-P15-A01"", ""PO25CL-GEN-C03-P16-A01"", ""PO25CL-GEN-C03-P16-A03"", ""PO25CL-GEN-C02-P09-A03"", ""PO25CL-GEN-C03-P15-A07"", ""PO25CL-GEN-C04-P31-A01""]","[0.8582460284233093, 0.8469252586364746, 0.8405382633209229, 0.834466814994812, 0.8337751626968384, 0.8334836959838867, 0.829970121383667, 0.8294439911842346, 0.8292316198348999, 0.828252375125885]",[1],1.0,1.0,1.0,1.0,0.8582460284233093,0.8582460284233093,0.8469252586364746,0.011320769786834717,0.011320769786834717,1.0,1.0,1.0,1.0,1.0,1.0,1.0,1.0,1.0,1.0,1.0,1.0,1.0,1.0,1.0
Q0227,Wer formuliert das Thema der Bachelorarbeit?,fully_answerable,1,"[""PO25CL-GEN-C03-P15-A03""]",0.8605359196662903,0.8496381044387817,0.010897815227508545,"[""PO25CL-GEN-C03-P15-A02"", ""PO25CL-GEN-C03-P15-A05"", ""PO25CL-GEN-C03-P15-A09"", ""PO25CL-GEN-C03-P15-A06"", ""PO25CL-GEN-C03-P15-A10"", ""PO25CL-GEN-C03-P15-A07"", ""PO25CL-GEN-C03-P15-A03"", ""PO25CL-GEN-C03-P15-A01"", ""PO25CL-GEN-C03-P15-A08"", ""PO25CL-GEN-C03-P16-A03""]","[0.8605359196662903, 0.8496381044387817, 0.8481801748275757, 0.8465721607208252, 0.8457604646682739, 0.8455416560173035, 0.8419612646102905, 0.8418422341346741, 0.8393638730049133, 0.8339698910713196]",[7],7.0,7.0,7.0,0.14285714285714285,0.8419612646102905,0.8419612646102905,0.8605359196662903,-0.018574655055999756,-0.018574655055999756,0.0,0.0,0.0,0.0,0.0,0.0,0.0,0.0,0.0,0.0,0.0,0.0,1.0,1.0,1.0
Q0228,Wer genehmigt das Thema der Bachelorarbeit?,fully_answerable,1,"[""PO25CL-GEN-C03-P15-A03""]",0.856350839138031,0.8558387756347656,0.0005120635032653809,"[""PO25CL-GEN-C03-P15-A03"", ""PO25CL-GEN-C03-P15-A02"", ""PO25CL-GEN-C03-P15-A05"", ""PO25CL-GEN-C03-P15-A08"", ""PO25CL-GEN-C03-P16-A01"", ""PO25CL-GEN-C03-P15-A09"", ""PO25CL-GEN-C03-P15-A01"", ""PO25CL-GEN-C03-P16-A03"", ""PO25CL-GEN-C03-P16-A02"", ""PO25CL-GEN-C03-P15-A07""]","[0.856350839138031, 0.8558387756347656, 0.8503325581550598, 0.8477362394332886, 0.8473206758499146, 0.8464421033859253, 0.843880295753479, 0.8437353372573853, 0.8421999216079712, 0.84207683801651]",[1],1.0,1.0,1.0,1.0,0.856350839138031,0.856350839138031,0.8558387756347656,0.0005120635032653809,0.0005120635032653809,1.0,1.0,1.0,1.0,1.0,1.0,1.0,1.0,1.0,1.0,1.0,1.0,1.0,1.0,1.0
Q0229,In welcher Form wird das Thema der Bachelorarbeit ausgehändigt?,fully_answerable,1,"[""PO25CL-GEN-C03-P15-A03""]",0.8631924390792847,0.86244136095047,0.0007510781288146973,"[""PO25CL-GEN-C03-P16-A01"", ""PO25CL-GEN-C03-P15-A02"", ""PO25CL-GEN-C03-P15-A05"", ""PO25CL-GEN-C03-P15-A03"", ""PO25CL-GEN-C03-P15-A06"", ""PO25CL-GEN-C03-P15-A09"", ""PO25CL-GEN-C03-P15-A01"", ""PO25CL-GEN-C03-P15-A08"", ""PO25CL-GEN-C03-P21-A03"", ""PO25CL-GEN-C03-P16-A03""]","[0.8631924390792847, 0.86244136095047, 0.8614288568496704, 0.857707142829895, 0.8564518690109253, 0.8507915735244751, 0.8499698638916016, 0.8482587933540344, 0.8473897576332092, 0.8461389541625977]",[4],4.0,4.0,4.0,0.25,0.857707142829895,0.857707142829895,0.8631924390792847,-0.0054852962493896484,-0.0054852962493896484,0.0,0.0,0.0,0.0,0.0,0.0,0.0,0.0,0.0,1.0,1.0,1.0,1.0,1.0,1.0
Q0230,Über welches System wird das Thema der Bachelorarbeit ausgehändigt?,fully_answerable,1,"[""PO25CL-GEN-C03-P15-A03""]",0.8511242866516113,0.8495965003967285,0.0015277862548828125,"[""PO25CL-GEN-C03-P16-A01"", ""PO25CL-GEN-C03-P15-A02"", ""PO25CL-GEN-C03-P15-A03"", ""PO25CL-GEN-C03-P15-A05"", ""PO25CL-GEN-C01-P03-A05"", ""PO25CL-GEN-C03-P16-A03"", ""PO25CL-GEN-C03-P15-A06"", ""PO25CL-GEN-C03-P15-A01"", ""PO25CL-GEN-C03-P18-A05"", ""PO25CL-GEN-C03-P21-A03""]","[0.8511242866516113, 0.8495965003967285, 0.8493544459342957, 0.8467416763305664, 0.8367202281951904, 0.8347578048706055, 0.8341035842895508, 0.8335590362548828, 0.8331593871116638, 0.8318346738815308]",[3],3.0,3.0,3.0,0.3333333333333333,0.8493544459342957,0.8493544459342957,0.8511242866516113,-0.0017698407173156738,-0.0017698407173156738,0.0,0.0,0.0,0.0,0.0,0.0,1.0,1.0,1.0,1.0,1.0,1.0,1.0,1.0,1.0
Q0231,Was muss zum Zeitpunkt der Themenausgabe dokumentiert werden?,fully_answerable,1,"[""PO25CL-GEN-C03-P15-A03""]",0.8392727375030518,0.8343373537063599,0.0049353837966918945,"[""PO25CL-GEN-C03-P15-A05"", ""PO25CL-GEN-C03-P14-A05"", ""PO25CL-GEN-C03-P15-A06"", ""PO25CL-GEN-C03-P15-A03"", ""PO25CL-GEN-C03-P14-A04"", ""PO25CL-GEN-C03-P17-A03"", ""PO25CL-GEN-C03-P14-A06"", ""PO25CL-GEN-C03-P16-A03"", ""PO25CL-GEN-C03-P21-A02"", ""PO25CL-GEN-C03-P16-A01""]","[0.8392727375030518, 0.8343373537063599, 0.8334447741508484, 0.8329036235809326, 0.8297867774963379, 0.8291074633598328, 0.8286830186843872, 0.8272190093994141, 0.8250423669815063, 0.8242637515068054]",[4],4.0,4.0,4.0,0.25,0.8329036235809326,0.8329036235809326,0.8392727375030518,-0.006369113922119141,-0.006369113922119141,0.0,0.0,0.0,0.0,0.0,0.0,0.0,0.0,0.0,1.0,1.0,1.0,1.0,1.0,1.0
Q0232,Wie lange beträgt die maximale Bearbeitungszeit der Bachelorarbeit?,fully_answerable,1,"[""PO25CL-GEN-C03-P15-A04""]",0.8925721645355225,0.8822484016418457,0.010323762893676758,"[""PO25CL-GEN-C03-P15-A04"", ""PO25CL-GEN-C01-P03-A01"", ""PO25CL-GEN-C03-P15-A05"", ""PO25CL-GEN-C03-P16-A03"", ""PO25CL-GEN-C03-P14-A10"", ""PO25CL-GEN-C03-P15-A10"", ""PO25CL-GEN-C03-P14-A03"", ""PO25CL-GEN-C03-P14-A04"", ""PO25CL-GEN-C03-P16-A01"", ""PO25CL-GEN-C03-P15-A01""]","[0.8925721645355225, 0.8822484016418457, 0.8739123940467834, 0.8710854053497314, 0.8710794448852539, 0.8655309677124023, 0.864631712436676, 0.8634080290794373, 0.8596428036689758, 0.8583306074142456]",[1],1.0,1.0,1.0,1.0,0.8925721645355225,0.8925721645355225,0.8822484016418457,0.010323762893676758,0.010323762893676758,1.0,1.0,1.0,1.0,1.0,1.0,1.0,1.0,1.0,1.0,1.0,1.0,1.0,1.0,1.0
Q0233,Wie lang kann eine begründete Nachfrist für die Bachelorarbeit höchstens sein?,fully_answerable,1,"[""PO25CL-GEN-C03-P15-A04""]",0.8997122049331665,0.8707594871520996,0.028952717781066895,"[""PO25CL-GEN-C03-P15-A04"", ""PO25CL-GEN-C01-P03-A01"", ""PO25CL-GEN-C03-P15-A05"", ""PO25CL-GEN-C03-P16-A03"", ""PO25CL-GEN-C03-P20-A04"", ""PO25CL-GEN-C03-P14-A04"", ""PO25CL-GEN-C03-P21-A02"", ""PO25CL-GEN-C03-P15-A10"", ""PO25CL-GEN-C03-P16-A01"", ""PO25CL-GEN-C03-P14-A10""]","[0.8997122049331665, 0.8707594871520996, 0.8654417395591736, 0.864483118057251, 0.8579388856887817, 0.8565554022789001, 0.8548961877822876, 0.8547443151473999, 0.8543246388435364, 0.8541909456253052]",[1],1.0,1.0,1.0,1.0,0.8997122049331665,0.8997122049331665,0.8707594871520996,0.028952717781066895,0.028952717781066895,1.0,1.0,1.0,1.0,1.0,1.0,1.0,1.0,1.0,1.0,1.0,1.0,1.0,1.0,1.0
Q0234,Wie lang kann die zusätzliche Nachfrist bei Erkrankung höchstens sein?,fully_answerable,1,"[""PO25CL-GEN-C03-P15-A04""]",0.8629902601242065,0.8316875696182251,0.031302690505981445,"[""PO25CL-GEN-C03-P15-A04"", ""PO25CL-GEN-C04-P26-U01"", ""PO25CL-GEN-C03-P19-A07"", ""PO25CL-GEN-C01-P03-A04"", ""PO25CL-GEN-C03-P17-A03"", ""PO25CL-GEN-C03-P17-A02"", ""PO25CL-GEN-C03-P14-A10"", ""PO25CL-GEN-C03-P20-A04"", ""PO25CL-GEN-C03-P14-A03"", ""PO25CL-GEN-C02-P09-A01""]","[0.8629902601242065, 0.8316875696182251, 0.8224705457687378, 0.8167641162872314, 0.8165234923362732, 0.8136124014854431, 0.8126519918441772, 0.8118969798088074, 0.8088694214820862, 0.8056600093841553]",[1],1.0,1.0,1.0,1.0,0.8629902601242065,0.8629902601242065,0.8316875696182251,0.031302690505981445,0.031302690505981445,1.0,1.0,1.0,1.0,1.0,1.0,1.0,1.0,1.0,1.0,1.0,1.0,1.0,1.0,1.0
Q0235,Bis wann kann das Thema der Bachelorarbeit zurückgegeben werden?,fully_answerable,1,"[""PO25CL-GEN-C03-P15-A05""]",0.9065523147583008,0.8858487606048584,0.020703554153442383,"[""PO25CL-GEN-C03-P15-A05"", ""PO25CL-GEN-C03-P19-A06"", ""PO25CL-GEN-C03-P16-A01"", ""PO25CL-GEN-C03-P19-A09"", ""PO25CL-GEN-C03-P15-A04"", ""PO25CL-GEN-C03-P16-A03"", ""PO25CL-GEN-C03-P15-A06"", ""PO25CL-GEN-C03-P15-A02"", ""PO25CL-GEN-C03-P15-A01"", ""PO25CL-GEN-C03-P14-A10""]","[0.9065523147583008, 0.8858487606048584, 0.8602328896522522, 0.8588011860847473, 0.8578208088874817, 0.8576481938362122, 0.8556720018386841, 0.854229748249054, 0.8515655398368835, 0.8515027165412903]",[1],1.0,1.0,1.0,1.0,0.9065523147583008,0.9065523147583008,0.8858487606048584,0.020703554153442383,0.020703554153442383,1.0,1.0,1.0,1.0,1.0,1.0,1.0,1.0,1.0,1.0,1.0,1.0,1.0,1.0,1.0
Q0236,Wie oft darf das Thema der Bachelorarbeit zurückgegeben werden?,fully_answerable,1,"[""PO25CL-GEN-C03-P15-A05""]",0.9070074558258057,0.8965883851051331,0.010419070720672607,"[""PO25CL-GEN-C03-P15-A05"", ""PO25CL-GEN-C03-P19-A06"", ""PO25CL-GEN-C03-P16-A01"", ""PO25CL-GEN-C03-P19-A09"", ""PO25CL-GEN-C03-P15-A04"", ""PO25CL-GEN-C03-P15-A10"", ""PO25CL-GEN-C03-P15-A06"", ""PO25CL-GEN-C03-P16-A03"", ""PO25CL-GEN-C03-P15-A02"", ""PO25CL-GEN-C03-P14-A10""]","[0.9070074558258057, 0.8965883851051331, 0.8539865016937256, 0.8505474328994751, 0.8499072790145874, 0.8498011231422424, 0.8496402502059937, 0.8491274118423462, 0.8449914455413818, 0.8444595336914062]",[1],1.0,1.0,1.0,1.0,0.9070074558258057,0.9070074558258057,0.8965883851051331,0.010419070720672607,0.010419070720672607,1.0,1.0,1.0,1.0,1.0,1.0,1.0,1.0,1.0,1.0,1.0,1.0,1.0,1.0,1.0
Q0237,Welche Fragestellung sollen Studierende in der Bachelorarbeit selbstständig bearbeiten?,fully_answerable,1,"[""PO25CL-GEN-C03-P15-A06""]",0.8704866170883179,0.8576984405517578,0.012788176536560059,"[""PO25CL-GEN-C03-P15-A06"", ""PO25CL-GEN-C03-P15-A09"", ""PO25CL-GEN-C01-P01-A02"", ""PO25CL-GEN-C04-P25-A03"", ""PO25CL-GEN-C03-P15-A02"", ""PO25CL-GEN-C03-P15-A05"", ""PO25CL-GEN-C01-P01-A01"", ""PO25CL-GEN-C03-P15-A08"", ""PO25CL-GEN-C03-P15-A01"", ""PO25CL-GEN-C03-P15-A07""]","[0.8704866170883179, 0.8576984405517578, 0.8382871150970459, 0.8337987065315247, 0.8322994112968445, 0.8315853476524353, 0.8303796052932739, 0.8276295065879822, 0.8267180919647217, 0.8263935446739197]",[1],1.0,1.0,1.0,1.0,0.8704866170883179,0.8704866170883179,0.8576984405517578,0.012788176536560059,0.012788176536560059,1.0,1.0,1.0,1.0,1.0,1.0,1.0,1.0,1.0,1.0,1.0,1.0,1.0,1.0,1.0
Q0238,Wie sollen die Ergebnisse der Bachelorarbeit dargestellt werden?,fully_answerable,1,"[""PO25CL-GEN-C03-P15-A06""]",0.8538855314254761,0.846750020980835,0.007135510444641113,"[""PO25CL-GEN-C03-P15-A10"", ""PO25CL-GEN-C03-P18-A05"", ""PO25CL-GEN-C03-P15-A06"", ""PO25CL-GEN-C03-P15-A08"", ""PO25CL-GEN-C03-P16-A03"", ""PO25CL-GEN-C03-P16-A01"", ""PO25CL-GEN-C01-P01-A01"", ""PO25CL-GEN-C03-P21-A02"", ""PO25CL-GEN-C01-P01-A02"", ""PO25CL-GEN-C01-P03-A05""]","[0.8538855314254761, 0.846750020980835, 0.8449087738990784, 0.842760443687439, 0.8410536050796509, 0.8398804068565369, 0.8383718132972717, 0.8379601836204529, 0.8356416821479797, 0.8353582620620728]",[3],3.0,3.0,3.0,0.3333333333333333,0.8449087738990784,0.8449087738990784,0.8538855314254761,-0.008976757526397705,-0.008976757526397705,0.0,0.0,0.0,0.0,0.0,0.0,1.0,1.0,1.0,1.0,1.0,1.0,1.0,1.0,1.0
Q0239,Darf das Thema der Bachelorarbeit mit einer bereits abgelegten Abschlussprüfung deckungsgleich sein?,fully_answerable,1,"[""PO25CL-GEN-C03-P15-A06""]",0.8792539834976196,0.8519150614738464,0.027338922023773193,"[""PO25CL-GEN-C03-P15-A06"", ""PO25CL-GEN-C03-P19-A06"", ""PO25CL-GEN-C03-P19-A09"", ""PO25CL-GEN-C03-P15-A02"", ""PO25CL-GEN-C03-P15-A05"", ""PO25CL-GEN-C03-P15-A08"", ""PO25CL-GEN-C04-P28-A09"", ""PO25CL-GEN-C03-P16-A01"", ""PO25CL-GEN-C03-P10-U01"", ""PO25CL-GEN-C03-P16-A02""]","[0.8792539834976196, 0.8519150614738464, 0.851778507232666, 0.850733757019043, 0.8494594097137451, 0.842519998550415, 0.8362374305725098, 0.8339462280273438, 0.8333402872085571, 0.8317772150039673]",[1],1.0,1.0,1.0,1.0,0.8792539834976196,0.8792539834976196,0.8519150614738464,0.027338922023773193,0.027338922023773193,1.0,1.0,1.0,1.0,1.0,1.0,1.0,1.0,1.0,1.0,1.0,1.0,1.0,1.0,1.0
Q0240,Muss das Thema der Bachelorarbeit innerhalb der vorgesehenen Frist bearbeitbar sein?,fully_answerable,1,"[""PO25CL-GEN-C03-P15-A06""]",0.8794476389884949,0.8685551881790161,0.01089245080947876,"[""PO25CL-GEN-C03-P15-A05"", ""PO25CL-GEN-C03-P15-A06"", ""PO25CL-GEN-C03-P15-A04"", ""PO25CL-GEN-C03-P16-A01"", ""PO25CL-GEN-C03-P19-A06"", ""PO25CL-GEN-C03-P15-A02"", ""PO25CL-GEN-C03-P14-A10"", ""PO25CL-GEN-C03-P19-A09"", ""PO25CL-GEN-C03-P16-A03"", ""PO25CL-GEN-C03-P15-A08""]","[0.8794476389884949, 0.8685551881790161, 0.8626492023468018, 0.8626137971878052, 0.8587805032730103, 0.857528805732727, 0.8561539649963379, 0.8514638543128967, 0.8511969447135925, 0.8511813879013062]",[2],2.0,2.0,2.0,0.5,0.8685551881790161,0.8685551881790161,0.8794476389884949,-0.01089245080947876,-0.01089245080947876,0.0,0.0,0.0,1.0,1.0,1.0,1.0,1.0,1.0,1.0,1.0,1.0,1.0,1.0,1.0
Q0241,Darf eine Bachelorarbeit grundsätzlich in englischer Sprache verfasst werden?,fully_answerable,1,"[""PO25CL-GEN-C03-P15-A07""]",0.8811041712760925,0.8395426273345947,0.0415615439414978,"[""PO25CL-GEN-C03-P15-A07"", ""PO25CL-GEN-C03-P15-A10"", ""PO25CL-GEN-C03-P15-A08"", ""PO25CL-GEN-C03-P15-A05"", ""PO25CL-GEN-C03-P15-A09"", ""PO25CL-GEN-C03-P15-A01"", ""PO25CL-GEN-C03-P15-A06"", ""PO25CL-GEN-C03-P15-A02"", ""PO25CL-PLAN-S06-M02"", ""PO25CL-GEN-C03-P16-A03""]","[0.8811041712760925, 0.8395426273345947, 0.8362786173820496, 0.8343510627746582, 0.8316088914871216, 0.830992579460144, 0.8303250670433044, 0.8261932730674744, 0.8258719444274902, 0.8216489553451538]",[1],1.0,1.0,1.0,1.0,0.8811041712760925,0.8811041712760925,0.8395426273345947,0.0415615439414978,0.0415615439414978,1.0,1.0,1.0,1.0,1.0,1.0,1.0,1.0,1.0,1.0,1.0,1.0,1.0,1.0,1.0
Q0242,In welcher Sprache muss die Bachelorarbeit im Studiengang Germanistik verfasst werden?,fully_answerable,1,"[""PO25CL-GEN-C03-P15-A07""]",0.8886455297470093,0.8391135931015015,0.04953193664550781,"[""PO25CL-GEN-C03-P15-A07"", ""PO25CL-PLAN-S01-M02"", ""PO25CL-PLAN-S02-M01"", ""PO25CL-PLAN-S06-M02"", ""PO25CL-GEN-C01-P04-A04"", ""PO25CL-PLAN-S03-M03"", ""PO25CL-PLAN-S02-PBB"", ""PO25CL-GEN-C03-P11-A08"", ""PO25CL-PLAN-S03-PBB"", ""PO25CL-PLAN-S03-M01""]","[0.8886455297470093, 0.8391135931015015, 0.8389983177185059, 0.8381578922271729, 0.8345211148262024, 0.828839123249054, 0.8287147283554077, 0.8285192251205444, 0.8282197713851929, 0.8282195329666138]",[1],1.0,1.0,1.0,1.0,0.8886455297470093,0.8886455297470093,0.8391135931015015,0.04953193664550781,0.04953193664550781,1.0,1.0,1.0,1.0,1.0,1.0,1.0,1.0,1.0,1.0,1.0,1.0,1.0,1.0,1.0
Q0243,In welcher Sprache muss die Bachelorarbeit im Studiengang Anglistik und Amerikanistik verfasst werden?,fully_answerable,1,"[""PO25CL-GEN-C03-P15-A07""]",0.8872236013412476,0.8494810461997986,0.037742555141448975,"[""PO25CL-GEN-C03-P15-A07"", ""PO25CL-GEN-C01-P04-A04"", ""PO25CL-PLAN-S06-M02"", ""PO25CL-PLAN-S01-M02"", ""PO25CL-PLAN-S06-SUM"", ""PO25CL-PLAN-S02-PBB"", ""PO25CL-PLAN-S01-SUM"", ""PO25CL-PLAN-S03-PBB"", ""PO25CL-PLAN-S04-PBB"", ""PO25CL-PLAN-S03-SUM""]","[0.8872236013412476, 0.8494810461997986, 0.8428343534469604, 0.8360334634780884, 0.8340217471122742, 0.833786129951477, 0.8323026895523071, 0.8322152495384216, 0.8321813941001892, 0.8320699334144592]",[1],1.0,1.0,1.0,1.0,0.8872236013412476,0.8872236013412476,0.8494810461997986,0.037742555141448975,0.037742555141448975,1.0,1.0,1.0,1.0,1.0,1.0,1.0,1.0,1.0,1.0,1.0,1.0,1.0,1.0,1.0
Q0244,Wer kann weitere Ausnahmen von der vorgegebenen Sprache gestatten?,fully_answerable,1,"[""PO25CL-GEN-C03-P15-A07""]",0.8135949373245239,0.8128538727760315,0.0007410645484924316,"[""PO25CL-GEN-C03-P15-A07"", ""PO25CL-APP-R11"", ""PO25CL-APP-R08"", ""PO25CL-GEN-C03-P11-A08"", ""PO25CL-APP-R09"", ""PO25CL-GEN-C03-P12-A05"", ""PO25CL-GEN-C03-P11-A02"", ""PO25CL-APP-R13"", ""PO25CL-PLAN-S01-M02"", ""PO25CL-APP-R04""]","[0.8135949373245239, 0.8128538727760315, 0.8056323528289795, 0.8010536432266235, 0.7994890809059143, 0.790035605430603, 0.7882944941520691, 0.7878855466842651, 0.787595808506012, 0.7873345613479614]",[1],1.0,1.0,1.0,1.0,0.8135949373245239,0.8135949373245239,0.8128538727760315,0.0007410645484924316,0.0007410645484924316,1.0,1.0,1.0,1.0,1.0,1.0,1.0,1.0,1.0,1.0,1.0,1.0,1.0,1.0,1.0
Q0245,Kann die Bachelorarbeit als Gruppenarbeit zugelassen werden?,answerable_with_multiple_chunks,2,"[""PO25CL-GEN-C03-P15-A08"", ""PO25CL-GEN-C03-P15-A06""]",0.9072333574295044,0.8629872798919678,0.04424607753753662,"[""PO25CL-GEN-C03-P15-A08"", ""PO25CL-GEN-C03-P14-A08"", ""PO25CL-GEN-C03-P19-A06"", ""PO25CL-GEN-C03-P15-A10"", ""PO25CL-GEN-C03-P15-A09"", ""PO25CL-GEN-C03-P15-A07"", ""PO25CL-GEN-C03-P15-A06"", ""PO25CL-GEN-C03-P15-A05"", ""PO25CL-GEN-C03-P15-A01"", ""PO25CL-GEN-C03-P16-A02""]","[0.9072333574295044, 0.8629872798919678, 0.8624576330184937, 0.8609397411346436, 0.8567987680435181, 0.8443765640258789, 0.8419451713562012, 0.8411405086517334, 0.8359889984130859, 0.8335303068161011]","[1, 7]",1.0,7.0,4.0,1.0,0.9072333574295044,0.8419451713562012,0.8629872798919678,0.04424607753753662,-0.0210421085357666,0.5,1.0,0.0,0.5,1.0,0.0,0.5,1.0,0.0,0.5,1.0,0.0,1.0,1.0,1.0
Q0246,Müssen individuelle Beiträge zu einer Bachelor-Gruppenarbeit eindeutig unterscheidbar sein?,fully_answerable,1,"[""PO25CL-GEN-C03-P15-A08""]",0.8845585584640503,0.8617468476295471,0.022811710834503174,"[""PO25CL-GEN-C03-P15-A08"", ""PO25CL-GEN-C03-P14-A08"", ""PO25CL-GEN-C03-P15-A09"", ""PO25CL-GEN-C03-P19-A06"", ""PO25CL-GEN-C03-P15-A10"", ""PO25CL-GEN-C03-P18-A05"", ""PO25CL-GEN-C03-P15-A02"", ""PO25CL-GEN-C03-P15-A06"", ""PO25CL-GEN-C03-P16-A02"", ""PO25CL-GEN-C04-P25-A03""]","[0.8845585584640503, 0.8617468476295471, 0.85874342918396, 0.850334882736206, 0.8477553129196167, 0.8428006768226624, 0.8376279473304749, 0.8345416188240051, 0.8311112523078918, 0.8305153846740723]",[1],1.0,1.0,1.0,1.0,0.8845585584640503,0.8845585584640503,0.8617468476295471,0.022811710834503174,0.022811710834503174,1.0,1.0,1.0,1.0,1.0,1.0,1.0,1.0,1.0,1.0,1.0,1.0,1.0,1.0,1.0
Q0247,Wie viele Wörter muss eine Bachelorarbeit mindestens umfassen?,fully_answerable,1,"[""PO25CL-GEN-C03-P15-A10""]",0.9140395522117615,0.8766157627105713,0.037423789501190186,"[""PO25CL-GEN-C03-P15-A10"", ""PO25CL-GEN-C03-P14-A05"", ""PO25CL-GEN-C03-P14-A04"", ""PO25CL-GEN-C01-P03-A01"", ""PO25CL-PLAN-S06-SUM"", ""PO25CL-PLAN-S05-SUM"", ""PO25CL-GEN-C01-P03-A05"", ""PO25CL-PLAN-S03-SUM"", ""PO25CL-PLAN-S02-SUM"", ""PO25CL-PLAN-S04-SUM""]","[0.9140395522117615, 0.8766157627105713, 0.8637027740478516, 0.856421709060669, 0.8535802364349365, 0.85199373960495, 0.8518226146697998, 0.8517025113105774, 0.8508243560791016, 0.8501625061035156]",[1],1.0,1.0,1.0,1.0,0.9140395522117615,0.9140395522117615,0.8766157627105713,0.037423789501190186,0.037423789501190186,1.0,1.0,1.0,1.0,1.0,1.0,1.0,1.0,1.0,1.0,1.0,1.0,1.0,1.0,1.0
Q0248,Wie viele Wörter darf eine Bachelorarbeit höchstens umfassen?,fully_answerable,1,"[""PO25CL-GEN-C03-P15-A10""]",0.9091352224349976,0.871147096157074,0.037988126277923584,"[""PO25CL-GEN-C03-P15-A10"", ""PO25CL-GEN-C03-P14-A05"", ""PO25CL-GEN-C03-P14-A04"", ""PO25CL-GEN-C01-P03-A01"", ""PO25CL-GEN-C01-P03-A05"", ""PO25CL-PLAN-S06-SUM"", ""PO25CL-GEN-C03-P15-A05"", ""PO25CL-PLAN-S05-SUM"", ""PO25CL-PLAN-S03-SUM"", ""PO25CL-PLAN-S02-SUM""]","[0.9091352224349976, 0.871147096157074, 0.8597471714019775, 0.8501684069633484, 0.8498687744140625, 0.8476549983024597, 0.8460107445716858, 0.8458218574523926, 0.8457455635070801, 0.8450722694396973]",[1],1.0,1.0,1.0,1.0,0.9091352224349976,0.9091352224349976,0.871147096157074,0.037988126277923584,0.037988126277923584,1.0,1.0,1.0,1.0,1.0,1.0,1.0,1.0,1.0,1.0,1.0,1.0,1.0,1.0,1.0
Q0249,In welchem Dateiformat ist die Bachelorarbeit einzureichen?,fully_answerable,1,"[""PO25CL-GEN-C03-P16-A01""]",0.8755045533180237,0.8471749424934387,0.02832961082458496,"[""PO25CL-GEN-C03-P16-A01"", ""PO25CL-GEN-C03-P15-A08"", ""PO25CL-GEN-C03-P21-A02"", ""PO25CL-GEN-C03-P15-A01"", ""PO25CL-GEN-C03-P15-A10"", ""PO25CL-GEN-C03-P15-A09"", ""PO25CL-GEN-C03-P16-A03"", ""PO25CL-GEN-C03-P21-A03"", ""PO25CL-GEN-C03-P15-A07"", ""PO25CL-GEN-C03-P15-A05""]","[0.8755045533180237, 0.8471749424934387, 0.8452123999595642, 0.8436300754547119, 0.8419429063796997, 0.8404338359832764, 0.8399659395217896, 0.8390554189682007, 0.8386722207069397, 0.8385950326919556]",[1],1.0,1.0,1.0,1.0,0.8755045533180237,0.8755045533180237,0.8471749424934387,0.02832961082458496,0.02832961082458496,1.0,1.0,1.0,1.0,1.0,1.0,1.0,1.0,1.0,1.0,1.0,1.0,1.0,1.0,1.0
Q0250,Bis zu welchem Zeitpunkt muss die Bachelorarbeit abgegeben werden?,fully_answerable,1,"[""PO25CL-GEN-C03-P16-A01""]",0.8906925916671753,0.8892399072647095,0.0014526844024658203,"[""PO25CL-GEN-C03-P15-A05"", ""PO25CL-GEN-C03-P16-A01"", ""PO25CL-GEN-C03-P16-A03"", ""PO25CL-GEN-C03-P15-A01"", ""PO25CL-GEN-C03-P20-A04"", ""PO25CL-GEN-C03-P21-A02"", ""PO25CL-GEN-C03-P15-A04"", ""PO25CL-GEN-C03-P21-A03"", ""PO25CL-GEN-C03-P15-A08"", ""PO25CL-GEN-C03-P15-A10""]","[0.8906925916671753, 0.8892399072647095, 0.8807032108306885, 0.8757237195968628, 0.8662439584732056, 0.8659253120422363, 0.8652530908584595, 0.8629228472709656, 0.8600805997848511, 0.8590946197509766]",[2],2.0,2.0,2.0,0.5,0.8892399072647095,0.8892399072647095,0.8906925916671753,-0.0014526844024658203,-0.0014526844024658203,0.0,0.0,0.0,1.0,1.0,1.0,1.0,1.0,1.0,1.0,1.0,1.0,1.0,1.0,1.0
Q0251,Wie erfolgt die elektronische Abgabe der Bachelorarbeit?,fully_answerable,1,"[""PO25CL-GEN-C03-P16-A01""]",0.8820093274116516,0.838126003742218,0.043883323669433594,"[""PO25CL-GEN-C03-P16-A01"", ""PO25CL-GEN-C03-P15-A03"", ""PO25CL-GEN-C03-P15-A01"", ""PO25CL-GEN-C03-P16-A03"", ""PO25CL-GEN-C03-P15-A05"", ""PO25CL-GEN-C03-P14-A09"", ""PO25CL-GEN-C03-P21-A02"", ""PO25CL-GEN-C03-P15-A09"", ""PO25CL-PLAN-INTRO"", ""PO25CL-GEN-C03-P21-A03""]","[0.8820093274116516, 0.838126003742218, 0.8343669772148132, 0.8308867812156677, 0.8305189609527588, 0.823491096496582, 0.8233492970466614, 0.8228604197502136, 0.8216306567192078, 0.8210463523864746]",[1],1.0,1.0,1.0,1.0,0.8820093274116516,0.8820093274116516,0.838126003742218,0.043883323669433594,0.043883323669433594,1.0,1.0,1.0,1.0,1.0,1.0,1.0,1.0,1.0,1.0,1.0,1.0,1.0,1.0,1.0
Q0252,Wer hält das Datum der Abgabe aktenkundig fest?,fully_answerable,1,"[""PO25CL-GEN-C03-P16-A01""]",0.8096177577972412,0.8034747242927551,0.006143033504486084,"[""PO25CL-GEN-C03-P16-A01"", ""PO25CL-GEN-C03-P17-A03"", ""PO25CL-GEN-C03-P21-A03"", ""PO25CL-GEN-C03-P23-U01"", ""PO25CL-GEN-C03-P17-A04"", ""PO25CL-GEN-C03-P20-A04"", ""PO25CL-GEN-C03-P16-A03"", ""PO25CL-GEN-C03-P15-A03"", ""PO25CL-GEN-C03-P15-A05"", ""PO25CL-GEN-C03-P15-A01""]","[0.8096177577972412, 0.8034747242927551, 0.8004872798919678, 0.794496476650238, 0.7932787537574768, 0.7930348515510559, 0.7924964427947998, 0.7885128855705261, 0.7865203022956848, 0.7861929535865784]",[1],1.0,1.0,1.0,1.0,0.8096177577972412,0.8096177577972412,0.8034747242927551,0.006143033504486084,0.006143033504486084,1.0,1.0,1.0,1.0,1.0,1.0,1.0,1.0,1.0,1.0,1.0,1.0,1.0,1.0,1.0
Q0253,Mit welcher Note wird eine verspätet abgegebene Bachelorarbeit bewertet?,fully_answerable,1,"[""PO25CL-GEN-C03-P16-A01""]",0.8718340396881104,0.85787433385849,0.013959705829620361,"[""PO25CL-GEN-C03-P16-A01"", ""PO25CL-GEN-C03-P18-A05"", ""PO25CL-GEN-C03-P18-A07"", ""PO25CL-GEN-C03-P19-A06"", ""PO25CL-GEN-C03-P21-A02"", ""PO25CL-GEN-C03-P16-A03"", ""PO25CL-GEN-C03-P18-A03"", ""PO25CL-GEN-C03-P16-A02"", ""PO25CL-GEN-C03-P18-A06"", ""PO25CL-GEN-C03-P15-A05""]","[0.8718340396881104, 0.85787433385849, 0.8510779142379761, 0.8508465886116028, 0.8496324419975281, 0.848552942276001, 0.8472729325294495, 0.8466747403144836, 0.8461205959320068, 0.8458802700042725]",[1],1.0,1.0,1.0,1.0,0.8718340396881104,0.8718340396881104,0.85787433385849,0.013959705829620361,0.013959705829620361,1.0,1.0,1.0,1.0,1.0,1.0,1.0,1.0,1.0,1.0,1.0,1.0,1.0,1.0,1.0
Q0254,Wie viele gebundene Exemplare können zusätzlich verlangt werden?,fully_answerable,1,"[""PO25CL-GEN-C03-P16-A01""]",0.7964147925376892,0.7944045066833496,0.0020102858543395996,"[""PO25CL-GEN-C01-P05-A02"", ""PO25CL-GEN-C03-P12-A02"", ""PO25CL-GEN-C01-P03-A03"", ""PO25CL-APP-R06"", ""PO25CL-GEN-C03-P16-A01"", ""PO25CL-GEN-C03-P11-A04"", ""PO25CL-GEN-C03-P14-A01"", ""PO25CL-GEN-C02-P08-U01"", ""PO25CL-GEN-C03-P14-A02"", ""PO25CL-GEN-C03-P19-A09""]","[0.7964147925376892, 0.7944045066833496, 0.790280282497406, 0.7897762060165405, 0.7893072366714478, 0.7879987955093384, 0.7879712581634521, 0.7879126667976379, 0.7878801226615906, 0.7878644466400146]",[5],5.0,5.0,5.0,0.2,0.7893072366714478,0.7893072366714478,0.7964147925376892,-0.007107555866241455,-0.007107555866241455,0.0,0.0,0.0,0.0,0.0,0.0,0.0,0.0,0.0,1.0,1.0,1.0,1.0,1.0,1.0
Q0255,Bei wem sind zusätzlich verlangte gebundene Exemplare einzureichen?,fully_answerable,1,"[""PO25CL-GEN-C03-P16-A01""]",0.8080288767814636,0.8031793832778931,0.004849493503570557,"[""PO25CL-GEN-C03-P16-A01"", ""PO25CL-GEN-C03-P12-A01"", ""PO25CL-GEN-C04-P30-U01"", ""PO25CL-GEN-C03-P15-A03"", ""PO25CL-GEN-C03-P11-A04"", ""PO25CL-GEN-C04-P28-A07"", ""PO25CL-GEN-C04-P25-A04"", ""PO25CL-GEN-C02-P07-A03"", ""PO25CL-GEN-C03-P12-A03"", ""PO25CL-GEN-C03-P12-A02""]","[0.8080288767814636, 0.8031793832778931, 0.8001301288604736, 0.7985472083091736, 0.7969938516616821, 0.7948508262634277, 0.7948461771011353, 0.7939212322235107, 0.7928411364555359, 0.7927749752998352]",[1],1.0,1.0,1.0,1.0,0.8080288767814636,0.8080288767814636,0.8031793832778931,0.004849493503570557,0.004849493503570557,1.0,1.0,1.0,1.0,1.0,1.0,1.0,1.0,1.0,1.0,1.0,1.0,1.0,1.0,1.0
Q0256,Von wie vielen Personen wird die Bachelorarbeit begutachtet?,fully_answerable,1,"[""PO25CL-GEN-C03-P16-A02""]",0.8533725142478943,0.8499140739440918,0.0034584403038024902,"[""PO25CL-GEN-C03-P16-A02"", ""PO25CL-GEN-C03-P15-A10"", ""PO25CL-GEN-C03-P15-A08"", ""PO25CL-GEN-C03-P18-A05"", ""PO25CL-GEN-C03-P16-A03"", ""PO25CL-GEN-C01-P03-A05"", ""PO25CL-GEN-C03-P15-A09"", ""PO25CL-GEN-C03-P19-A06"", ""PO25CL-GEN-C03-P16-A01"", ""PO25CL-GEN-C03-P18-A03""]","[0.8533725142478943, 0.8499140739440918, 0.8484044075012207, 0.8386205434799194, 0.8329116106033325, 0.8325746059417725, 0.8298241496086121, 0.829724907875061, 0.8277798295021057, 0.8274054527282715]",[1],1.0,1.0,1.0,1.0,0.8533725142478943,0.8533725142478943,0.8499140739440918,0.0034584403038024902,0.0034584403038024902,1.0,1.0,1.0,1.0,1.0,1.0,1.0,1.0,1.0,1.0,1.0,1.0,1.0,1.0,1.0
Q0257,Müssen die Gutachten unabhängig voneinander erstellt werden?,fully_answerable,1,"[""PO25CL-GEN-C03-P16-A02""]",0.8370068669319153,0.8276649117469788,0.009341955184936523,"[""PO25CL-GEN-C03-P16-A02"", ""PO25CL-GEN-C03-P18-A03"", ""PO25CL-GEN-C03-P19-A08"", ""PO25CL-GEN-C04-P28-A03"", ""PO25CL-GEN-C03-P14-A09"", ""PO25CL-GEN-C03-P14-A01"", ""PO25CL-GEN-C03-P18-A01"", ""PO25CL-GEN-C04-P28-A05"", ""PO25CL-GEN-C03-P14-A02"", ""PO25CL-GEN-C04-P25-A01""]","[0.8370068669319153, 0.8276649117469788, 0.8048920035362244, 0.8040637969970703, 0.8025326728820801, 0.7993574142456055, 0.798978865146637, 0.7979076504707336, 0.7977563142776489, 0.7970266342163086]",[1],1.0,1.0,1.0,1.0,0.8370068669319153,0.8370068669319153,0.8276649117469788,0.009341955184936523,0.009341955184936523,1.0,1.0,1.0,1.0,1.0,1.0,1.0,1.0,1.0,1.0,1.0,1.0,1.0,1.0,1.0
Q0258,Wer bestellt die Gutachtenden der Bachelorarbeit?,fully_answerable,1,"[""PO25CL-GEN-C03-P16-A02""]",0.868466317653656,0.8434585928916931,0.02500772476196289,"[""PO25CL-GEN-C03-P16-A02"", ""PO25CL-GEN-C04-P25-A02"", ""PO25CL-GEN-C03-P15-A03"", ""PO25CL-GEN-C04-P25-A03"", ""PO25CL-GEN-C03-P18-A03"", ""PO25CL-GEN-C03-P16-A01"", ""PO25CL-GEN-C04-P25-A06"", ""PO25CL-GEN-C03-P15-A09"", ""PO25CL-GEN-C03-P18-A05"", ""PO25CL-GEN-C03-P16-A03""]","[0.868466317653656, 0.8434585928916931, 0.836624026298523, 0.8349493145942688, 0.8320109844207764, 0.8290421962738037, 0.8263448476791382, 0.8258498907089233, 0.8256271481513977, 0.8242863416671753]",[1],1.0,1.0,1.0,1.0,0.868466317653656,0.868466317653656,0.8434585928916931,0.02500772476196289,0.02500772476196289,1.0,1.0,1.0,1.0,1.0,1.0,1.0,1.0,1.0,1.0,1.0,1.0,1.0,1.0,1.0
Q0259,Wer übernimmt das Erstgutachten der Bachelorarbeit?,fully_answerable,1,"[""PO25CL-GEN-C03-P16-A02""]",0.8654401898384094,0.8315641283988953,0.03387606143951416,"[""PO25CL-GEN-C03-P16-A02"", ""PO25CL-GEN-C03-P16-A03"", ""PO25CL-GEN-C04-P30-U01"", ""PO25CL-GEN-C03-P15-A03"", ""PO25CL-GEN-C01-P01-A02"", ""PO25CL-GEN-C04-P25-A03"", ""PO25CL-GEN-C03-P18-A05"", ""PO25CL-GEN-C03-P15-A08"", ""PO25CL-GEN-C03-P16-A01"", ""PO25CL-GEN-C03-P15-A09""]","[0.8654401898384094, 0.8315641283988953, 0.8244204521179199, 0.824027955532074, 0.823262631893158, 0.8200905323028564, 0.819139838218689, 0.817933201789856, 0.8178775906562805, 0.817833423614502]",[1],1.0,1.0,1.0,1.0,0.8654401898384094,0.8654401898384094,0.8315641283988953,0.03387606143951416,0.03387606143951416,1.0,1.0,1.0,1.0,1.0,1.0,1.0,1.0,1.0,1.0,1.0,1.0,1.0,1.0,1.0
Q0260,Was macht die zweitbegutachtende Person bei übereinstimmender Beurteilung?,fully_answerable,1,"[""PO25CL-GEN-C03-P16-A02""]",0.8420944809913635,0.8276664018630981,0.01442807912826538,"[""PO25CL-GEN-C03-P16-A02"", ""PO25CL-GEN-C03-P18-A03"", ""PO25CL-GEN-C03-P19-A08"", ""PO25CL-GEN-C04-P28-A09"", ""PO25CL-GEN-C04-P24-A03"", ""PO25CL-GEN-C03-P18-A01"", ""PO25CL-GEN-C04-P27-A01-02"", ""PO25CL-GEN-C04-P28-A08"", ""PO25CL-GEN-C03-P17-A06"", ""PO25CL-GEN-C03-P17-A05""]","[0.8420944809913635, 0.8276664018630981, 0.8122745752334595, 0.8086497783660889, 0.8066605925559998, 0.80585777759552, 0.8056679964065552, 0.8042116165161133, 0.8032016754150391, 0.8021392822265625]",[1],1.0,1.0,1.0,1.0,0.8420944809913635,0.8420944809913635,0.8276664018630981,0.01442807912826538,0.01442807912826538,1.0,1.0,1.0,1.0,1.0,1.0,1.0,1.0,1.0,1.0,1.0,1.0,1.0,1.0,1.0
Q0261,Was erstellt die zweitbegutachtende Person bei abweichender Beurteilung?,fully_answerable,1,"[""PO25CL-GEN-C03-P16-A02""]",0.8452947735786438,0.8309169411659241,0.014377832412719727,"[""PO25CL-GEN-C03-P16-A02"", ""PO25CL-GEN-C03-P18-A03"", ""PO25CL-GEN-C03-P19-A08"", ""PO25CL-GEN-C03-P17-A05"", ""PO25CL-GEN-C04-P27-A01-02"", ""PO25CL-GEN-C03-P14-A09"", ""PO25CL-GEN-C03-P17-A06"", ""PO25CL-GEN-C03-P15-A03"", ""PO25CL-GEN-C03-P19-A05"", ""PO25CL-GEN-C03-P18-A01""]","[0.8452947735786438, 0.8309169411659241, 0.8223671913146973, 0.8088489770889282, 0.8070476651191711, 0.805463433265686, 0.805371880531311, 0.805359959602356, 0.8037421703338623, 0.803356945514679]",[1],1.0,1.0,1.0,1.0,0.8452947735786438,0.8452947735786438,0.8309169411659241,0.014377832412719727,0.014377832412719727,1.0,1.0,1.0,1.0,1.0,1.0,1.0,1.0,1.0,1.0,1.0,1.0,1.0,1.0,1.0
Q0262,Wer kann ein ausführliches Zweitgutachten verlangen?,fully_answerable,1,"[""PO25CL-GEN-C03-P16-A02""]",0.827376127243042,0.8116068840026855,0.015769243240356445,"[""PO25CL-GEN-C03-P16-A02"", ""PO25CL-GEN-C03-P18-A03"", ""PO25CL-GEN-C03-P12-A02"", ""PO25CL-GEN-C03-P12-A01"", ""PO25CL-GEN-C04-P30-U01"", ""PO25CL-GEN-C03-P15-A04"", ""PO25CL-GEN-C03-P17-A03"", ""PO25CL-GEN-C03-P20-A01"", ""PO25CL-GEN-C04-P29-U01"", ""PO25CL-GEN-C04-P26-U01""]","[0.827376127243042, 0.8116068840026855, 0.8026053309440613, 0.7905371785163879, 0.7902905344963074, 0.7900605797767639, 0.7875977158546448, 0.7874630689620972, 0.7873877286911011, 0.7861852049827576]",[1],1.0,1.0,1.0,1.0,0.827376127243042,0.827376127243042,0.8116068840026855,0.015769243240356445,0.015769243240356445,1.0,1.0,1.0,1.0,1.0,1.0,1.0,1.0,1.0,1.0,1.0,1.0,1.0,1.0,1.0
Q0263,Nach welcher Vorschrift ergibt sich die Endnote der Bachelorarbeit?,fully_answerable,1,"[""PO25CL-GEN-C03-P16-A02""]",0.8701730370521545,0.866847038269043,0.0033259987831115723,"[""PO25CL-GEN-C03-P18-A07"", ""PO25CL-GEN-C03-P18-A03"", ""PO25CL-GEN-C03-P18-A05"", ""PO25CL-GEN-C03-P18-A06"", ""PO25CL-GEN-C03-P16-A02"", ""PO25CL-GEN-C03-P21-A02"", ""PO25CL-GEN-C03-P15-A10"", ""PO25CL-GEN-C03-P21-A03"", ""PO25CL-GEN-C03-P15-A01"", ""PO25CL-GEN-C03-P18-A04""]","[0.8701730370521545, 0.866847038269043, 0.8613141775131226, 0.8559343814849854, 0.855299711227417, 0.8508764505386353, 0.8449962139129639, 0.8435298800468445, 0.8418159484863281, 0.8375495076179504]",[5],5.0,5.0,5.0,0.2,0.855299711227417,0.855299711227417,0.8701730370521545,-0.014873325824737549,-0.014873325824737549,0.0,0.0,0.0,0.0,0.0,0.0,0.0,0.0,0.0,1.0,1.0,1.0,1.0,1.0,1.0
Q0264,Bis wann muss die Bewertung der Bachelorarbeit mitgeteilt werden?,fully_answerable,1,"[""PO25CL-GEN-C03-P16-A03""]",0.9014174938201904,0.881986677646637,0.019430816173553467,"[""PO25CL-GEN-C03-P16-A03"", ""PO25CL-GEN-C03-P16-A01"", ""PO25CL-GEN-C03-P15-A05"", ""PO25CL-GEN-C03-P15-A08"", ""PO25CL-GEN-C03-P15-A01"", ""PO25CL-GEN-C03-P16-A02"", ""PO25CL-GEN-C03-P21-A02"", ""PO25CL-GEN-C03-P11-A09"", ""PO25CL-GEN-C03-P19-A06"", ""PO25CL-GEN-C03-P14-A04""]","[0.9014174938201904, 0.881986677646637, 0.8764878511428833, 0.8704683184623718, 0.8661842346191406, 0.8646655678749084, 0.8645893335342407, 0.8642311692237854, 0.8617616891860962, 0.8594598174095154]",[1],1.0,1.0,1.0,1.0,0.9014174938201904,0.9014174938201904,0.881986677646637,0.019430816173553467,0.019430816173553467,1.0,1.0,1.0,1.0,1.0,1.0,1.0,1.0,1.0,1.0,1.0,1.0,1.0,1.0,1.0
Q0265,Bis wann kann man sich von einer Klausur abmelden?,fully_answerable,1,"[""PO25CL-GEN-C03-P17-A01""]",0.8842949271202087,0.8471976518630981,0.037097275257110596,"[""PO25CL-GEN-C03-P17-A01"", ""PO25CL-GEN-C03-P14-A03"", ""PO25CL-GEN-C03-P11-A04"", ""PO25CL-GEN-C03-P17-A06"", ""PO25CL-GEN-C03-P15-A05"", ""PO25CL-GEN-C03-P17-A04"", ""PO25CL-GEN-C02-P07-A04"", ""PO25CL-GEN-C02-P08-U01"", ""PO25CL-GEN-C03-P14-A04"", ""PO25CL-GEN-C03-P15-A04""]","[0.8842949271202087, 0.8471976518630981, 0.8423371315002441, 0.8369672298431396, 0.836106538772583, 0.8348345756530762, 0.834024965763092, 0.8329140543937683, 0.8320033550262451, 0.8312718272209167]",[1],1.0,1.0,1.0,1.0,0.8842949271202087,0.8842949271202087,0.8471976518630981,0.037097275257110596,0.037097275257110596,1.0,1.0,1.0,1.0,1.0,1.0,1.0,1.0,1.0,1.0,1.0,1.0,1.0,1.0,1.0
Q0266,Bis wann kann man sich von einer mündlichen Prüfung abmelden?,fully_answerable,1,"[""PO25CL-GEN-C03-P17-A01""]",0.8917451500892639,0.8619542121887207,0.029790937900543213,"[""PO25CL-GEN-C03-P17-A01"", ""PO25CL-GEN-C03-P13-A01"", ""PO25CL-GEN-C03-P13-A02"", ""PO25CL-GEN-C03-P11-A04"", ""PO25CL-GEN-C03-P11-A06"", ""PO25CL-GEN-C03-P12-A02"", ""PO25CL-GEN-C03-P11-A09"", ""PO25CL-GEN-C03-P14-A10"", ""PO25CL-GEN-C03-P20-A04"", ""PO25CL-GEN-C03-P11-A02""]","[0.8917451500892639, 0.8619542121887207, 0.8599921464920044, 0.8533744812011719, 0.851738452911377, 0.8475386500358582, 0.8438196778297424, 0.8433353900909424, 0.8421112298965454, 0.8411300182342529]",[1],1.0,1.0,1.0,1.0,0.8917451500892639,0.8917451500892639,0.8619542121887207,0.029790937900543213,0.029790937900543213,1.0,1.0,1.0,1.0,1.0,1.0,1.0,1.0,1.0,1.0,1.0,1.0,1.0,1.0,1.0
Q0267,Was muss bei einem Rücktritt nach Ablauf der Abmeldefrist geltend gemacht werden?,fully_answerable,1,"[""PO25CL-GEN-C03-P17-A02""]",0.8568049073219299,0.8449034094810486,0.011901497840881348,"[""PO25CL-GEN-C03-P17-A01"", ""PO25CL-GEN-C03-P11-A04"", ""PO25CL-GEN-C03-P17-A02"", ""PO25CL-GEN-C03-P17-A03"", ""PO25CL-GEN-C03-P17-A06"", ""PO25CL-GEN-C03-P17-A04"", ""PO25CL-GEN-C03-P15-A04"", ""PO25CL-GEN-C03-P19-A07"", ""PO25CL-GEN-C03-P20-A04"", ""PO25CL-GEN-C04-P26-U01""]","[0.8568049073219299, 0.8449034094810486, 0.8415509462356567, 0.8412420153617859, 0.8352910876274109, 0.8260678648948669, 0.8177560567855835, 0.8154534697532654, 0.8138749599456787, 0.8106128573417664]",[3],3.0,3.0,3.0,0.3333333333333333,0.8415509462356567,0.8415509462356567,0.8568049073219299,-0.015253961086273193,-0.015253961086273193,0.0,0.0,0.0,0.0,0.0,0.0,1.0,1.0,1.0,1.0,1.0,1.0,1.0,1.0,1.0
Q0268,Welche Note erhält eine versäumte Prüfung ohne anerkannten Grund?,fully_answerable,1,"[""PO25CL-GEN-C03-P17-A02""]",0.8493084907531738,0.8475499153137207,0.001758575439453125,"[""PO25CL-GEN-C03-P18-A02"", ""PO25CL-GEN-C03-P19-A08"", ""PO25CL-GEN-C03-P17-A03"", ""PO25CL-GEN-C03-P20-A01"", ""PO25CL-GEN-C03-P19-A10"", ""PO25CL-GEN-C03-P18-A01"", ""PO25CL-GEN-C04-P28-A07"", ""PO25CL-GEN-C03-P19-A02"", ""PO25CL-GEN-C03-P23-U01"", ""PO25CL-GEN-C03-P19-A05""]","[0.8493084907531738, 0.8475499153137207, 0.8411303758621216, 0.8397191166877747, 0.8394333720207214, 0.8368011713027954, 0.8367164134979248, 0.8360514044761658, 0.8337403535842896, 0.8335791230201721]",[13],13.0,13.0,13.0,0.07692307692307693,0.828685998916626,0.828685998916626,0.8493084907531738,-0.02062249183654785,-0.02062249183654785,0.0,0.0,0.0,0.0,0.0,0.0,0.0,0.0,0.0,0.0,0.0,0.0,0.0,0.0,0.0
Q0269,Welche Note erhält ein Rücktritt nach Prüfungsbeginn ohne anerkannten Grund?,fully_answerable,1,"[""PO25CL-GEN-C03-P17-A02""]",0.8541526794433594,0.8505033254623413,0.0036493539810180664,"[""PO25CL-GEN-C03-P19-A08"", ""PO25CL-GEN-C03-P17-A02"", ""PO25CL-GEN-C03-P17-A03"", ""PO25CL-GEN-C03-P17-A01"", ""PO25CL-GEN-C03-P17-A06"", ""PO25CL-GEN-C03-P20-A01"", ""PO25CL-GEN-C03-P18-A02"", ""PO25CL-GEN-C03-P17-A05"", ""PO25CL-GEN-C03-P18-A03"", ""PO25CL-GEN-C03-P19-A10""]","[0.8541526794433594, 0.8505033254623413, 0.8490405082702637, 0.8432334661483765, 0.8415205478668213, 0.8378612399101257, 0.8347048163414001, 0.8345857262611389, 0.8345109224319458, 0.8342405557632446]",[2],2.0,2.0,2.0,0.5,0.8505033254623413,0.8505033254623413,0.8541526794433594,-0.0036493539810180664,-0.0036493539810180664,0.0,0.0,0.0,1.0,1.0,1.0,1.0,1.0,1.0,1.0,1.0,1.0,1.0,1.0,1.0
Q0270,Welche Note erhält eine nicht fristgerecht erbrachte schriftliche Prüfungsleistung ohne anerkannten Grund?,fully_answerable,1,"[""PO25CL-GEN-C03-P17-A02""]",0.8473101258277893,0.84648197889328,0.0008281469345092773,"[""PO25CL-GEN-C03-P18-A02"", ""PO25CL-GEN-C03-P19-A08"", ""PO25CL-GEN-C04-P28-A07"", ""PO25CL-GEN-C03-P17-A02"", ""PO25CL-GEN-C03-P17-A03"", ""PO25CL-GEN-C03-P20-A01"", ""PO25CL-GEN-C03-P18-A01"", ""PO25CL-GEN-C03-P16-A01"", ""PO25CL-GEN-C03-P12-A02"", ""PO25CL-GEN-C03-P18-A04""]","[0.8473101258277893, 0.84648197889328, 0.8438044786453247, 0.8433672189712524, 0.8385924696922302, 0.8379361629486084, 0.8367132544517517, 0.8357709646224976, 0.8353735208511353, 0.8340805768966675]",[4],4.0,4.0,4.0,0.25,0.8433672189712524,0.8433672189712524,0.8473101258277893,-0.003942906856536865,-0.003942906856536865,0.0,0.0,0.0,0.0,0.0,0.0,0.0,0.0,0.0,1.0,1.0,1.0,1.0,1.0,1.0
Q0271,Gilt Krankheit als triftiger Rücktrittsgrund?,fully_answerable,1,"[""PO25CL-GEN-C03-P17-A02""]",0.8457214832305908,0.8269360661506653,0.018785417079925537,"[""PO25CL-GEN-C03-P17-A02"", ""PO25CL-GEN-C03-P17-A03"", ""PO25CL-GEN-C03-P17-A05"", ""PO25CL-GEN-C03-P17-A06"", ""PO25CL-GEN-C04-P27-A01-02"", ""PO25CL-GEN-C03-P17-A01"", ""PO25CL-GEN-C03-P17-A04"", ""PO25CL-GEN-C03-P15-A04"", ""PO25CL-GEN-C03-P20-A04"", ""PO25CL-GEN-C03-P20-A03""]","[0.8457214832305908, 0.8269360661506653, 0.7997634410858154, 0.7997117638587952, 0.799592912197113, 0.7993254065513611, 0.7960676550865173, 0.7921618819236755, 0.7852095365524292, 0.7824501991271973]",[1],1.0,1.0,1.0,1.0,0.8457214832305908,0.8457214832305908,0.8269360661506653,0.018785417079925537,0.018785417079925537,1.0,1.0,1.0,1.0,1.0,1.0,1.0,1.0,1.0,1.0,1.0,1.0,1.0,1.0,1.0
Q0272,Gilt Mutterschutz als triftiger Rücktrittsgrund?,fully_answerable,1,"[""PO25CL-GEN-C03-P17-A02""]",0.8213310241699219,0.7916566133499146,0.029674410820007324,"[""PO25CL-GEN-C03-P17-A02"", ""PO25CL-GEN-C03-P17-A01"", ""PO25CL-GEN-C03-P17-A05"", ""PO25CL-GEN-C03-P17-A06"", ""PO25CL-GEN-C03-P17-A03"", ""PO25CL-GEN-C03-P17-A04"", ""PO25CL-GEN-C03-P11-A04"", ""PO25CL-GEN-C04-P25-A05"", ""PO25CL-APP-R09"", ""PO25CL-GEN-C03-P20-A04""]","[0.8213310241699219, 0.7916566133499146, 0.786056399345398, 0.7842388153076172, 0.7801295518875122, 0.7695209383964539, 0.76888108253479, 0.7668233513832092, 0.7646571397781372, 0.7639467120170593]",[1],1.0,1.0,1.0,1.0,0.8213310241699219,0.8213310241699219,0.7916566133499146,0.029674410820007324,0.029674410820007324,1.0,1.0,1.0,1.0,1.0,1.0,1.0,1.0,1.0,1.0,1.0,1.0,1.0,1.0,1.0
Q0273,Gilt Kinderbetreuung im Rahmen der Elternzeit als triftiger Rücktrittsgrund?,fully_answerable,1,"[""PO25CL-GEN-C03-P17-A02""]",0.8303260803222656,0.7887822389602661,0.04154384136199951,"[""PO25CL-GEN-C03-P17-A02"", ""PO25CL-GEN-C03-P17-A03"", ""PO25CL-GEN-C03-P17-A01"", ""PO25CL-GEN-C03-P17-A05"", ""PO25CL-GEN-C04-P28-A03"", ""PO25CL-GEN-C03-P17-A06"", ""PO25CL-GEN-C04-P28-A02"", ""PO25CL-GEN-C04-P26-U01"", ""PO25CL-GEN-C04-P28-A01"", ""PO25CL-GEN-C03-P20-A04""]","[0.8303260803222656, 0.7887822389602661, 0.7881267070770264, 0.7859822511672974, 0.7842954993247986, 0.7818456888198853, 0.7814188599586487, 0.7766010165214539, 0.7734575867652893, 0.7733429074287415]",[1],1.0,1.0,1.0,1.0,0.8303260803222656,0.8303260803222656,0.7887822389602661,0.04154384136199951,0.04154384136199951,1.0,1.0,1.0,1.0,1.0,1.0,1.0,1.0,1.0,1.0,1.0,1.0,1.0,1.0,1.0
Q0274,Gilt die notwendige Pflege naher Angehöriger als triftiger Rücktrittsgrund?,fully_answerable,1,"[""PO25CL-GEN-C03-P17-A02""]",0.8367222547531128,0.7998244762420654,0.03689777851104736,"[""PO25CL-GEN-C03-P17-A02"", ""PO25CL-GEN-C03-P17-A05"", ""PO25CL-GEN-C03-P17-A03"", ""PO25CL-GEN-C03-P17-A06"", ""PO25CL-GEN-C03-P17-A01"", ""PO25CL-GEN-C03-P15-A04"", ""PO25CL-GEN-C04-P27-A01-02"", ""PO25CL-GEN-C04-P25-A04"", ""PO25CL-GEN-C04-P27-A03"", ""PO25CL-GEN-C04-P26-U01""]","[0.8367222547531128, 0.7998244762420654, 0.7952393889427185, 0.7905060648918152, 0.787135124206543, 0.7854251265525818, 0.7853807210922241, 0.783486545085907, 0.7831903696060181, 0.7826345562934875]",[1],1.0,1.0,1.0,1.0,0.8367222547531128,0.8367222547531128,0.7998244762420654,0.03689777851104736,0.03689777851104736,1.0,1.0,1.0,1.0,1.0,1.0,1.0,1.0,1.0,1.0,1.0,1.0,1.0,1.0,1.0
Q0275,Muss eine Krankheit bei einer Prüfung den Prüfenden unverzüglich angezeigt werden?,fully_answerable,1,"[""PO25CL-GEN-C03-P17-A02""]",0.864242672920227,0.8634847402572632,0.0007579326629638672,"[""PO25CL-GEN-C03-P17-A03"", ""PO25CL-GEN-C03-P17-A02"", ""PO25CL-GEN-C03-P11-A09"", ""PO25CL-GEN-C04-P30-U01"", ""PO25CL-GEN-C04-P27-A01-02"", ""PO25CL-GEN-C03-P17-A04"", ""PO25CL-GEN-C03-P17-A01"", ""PO25CL-GEN-C03-P20-A01"", ""PO25CL-GEN-C03-P20-A02"", ""PO25CL-GEN-C03-P11-A04""]","[0.864242672920227, 0.8634847402572632, 0.8387731313705444, 0.8384343981742859, 0.8357760906219482, 0.8353773355484009, 0.8328730463981628, 0.8324441909790039, 0.8316416144371033, 0.8300808668136597]",[2],2.0,2.0,2.0,0.5,0.8634847402572632,0.8634847402572632,0.864242672920227,-0.0007579326629638672,-0.0007579326629638672,0.0,0.0,0.0,1.0,1.0,1.0,1.0,1.0,1.0,1.0,1.0,1.0,1.0,1.0,1.0
Q0276,In welcher Form müssen Rücktrittsgründe angezeigt werden?,fully_answerable,1,"[""PO25CL-GEN-C03-P17-A03""]",0.8436779379844666,0.8391869068145752,0.004491031169891357,"[""PO25CL-GEN-C03-P17-A03"", ""PO25CL-GEN-C03-P17-A06"", ""PO25CL-GEN-C03-P17-A01"", ""PO25CL-GEN-C03-P17-A04"", ""PO25CL-GEN-C03-P17-A02"", ""PO25CL-GEN-C03-P11-A04"", ""PO25CL-GEN-C04-P27-A03"", ""PO25CL-GEN-C03-P19-A04"", ""PO25CL-GEN-C04-P25-A05"", ""PO25CL-GEN-C03-P19-A08""]","[0.8436779379844666, 0.8391869068145752, 0.8297900557518005, 0.8268111348152161, 0.8251286149024963, 0.8248015642166138, 0.8086296916007996, 0.8069778680801392, 0.8056889772415161, 0.8053755760192871]",[1],1.0,1.0,1.0,1.0,0.8436779379844666,0.8436779379844666,0.8391869068145752,0.004491031169891357,0.004491031169891357,1.0,1.0,1.0,1.0,1.0,1.0,1.0,1.0,1.0,1.0,1.0,1.0,1.0,1.0,1.0
Q0277,Was muss mit den geltend gemachten Rücktrittsgründen geschehen?,fully_answerable,1,"[""PO25CL-GEN-C03-P17-A03""]",0.8454272747039795,0.8384650945663452,0.006962180137634277,"[""PO25CL-GEN-C03-P17-A03"", ""PO25CL-GEN-C03-P17-A02"", ""PO25CL-GEN-C03-P17-A06"", ""PO25CL-GEN-C03-P17-A01"", ""PO25CL-GEN-C03-P17-A04"", ""PO25CL-GEN-C03-P17-A05"", ""PO25CL-GEN-C03-P11-A04"", ""PO25CL-GEN-C04-P26-U01"", ""PO25CL-GEN-C04-P28-A03"", ""PO25CL-GEN-C03-P20-A04""]","[0.8454272747039795, 0.8384650945663452, 0.8362565040588379, 0.8272706270217896, 0.818805456161499, 0.8160112500190735, 0.8117502927780151, 0.8115928173065186, 0.8103059530258179, 0.8091554045677185]",[1],1.0,1.0,1.0,1.0,0.8454272747039795,0.8454272747039795,0.8384650945663452,0.006962180137634277,0.006962180137634277,1.0,1.0,1.0,1.0,1.0,1.0,1.0,1.0,1.0,1.0,1.0,1.0,1.0,1.0,1.0
Q0278,Welcher Nachweis ist bei Krankheit vorzulegen?,fully_answerable,1,"[""PO25CL-GEN-C03-P17-A03""]",0.8687164187431335,0.8371794819831848,0.03153693675994873,"[""PO25CL-GEN-C03-P17-A03"", ""PO25CL-GEN-C03-P15-A04"", ""PO25CL-GEN-C03-P17-A02"", ""PO25CL-GEN-C04-P27-A01-02"", ""PO25CL-GEN-C03-P17-A04"", ""PO25CL-GEN-C03-P19-A10"", ""PO25CL-GEN-C03-P17-A06"", ""PO25CL-GEN-C03-P21-A02"", ""PO25CL-GEN-C03-P19-A02"", ""PO25CL-GEN-C03-P17-A01""]","[0.8687164187431335, 0.8371794819831848, 0.8369661569595337, 0.8324698209762573, 0.8310976028442383, 0.8253162503242493, 0.8246311545372009, 0.8245871663093567, 0.82205730676651, 0.8218215107917786]",[1],1.0,1.0,1.0,1.0,0.8687164187431335,0.8687164187431335,0.8371794819831848,0.03153693675994873,0.03153693675994873,1.0,1.0,1.0,1.0,1.0,1.0,1.0,1.0,1.0,1.0,1.0,1.0,1.0,1.0,1.0
Q0279,"Was wird festgesetzt, wenn ein Rücktrittsgrund anerkannt wird?",fully_answerable,1,"[""PO25CL-GEN-C03-P17-A03""]",0.8432112336158752,0.8333336114883423,0.009877622127532959,"[""PO25CL-GEN-C03-P17-A03"", ""PO25CL-GEN-C03-P17-A06"", ""PO25CL-GEN-C03-P17-A02"", ""PO25CL-GEN-C03-P17-A01"", ""PO25CL-GEN-C04-P28-A03"", ""PO25CL-GEN-C03-P17-A04"", ""PO25CL-GEN-C04-P28-A04"", ""PO25CL-GEN-C04-P25-A05"", ""PO25CL-GEN-C03-P23-U01"", ""PO25CL-GEN-C03-P11-A04""]","[0.8432112336158752, 0.8333336114883423, 0.8309829831123352, 0.8231213092803955, 0.820615291595459, 0.8205215930938721, 0.8183528184890747, 0.8181345462799072, 0.8176952004432678, 0.816584050655365]",[1],1.0,1.0,1.0,1.0,0.8432112336158752,0.8432112336158752,0.8333336114883423,0.009877622127532959,0.009877622127532959,1.0,1.0,1.0,1.0,1.0,1.0,1.0,1.0,1.0,1.0,1.0,1.0,1.0,1.0,1.0
Q0280,Was geschieht mit bereits vorliegenden Prüfungsergebnissen nach anerkanntem Rücktritt?,fully_answerable,1,"[""PO25CL-GEN-C03-P17-A03""]",0.8463178277015686,0.8432275056838989,0.0030903220176696777,"[""PO25CL-GEN-C03-P17-A03"", ""PO25CL-GEN-C03-P17-A06"", ""PO25CL-GEN-C03-P17-A02"", ""PO25CL-GEN-C03-P19-A08"", ""PO25CL-GEN-C03-P17-A01"", ""PO25CL-GEN-C03-P17-A05"", ""PO25CL-GEN-C03-P17-A04"", ""PO25CL-GEN-C03-P19-A04"", ""PO25CL-GEN-C04-P28-A03"", ""PO25CL-GEN-C03-P19-A02""]","[0.8463178277015686, 0.8432275056838989, 0.8407206535339355, 0.8403534889221191, 0.8402881622314453, 0.8370188474655151, 0.8360283374786377, 0.8336933851242065, 0.8328731656074524, 0.8324985504150391]",[1],1.0,1.0,1.0,1.0,0.8463178277015686,0.8463178277015686,0.8432275056838989,0.0030903220176696777,0.0030903220176696777,1.0,1.0,1.0,1.0,1.0,1.0,1.0,1.0,1.0,1.0,1.0,1.0,1.0,1.0,1.0
Q0281,Über welche Stelle sind ärztliche Atteste einzureichen?,fully_answerable,1,"[""PO25CL-GEN-C03-P17-A04""]",0.8746390342712402,0.8591504693031311,0.01548856496810913,"[""PO25CL-GEN-C03-P17-A04"", ""PO25CL-GEN-C03-P17-A03"", ""PO25CL-GEN-C03-P15-A04"", ""PO25CL-GEN-C04-P30-U01"", ""PO25CL-GEN-C04-P27-A01-02"", ""PO25CL-GEN-C04-P25-A04"", ""PO25CL-GEN-C04-P28-A07"", ""PO25CL-GEN-C04-P25-A05"", ""PO25CL-GEN-C03-P17-A06"", ""PO25CL-GEN-C04-P28-A01""]","[0.8746390342712402, 0.8591504693031311, 0.8277776837348938, 0.8229835033416748, 0.8142409324645996, 0.8115238547325134, 0.8108522891998291, 0.8104612231254578, 0.8094283938407898, 0.8089174032211304]",[1],1.0,1.0,1.0,1.0,0.8746390342712402,0.8746390342712402,0.8591504693031311,0.01548856496810913,0.01548856496810913,1.0,1.0,1.0,1.0,1.0,1.0,1.0,1.0,1.0,1.0,1.0,1.0,1.0,1.0,1.0
Q0282,Welche Note erhält eine durch Täuschung beeinflusste Prüfungsleistung?,fully_answerable,1,"[""PO25CL-GEN-C03-P17-A05""]",0.8619845509529114,0.8609001636505127,0.0010843873023986816,"[""PO25CL-GEN-C03-P17-A05"", ""PO25CL-GEN-C03-P20-A01"", ""PO25CL-GEN-C03-P19-A08"", ""PO25CL-GEN-C03-P18-A01"", ""PO25CL-GEN-C03-P18-A05"", ""PO25CL-GEN-C03-P18-A04"", ""PO25CL-GEN-C03-P18-A06"", ""PO25CL-GEN-C03-P17-A06"", ""PO25CL-GEN-C03-P23-U01"", ""PO25CL-GEN-C03-P18-A08""]","[0.8619845509529114, 0.8609001636505127, 0.8501877188682556, 0.8489289283752441, 0.8471077084541321, 0.84633469581604, 0.8405797481536865, 0.8402203321456909, 0.8398611545562744, 0.8396843671798706]",[1],1.0,1.0,1.0,1.0,0.8619845509529114,0.8619845509529114,0.8609001636505127,0.0010843873023986816,0.0010843873023986816,1.0,1.0,1.0,1.0,1.0,1.0,1.0,1.0,1.0,1.0,1.0,1.0,1.0,1.0,1.0
Q0283,Ist generative Künstliche Intelligenz in Präsenzprüfungen zulässig?,fully_answerable,1,"[""PO25CL-GEN-C03-P17-A05""]",0.8538908958435059,0.8297226428985596,0.02416825294494629,"[""PO25CL-GEN-C03-P17-A05"", ""PO25CL-GEN-C03-P14-A09"", ""PO25CL-APP-R09"", ""PO25CL-APP-R08"", ""PO25CL-GEN-C04-P30-U01"", ""PO25CL-APP-R11"", ""PO25CL-GEN-C03-P13-A02"", ""PO25CL-GEN-C03-P14-A02"", ""PO25CL-GEN-C04-P28-A03"", ""PO25CL-GEN-C03-P11-A04""]","[0.8538908958435059, 0.8297226428985596, 0.8094829320907593, 0.8087080717086792, 0.8080832362174988, 0.8072441816329956, 0.8068705201148987, 0.8051992058753967, 0.8046475648880005, 0.8046087622642517]",[1],1.0,1.0,1.0,1.0,0.8538908958435059,0.8538908958435059,0.8297226428985596,0.02416825294494629,0.02416825294494629,1.0,1.0,1.0,1.0,1.0,1.0,1.0,1.0,1.0,1.0,1.0,1.0,1.0,1.0,1.0
Q0284,Gelten nicht gekennzeichnete Zitate aus Internetquellen als Täuschungsversuch?,fully_answerable,1,"[""PO25CL-GEN-C03-P17-A05""]",0.8343141078948975,0.8063662052154541,0.02794790267944336,"[""PO25CL-GEN-C03-P17-A05"", ""PO25CL-GEN-C03-P14-A09"", ""PO25CL-APP-R08"", ""PO25CL-GEN-C03-P14-A02"", ""PO25CL-GEN-C03-P19-A03"", ""PO25CL-APP-R11"", ""PO25CL-GEN-C03-P23-U01"", ""PO25CL-GEN-C04-P28-A03"", ""PO25CL-PLAN-S02-M04"", ""PO25CL-APP-R13""]","[0.8343141078948975, 0.8063662052154541, 0.7925822734832764, 0.7921142578125, 0.7893233895301819, 0.7879912853240967, 0.7869586944580078, 0.7866957187652588, 0.7861484289169312, 0.7838326692581177]",[1],1.0,1.0,1.0,1.0,0.8343141078948975,0.8343141078948975,0.8063662052154541,0.02794790267944336,0.02794790267944336,1.0,1.0,1.0,1.0,1.0,1.0,1.0,1.0,1.0,1.0,1.0,1.0,1.0,1.0,1.0
Q0285,Kann eine störende Person nach einer Abmahnung von der Prüfung ausgeschlossen werden?,fully_answerable,1,"[""PO25CL-GEN-C03-P17-A05""]",0.8507832288742065,0.8486135601997375,0.002169668674468994,"[""PO25CL-GEN-C03-P17-A01"", ""PO25CL-GEN-C03-P17-A05"", ""PO25CL-GEN-C03-P12-A05"", ""PO25CL-GEN-C03-P20-A04"", ""PO25CL-GEN-C03-P17-A06"", ""PO25CL-GEN-C03-P20-A01"", ""PO25CL-GEN-C04-P28-A07"", ""PO25CL-GEN-C03-P17-A02"", ""PO25CL-GEN-C03-P20-A02"", ""PO25CL-GEN-C03-P20-A03""]","[0.8507832288742065, 0.8486135601997375, 0.8437744379043579, 0.838093101978302, 0.8377556800842285, 0.8367952108383179, 0.8332952260971069, 0.8308278322219849, 0.8296693563461304, 0.8273834586143494]",[2],2.0,2.0,2.0,0.5,0.8486135601997375,0.8486135601997375,0.8507832288742065,-0.002169668674468994,-0.002169668674468994,0.0,0.0,0.0,1.0,1.0,1.0,1.0,1.0,1.0,1.0,1.0,1.0,1.0,1.0,1.0
Q0286,Welches Gremium überprüft auf Verlangen den Ausschluss von einer Prüfungsleistung?,fully_answerable,1,"[""PO25CL-GEN-C03-P17-A05""]",0.8464313745498657,0.8415270447731018,0.004904329776763916,"[""PO25CL-GEN-C04-P24-A06"", ""PO25CL-GEN-C03-P17-A05"", ""PO25CL-GEN-C04-P24-A05"", ""PO25CL-GEN-C03-P17-A02"", ""PO25CL-GEN-C03-P17-A06"", ""PO25CL-GEN-C04-P28-A07"", ""PO25CL-GEN-C04-P25-A02"", ""PO25CL-GEN-C04-P26-U01"", ""PO25CL-GEN-C03-P19-A05"", ""PO25CL-GEN-C04-P28-A08""]","[0.8464313745498657, 0.8415270447731018, 0.8387914299964905, 0.8360092639923096, 0.835922360420227, 0.835176944732666, 0.8345658183097839, 0.8344107866287231, 0.834195613861084, 0.8329693675041199]",[2],2.0,2.0,2.0,0.5,0.8415270447731018,0.8415270447731018,0.8464313745498657,-0.004904329776763916,-0.004904329776763916,0.0,0.0,0.0,1.0,1.0,1.0,1.0,1.0,1.0,1.0,1.0,1.0,1.0,1.0,1.0
Q0287,Welche verbale Bewertung entspricht der Note 1?,fully_answerable,1,"[""PO25CL-GEN-C03-P18-A01""]",0.8390583992004395,0.823948860168457,0.015109539031982422,"[""PO25CL-GEN-C03-P18-A01"", ""PO25CL-GEN-C03-P18-A02"", ""PO25CL-GEN-C03-P18-A07"", ""PO25CL-GEN-C03-P18-A04"", ""PO25CL-GEN-C03-P19-A08"", ""PO25CL-GEN-C03-P13-A01"", ""PO25CL-GEN-C03-P18-A05"", ""PO25CL-GEN-C03-P18-A08"", ""PO25CL-GEN-C03-P18-A03"", ""PO25CL-GEN-C03-P14-A05""]","[0.8390583992004395, 0.823948860168457, 0.8235746622085571, 0.8185973167419434, 0.8162800669670105, 0.8147376775741577, 0.814656138420105, 0.8106855750083923, 0.8085671663284302, 0.8053629994392395]",[1],1.0,1.0,1.0,1.0,0.8390583992004395,0.8390583992004395,0.823948860168457,0.015109539031982422,0.015109539031982422,1.0,1.0,1.0,1.0,1.0,1.0,1.0,1.0,1.0,1.0,1.0,1.0,1.0,1.0,1.0
Q0288,Welche verbale Bewertung entspricht der Note 2?,fully_answerable,1,"[""PO25CL-GEN-C03-P18-A01""]",0.8251131772994995,0.8206513524055481,0.004461824893951416,"[""PO25CL-GEN-C03-P18-A01"", ""PO25CL-GEN-C03-P18-A03"", ""PO25CL-GEN-C03-P18-A07"", ""PO25CL-GEN-C03-P18-A02"", ""PO25CL-GEN-C03-P19-A08"", ""PO25CL-GEN-C03-P18-A04"", ""PO25CL-GEN-C03-P18-A08"", ""PO25CL-GEN-C03-P18-A05"", ""PO25CL-GEN-C03-P12-A02"", ""PO25CL-GEN-C03-P16-A02""]","[0.8251131772994995, 0.8206513524055481, 0.8173115253448486, 0.8159744143486023, 0.8151750564575195, 0.812562108039856, 0.8101524710655212, 0.8098443746566772, 0.8083908557891846, 0.8059817552566528]",[1],1.0,1.0,1.0,1.0,0.8251131772994995,0.8251131772994995,0.8206513524055481,0.004461824893951416,0.004461824893951416,1.0,1.0,1.0,1.0,1.0,1.0,1.0,1.0,1.0,1.0,1.0,1.0,1.0,1.0,1.0
Q0289,Welche verbale Bewertung entspricht der Note 3?,fully_answerable,1,"[""PO25CL-GEN-C03-P18-A01""]",0.842065155506134,0.8245407342910767,0.017524421215057373,"[""PO25CL-GEN-C03-P18-A01"", ""PO25CL-GEN-C03-P18-A03"", ""PO25CL-GEN-C03-P18-A07"", ""PO25CL-GEN-C03-P18-A02"", ""PO25CL-GEN-C03-P18-A08"", ""PO25CL-GEN-C03-P18-A05"", ""PO25CL-GEN-C03-P19-A08"", ""PO25CL-GEN-C03-P13-A01"", ""PO25CL-GEN-C03-P18-A04"", ""PO25CL-GEN-C03-P16-A03""]","[0.842065155506134, 0.8245407342910767, 0.8232453465461731, 0.8223719596862793, 0.8218435645103455, 0.8152062296867371, 0.8135043382644653, 0.8112923502922058, 0.8092354536056519, 0.8077603578567505]",[1],1.0,1.0,1.0,1.0,0.842065155506134,0.842065155506134,0.8245407342910767,0.017524421215057373,0.017524421215057373,1.0,1.0,1.0,1.0,1.0,1.0,1.0,1.0,1.0,1.0,1.0,1.0,1.0,1.0,1.0
Q0290,Welche verbale Bewertung entspricht der Note 4?,fully_answerable,1,"[""PO25CL-GEN-C03-P18-A01""]",0.828970730304718,0.8174488544464111,0.011521875858306885,"[""PO25CL-GEN-C03-P18-A01"", ""PO25CL-GEN-C03-P18-A02"", ""PO25CL-GEN-C03-P18-A05"", ""PO25CL-GEN-C03-P18-A07"", ""PO25CL-GEN-C03-P18-A04"", ""PO25CL-GEN-C03-P19-A08"", ""PO25CL-GEN-C03-P18-A03"", ""PO25CL-GEN-C03-P18-A08"", ""PO25CL-GEN-C03-P14-A06"", ""PO25CL-GEN-C03-P14-A04""]","[0.828970730304718, 0.8174488544464111, 0.810519814491272, 0.8096609115600586, 0.8043367862701416, 0.8029540181159973, 0.8027013540267944, 0.8019825220108032, 0.7985895872116089, 0.7973961234092712]",[1],1.0,1.0,1.0,1.0,0.828970730304718,0.828970730304718,0.8174488544464111,0.011521875858306885,0.011521875858306885,1.0,1.0,1.0,1.0,1.0,1.0,1.0,1.0,1.0,1.0,1.0,1.0,1.0,1.0,1.0
Q0291,Welche verbale Bewertung entspricht der Note 5?,fully_answerable,1,"[""PO25CL-GEN-C03-P18-A01""]",0.8231500387191772,0.8076683878898621,0.015481650829315186,"[""PO25CL-GEN-C03-P18-A01"", ""PO25CL-GEN-C03-P18-A07"", ""PO25CL-GEN-C03-P18-A04"", ""PO25CL-GEN-C03-P18-A02"", ""PO25CL-GEN-C03-P18-A05"", ""PO25CL-GEN-C03-P18-A03"", ""PO25CL-GEN-C03-P19-A08"", ""PO25CL-GEN-C03-P18-A08"", ""PO25CL-GEN-C03-P13-A01"", ""PO25CL-GEN-C03-P14-A06""]","[0.8231500387191772, 0.8076683878898621, 0.8041292428970337, 0.8036947250366211, 0.8014677166938782, 0.8000036478042603, 0.7979760766029358, 0.7958882451057434, 0.7943458557128906, 0.7924835681915283]",[1],1.0,1.0,1.0,1.0,0.8231500387191772,0.8231500387191772,0.8076683878898621,0.015481650829315186,0.015481650829315186,1.0,1.0,1.0,1.0,1.0,1.0,1.0,1.0,1.0,1.0,1.0,1.0,1.0,1.0,1.0
Q0292,In welchen Schritten können Zwischennoten gebildet werden?,fully_answerable,1,"[""PO25CL-GEN-C03-P18-A01""]",0.8226714134216309,0.8177590370178223,0.004912376403808594,"[""PO25CL-GEN-C03-P18-A03"", ""PO25CL-GEN-C03-P18-A01"", ""PO25CL-GEN-C03-P19-A08"", ""PO25CL-GEN-C03-P18-A02"", ""PO25CL-GEN-C03-P18-A04"", ""PO25CL-GEN-C03-P18-A06"", ""PO25CL-GEN-C03-P14-A01"", ""PO25CL-GEN-C03-P12-A02"", ""PO25CL-GEN-C03-P21-A02"", ""PO25CL-GEN-C03-P16-A02""]","[0.8226714134216309, 0.8177590370178223, 0.8025257587432861, 0.7981280088424683, 0.79435133934021, 0.7936393022537231, 0.7933050394058228, 0.7928725481033325, 0.7928224205970764, 0.7909910678863525]",[2],2.0,2.0,2.0,0.5,0.8177590370178223,0.8177590370178223,0.8226714134216309,-0.004912376403808594,-0.004912376403808594,0.0,0.0,0.0,1.0,1.0,1.0,1.0,1.0,1.0,1.0,1.0,1.0,1.0,1.0,1.0
Q0293,"Ist die Note 0,7 zulässig?",fully_answerable,1,"[""PO25CL-GEN-C03-P18-A01""]",0.8111439347267151,0.8091651201248169,0.0019788146018981934,"[""PO25CL-GEN-C03-P18-A03"", ""PO25CL-GEN-C03-P18-A02"", ""PO25CL-GEN-C03-P18-A01"", ""PO25CL-GEN-C03-P17-A05"", ""PO25CL-GEN-C03-P19-A08"", ""PO25CL-GEN-C03-P12-A02"", ""PO25CL-GEN-C03-P18-A07"", ""PO25CL-GEN-C03-P18-A05"", ""PO25CL-GEN-C03-P18-A04"", ""PO25CL-GEN-C03-P17-A02""]","[0.8111439347267151, 0.8091651201248169, 0.8083661198616028, 0.8080556392669678, 0.8068130016326904, 0.8047565221786499, 0.8042373657226562, 0.8015131950378418, 0.7987078428268433, 0.7971208095550537]",[3],3.0,3.0,3.0,0.3333333333333333,0.8083661198616028,0.8083661198616028,0.8111439347267151,-0.0027778148651123047,-0.0027778148651123047,0.0,0.0,0.0,0.0,0.0,0.0,1.0,1.0,1.0,1.0,1.0,1.0,1.0,1.0,1.0
Q0294,"Ist die Note 4,3 zulässig?",fully_answerable,1,"[""PO25CL-GEN-C03-P18-A01""]",0.8188602924346924,0.8188376426696777,2.2649765014648438e-05,"[""PO25CL-GEN-C03-P18-A02"", ""PO25CL-GEN-C03-P18-A01"", ""PO25CL-GEN-C03-P18-A03"", ""PO25CL-GEN-C03-P17-A05"", ""PO25CL-GEN-C03-P12-A05"", ""PO25CL-GEN-C03-P19-A08"", ""PO25CL-GEN-C04-P27-A01-02"", ""PO25CL-GEN-C03-P19-A03"", ""PO25CL-GEN-C04-P30-U01"", ""PO25CL-GEN-C03-P18-A05""]","[0.8188602924346924, 0.8188376426696777, 0.8150758743286133, 0.8036283850669861, 0.7989703416824341, 0.7987638711929321, 0.7965556979179382, 0.7963722944259644, 0.7960131168365479, 0.7952640056610107]",[2],2.0,2.0,2.0,0.5,0.8188376426696777,0.8188376426696777,0.8188602924346924,-2.2649765014648438e-05,-2.2649765014648438e-05,0.0,0.0,0.0,1.0,1.0,1.0,1.0,1.0,1.0,1.0,1.0,1.0,1.0,1.0,1.0
Q0295,"Ist die Note 4,7 zulässig?",fully_answerable,1,"[""PO25CL-GEN-C03-P18-A01""]",0.8106176853179932,0.8094432353973389,0.0011744499206542969,"[""PO25CL-GEN-C03-P18-A02"", ""PO25CL-GEN-C03-P18-A03"", ""PO25CL-GEN-C03-P17-A05"", ""PO25CL-GEN-C03-P18-A01"", ""PO25CL-GEN-C04-P27-A01-02"", ""PO25CL-GEN-C04-P28-A03"", ""PO25CL-GEN-C03-P14-A09"", ""PO25CL-GEN-C03-P18-A07"", ""PO25CL-GEN-C03-P19-A08"", ""PO25CL-GEN-C02-P07-A04""]","[0.8106176853179932, 0.8094432353973389, 0.8078685402870178, 0.8060693740844727, 0.8012107014656067, 0.8005967140197754, 0.7954113483428955, 0.7953370809555054, 0.7945724725723267, 0.7945547103881836]",[4],4.0,4.0,4.0,0.25,0.8060693740844727,0.8060693740844727,0.8106176853179932,-0.004548311233520508,-0.004548311233520508,0.0,0.0,0.0,0.0,0.0,0.0,0.0,0.0,0.0,1.0,1.0,1.0,1.0,1.0,1.0
Q0296,"Ist die Note 5,3 zulässig?",fully_answerable,1,"[""PO25CL-GEN-C03-P18-A01""]",0.8170778751373291,0.8167993426322937,0.0002785325050354004,"[""PO25CL-GEN-C03-P18-A03"", ""PO25CL-GEN-C03-P18-A01"", ""PO25CL-GEN-C03-P18-A02"", ""PO25CL-GEN-C03-P17-A05"", ""PO25CL-GEN-C03-P19-A06"", ""PO25CL-GEN-C03-P19-A08"", ""PO25CL-GEN-C03-P15-A06"", ""PO25CL-GEN-C03-P12-A05"", ""PO25CL-GEN-C03-P15-A04"", ""PO25CL-GEN-C03-P18-A07""]","[0.8170778751373291, 0.8167993426322937, 0.8086854815483093, 0.8037848472595215, 0.8005390763282776, 0.7974311709403992, 0.7948415279388428, 0.7945783138275146, 0.7943307161331177, 0.7938574552536011]",[2],2.0,2.0,2.0,0.5,0.8167993426322937,0.8167993426322937,0.8170778751373291,-0.0002785325050354004,-0.0002785325050354004,0.0,0.0,0.0,1.0,1.0,1.0,1.0,1.0,1.0,1.0,1.0,1.0,1.0,1.0,1.0
Q0297,Welche Note ist mindestens zum Bestehen einer benoteten Prüfung erforderlich?,fully_answerable,1,"[""PO25CL-GEN-C03-P18-A02""]",0.9043208360671997,0.8727696537971497,0.03155118227005005,"[""PO25CL-GEN-C03-P18-A02"", ""PO25CL-GEN-C03-P18-A01"", ""PO25CL-GEN-C03-P18-A04"", ""PO25CL-GEN-C03-P18-A03"", ""PO25CL-GEN-C03-P18-A07"", ""PO25CL-GEN-C03-P12-A02"", ""PO25CL-GEN-C03-P18-A06"", ""PO25CL-GEN-C03-P19-A08"", ""PO25CL-GEN-C03-P18-A05"", ""PO25CL-GEN-C03-P18-A08""]","[0.9043208360671997, 0.8727696537971497, 0.8637150526046753, 0.8565796613693237, 0.856343150138855, 0.8562182188034058, 0.8530214428901672, 0.8491162061691284, 0.8470611572265625, 0.8445096611976624]",[1],1.0,1.0,1.0,1.0,0.9043208360671997,0.9043208360671997,0.8727696537971497,0.03155118227005005,0.03155118227005005,1.0,1.0,1.0,1.0,1.0,1.0,1.0,1.0,1.0,1.0,1.0,1.0,1.0,1.0,1.0
Q0298,Wann ist eine unbenotete Prüfung bestanden?,fully_answerable,1,"[""PO25CL-GEN-C03-P18-A02""]",0.868018388748169,0.8460822105407715,0.02193617820739746,"[""PO25CL-GEN-C03-P18-A02"", ""PO25CL-GEN-C03-P19-A10"", ""PO25CL-GEN-C03-P19-A07"", ""PO25CL-GEN-C03-P19-A05"", ""PO25CL-GEN-C03-P19-A02"", ""PO25CL-GEN-C03-P19-A09"", ""PO25CL-GEN-C03-P19-A01"", ""PO25CL-GEN-C03-P19-A03"", ""PO25CL-GEN-C03-P19-A04"", ""PO25CL-GEN-C03-P19-A08""]","[0.868018388748169, 0.8460822105407715, 0.8432158827781677, 0.8408263325691223, 0.837958574295044, 0.8364012241363525, 0.8352625966072083, 0.8346763849258423, 0.8332637548446655, 0.8313676714897156]",[1],1.0,1.0,1.0,1.0,0.868018388748169,0.868018388748169,0.8460822105407715,0.02193617820739746,0.02193617820739746,1.0,1.0,1.0,1.0,1.0,1.0,1.0,1.0,1.0,1.0,1.0,1.0,1.0,1.0,1.0
Q0299,"Wie wird die Endnote der Bachelorarbeit bei zwei bestandenen, höchstens 2,0 auseinanderliegenden Gutachten berechnet?",fully_answerable,1,"[""PO25CL-GEN-C03-P18-A03""]",0.9056910872459412,0.8801368474960327,0.025554239749908447,"[""PO25CL-GEN-C03-P18-A03"", ""PO25CL-GEN-C03-P16-A02"", ""PO25CL-GEN-C03-P18-A07"", ""PO25CL-GEN-C03-P18-A05"", ""PO25CL-GEN-C03-P18-A06"", ""PO25CL-GEN-C03-P19-A08"", ""PO25CL-GEN-C03-P18-A01"", ""PO25CL-GEN-C03-P12-A02"", ""PO25CL-GEN-C03-P18-A02"", ""PO25CL-GEN-C03-P18-A04""]","[0.9056910872459412, 0.8801368474960327, 0.8664392232894897, 0.8516200184822083, 0.8459466695785522, 0.8359096646308899, 0.8356218934059143, 0.8311407566070557, 0.8273134231567383, 0.8240834474563599]",[1],1.0,1.0,1.0,1.0,0.9056910872459412,0.9056910872459412,0.8801368474960327,0.025554239749908447,0.025554239749908447,1.0,1.0,1.0,1.0,1.0,1.0,1.0,1.0,1.0,1.0,1.0,1.0,1.0,1.0,1.0
Q0300,"Welche Endnote erhält die Bachelorarbeit bei zwei Noten von 5,0?",fully_answerable,1,"[""PO25CL-GEN-C03-P18-A03""]",0.867781400680542,0.8573554754257202,0.010425925254821777,"[""PO25CL-GEN-C03-P18-A03"", ""PO25CL-GEN-C03-P18-A07"", ""PO25CL-GEN-C03-P18-A06"", ""PO25CL-GEN-C03-P18-A05"", ""PO25CL-GEN-C03-P16-A02"", ""PO25CL-GEN-C03-P15-A10"", ""PO25CL-GEN-C03-P18-A01"", ""PO25CL-GEN-C03-P22-U01"", ""PO25CL-GEN-C03-P21-A03"", ""PO25CL-GEN-C01-P03-A05""]","[0.867781400680542, 0.8573554754257202, 0.8393402695655823, 0.8366708755493164, 0.8359295129776001, 0.8295935988426208, 0.8251016139984131, 0.8218960165977478, 0.821785569190979, 0.820168673992157]",[1],1.0,1.0,1.0,1.0,0.867781400680542,0.867781400680542,0.8573554754257202,0.010425925254821777,0.010425925254821777,1.0,1.0,1.0,1.0,1.0,1.0,1.0,1.0,1.0,1.0,1.0,1.0,1.0,1.0,1.0
Q0301,"Wann wird bei der Bachelorarbeit ein drittes Gutachten bestellt, wenn eine Bewertung 5,0 lautet?",fully_answerable,1,"[""PO25CL-GEN-C03-P18-A03""]",0.88451087474823,0.8724466562271118,0.012064218521118164,"[""PO25CL-GEN-C03-P18-A03"", ""PO25CL-GEN-C03-P16-A02"", ""PO25CL-GEN-C03-P18-A07"", ""PO25CL-GEN-C03-P18-A01"", ""PO25CL-GEN-C03-P18-A05"", ""PO25CL-GEN-C03-P16-A03"", ""PO25CL-GEN-C03-P21-A02"", ""PO25CL-GEN-C03-P19-A06"", ""PO25CL-GEN-C03-P15-A01"", ""PO25CL-GEN-C03-P20-A01""]","[0.88451087474823, 0.8724466562271118, 0.8572073578834534, 0.8517792224884033, 0.8484673500061035, 0.8469468355178833, 0.8464245200157166, 0.8459950685501099, 0.8448382019996643, 0.8432742953300476]",[1],1.0,1.0,1.0,1.0,0.88451087474823,0.88451087474823,0.8724466562271118,0.012064218521118164,0.012064218521118164,1.0,1.0,1.0,1.0,1.0,1.0,1.0,1.0,1.0,1.0,1.0,1.0,1.0,1.0,1.0
Q0302,Wann wird wegen eines Abstands zwischen zwei Gutachten ein drittes Gutachten bestellt?,fully_answerable,1,"[""PO25CL-GEN-C03-P18-A03""]",0.8435075283050537,0.8339542150497437,0.009553313255310059,"[""PO25CL-GEN-C03-P18-A03"", ""PO25CL-GEN-C03-P16-A02"", ""PO25CL-GEN-C03-P17-A03"", ""PO25CL-GEN-C03-P19-A08"", ""PO25CL-GEN-C03-P20-A04"", ""PO25CL-GEN-C03-P17-A06"", ""PO25CL-GEN-C03-P15-A04"", ""PO25CL-GEN-C03-P17-A02"", ""PO25CL-GEN-C03-P17-A04"", ""PO25CL-GEN-C03-P20-A02""]","[0.8435075283050537, 0.8339542150497437, 0.8110884428024292, 0.8034286499023438, 0.802106499671936, 0.8014621734619141, 0.7988049387931824, 0.7979281544685364, 0.7974291443824768, 0.7967617511749268]",[1],1.0,1.0,1.0,1.0,0.8435075283050537,0.8435075283050537,0.8339542150497437,0.009553313255310059,0.009553313255310059,1.0,1.0,1.0,1.0,1.0,1.0,1.0,1.0,1.0,1.0,1.0,1.0,1.0,1.0,1.0
Q0303,Aus welchen Bewertungen wird nach einem dritten Gutachten die Endnote gebildet?,fully_answerable,1,"[""PO25CL-GEN-C03-P18-A03""]",0.873866081237793,0.8579677939414978,0.015898287296295166,"[""PO25CL-GEN-C03-P18-A03"", ""PO25CL-GEN-C03-P16-A02"", ""PO25CL-GEN-C03-P18-A07"", ""PO25CL-GEN-C03-P18-A01"", ""PO25CL-GEN-C03-P18-A08"", ""PO25CL-GEN-C03-P18-A02"", ""PO25CL-GEN-C03-P18-A04"", ""PO25CL-GEN-C03-P19-A08"", ""PO25CL-GEN-C03-P18-A05"", ""PO25CL-GEN-C03-P18-A06""]","[0.873866081237793, 0.8579677939414978, 0.850761890411377, 0.8479197025299072, 0.8324770331382751, 0.8298723697662354, 0.8272055983543396, 0.8259907960891724, 0.8154177069664001, 0.8124465942382812]",[1],1.0,1.0,1.0,1.0,0.873866081237793,0.873866081237793,0.8579677939414978,0.015898287296295166,0.015898287296295166,1.0,1.0,1.0,1.0,1.0,1.0,1.0,1.0,1.0,1.0,1.0,1.0,1.0,1.0,1.0
Q0304,Wie werden Dezimalstellen bei der Endnote der Bachelorarbeit behandelt?,fully_answerable,1,"[""PO25CL-GEN-C03-P18-A03""]",0.8710104823112488,0.869483232498169,0.001527249813079834,"[""PO25CL-GEN-C03-P18-A07"", ""PO25CL-GEN-C03-P18-A05"", ""PO25CL-GEN-C03-P18-A03"", ""PO25CL-GEN-C03-P18-A04"", ""PO25CL-GEN-C03-P18-A06"", ""PO25CL-GEN-C03-P19-A08"", ""PO25CL-GEN-C03-P12-A02"", ""PO25CL-GEN-C01-P03-A05"", ""PO25CL-GEN-C03-P16-A02"", ""PO25CL-GEN-C03-P15-A06""]","[0.8710104823112488, 0.869483232498169, 0.8679484724998474, 0.8606778383255005, 0.8571661710739136, 0.8464509844779968, 0.8442115783691406, 0.8324398994445801, 0.8322383165359497, 0.8313146829605103]",[3],3.0,3.0,3.0,0.3333333333333333,0.8679484724998474,0.8679484724998474,0.8710104823112488,-0.003062009811401367,-0.003062009811401367,0.0,0.0,0.0,0.0,0.0,0.0,1.0,1.0,1.0,1.0,1.0,1.0,1.0,1.0,1.0
Q0305,"Welche Endnote gilt, wenn zwei von drei Gutachten die Note 5,0 vergeben?",fully_answerable,1,"[""PO25CL-GEN-C03-P18-A03""]",0.8877812027931213,0.855705738067627,0.032075464725494385,"[""PO25CL-GEN-C03-P18-A03"", ""PO25CL-GEN-C03-P18-A01"", ""PO25CL-GEN-C03-P18-A07"", ""PO25CL-GEN-C03-P16-A02"", ""PO25CL-GEN-C03-P18-A02"", ""PO25CL-GEN-C03-P19-A08"", ""PO25CL-GEN-C03-P18-A04"", ""PO25CL-GEN-C03-P18-A06"", ""PO25CL-GEN-C03-P18-A08"", ""PO25CL-GEN-C03-P18-A05""]","[0.8877812027931213, 0.855705738067627, 0.8541403412818909, 0.8466686010360718, 0.8303554058074951, 0.8296140432357788, 0.8206052780151367, 0.8142080903053284, 0.8128951787948608, 0.8114494681358337]",[1],1.0,1.0,1.0,1.0,0.8877812027931213,0.8877812027931213,0.855705738067627,0.032075464725494385,0.032075464725494385,1.0,1.0,1.0,1.0,1.0,1.0,1.0,1.0,1.0,1.0,1.0,1.0,1.0,1.0,1.0
Q0306,Wie wird die Modulnote bei genau einer benoteten Prüfung bestimmt?,fully_answerable,1,"[""PO25CL-GEN-C03-P18-A04""]",0.9097486734390259,0.8837214708328247,0.026027202606201172,"[""PO25CL-GEN-C03-P18-A04"", ""PO25CL-GEN-C03-P18-A02"", ""PO25CL-GEN-C03-P18-A06"", ""PO25CL-GEN-C03-P18-A05"", ""PO25CL-GEN-C03-P18-A07"", ""PO25CL-GEN-C03-P12-A02"", ""PO25CL-GEN-C03-P13-A01"", ""PO25CL-GEN-C03-P11-A03"", ""PO25CL-GEN-C03-P18-A03"", ""PO25CL-GEN-C03-P14-A02""]","[0.9097486734390259, 0.8837214708328247, 0.8770411014556885, 0.8766241669654846, 0.8581197261810303, 0.8542307615280151, 0.8520350456237793, 0.8485166430473328, 0.8480948805809021, 0.8480075597763062]",[1],1.0,1.0,1.0,1.0,0.9097486734390259,0.9097486734390259,0.8837214708328247,0.026027202606201172,0.026027202606201172,1.0,1.0,1.0,1.0,1.0,1.0,1.0,1.0,1.0,1.0,1.0,1.0,1.0,1.0,1.0
Q0307,Wie wird die Modulnote bei mehreren benoteten Prüfungen berechnet?,fully_answerable,1,"[""PO25CL-GEN-C03-P18-A04""]",0.8996680974960327,0.8749793171882629,0.024688780307769775,"[""PO25CL-GEN-C03-P18-A04"", ""PO25CL-GEN-C03-P18-A05"", ""PO25CL-GEN-C03-P18-A06"", ""PO25CL-GEN-C03-P18-A02"", ""PO25CL-GEN-C03-P18-A07"", ""PO25CL-GEN-C03-P12-A02"", ""PO25CL-GEN-C03-P18-A01"", ""PO25CL-GEN-C03-P11-A03"", ""PO25CL-GEN-C03-P18-A03"", ""PO25CL-GEN-C03-P13-A01""]","[0.8996680974960327, 0.8749793171882629, 0.8730005025863647, 0.8665566444396973, 0.855755627155304, 0.8554999828338623, 0.8514073491096497, 0.848330020904541, 0.8477275371551514, 0.8465847969055176]",[1],1.0,1.0,1.0,1.0,0.8996680974960327,0.8996680974960327,0.8749793171882629,0.024688780307769775,0.024688780307769775,1.0,1.0,1.0,1.0,1.0,1.0,1.0,1.0,1.0,1.0,1.0,1.0,1.0,1.0,1.0
Q0308,Wie wird die Gesamtnote eines integrierten Studiengangs grundsätzlich berechnet?,fully_answerable,1,"[""PO25CL-GEN-C03-P18-A05""]",0.882646381855011,0.8655603528022766,0.017086029052734375,"[""PO25CL-GEN-C03-P18-A05"", ""PO25CL-GEN-C03-P18-A06"", ""PO25CL-GEN-C03-P18-A04"", ""PO25CL-GEN-C03-P18-A07"", ""PO25CL-GEN-C03-P18-A02"", ""PO25CL-GEN-C03-P18-A03"", ""PO25CL-GEN-C01-P04-A02"", ""PO25CL-GEN-C03-P18-A01"", ""PO25CL-GEN-C01-P02-A02"", ""PO25CL-GEN-C01-P04-A01""]","[0.882646381855011, 0.8655603528022766, 0.8499528765678406, 0.8484454154968262, 0.8472663164138794, 0.8424758911132812, 0.8411089181900024, 0.8399465680122375, 0.8397902250289917, 0.8370991349220276]",[1],1.0,1.0,1.0,1.0,0.882646381855011,0.882646381855011,0.8655603528022766,0.017086029052734375,0.017086029052734375,1.0,1.0,1.0,1.0,1.0,1.0,1.0,1.0,1.0,1.0,1.0,1.0,1.0,1.0,1.0
Q0309,Wie stark kann die Bachelorarbeit in einem integrierten Studiengang gewichtet werden?,fully_answerable,1,"[""PO25CL-GEN-C03-P18-A05""]",0.8827589154243469,0.8685331344604492,0.014225780963897705,"[""PO25CL-GEN-C03-P18-A05"", ""PO25CL-GEN-C01-P04-A02"", ""PO25CL-GEN-C03-P18-A06"", ""PO25CL-GEN-C01-P04-A03"", ""PO25CL-GEN-C01-P04-A01"", ""PO25CL-GEN-C01-P03-A01"", ""PO25CL-GEN-C01-P03-A05"", ""PO25CL-GEN-C03-P15-A10"", ""PO25CL-GEN-C03-P15-A08"", ""PO25CL-APP-R10""]","[0.8827589154243469, 0.8685331344604492, 0.8630577921867371, 0.8608960509300232, 0.8578436374664307, 0.8558036088943481, 0.8505589365959167, 0.8496881127357483, 0.846450924873352, 0.8452205061912537]",[1],1.0,1.0,1.0,1.0,0.8827589154243469,0.8827589154243469,0.8685331344604492,0.014225780963897705,0.014225780963897705,1.0,1.0,1.0,1.0,1.0,1.0,1.0,1.0,1.0,1.0,1.0,1.0,1.0,1.0,1.0
Q0310,Welchen Anteil hat die Bachelorarbeit an der Gesamtnote eines Kern- und Ergänzungsfachstudiengangs?,fully_answerable,1,"[""PO25CL-GEN-C03-P18-A06""]",0.9158748388290405,0.8803008794784546,0.03557395935058594,"[""PO25CL-GEN-C03-P18-A06"", ""PO25CL-GEN-C01-P04-A02"", ""PO25CL-GEN-C01-P04-A01"", ""PO25CL-GEN-C03-P15-A02"", ""PO25CL-GEN-C03-P18-A05"", ""PO25CL-GEN-C01-P03-A05"", ""PO25CL-GEN-C01-P04-A05"", ""PO25CL-GEN-C01-P04-A04"", ""PO25CL-GEN-C03-P18-A07"", ""PO25CL-GEN-C01-P04-A03""]","[0.9158748388290405, 0.8803008794784546, 0.8725380897521973, 0.870175838470459, 0.8681379556655884, 0.8501153588294983, 0.8492680191993713, 0.8451681137084961, 0.8437522649765015, 0.8424700498580933]",[1],1.0,1.0,1.0,1.0,0.9158748388290405,0.9158748388290405,0.8803008794784546,0.03557395935058594,0.03557395935058594,1.0,1.0,1.0,1.0,1.0,1.0,1.0,1.0,1.0,1.0,1.0,1.0,1.0,1.0,1.0
Q0311,Welchen Anteil hat das Kernfach an der Gesamtnote eines Kern- und Ergänzungsfachstudiengangs?,fully_answerable,1,"[""PO25CL-GEN-C03-P18-A06""]",0.9022159576416016,0.8754284381866455,0.026787519454956055,"[""PO25CL-GEN-C03-P18-A06"", ""PO25CL-GEN-C01-P04-A02"", ""PO25CL-GEN-C01-P04-A05"", ""PO25CL-GEN-C01-P04-A01"", ""PO25CL-GEN-C01-P04-A04"", ""PO25CL-GEN-C03-P15-A02"", ""PO25CL-GEN-C01-P03-A02"", ""PO25CL-GEN-C03-P18-A05"", ""PO25CL-GEN-C01-P04-A03"", ""PO25CL-APP-R10""]","[0.9022159576416016, 0.8754284381866455, 0.8708558082580566, 0.870631217956543, 0.8665601015090942, 0.8538240790367126, 0.8468692302703857, 0.8375893831253052, 0.8347269892692566, 0.8320928812026978]",[1],1.0,1.0,1.0,1.0,0.9022159576416016,0.9022159576416016,0.8754284381866455,0.026787519454956055,0.026787519454956055,1.0,1.0,1.0,1.0,1.0,1.0,1.0,1.0,1.0,1.0,1.0,1.0,1.0,1.0,1.0
Q0312,Welchen Anteil hat das Ergänzungsfach an der Gesamtnote eines Kern- und Ergänzungsfachstudiengangs?,fully_answerable,1,"[""PO25CL-GEN-C03-P18-A06""]",0.9042598009109497,0.8730201721191406,0.031239628791809082,"[""PO25CL-GEN-C03-P18-A06"", ""PO25CL-GEN-C01-P04-A02"", ""PO25CL-GEN-C01-P04-A05"", ""PO25CL-GEN-C01-P04-A01"", ""PO25CL-GEN-C01-P04-A04"", ""PO25CL-GEN-C03-P15-A02"", ""PO25CL-GEN-C01-P03-A02"", ""PO25CL-GEN-C03-P18-A05"", ""PO25CL-GEN-C03-P18-A04"", ""PO25CL-GEN-C01-P04-A03""]","[0.9042598009109497, 0.8730201721191406, 0.8726733922958374, 0.8698287010192871, 0.8655432462692261, 0.8523144721984863, 0.8455585837364197, 0.8415356874465942, 0.8358360528945923, 0.8356949090957642]",[1],1.0,1.0,1.0,1.0,0.9042598009109497,0.9042598009109497,0.8730201721191406,0.031239628791809082,0.031239628791809082,1.0,1.0,1.0,1.0,1.0,1.0,1.0,1.0,1.0,1.0,1.0,1.0,1.0,1.0,1.0
Q0313,Muss die Bachelorarbeit für den Studienabschluss bestanden sein?,fully_answerable,1,"[""PO25CL-GEN-C03-P19-A01""]",0.8701934218406677,0.8680249452590942,0.0021684765815734863,"[""PO25CL-GEN-C03-P15-A01"", ""PO25CL-GEN-C03-P19-A09"", ""PO25CL-GEN-C03-P15-A08"", ""PO25CL-GEN-C03-P15-A10"", ""PO25CL-GEN-C03-P15-A06"", ""PO25CL-GEN-C01-P01-A02"", ""PO25CL-GEN-C01-P03-A01"", ""PO25CL-GEN-C03-P19-A01"", ""PO25CL-GEN-C03-P10-U01"", ""PO25CL-GEN-C03-P15-A02""]","[0.8701934218406677, 0.8680249452590942, 0.8668987154960632, 0.8646775484085083, 0.8629399538040161, 0.8604484796524048, 0.8603320121765137, 0.8599840402603149, 0.8586447834968567, 0.8581897020339966]",[8],8.0,8.0,8.0,0.125,0.8599840402603149,0.8599840402603149,0.8701934218406677,-0.010209381580352783,-0.010209381580352783,0.0,0.0,0.0,0.0,0.0,0.0,0.0,0.0,0.0,0.0,0.0,0.0,1.0,1.0,1.0
Q0314,Müssen alle notwendigen Modulprüfungen bestanden sein?,fully_answerable,1,"[""PO25CL-GEN-C03-P19-A01""]",0.8615666031837463,0.8590899705886841,0.002476632595062256,"[""PO25CL-GEN-C03-P11-A06"", ""PO25CL-GEN-C03-P11-A03"", ""PO25CL-GEN-C03-P11-A04"", ""PO25CL-GEN-C03-P11-A01"", ""PO25CL-GEN-C03-P19-A09"", ""PO25CL-GEN-C03-P19-A01"", ""PO25CL-GEN-C03-P12-A01"", ""PO25CL-GEN-C03-P11-A05"", ""PO25CL-GEN-C03-P12-A05"", ""PO25CL-GEN-C03-P12-A03""]","[0.8615666031837463, 0.8590899705886841, 0.8585447072982788, 0.856804370880127, 0.8546335697174072, 0.8536246418952942, 0.8501216173171997, 0.847672700881958, 0.8463631272315979, 0.846305251121521]",[6],6.0,6.0,6.0,0.16666666666666666,0.8536246418952942,0.8536246418952942,0.8615666031837463,-0.007941961288452148,-0.007941961288452148,0.0,0.0,0.0,0.0,0.0,0.0,0.0,0.0,0.0,0.0,0.0,0.0,1.0,1.0,1.0
Q0315,Müssen alle notwendigen Studienleistungen vorliegen?,fully_answerable,1,"[""PO25CL-GEN-C03-P19-A01""]",0.8756670355796814,0.8503774404525757,0.025289595127105713,"[""PO25CL-GEN-C02-P07-A01"", ""PO25CL-GEN-C02-P07-A02"", ""PO25CL-GEN-C02-P07-A04"", ""PO25CL-GEN-C02-P07-A03"", ""PO25CL-GEN-C03-P19-A01"", ""PO25CL-GEN-C03-P21-A01"", ""PO25CL-GEN-C02-P06-U01"", ""PO25CL-GEN-C04-P28-A02"", ""PO25CL-GEN-C04-P28-A04"", ""PO25CL-GEN-C03-P11-A04""]","[0.8756670355796814, 0.8503774404525757, 0.8419830203056335, 0.8419402241706848, 0.8395610451698303, 0.839197039604187, 0.8387252688407898, 0.8357738852500916, 0.8279454708099365, 0.8259598016738892]",[5],5.0,5.0,5.0,0.2,0.8395610451698303,0.8395610451698303,0.8756670355796814,-0.036105990409851074,-0.036105990409851074,0.0,0.0,0.0,0.0,0.0,0.0,0.0,0.0,0.0,1.0,1.0,1.0,1.0,1.0,1.0
Q0316,Muss der Nachweis vorgeschriebener Praktika vorliegen?,fully_answerable,1,"[""PO25CL-GEN-C03-P19-A01""]",0.8391062617301941,0.8372291326522827,0.001877129077911377,"[""PO25CL-GEN-C04-P25-A05"", ""PO25CL-GEN-C03-P19-A01"", ""PO25CL-GEN-C02-P09-A04"", ""PO25CL-GEN-C02-P09-A01"", ""PO25CL-GEN-C03-P21-A02"", ""PO25CL-GEN-C03-P21-A01"", ""PO25CL-GEN-C02-P09-A03"", ""PO25CL-GEN-C02-P09-A05"", ""PO25CL-GEN-C03-P15-A04"", ""PO25CL-GEN-C04-P30-U01""]","[0.8391062617301941, 0.8372291326522827, 0.8369590044021606, 0.832485020160675, 0.8317165970802307, 0.8271914720535278, 0.8261505365371704, 0.8258362412452698, 0.8254502415657043, 0.8246612548828125]",[2],2.0,2.0,2.0,0.5,0.8372291326522827,0.8372291326522827,0.8391062617301941,-0.001877129077911377,-0.001877129077911377,0.0,0.0,0.0,1.0,1.0,1.0,1.0,1.0,1.0,1.0,1.0,1.0,1.0,1.0,1.0
Q0317,Wie viele ECTS-Leistungspunkte sind für den Abschluss eines dreijährigen Studiums erforderlich?,fully_answerable,1,"[""PO25CL-GEN-C03-P19-A01""]",0.8926475048065186,0.8892370462417603,0.0034104585647583008,"[""PO25CL-GEN-C01-P03-A02"", ""PO25CL-GEN-C01-P02-A01"", ""PO25CL-GEN-C03-P19-A01"", ""PO25CL-GEN-C03-P21-A01"", ""PO25CL-GEN-C01-P03-A05"", ""PO25CL-GEN-C01-P02-A02"", ""PO25CL-GEN-C01-P03-A04"", ""PO25CL-GEN-C01-P02-A03"", ""PO25CL-GEN-C03-P18-A08"", ""PO25CL-GEN-C04-P31-A02""]","[0.8926475048065186, 0.8892370462417603, 0.8789255619049072, 0.8777965307235718, 0.8756825923919678, 0.8739569187164307, 0.8704349398612976, 0.8703533411026001, 0.8511258959770203, 0.8507028222084045]",[3],3.0,3.0,3.0,0.3333333333333333,0.8789255619049072,0.8789255619049072,0.8926475048065186,-0.013721942901611328,-0.013721942901611328,0.0,0.0,0.0,0.0,0.0,0.0,1.0,1.0,1.0,1.0,1.0,1.0,1.0,1.0,1.0
Q0318,Werden Prüfungen bescheinigt?,fully_answerable,1,"[""PO25CL-GEN-C03-P19-A02""]",0.8731428980827332,0.8508222699165344,0.02232062816619873,"[""PO25CL-GEN-C03-P19-A02"", ""PO25CL-GEN-C03-P19-A10"", ""PO25CL-GEN-C04-P28-A04"", ""PO25CL-GEN-C03-P19-A01"", ""PO25CL-GEN-C04-P25-A05"", ""PO25CL-GEN-C04-P28-A02"", ""PO25CL-GEN-C03-P11-A09"", ""PO25CL-GEN-C04-P28-A05"", ""PO25CL-GEN-C04-P28-A06"", ""PO25CL-GEN-C03-P17-A03""]","[0.8731428980827332, 0.8508222699165344, 0.8499025702476501, 0.8436663150787354, 0.8407028913497925, 0.8402270078659058, 0.8394625186920166, 0.8380144834518433, 0.8379755020141602, 0.8374179601669312]",[1],1.0,1.0,1.0,1.0,0.8731428980827332,0.8731428980827332,0.8508222699165344,0.02232062816619873,0.02232062816619873,1.0,1.0,1.0,1.0,1.0,1.0,1.0,1.0,1.0,1.0,1.0,1.0,1.0,1.0,1.0
Q0319,Kann eine bestandene Prüfung wiederholt werden?,fully_answerable,1,"[""PO25CL-GEN-C03-P19-A03""]",0.8910655379295349,0.8895684480667114,0.0014970898628234863,"[""PO25CL-GEN-C03-P19-A03"", ""PO25CL-GEN-C03-P19-A05"", ""PO25CL-GEN-C03-P19-A09"", ""PO25CL-GEN-C03-P19-A06"", ""PO25CL-GEN-C03-P19-A07"", ""PO25CL-GEN-C03-P19-A04"", ""PO25CL-GEN-C03-P19-A02"", ""PO25CL-GEN-C03-P19-A01"", ""PO25CL-GEN-C03-P19-A10"", ""PO25CL-GEN-C03-P19-A08""]","[0.8910655379295349, 0.8895684480667114, 0.8871293663978577, 0.8846215605735779, 0.8828616142272949, 0.8753519058227539, 0.8619165420532227, 0.857978105545044, 0.8571752309799194, 0.8488894701004028]",[1],1.0,1.0,1.0,1.0,0.8910655379295349,0.8910655379295349,0.8895684480667114,0.0014970898628234863,0.0014970898628234863,1.0,1.0,1.0,1.0,1.0,1.0,1.0,1.0,1.0,1.0,1.0,1.0,1.0,1.0,1.0
Q0320,In welcher Form wird über eine nicht bestandene Prüfung informiert?,fully_answerable,1,"[""PO25CL-GEN-C03-P19-A04""]",0.8737360239028931,0.8687736988067627,0.004962325096130371,"[""PO25CL-GEN-C03-P19-A04"", ""PO25CL-GEN-C03-P19-A10"", ""PO25CL-GEN-C03-P19-A07"", ""PO25CL-GEN-C03-P19-A05"", ""PO25CL-GEN-C03-P19-A03"", ""PO25CL-GEN-C03-P19-A09"", ""PO25CL-GEN-C03-P19-A02"", ""PO25CL-GEN-C03-P20-A01"", ""PO25CL-GEN-C03-P20-A02"", ""PO25CL-GEN-C03-P18-A02""]","[0.8737360239028931, 0.8687736988067627, 0.8547112941741943, 0.8525469303131104, 0.8516511917114258, 0.8509602546691895, 0.8497322201728821, 0.8393290042877197, 0.8364310264587402, 0.8345264792442322]",[1],1.0,1.0,1.0,1.0,0.8737360239028931,0.8737360239028931,0.8687736988067627,0.004962325096130371,0.004962325096130371,1.0,1.0,1.0,1.0,1.0,1.0,1.0,1.0,1.0,1.0,1.0,1.0,1.0,1.0,1.0
Q0321,Welche Information zur Wiederholung muss der Bescheid enthalten?,fully_answerable,1,"[""PO25CL-GEN-C03-P19-A04""]",0.8473257422447205,0.8357371091842651,0.011588633060455322,"[""PO25CL-GEN-C03-P19-A04"", ""PO25CL-GEN-C03-P19-A06"", ""PO25CL-GEN-C03-P19-A10"", ""PO25CL-GEN-C03-P19-A07"", ""PO25CL-GEN-C03-P19-A03"", ""PO25CL-GEN-C03-P19-A02"", ""PO25CL-GEN-C03-P19-A05"", ""PO25CL-GEN-C03-P17-A06"", ""PO25CL-GEN-C03-P19-A09"", ""PO25CL-GEN-C03-P19-A08""]","[0.8473257422447205, 0.8357371091842651, 0.8349155187606812, 0.83304363489151, 0.828090250492096, 0.8220667243003845, 0.8198590278625488, 0.8190336227416992, 0.8155183792114258, 0.8141472339630127]",[1],1.0,1.0,1.0,1.0,0.8473257422447205,0.8473257422447205,0.8357371091842651,0.011588633060455322,0.011588633060455322,1.0,1.0,1.0,1.0,1.0,1.0,1.0,1.0,1.0,1.0,1.0,1.0,1.0,1.0,1.0
Q0322,Welche Belehrung muss ein Bescheid über eine nicht bestandene Prüfung enthalten?,fully_answerable,1,"[""PO25CL-GEN-C03-P19-A04""]",0.9035117030143738,0.8999332785606384,0.0035784244537353516,"[""PO25CL-GEN-C03-P19-A04"", ""PO25CL-GEN-C03-P19-A10"", ""PO25CL-GEN-C03-P19-A02"", ""PO25CL-GEN-C03-P19-A09"", ""PO25CL-GEN-C03-P19-A07"", ""PO25CL-GEN-C03-P19-A03"", ""PO25CL-GEN-C03-P19-A05"", ""PO25CL-GEN-C03-P20-A02"", ""PO25CL-GEN-C03-P17-A06"", ""PO25CL-GEN-C03-P20-A01""]","[0.9035117030143738, 0.8999332785606384, 0.8655054569244385, 0.8640566468238831, 0.8634283542633057, 0.8625304102897644, 0.8590145111083984, 0.8559389114379883, 0.8479940891265869, 0.8477098941802979]",[1],1.0,1.0,1.0,1.0,0.9035117030143738,0.9035117030143738,0.8999332785606384,0.0035784244537353516,0.0035784244537353516,1.0,1.0,1.0,1.0,1.0,1.0,1.0,1.0,1.0,1.0,1.0,1.0,1.0,1.0,1.0
Q0323,Wie oft kann eine nicht bestandene Modulprüfung wiederholt werden?,fully_answerable,1,"[""PO25CL-GEN-C03-P19-A05""]",0.9065389633178711,0.8940292000770569,0.012509763240814209,"[""PO25CL-GEN-C03-P19-A05"", ""PO25CL-GEN-C03-P19-A09"", ""PO25CL-GEN-C03-P19-A06"", ""PO25CL-GEN-C03-P19-A03"", ""PO25CL-GEN-C03-P19-A07"", ""PO25CL-GEN-C03-P11-A01"", ""PO25CL-GEN-C03-P19-A04"", ""PO25CL-GEN-C03-P19-A01"", ""PO25CL-GEN-C03-P11-A03"", ""PO25CL-GEN-C03-P17-A01""]","[0.9065389633178711, 0.8940292000770569, 0.8736554980278015, 0.8704594969749451, 0.870200514793396, 0.8591077327728271, 0.8585492372512817, 0.8567501902580261, 0.8538298010826111, 0.8521299958229065]",[1],1.0,1.0,1.0,1.0,0.9065389633178711,0.9065389633178711,0.8940292000770569,0.012509763240814209,0.012509763240814209,1.0,1.0,1.0,1.0,1.0,1.0,1.0,1.0,1.0,1.0,1.0,1.0,1.0,1.0,1.0
Q0324,Wie oft kann eine nicht bestandene individuelle Prüfungsleistung einer Gruppenarbeit wiederholt werden?,fully_answerable,1,"[""PO25CL-GEN-C03-P19-A05""]",0.905125617980957,0.8986857533454895,0.006439864635467529,"[""PO25CL-GEN-C03-P19-A05"", ""PO25CL-GEN-C03-P19-A06"", ""PO25CL-GEN-C03-P19-A03"", ""PO25CL-GEN-C03-P19-A08"", ""PO25CL-GEN-C03-P19-A07"", ""PO25CL-GEN-C03-P19-A09"", ""PO25CL-GEN-C03-P19-A04"", ""PO25CL-GEN-C03-P14-A08"", ""PO25CL-GEN-C03-P15-A08"", ""PO25CL-GEN-C03-P15-A05""]","[0.905125617980957, 0.8986857533454895, 0.861330509185791, 0.860497236251831, 0.857319712638855, 0.856073260307312, 0.8516943454742432, 0.8480644822120667, 0.844733476638794, 0.8424591422080994]",[1],1.0,1.0,1.0,1.0,0.905125617980957,0.905125617980957,0.8986857533454895,0.006439864635467529,0.006439864635467529,1.0,1.0,1.0,1.0,1.0,1.0,1.0,1.0,1.0,1.0,1.0,1.0,1.0,1.0,1.0
Q0325,Wie oft kann eine nicht bestandene Bachelorarbeit wiederholt werden?,fully_answerable,1,"[""PO25CL-GEN-C03-P19-A06""]",0.9005106687545776,0.8851616382598877,0.015349030494689941,"[""PO25CL-GEN-C03-P19-A06"", ""PO25CL-GEN-C03-P19-A09"", ""PO25CL-GEN-C03-P19-A05"", ""PO25CL-GEN-C03-P15-A05"", ""PO25CL-GEN-C03-P19-A10"", ""PO25CL-GEN-C03-P19-A07"", ""PO25CL-GEN-C03-P19-A03"", ""PO25CL-GEN-C03-P19-A01"", ""PO25CL-GEN-C03-P19-A04"", ""PO25CL-GEN-C03-P15-A04""]","[0.9005106687545776, 0.8851616382598877, 0.8747832179069519, 0.8735939264297485, 0.86558997631073, 0.8628743886947632, 0.8620599508285522, 0.8561991453170776, 0.8558684587478638, 0.853325605392456]",[1],1.0,1.0,1.0,1.0,0.9005106687545776,0.9005106687545776,0.8851616382598877,0.015349030494689941,0.015349030494689941,1.0,1.0,1.0,1.0,1.0,1.0,1.0,1.0,1.0,1.0,1.0,1.0,1.0,1.0,1.0
Q0326,Wie oft kann ein nicht bestandener individueller Teil einer Bachelor-Gruppenarbeit wiederholt werden?,fully_answerable,1,"[""PO25CL-GEN-C03-P19-A06""]",0.913054883480072,0.8807606101036072,0.032294273376464844,"[""PO25CL-GEN-C03-P19-A06"", ""PO25CL-GEN-C03-P19-A05"", ""PO25CL-GEN-C03-P19-A09"", ""PO25CL-GEN-C03-P15-A05"", ""PO25CL-GEN-C03-P15-A08"", ""PO25CL-GEN-C03-P15-A10"", ""PO25CL-GEN-C03-P19-A10"", ""PO25CL-GEN-C03-P19-A03"", ""PO25CL-GEN-C03-P19-A07"", ""PO25CL-GEN-C03-P19-A04""]","[0.913054883480072, 0.8807606101036072, 0.8670716285705566, 0.8581261038780212, 0.8538377285003662, 0.8461986780166626, 0.8447084426879883, 0.8437784314155579, 0.8411037921905518, 0.8394985795021057]",[1],1.0,1.0,1.0,1.0,0.913054883480072,0.913054883480072,0.8807606101036072,0.032294273376464844,0.032294273376464844,1.0,1.0,1.0,1.0,1.0,1.0,1.0,1.0,1.0,1.0,1.0,1.0,1.0,1.0,1.0
Q0327,Wann darf bei der Wiederholung einer Bachelorarbeit das Thema zurückgegeben werden?,answerable_with_multiple_chunks,2,"[""PO25CL-GEN-C03-P19-A06"", ""PO25CL-GEN-C03-P15-A05""]",0.9019624590873718,0.8965532183647156,0.00540924072265625,"[""PO25CL-GEN-C03-P19-A06"", ""PO25CL-GEN-C03-P15-A05"", ""PO25CL-GEN-C03-P19-A09"", ""PO25CL-GEN-C03-P15-A02"", ""PO25CL-GEN-C03-P15-A06"", ""PO25CL-GEN-C03-P16-A01"", ""PO25CL-GEN-C03-P19-A05"", ""PO25CL-GEN-C03-P15-A04"", ""PO25CL-GEN-C03-P14-A10"", ""PO25CL-GEN-C03-P15-A01""]","[0.9019624590873718, 0.8965532183647156, 0.8640851974487305, 0.8512170314788818, 0.8505651950836182, 0.8496712446212769, 0.8458986282348633, 0.8447235822677612, 0.8423230648040771, 0.8421674966812134]","[1, 2]",1.0,2.0,1.5,1.0,0.9019624590873718,0.8965532183647156,0.8640851974487305,0.03787726163864136,0.03246802091598511,0.5,1.0,0.0,1.0,1.0,1.0,1.0,1.0,1.0,1.0,1.0,1.0,1.0,1.0,1.0
Q0328,Innerhalb welchen Zeitraums soll eine Wiederholungsprüfung abgeschlossen sein?,fully_answerable,1,"[""PO25CL-GEN-C03-P19-A07""]",0.8910377025604248,0.8595156669616699,0.03152203559875488,"[""PO25CL-GEN-C03-P19-A07"", ""PO25CL-GEN-C03-P15-A04"", ""PO25CL-GEN-C03-P19-A05"", ""PO25CL-GEN-C03-P19-A03"", ""PO25CL-GEN-C03-P19-A06"", ""PO25CL-GEN-C03-P19-A09"", ""PO25CL-GEN-C03-P15-A05"", ""PO25CL-GEN-C03-P19-A01"", ""PO25CL-GEN-C03-P19-A02"", ""PO25CL-GEN-C03-P20-A04""]","[0.8910377025604248, 0.8595156669616699, 0.8557457327842712, 0.8554804921150208, 0.8543986082077026, 0.8528766632080078, 0.8493393659591675, 0.8450262546539307, 0.8423832058906555, 0.8419962525367737]",[1],1.0,1.0,1.0,1.0,0.8910377025604248,0.8910377025604248,0.8595156669616699,0.03152203559875488,0.03152203559875488,1.0,1.0,1.0,1.0,1.0,1.0,1.0,1.0,1.0,1.0,1.0,1.0,1.0,1.0,1.0
Q0329,Von wie vielen Personen wird eine Wiederholungsprüfung ohne Ausgleichsmöglichkeit bewertet?,fully_answerable,1,"[""PO25CL-GEN-C03-P19-A08""]",0.8385772109031677,0.826465368270874,0.012111842632293701,"[""PO25CL-GEN-C03-P19-A08"", ""PO25CL-GEN-C03-P19-A06"", ""PO25CL-GEN-C03-P19-A05"", ""PO25CL-GEN-C03-P19-A07"", ""PO25CL-GEN-C03-P19-A03"", ""PO25CL-GEN-C03-P19-A04"", ""PO25CL-GEN-C03-P19-A09"", ""PO25CL-GEN-C03-P18-A03"", ""PO25CL-GEN-C03-P19-A10"", ""PO25CL-GEN-C04-P28-A09""]","[0.8385772109031677, 0.826465368270874, 0.8244763612747192, 0.8129050135612488, 0.8088791966438293, 0.8042476177215576, 0.8012965321540833, 0.8009280562400818, 0.8003290891647339, 0.7966327667236328]",[1],1.0,1.0,1.0,1.0,0.8385772109031677,0.8385772109031677,0.826465368270874,0.012111842632293701,0.012111842632293701,1.0,1.0,1.0,1.0,1.0,1.0,1.0,1.0,1.0,1.0,1.0,1.0,1.0,1.0,1.0
Q0330,Wer führt bei einer mündlichen Wiederholungsprüfung das Protokoll?,fully_answerable,1,"[""PO25CL-GEN-C03-P19-A08""]",0.8525863885879517,0.8422904014587402,0.010295987129211426,"[""PO25CL-GEN-C03-P19-A08"", ""PO25CL-GEN-C03-P13-A01"", ""PO25CL-APP-R09"", ""PO25CL-GEN-C03-P19-A07"", ""PO25CL-GEN-C03-P19-A05"", ""PO25CL-GEN-C03-P19-A04"", ""PO25CL-GEN-C03-P19-A06"", ""PO25CL-GEN-C03-P19-A03"", ""PO25CL-GEN-C03-P19-A09"", ""PO25CL-GEN-C03-P12-A02""]","[0.8525863885879517, 0.8422904014587402, 0.830538809299469, 0.8278528451919556, 0.8237378001213074, 0.8216771483421326, 0.820575475692749, 0.8203657865524292, 0.8194534778594971, 0.8156992197036743]",[1],1.0,1.0,1.0,1.0,0.8525863885879517,0.8525863885879517,0.8422904014587402,0.010295987129211426,0.010295987129211426,1.0,1.0,1.0,1.0,1.0,1.0,1.0,1.0,1.0,1.0,1.0,1.0,1.0,1.0,1.0
Q0331,Wann führt eine nicht mehr wiederholbare Bachelorarbeit zum endgültigen Nichtbestehen?,fully_answerable,1,"[""PO25CL-GEN-C03-P19-A09""]",0.8755456805229187,0.8747937083244324,0.0007519721984863281,"[""PO25CL-GEN-C03-P19-A09"", ""PO25CL-GEN-C03-P19-A10"", ""PO25CL-GEN-C03-P19-A06"", ""PO25CL-GEN-C03-P19-A07"", ""PO25CL-GEN-C03-P15-A05"", ""PO25CL-GEN-C03-P19-A03"", ""PO25CL-GEN-C03-P20-A04"", ""PO25CL-GEN-C03-P19-A05"", ""PO25CL-GEN-C03-P19-A01"", ""PO25CL-GEN-C03-P16-A01""]","[0.8755456805229187, 0.8747937083244324, 0.864403247833252, 0.8465682864189148, 0.8447983264923096, 0.843014121055603, 0.8422441482543945, 0.8376668691635132, 0.8364686965942383, 0.8361480236053467]",[1],1.0,1.0,1.0,1.0,0.8755456805229187,0.8755456805229187,0.8747937083244324,0.0007519721984863281,0.0007519721984863281,1.0,1.0,1.0,1.0,1.0,1.0,1.0,1.0,1.0,1.0,1.0,1.0,1.0,1.0,1.0
Q0332,Wann führt eine nicht mehr wiederholbare Pflichtmodulprüfung zum endgültigen Nichtbestehen?,fully_answerable,1,"[""PO25CL-GEN-C03-P19-A09""]",0.8873159885406494,0.8707069754600525,0.016609013080596924,"[""PO25CL-GEN-C03-P19-A09"", ""PO25CL-GEN-C03-P19-A10"", ""PO25CL-GEN-C03-P19-A05"", ""PO25CL-GEN-C03-P19-A07"", ""PO25CL-GEN-C03-P19-A03"", ""PO25CL-GEN-C03-P11-A01"", ""PO25CL-GEN-C03-P19-A04"", ""PO25CL-GEN-C03-P17-A01"", ""PO25CL-GEN-C03-P19-A02"", ""PO25CL-GEN-C03-P19-A08""]","[0.8873159885406494, 0.8707069754600525, 0.869057297706604, 0.8665286302566528, 0.8585982918739319, 0.852939784526825, 0.8519571423530579, 0.8459459543228149, 0.8441927433013916, 0.8424229621887207]",[1],1.0,1.0,1.0,1.0,0.8873159885406494,0.8873159885406494,0.8707069754600525,0.016609013080596924,0.016609013080596924,1.0,1.0,1.0,1.0,1.0,1.0,1.0,1.0,1.0,1.0,1.0,1.0,1.0,1.0,1.0
Q0333,Wann führt eine endgültig nicht bestandene Wahlpflichtprüfung zum endgültigen Nichtbestehen?,fully_answerable,1,"[""PO25CL-GEN-C03-P19-A09""]",0.8701802492141724,0.8680413365364075,0.0021389126777648926,"[""PO25CL-GEN-C03-P19-A10"", ""PO25CL-GEN-C03-P19-A09"", ""PO25CL-GEN-C03-P19-A04"", ""PO25CL-GEN-C03-P19-A07"", ""PO25CL-GEN-C03-P19-A03"", ""PO25CL-GEN-C03-P20-A02"", ""PO25CL-GEN-C03-P19-A02"", ""PO25CL-GEN-C03-P20-A04"", ""PO25CL-GEN-C03-P19-A05"", ""PO25CL-GEN-C03-P19-A08""]","[0.8701802492141724, 0.8680413365364075, 0.858198881149292, 0.8518818616867065, 0.8370553255081177, 0.834496796131134, 0.8332481384277344, 0.8321597576141357, 0.8316834568977356, 0.8245209455490112]",[2],2.0,2.0,2.0,0.5,0.8680413365364075,0.8680413365364075,0.8701802492141724,-0.0021389126777648926,-0.0021389126777648926,0.0,0.0,0.0,1.0,1.0,1.0,1.0,1.0,1.0,1.0,1.0,1.0,1.0,1.0,1.0
Q0334,Welche Belehrung enthält der Bescheid über das endgültige Nichtbestehen?,fully_answerable,1,"[""PO25CL-GEN-C03-P19-A10""]",0.876624345779419,0.8448278307914734,0.03179651498794556,"[""PO25CL-GEN-C03-P19-A10"", ""PO25CL-GEN-C03-P19-A04"", ""PO25CL-GEN-C03-P19-A02"", ""PO25CL-GEN-C03-P19-A07"", ""PO25CL-GEN-C03-P19-A03"", ""PO25CL-GEN-C03-P19-A09"", ""PO25CL-GEN-C03-P19-A08"", ""PO25CL-GEN-C03-P19-A05"", ""PO25CL-GEN-C03-P23-U01"", ""PO25CL-GEN-C03-P20-A02""]","[0.876624345779419, 0.8448278307914734, 0.8242157101631165, 0.8227269649505615, 0.8162209987640381, 0.8145160675048828, 0.8072599172592163, 0.8024085760116577, 0.8010188937187195, 0.7998701930046082]",[1],1.0,1.0,1.0,1.0,0.876624345779419,0.876624345779419,0.8448278307914734,0.03179651498794556,0.03179651498794556,1.0,1.0,1.0,1.0,1.0,1.0,1.0,1.0,1.0,1.0,1.0,1.0,1.0,1.0,1.0
Q0335,"Wer kann nachträglich Noten berichtigen, wenn eine Täuschung erst nach Ausstellung des Zeugnisses bekannt wird?",fully_answerable,1,"[""PO25CL-GEN-C03-P20-A01""]",0.8691970109939575,0.8463265895843506,0.022870421409606934,"[""PO25CL-GEN-C03-P20-A01"", ""PO25CL-GEN-C03-P21-A02"", ""PO25CL-GEN-C03-P17-A03"", ""PO25CL-GEN-C03-P17-A04"", ""PO25CL-GEN-C03-P23-U01"", ""PO25CL-GEN-C03-P17-A06"", ""PO25CL-GEN-C03-P19-A08"", ""PO25CL-GEN-C03-P20-A02"", ""PO25CL-GEN-C03-P17-A01"", ""PO25CL-GEN-C04-P30-U01""]","[0.8691970109939575, 0.8463265895843506, 0.8354177474975586, 0.8340906500816345, 0.8284510374069214, 0.8284315466880798, 0.8282511234283447, 0.8247119188308716, 0.824329137802124, 0.8221877217292786]",[1],1.0,1.0,1.0,1.0,0.8691970109939575,0.8691970109939575,0.8463265895843506,0.022870421409606934,0.022870421409606934,1.0,1.0,1.0,1.0,1.0,1.0,1.0,1.0,1.0,1.0,1.0,1.0,1.0,1.0,1.0
Q0336,Kann eine Prüfung nach später entdeckter Täuschung teilweise für nicht bestanden erklärt werden?,fully_answerable,1,"[""PO25CL-GEN-C03-P20-A01""]",0.8643366098403931,0.8624215722084045,0.0019150376319885254,"[""PO25CL-GEN-C03-P19-A04"", ""PO25CL-GEN-C03-P19-A10"", ""PO25CL-GEN-C03-P19-A09"", ""PO25CL-GEN-C03-P19-A05"", ""PO25CL-GEN-C03-P20-A01"", ""PO25CL-GEN-C03-P19-A03"", ""PO25CL-GEN-C03-P23-U01"", ""PO25CL-GEN-C03-P17-A05"", ""PO25CL-GEN-C03-P19-A02"", ""PO25CL-GEN-C03-P19-A07""]","[0.8643366098403931, 0.8624215722084045, 0.8616089820861816, 0.8611515164375305, 0.8572225570678711, 0.855597972869873, 0.8532079458236694, 0.8525340557098389, 0.8523598909378052, 0.8523047566413879]",[5],5.0,5.0,5.0,0.2,0.8572225570678711,0.8572225570678711,0.8643366098403931,-0.007114052772521973,-0.007114052772521973,0.0,0.0,0.0,0.0,0.0,0.0,0.0,0.0,0.0,1.0,1.0,1.0,1.0,1.0,1.0
Q0337,Kann eine Prüfung nach später entdeckter Täuschung vollständig für nicht bestanden erklärt werden?,fully_answerable,1,"[""PO25CL-GEN-C03-P20-A01""]",0.8654049038887024,0.8642823696136475,0.0011225342750549316,"[""PO25CL-GEN-C03-P19-A10"", ""PO25CL-GEN-C03-P19-A04"", ""PO25CL-GEN-C03-P19-A09"", ""PO25CL-GEN-C03-P19-A05"", ""PO25CL-GEN-C03-P20-A01"", ""PO25CL-GEN-C03-P19-A03"", ""PO25CL-GEN-C03-P19-A07"", ""PO25CL-GEN-C03-P23-U01"", ""PO25CL-GEN-C03-P19-A02"", ""PO25CL-GEN-C03-P17-A05""]","[0.8654049038887024, 0.8642823696136475, 0.8615668416023254, 0.857684314250946, 0.8557132482528687, 0.854439377784729, 0.8532074093818665, 0.8511186242103577, 0.8505879640579224, 0.8492743372917175]",[5],5.0,5.0,5.0,0.2,0.8557132482528687,0.8557132482528687,0.8654049038887024,-0.00969165563583374,-0.00969165563583374,0.0,0.0,0.0,0.0,0.0,0.0,0.0,0.0,0.0,1.0,1.0,1.0,1.0,1.0,1.0
Q0338,Wie wird eine unbeabsichtigt fehlende Zulassungsvoraussetzung nach bestandener Prüfung behandelt?,fully_answerable,1,"[""PO25CL-GEN-C03-P20-A02""]",0.870292067527771,0.8520698547363281,0.01822221279144287,"[""PO25CL-GEN-C03-P20-A02"", ""PO25CL-GEN-C03-P19-A10"", ""PO25CL-GEN-C03-P19-A04"", ""PO25CL-GEN-C03-P19-A07"", ""PO25CL-GEN-C03-P12-A05"", ""PO25CL-GEN-C03-P19-A02"", ""PO25CL-GEN-C03-P19-A05"", ""PO25CL-GEN-C03-P20-A04"", ""PO25CL-GEN-C03-P19-A09"", ""PO25CL-GEN-C03-P19-A03""]","[0.870292067527771, 0.8520698547363281, 0.8440670967102051, 0.8432127237319946, 0.8399739265441895, 0.838831901550293, 0.8365399837493896, 0.8359602689743042, 0.8356307744979858, 0.8352916836738586]",[1],1.0,1.0,1.0,1.0,0.870292067527771,0.870292067527771,0.8520698547363281,0.01822221279144287,0.01822221279144287,1.0,1.0,1.0,1.0,1.0,1.0,1.0,1.0,1.0,1.0,1.0,1.0,1.0,1.0,1.0
Q0339,Wer entscheidet bei vorsätzlich zu Unrecht erlangter Zulassung über die Rechtsfolgen?,fully_answerable,1,"[""PO25CL-GEN-C03-P20-A02""]",0.8436142206192017,0.8139410018920898,0.029673218727111816,"[""PO25CL-GEN-C03-P20-A02"", ""PO25CL-GEN-C03-P12-A04"", ""PO25CL-GEN-C03-P20-A04"", ""PO25CL-GEN-C03-P12-A05"", ""PO25CL-GEN-C03-P19-A10"", ""PO25CL-GEN-C03-P19-A04"", ""PO25CL-GEN-C03-P17-A06"", ""PO25CL-GEN-C04-P26-U01"", ""PO25CL-GEN-C03-P12-A03"", ""PO25CL-GEN-C04-P30-U01""]","[0.8436142206192017, 0.8139410018920898, 0.8052785396575928, 0.800773024559021, 0.8004651665687561, 0.7957947254180908, 0.7951194643974304, 0.7950116991996765, 0.7933090925216675, 0.791332483291626]",[1],1.0,1.0,1.0,1.0,0.8436142206192017,0.8436142206192017,0.8139410018920898,0.029673218727111816,0.029673218727111816,1.0,1.0,1.0,1.0,1.0,1.0,1.0,1.0,1.0,1.0,1.0,1.0,1.0,1.0,1.0
Q0340,Welche Gelegenheit muss vor einer Entscheidung über die Ungültigkeit gegeben werden?,fully_answerable,1,"[""PO25CL-GEN-C03-P20-A03""]",0.8630673885345459,0.8394631743431091,0.023604214191436768,"[""PO25CL-GEN-C03-P20-A03"", ""PO25CL-GEN-C03-P20-A02"", ""PO25CL-GEN-C03-P20-A04"", ""PO25CL-GEN-C03-P20-A01"", ""PO25CL-GEN-C03-P17-A06"", ""PO25CL-GEN-C03-P18-A03"", ""PO25CL-GEN-C04-P24-A06"", ""PO25CL-GEN-C02-P07-A03"", ""PO25CL-GEN-C04-P28-A09"", ""PO25CL-GEN-C03-P17-A03""]","[0.8630673885345459, 0.8394631743431091, 0.8259438276290894, 0.8199316263198853, 0.8055114150047302, 0.7978183031082153, 0.7931712865829468, 0.7924699783325195, 0.7917801141738892, 0.7911113500595093]",[1],1.0,1.0,1.0,1.0,0.8630673885345459,0.8630673885345459,0.8394631743431091,0.023604214191436768,0.023604214191436768,1.0,1.0,1.0,1.0,1.0,1.0,1.0,1.0,1.0,1.0,1.0,1.0,1.0,1.0,1.0
Q0341,Was geschieht mit einem unrichtigen Prüfungszeugnis?,fully_answerable,1,"[""PO25CL-GEN-C03-P20-A04""]",0.873076319694519,0.8620851039886475,0.010991215705871582,"[""PO25CL-GEN-C03-P20-A04"", ""PO25CL-GEN-C03-P20-A02"", ""PO25CL-GEN-C03-P20-A01"", ""PO25CL-GEN-C03-P19-A10"", ""PO25CL-GEN-C03-P17-A03"", ""PO25CL-GEN-C03-P17-A02"", ""PO25CL-GEN-C03-P17-A05"", ""PO25CL-GEN-C03-P19-A02"", ""PO25CL-GEN-C04-P25-A05"", ""PO25CL-GEN-C03-P17-A06""]","[0.873076319694519, 0.8620851039886475, 0.8437982797622681, 0.8430028557777405, 0.8396319150924683, 0.8391444087028503, 0.836766242980957, 0.8363626003265381, 0.8362171053886414, 0.8357236981391907]",[1],1.0,1.0,1.0,1.0,0.873076319694519,0.873076319694519,0.8620851039886475,0.010991215705871582,0.010991215705871582,1.0,1.0,1.0,1.0,1.0,1.0,1.0,1.0,1.0,1.0,1.0,1.0,1.0,1.0,1.0
Q0342,Kann nach dem Einzug eines unrichtigen Zeugnisses ein neues Zeugnis ausgestellt werden?,fully_answerable,1,"[""PO25CL-GEN-C03-P20-A04""]",0.841758131980896,0.8306148052215576,0.011143326759338379,"[""PO25CL-GEN-C03-P20-A04"", ""PO25CL-GEN-C03-P20-A02"", ""PO25CL-GEN-C03-P20-A01"", ""PO25CL-GEN-C03-P21-A02"", ""PO25CL-GEN-C03-P17-A03"", ""PO25CL-GEN-C03-P19-A10"", ""PO25CL-GEN-C03-P17-A04"", ""PO25CL-GEN-C03-P21-A03"", ""PO25CL-GEN-C04-P30-U01"", ""PO25CL-GEN-C03-P19-A06""]","[0.841758131980896, 0.8306148052215576, 0.8272247314453125, 0.8271399736404419, 0.8207582235336304, 0.8203773498535156, 0.818413257598877, 0.817905843257904, 0.8152360916137695, 0.8142423033714294]",[1],1.0,1.0,1.0,1.0,0.841758131980896,0.841758131980896,0.8306148052215576,0.011143326759338379,0.011143326759338379,1.0,1.0,1.0,1.0,1.0,1.0,1.0,1.0,1.0,1.0,1.0,1.0,1.0,1.0,1.0
Q0343,Nach wie vielen Jahren sind bestimmte Entscheidungen zur Ungültigkeit ausgeschlossen?,fully_answerable,1,"[""PO25CL-GEN-C03-P20-A04""]",0.8392205238342285,0.8145922422409058,0.024628281593322754,"[""PO25CL-GEN-C03-P20-A04"", ""PO25CL-GEN-C03-P20-A03"", ""PO25CL-GEN-C03-P20-A02"", ""PO25CL-GEN-C03-P20-A01"", ""PO25CL-GEN-C03-P19-A07"", ""PO25CL-GEN-C03-P15-A05"", ""PO25CL-GEN-C03-P11-A01"", ""PO25CL-GEN-C03-P17-A06"", ""PO25CL-GEN-C04-P24-A06"", ""PO25CL-GEN-C04-P28-A03""]","[0.8392205238342285, 0.8145922422409058, 0.8042310476303101, 0.7919135093688965, 0.7814294695854187, 0.7790394425392151, 0.7786774635314941, 0.7771939039230347, 0.776837170124054, 0.7767936587333679]",[1],1.0,1.0,1.0,1.0,0.8392205238342285,0.8392205238342285,0.8145922422409058,0.024628281593322754,0.024628281593322754,1.0,1.0,1.0,1.0,1.0,1.0,1.0,1.0,1.0,1.0,1.0,1.0,1.0,1.0,1.0
Q0344,Müssen vor dem Antrag auf das Bachelorzeugnis alle Abschlussprüfungen bestanden sein?,fully_answerable,1,"[""PO25CL-GEN-C03-P21-A01""]",0.8807689547538757,0.8713616728782654,0.009407281875610352,"[""PO25CL-GEN-C03-P21-A01"", ""PO25CL-GEN-C03-P19-A01"", ""PO25CL-GEN-C03-P19-A09"", ""PO25CL-GEN-C03-P21-A03"", ""PO25CL-GEN-C03-P21-A02"", ""PO25CL-GEN-C01-P01-A02"", ""PO25CL-GEN-C03-P19-A10"", ""PO25CL-GEN-C03-P10-U01"", ""PO25CL-GEN-C03-P23-U01"", ""PO25CL-GEN-C03-P12-A02""]","[0.8807689547538757, 0.8713616728782654, 0.8646952509880066, 0.8614462614059448, 0.861187219619751, 0.8577015995979309, 0.8563108444213867, 0.8549991846084595, 0.8484004735946655, 0.8481879234313965]",[1],1.0,1.0,1.0,1.0,0.8807689547538757,0.8807689547538757,0.8713616728782654,0.009407281875610352,0.009407281875610352,1.0,1.0,1.0,1.0,1.0,1.0,1.0,1.0,1.0,1.0,1.0,1.0,1.0,1.0,1.0
Q0345,Bei welcher Stelle wird das Bachelorzeugnis beantragt?,fully_answerable,1,"[""PO25CL-GEN-C03-P21-A01""]",0.8683188557624817,0.8631329536437988,0.005185902118682861,"[""PO25CL-GEN-C03-P21-A03"", ""PO25CL-GEN-C03-P21-A01"", ""PO25CL-GEN-C03-P21-A02"", ""PO25CL-GEN-C03-P21-A04"", ""PO25CL-GEN-C03-P23-U01"", ""PO25CL-GEN-C04-P25-A03"", ""PO25CL-GEN-C04-P25-A06"", ""PO25CL-GEN-C03-P15-A03"", ""PO25CL-GEN-C03-P15-A07"", ""PO25CL-GEN-C01-P01-A02""]","[0.8683188557624817, 0.8631329536437988, 0.8610660433769226, 0.854318380355835, 0.8515496253967285, 0.8503744602203369, 0.847078800201416, 0.8470291495323181, 0.846671462059021, 0.845268726348877]",[2],2.0,2.0,2.0,0.5,0.8631329536437988,0.8631329536437988,0.8683188557624817,-0.005185902118682861,-0.005185902118682861,0.0,0.0,0.0,1.0,1.0,1.0,1.0,1.0,1.0,1.0,1.0,1.0,1.0,1.0,1.0
Q0346,Nach welchem Paragraphen sind die Nachweise für die Abschlussdokumente vorzulegen?,fully_answerable,1,"[""PO25CL-GEN-C03-P21-A01""]",0.8638145923614502,0.8530389070510864,0.01077568531036377,"[""PO25CL-GEN-C03-P21-A02"", ""PO25CL-GEN-C03-P21-A01"", ""PO25CL-GEN-C04-P28-A05"", ""PO25CL-GEN-C03-P21-A03"", ""PO25CL-GEN-C03-P19-A01"", ""PO25CL-GEN-C04-P25-A05"", ""PO25CL-GEN-C03-P19-A10"", ""PO25CL-GEN-C03-P18-A03"", ""PO25CL-GEN-C04-P26-U01"", ""PO25CL-GEN-C03-P19-A02""]","[0.8638145923614502, 0.8530389070510864, 0.8486143946647644, 0.8467034697532654, 0.8420222401618958, 0.841736912727356, 0.84083092212677, 0.8407782912254333, 0.8406045436859131, 0.8396682143211365]",[2],2.0,2.0,2.0,0.5,0.8530389070510864,0.8530389070510864,0.8638145923614502,-0.01077568531036377,-0.01077568531036377,0.0,0.0,0.0,1.0,1.0,1.0,1.0,1.0,1.0,1.0,1.0,1.0,1.0,1.0,1.0
Q0347,Wie schnell soll das Bachelorzeugnis grundsätzlich ausgestellt werden?,fully_answerable,1,"[""PO25CL-GEN-C03-P21-A02""]",0.881187915802002,0.8655583262443542,0.015629589557647705,"[""PO25CL-GEN-C03-P21-A02"", ""PO25CL-GEN-C03-P16-A03"", ""PO25CL-GEN-C03-P20-A04"", ""PO25CL-GEN-C03-P15-A05"", ""PO25CL-GEN-C03-P21-A01"", ""PO25CL-GEN-C03-P15-A04"", ""PO25CL-GEN-C03-P16-A01"", ""PO25CL-GEN-C03-P21-A03"", ""PO25CL-GEN-C03-P15-A01"", ""PO25CL-GEN-C03-P20-A03""]","[0.881187915802002, 0.8655583262443542, 0.8653725981712341, 0.8601113557815552, 0.8594747185707092, 0.8584126234054565, 0.8571374416351318, 0.8555663228034973, 0.8408151865005493, 0.8388065099716187]",[1],1.0,1.0,1.0,1.0,0.881187915802002,0.881187915802002,0.8655583262443542,0.015629589557647705,0.015629589557647705,1.0,1.0,1.0,1.0,1.0,1.0,1.0,1.0,1.0,1.0,1.0,1.0,1.0,1.0,1.0
Q0348,Innerhalb welcher Frist soll das Bachelorzeugnis möglichst ausgestellt werden?,fully_answerable,1,"[""PO25CL-GEN-C03-P21-A02""]",0.8869726657867432,0.8801734447479248,0.006799221038818359,"[""PO25CL-GEN-C03-P21-A02"", ""PO25CL-GEN-C03-P20-A04"", ""PO25CL-GEN-C03-P16-A03"", ""PO25CL-GEN-C03-P15-A04"", ""PO25CL-GEN-C03-P21-A01"", ""PO25CL-GEN-C03-P15-A05"", ""PO25CL-GEN-C03-P16-A01"", ""PO25CL-GEN-C03-P21-A03"", ""PO25CL-GEN-C03-P20-A03"", ""PO25CL-GEN-C03-P11-A09""]","[0.8869726657867432, 0.8801734447479248, 0.8754412531852722, 0.8738477230072021, 0.8727553486824036, 0.868248701095581, 0.8679918050765991, 0.8663209676742554, 0.8514279723167419, 0.8494646549224854]",[1],1.0,1.0,1.0,1.0,0.8869726657867432,0.8869726657867432,0.8801734447479248,0.006799221038818359,0.006799221038818359,1.0,1.0,1.0,1.0,1.0,1.0,1.0,1.0,1.0,1.0,1.0,1.0,1.0,1.0,1.0
Q0349,Enthält das Bachelorzeugnis die Noten der Prüfungen?,fully_answerable,1,"[""PO25CL-GEN-C03-P21-A02""]",0.8919941782951355,0.8745453357696533,0.017448842525482178,"[""PO25CL-GEN-C03-P21-A02"", ""PO25CL-GEN-C03-P21-A01"", ""PO25CL-GEN-C03-P21-A03"", ""PO25CL-GEN-C03-P18-A07"", ""PO25CL-GEN-C03-P20-A01"", ""PO25CL-GEN-C03-P18-A05"", ""PO25CL-GEN-C03-P18-A06"", ""PO25CL-GEN-C03-P18-A03"", ""PO25CL-GEN-C03-P19-A01"", ""PO25CL-GEN-C03-P12-A02""]","[0.8919941782951355, 0.8745453357696533, 0.8726966381072998, 0.8711695671081543, 0.8667235970497131, 0.8665745258331299, 0.8601232767105103, 0.8550723791122437, 0.855010986328125, 0.8549989461898804]",[1],1.0,1.0,1.0,1.0,0.8919941782951355,0.8919941782951355,0.8745453357696533,0.017448842525482178,0.017448842525482178,1.0,1.0,1.0,1.0,1.0,1.0,1.0,1.0,1.0,1.0,1.0,1.0,1.0,1.0,1.0
Q0350,Welche Angabe zur Bachelorarbeit enthält das Zeugnis neben der Note?,fully_answerable,1,"[""PO25CL-GEN-C03-P21-A02""]",0.8818983435630798,0.8705214262008667,0.011376917362213135,"[""PO25CL-GEN-C03-P21-A02"", ""PO25CL-GEN-C03-P21-A03"", ""PO25CL-GEN-C03-P18-A05"", ""PO25CL-GEN-C03-P18-A06"", ""PO25CL-GEN-C03-P15-A09"", ""PO25CL-GEN-C03-P18-A07"", ""PO25CL-GEN-C03-P21-A01"", ""PO25CL-GEN-C03-P20-A01"", ""PO25CL-GEN-C03-P18-A03"", ""PO25CL-GEN-C03-P15-A02""]","[0.8818983435630798, 0.8705214262008667, 0.8535758256912231, 0.8517540693283081, 0.8399157524108887, 0.8389601707458496, 0.8370671272277832, 0.8368034362792969, 0.8319716453552246, 0.83158278465271]",[1],1.0,1.0,1.0,1.0,0.8818983435630798,0.8818983435630798,0.8705214262008667,0.011376917362213135,0.011376917362213135,1.0,1.0,1.0,1.0,1.0,1.0,1.0,1.0,1.0,1.0,1.0,1.0,1.0,1.0,1.0
Q0351,Führt das Transcript of Records die zugeordneten Lehrveranstaltungen auf?,fully_answerable,1,"[""PO25CL-GEN-C03-P21-A02""]",0.8175879716873169,0.8163313269615173,0.0012566447257995605,"[""PO25CL-GEN-C02-P06-U01"", ""PO25CL-GEN-C02-P07-A03"", ""PO25CL-GEN-C02-P08-U01"", ""PO25CL-GEN-C03-P21-A02"", ""PO25CL-GEN-C02-P07-A04"", ""PO25CL-GEN-C03-P11-A02"", ""PO25CL-PLAN-S03-M01"", ""PO25CL-PLAN-S04-M05"", ""PO25CL-PLAN-S02-M04"", ""PO25CL-PLAN-S04-M01""]","[0.8175879716873169, 0.8163313269615173, 0.8140532970428467, 0.8140379786491394, 0.8135045766830444, 0.8134109973907471, 0.8126838207244873, 0.8122217655181885, 0.8091062307357788, 0.8081494569778442]",[4],4.0,4.0,4.0,0.25,0.8140379786491394,0.8140379786491394,0.8175879716873169,-0.0035499930381774902,-0.0035499930381774902,0.0,0.0,0.0,0.0,0.0,0.0,0.0,0.0,0.0,1.0,1.0,1.0,1.0,1.0,1.0
Q0352,Welche Abschlussnote enthält das Bachelorzeugnis?,fully_answerable,1,"[""PO25CL-GEN-C03-P21-A02""]",0.8937814235687256,0.8880332112312317,0.0057482123374938965,"[""PO25CL-GEN-C03-P21-A02"", ""PO25CL-GEN-C03-P21-A03"", ""PO25CL-GEN-C03-P21-A01"", ""PO25CL-GEN-C03-P18-A07"", ""PO25CL-GEN-C03-P21-A04"", ""PO25CL-GEN-C03-P18-A06"", ""PO25CL-GEN-C03-P18-A05"", ""PO25CL-GEN-C03-P18-A03"", ""PO25CL-GEN-C03-P22-U01"", ""PO25CL-GEN-C03-P19-A01""]","[0.8937814235687256, 0.8880332112312317, 0.8835409879684448, 0.878192663192749, 0.8681146502494812, 0.8678781986236572, 0.8678481578826904, 0.8596241474151611, 0.8594322204589844, 0.8542695641517639]",[1],1.0,1.0,1.0,1.0,0.8937814235687256,0.8937814235687256,0.8880332112312317,0.0057482123374938965,0.0057482123374938965,1.0,1.0,1.0,1.0,1.0,1.0,1.0,1.0,1.0,1.0,1.0,1.0,1.0,1.0,1.0
Q0353,In welcher Form werden die Noten im Zeugnis angegeben?,fully_answerable,1,"[""PO25CL-GEN-C03-P21-A02""]",0.8572276830673218,0.8394777178764343,0.01774996519088745,"[""PO25CL-GEN-C03-P21-A02"", ""PO25CL-GEN-C03-P18-A07"", ""PO25CL-GEN-C03-P21-A03"", ""PO25CL-GEN-C03-P18-A04"", ""PO25CL-GEN-C03-P18-A01"", ""PO25CL-GEN-C03-P18-A08"", ""PO25CL-GEN-C03-P20-A01"", ""PO25CL-GEN-C03-P18-A03"", ""PO25CL-GEN-C03-P18-A05"", ""PO25CL-GEN-C03-P19-A08""]","[0.8572276830673218, 0.8394777178764343, 0.8357864618301392, 0.8351461887359619, 0.8326714038848877, 0.8319212794303894, 0.8307527303695679, 0.8300498723983765, 0.8294767141342163, 0.8259957432746887]",[1],1.0,1.0,1.0,1.0,0.8572276830673218,0.8572276830673218,0.8394777178764343,0.01774996519088745,0.01774996519088745,1.0,1.0,1.0,1.0,1.0,1.0,1.0,1.0,1.0,1.0,1.0,1.0,1.0,1.0,1.0
Q0354,Wird neben dem Bachelorzeugnis ein Diploma Supplement ausgehändigt?,fully_answerable,1,"[""PO25CL-GEN-C03-P21-A02""]",0.8891017436981201,0.863465428352356,0.02563631534576416,"[""PO25CL-GEN-C03-P21-A02"", ""PO25CL-GEN-C03-P21-A03"", ""PO25CL-GEN-C03-P21-A01"", ""PO25CL-GEN-C03-P21-A04"", ""PO25CL-GEN-C03-P19-A10"", ""PO25CL-GEN-C01-P04-A01"", ""PO25CL-GEN-C03-P20-A04"", ""PO25CL-GEN-C03-P19-A01"", ""PO25CL-GEN-C01-P04-A02"", ""PO25CL-GEN-C03-P18-A06""]","[0.8891017436981201, 0.863465428352356, 0.8417435884475708, 0.8399268984794617, 0.8345330953598022, 0.8311975598335266, 0.8311736583709717, 0.8310245871543884, 0.830847978591919, 0.8302583694458008]",[1],1.0,1.0,1.0,1.0,0.8891017436981201,0.8891017436981201,0.863465428352356,0.02563631534576416,0.02563631534576416,1.0,1.0,1.0,1.0,1.0,1.0,1.0,1.0,1.0,1.0,1.0,1.0,1.0,1.0,1.0
Q0355,Was beschreibt das Diploma Supplement allgemein?,fully_answerable,1,"[""PO25CL-GEN-C03-P21-A02""]",0.8595336675643921,0.8158582448959351,0.04367542266845703,"[""PO25CL-GEN-C03-P21-A02"", ""PO25CL-GEN-C01-P04-A02"", ""PO25CL-GEN-C03-P18-A06"", ""PO25CL-GEN-C03-P21-A03"", ""PO25CL-GEN-C04-P28-A02"", ""PO25CL-GEN-C01-P05-A02"", ""PO25CL-GEN-C01-P02-A02"", ""PO25CL-GEN-C01-P03-A02"", ""PO25CL-GEN-C02-P07-A04"", ""PO25CL-GEN-C04-P28-A07""]","[0.8595336675643921, 0.8158582448959351, 0.8151634335517883, 0.8145632147789001, 0.8127180337905884, 0.8117213249206543, 0.8106770515441895, 0.8097280263900757, 0.8095843195915222, 0.8090972304344177]",[1],1.0,1.0,1.0,1.0,0.8595336675643921,0.8595336675643921,0.8158582448959351,0.04367542266845703,0.04367542266845703,1.0,1.0,1.0,1.0,1.0,1.0,1.0,1.0,1.0,1.0,1.0,1.0,1.0,1.0,1.0
Q0356,Führt das Transcript of Records die absolvierten Module auf?,fully_answerable,1,"[""PO25CL-GEN-C03-P21-A02""]",0.8296911120414734,0.8271092176437378,0.0025818943977355957,"[""PO25CL-GEN-C03-P17-A01"", ""PO25CL-PLAN-S04-M01"", ""PO25CL-GEN-C03-P14-A01"", ""PO25CL-PLAN-S02-M02"", ""PO25CL-PLAN-S03-M01"", ""PO25CL-GEN-C03-P19-A09"", ""PO25CL-GEN-C03-P11-A04"", ""PO25CL-PLAN-S03-M04"", ""PO25CL-PLAN-S04-M02"", ""PO25CL-GEN-C03-P11-A06""]","[0.8296911120414734, 0.8271092176437378, 0.8270344734191895, 0.8250807523727417, 0.8247246742248535, 0.8230084776878357, 0.822464108467102, 0.8223370909690857, 0.8222425580024719, 0.8216718435287476]",[22],22.0,22.0,22.0,0.045454545454545456,0.8190619349479675,0.8190619349479675,0.8296911120414734,-0.01062917709350586,-0.01062917709350586,0.0,0.0,0.0,0.0,0.0,0.0,0.0,0.0,0.0,0.0,0.0,0.0,0.0,0.0,0.0
Q0357,Welche Fassung des Diploma Supplements ist zu verwenden?,fully_answerable,1,"[""PO25CL-GEN-C03-P21-A02""]",0.8648439645767212,0.8231504559516907,0.04169350862503052,"[""PO25CL-GEN-C03-P21-A02"", ""PO25CL-GEN-C03-P15-A03"", ""PO25CL-GEN-C03-P21-A03"", ""PO25CL-GEN-C03-P18-A06"", ""PO25CL-GEN-C03-P21-A01"", ""PO25CL-GEN-C03-P15-A07"", ""PO25CL-GEN-C03-P15-A05"", ""PO25CL-GEN-C04-P28-A02"", ""PO25CL-GEN-C01-P05-A02"", ""PO25CL-GEN-C03-P12-A02""]","[0.8648439645767212, 0.8231504559516907, 0.8218379020690918, 0.8211476802825928, 0.8172475099563599, 0.8170024752616882, 0.8161153793334961, 0.815341591835022, 0.8152459263801575, 0.8150802850723267]",[1],1.0,1.0,1.0,1.0,0.8648439645767212,0.8648439645767212,0.8231504559516907,0.04169350862503052,0.04169350862503052,1.0,1.0,1.0,1.0,1.0,1.0,1.0,1.0,1.0,1.0,1.0,1.0,1.0,1.0,1.0
Q0358,Wer unterzeichnet das Zeugnis im Auftrag des Prüfungsausschussvorsitzes?,fully_answerable,1,"[""PO25CL-GEN-C03-P21-A02""]",0.8455908298492432,0.8440001010894775,0.001590728759765625,"[""PO25CL-GEN-C03-P21-A02"", ""PO25CL-GEN-C04-P24-A06"", ""PO25CL-GEN-C03-P15-A03"", ""PO25CL-GEN-C04-P25-A02"", ""PO25CL-GEN-C04-P24-A05"", ""PO25CL-GEN-C04-P24-A04"", ""PO25CL-GEN-C04-P24-A03"", ""PO25CL-GEN-C04-P25-A01"", ""PO25CL-GEN-C03-P12-A04"", ""PO25CL-GEN-C04-P25-A05""]","[0.8455908298492432, 0.8440001010894775, 0.8403752446174622, 0.8395262956619263, 0.8376004099845886, 0.8361202478408813, 0.8352886438369751, 0.8338459730148315, 0.8331731557846069, 0.8325356245040894]",[1],1.0,1.0,1.0,1.0,0.8455908298492432,0.8455908298492432,0.8440001010894775,0.001590728759765625,0.001590728759765625,1.0,1.0,1.0,1.0,1.0,1.0,1.0,1.0,1.0,1.0,1.0,1.0,1.0,1.0,1.0
Q0359,Welches Leistungsdatum trägt das Zeugnis zusätzlich zum Ausstellungsdatum?,fully_answerable,1,"[""PO25CL-GEN-C03-P21-A02""]",0.8483413457870483,0.8436156511306763,0.00472569465637207,"[""PO25CL-GEN-C03-P21-A02"", ""PO25CL-GEN-C03-P21-A03"", ""PO25CL-GEN-C03-P21-A01"", ""PO25CL-GEN-C04-P30-U01"", ""PO25CL-GEN-C04-P28-A06"", ""PO25CL-GEN-C03-P17-A01"", ""PO25CL-GEN-C03-P20-A04"", ""PO25CL-GEN-C04-P28-A05"", ""PO25CL-GEN-C01-P02-A03"", ""PO25CL-GEN-C04-P28-A01""]","[0.8483413457870483, 0.8436156511306763, 0.8307738304138184, 0.8147377967834473, 0.8126506209373474, 0.812017023563385, 0.8105854988098145, 0.8100411891937256, 0.8099477291107178, 0.8096520900726318]",[1],1.0,1.0,1.0,1.0,0.8483413457870483,0.8483413457870483,0.8436156511306763,0.00472569465637207,0.00472569465637207,1.0,1.0,1.0,1.0,1.0,1.0,1.0,1.0,1.0,1.0,1.0,1.0,1.0,1.0,1.0
Q0360,Welches Dokument wird mit dem Datum des Zeugnisses zusätzlich ausgehändigt?,fully_answerable,1,"[""PO25CL-GEN-C03-P21-A03""]",0.8715258836746216,0.8668464422225952,0.004679441452026367,"[""PO25CL-GEN-C03-P21-A03"", ""PO25CL-GEN-C03-P21-A02"", ""PO25CL-GEN-C03-P20-A04"", ""PO25CL-GEN-C03-P20-A01"", ""PO25CL-GEN-C03-P20-A02"", ""PO25CL-GEN-C03-P16-A01"", ""PO25CL-GEN-C04-P26-U01"", ""PO25CL-GEN-C03-P11-A04"", ""PO25CL-GEN-C03-P18-A08"", ""PO25CL-GEN-C03-P21-A01""]","[0.8715258836746216, 0.8668464422225952, 0.8308510780334473, 0.8281461000442505, 0.8239274024963379, 0.823305070400238, 0.8230524063110352, 0.8220244646072388, 0.8215470314025879, 0.8195455074310303]",[1],1.0,1.0,1.0,1.0,0.8715258836746216,0.8715258836746216,0.8668464422225952,0.004679441452026367,0.004679441452026367,1.0,1.0,1.0,1.0,1.0,1.0,1.0,1.0,1.0,1.0,1.0,1.0,1.0,1.0,1.0
Q0361,Welcher akademische Grad wird in der Bachelorurkunde beurkundet?,fully_answerable,1,"[""PO25CL-GEN-C03-P21-A03""]",0.8820651769638062,0.8686192035675049,0.01344597339630127,"[""PO25CL-GEN-C03-P21-A03"", ""PO25CL-GEN-C03-P21-A04"", ""PO25CL-GEN-C03-P22-U01"", ""PO25CL-GEN-C03-P23-U01"", ""PO25CL-GEN-C03-P21-A01"", ""PO25CL-GEN-C03-P10-U01"", ""PO25CL-GEN-C01-P03-A05"", ""PO25CL-GEN-C01-P01-A02"", ""PO25CL-GEN-C03-P16-A02"", ""PO25CL-GEN-C03-P18-A05""]","[0.8820651769638062, 0.8686192035675049, 0.868256688117981, 0.8614672422409058, 0.8503146171569824, 0.8450002670288086, 0.8445544242858887, 0.8411659002304077, 0.8393980860710144, 0.8389356136322021]",[1],1.0,1.0,1.0,1.0,0.8820651769638062,0.8820651769638062,0.8686192035675049,0.01344597339630127,0.01344597339630127,1.0,1.0,1.0,1.0,1.0,1.0,1.0,1.0,1.0,1.0,1.0,1.0,1.0,1.0,1.0
Q0362,Wer unterzeichnet die Bachelorurkunde?,fully_answerable,1,"[""PO25CL-GEN-C03-P21-A04""]",0.882998526096344,0.8639823198318481,0.01901620626449585,"[""PO25CL-GEN-C03-P21-A04"", ""PO25CL-GEN-C03-P21-A03"", ""PO25CL-GEN-C03-P21-A01"", ""PO25CL-GEN-C03-P21-A02"", ""PO25CL-GEN-C03-P23-U01"", ""PO25CL-GEN-C03-P22-U01"", ""PO25CL-GEN-C01-P01-A02"", ""PO25CL-GEN-C03-P15-A01"", ""PO25CL-GEN-C03-P16-A02"", ""PO25CL-GEN-C03-P16-A03""]","[0.882998526096344, 0.8639823198318481, 0.8478131294250488, 0.8347771167755127, 0.8330218195915222, 0.8285261392593384, 0.8253157138824463, 0.8251878023147583, 0.8233964443206787, 0.8198572397232056]",[1],1.0,1.0,1.0,1.0,0.882998526096344,0.882998526096344,0.8639823198318481,0.01901620626449585,0.01901620626449585,1.0,1.0,1.0,1.0,1.0,1.0,1.0,1.0,1.0,1.0,1.0,1.0,1.0,1.0,1.0
Q0363,Mit welchem Kennzeichen der Universität wird die Bachelorurkunde versehen?,fully_answerable,1,"[""PO25CL-GEN-C03-P21-A04""]",0.8663778305053711,0.865792989730835,0.0005848407745361328,"[""PO25CL-GEN-C03-P21-A04"", ""PO25CL-GEN-C03-P21-A03"", ""PO25CL-GEN-C03-P21-A01"", ""PO25CL-GEN-C03-P22-U01"", ""PO25CL-GEN-C03-P21-A02"", ""PO25CL-GEN-C03-P23-U01"", ""PO25CL-GEN-C01-P01-A02"", ""PO25CL-PLAN-LEGEND"", ""PO25CL-FRONT-TITLE"", ""PO25CL-GEN-C03-P19-A10""]","[0.8663778305053711, 0.865792989730835, 0.8493040800094604, 0.8369220495223999, 0.8324404954910278, 0.8312522172927856, 0.8266165256500244, 0.8226425647735596, 0.8189685344696045, 0.8177251815795898]",[1],1.0,1.0,1.0,1.0,0.8663778305053711,0.8663778305053711,0.865792989730835,0.0005848407745361328,0.0005848407745361328,1.0,1.0,1.0,1.0,1.0,1.0,1.0,1.0,1.0,1.0,1.0,1.0,1.0,1.0,1.0
Q0364,Welche Fakultät verleiht nach bestandener Bachelorprüfung den akademischen Grad?,fully_answerable,1,"[""PO25CL-GEN-C03-P22-U01""]",0.8960544466972351,0.8636133074760437,0.032441139221191406,"[""PO25CL-GEN-C03-P22-U01"", ""PO25CL-GEN-C03-P21-A03"", ""PO25CL-GEN-C03-P23-U01"", ""PO25CL-GEN-C03-P21-A04"", ""PO25CL-GEN-C03-P10-U01"", ""PO25CL-FRONT-TITLE"", ""PO25CL-GEN-C03-P19-A01"", ""PO25CL-GEN-C01-P01-A02"", ""PO25CL-GEN-C03-P21-A01"", ""PO25CL-GEN-C03-P19-A09""]","[0.8960544466972351, 0.8636133074760437, 0.8522080183029175, 0.8519389629364014, 0.8450633883476257, 0.8390920162200928, 0.8373337984085083, 0.8366064429283142, 0.83558589220047, 0.8347635269165039]",[1],1.0,1.0,1.0,1.0,0.8960544466972351,0.8960544466972351,0.8636133074760437,0.032441139221191406,0.032441139221191406,1.0,1.0,1.0,1.0,1.0,1.0,1.0,1.0,1.0,1.0,1.0,1.0,1.0,1.0,1.0
Q0365,Wie lautet die Abkürzung des verliehenen Bachelorgrades?,fully_answerable,1,"[""PO25CL-GEN-C03-P22-U01""]",0.8677260875701904,0.8662985563278198,0.0014275312423706055,"[""PO25CL-GEN-C03-P22-U01"", ""PO25CL-GEN-C03-P21-A03"", ""PO25CL-PLAN-LEGEND"", ""PO25CL-GEN-C03-P23-U01"", ""PO25CL-GEN-C03-P21-A04"", ""PO25CL-GEN-C03-P18-A07"", ""PO25CL-GEN-C03-P21-A02"", ""PO25CL-GEN-C03-P16-A01"", ""PO25CL-PLAN-S06-M02"", ""PO25CL-GEN-C03-P15-A01""]","[0.8677260875701904, 0.8662985563278198, 0.8610384464263916, 0.8399882912635803, 0.8339213728904724, 0.8279931545257568, 0.8279101848602295, 0.8238835334777832, 0.8233915567398071, 0.8230205178260803]",[1],1.0,1.0,1.0,1.0,0.8677260875701904,0.8677260875701904,0.8662985563278198,0.0014275312423706055,0.0014275312423706055,1.0,1.0,1.0,1.0,1.0,1.0,1.0,1.0,1.0,1.0,1.0,1.0,1.0,1.0,1.0
Q0366,Kann der Bachelorgrad wegen nachträglich festgestellter Täuschung aberkannt werden?,fully_answerable,1,"[""PO25CL-GEN-C03-P23-U01""]",0.8960961103439331,0.8520990610122681,0.04399704933166504,"[""PO25CL-GEN-C03-P23-U01"", ""PO25CL-GEN-C03-P20-A01"", ""PO25CL-GEN-C03-P19-A06"", ""PO25CL-GEN-C03-P19-A09"", ""PO25CL-GEN-C03-P19-A10"", ""PO25CL-GEN-C03-P21-A03"", ""PO25CL-GEN-C03-P17-A05"", ""PO25CL-GEN-C03-P15-A04"", ""PO25CL-GEN-C03-P20-A04"", ""PO25CL-GEN-C03-P17-A06""]","[0.8960961103439331, 0.8520990610122681, 0.8467515707015991, 0.8463932275772095, 0.8414169549942017, 0.8355206847190857, 0.8347061276435852, 0.8327755928039551, 0.8319793939590454, 0.8297810554504395]",[1],1.0,1.0,1.0,1.0,0.8960961103439331,0.8960961103439331,0.8520990610122681,0.04399704933166504,0.04399704933166504,1.0,1.0,1.0,1.0,1.0,1.0,1.0,1.0,1.0,1.0,1.0,1.0,1.0,1.0,1.0
Q0367,Kann der Bachelorgrad bei irrtümlich angenommenen wesentlichen Voraussetzungen aberkannt werden?,fully_answerable,1,"[""PO25CL-GEN-C03-P23-U01""]",0.8808754086494446,0.8476681113243103,0.03320729732513428,"[""PO25CL-GEN-C03-P23-U01"", ""PO25CL-GEN-C03-P19-A06"", ""PO25CL-GEN-C03-P12-A05"", ""PO25CL-GEN-C03-P15-A08"", ""PO25CL-GEN-C03-P19-A09"", ""PO25CL-GEN-C01-P01-A02"", ""PO25CL-GEN-C03-P19-A10"", ""PO25CL-GEN-C03-P20-A02"", ""PO25CL-GEN-C04-P28-A09"", ""PO25CL-GEN-C03-P21-A03""]","[0.8808754086494446, 0.8476681113243103, 0.8428228497505188, 0.8406013250350952, 0.8373253345489502, 0.8370031714439392, 0.8364425897598267, 0.8347084522247314, 0.8340368866920471, 0.8320541381835938]",[1],1.0,1.0,1.0,1.0,0.8808754086494446,0.8808754086494446,0.8476681113243103,0.03320729732513428,0.03320729732513428,1.0,1.0,1.0,1.0,1.0,1.0,1.0,1.0,1.0,1.0,1.0,1.0,1.0,1.0,1.0
Q0368,Welche Vorschrift gilt bei der Aberkennung des Bachelorgrades entsprechend?,fully_answerable,1,"[""PO25CL-GEN-C03-P23-U01""]",0.894903838634491,0.8693187236785889,0.0255851149559021,"[""PO25CL-GEN-C03-P23-U01"", ""PO25CL-GEN-C03-P21-A03"", ""PO25CL-GEN-C03-P19-A10"", ""PO25CL-GEN-C03-P22-U01"", ""PO25CL-GEN-C01-P01-A02"", ""PO25CL-GEN-C03-P15-A06"", ""PO25CL-GEN-C03-P10-U01"", ""PO25CL-GEN-C03-P18-A05"", ""PO25CL-GEN-C03-P21-A04"", ""PO25CL-GEN-C03-P17-A06""]","[0.894903838634491, 0.8693187236785889, 0.8607670664787292, 0.8557974100112915, 0.8488569259643555, 0.8462590575218201, 0.8419749736785889, 0.8405523300170898, 0.8404234647750854, 0.84031081199646]",[1],1.0,1.0,1.0,1.0,0.894903838634491,0.894903838634491,0.8693187236785889,0.0255851149559021,0.0255851149559021,1.0,1.0,1.0,1.0,1.0,1.0,1.0,1.0,1.0,1.0,1.0,1.0,1.0,1.0,1.0
Q0369,Wer entscheidet über die Aberkennung des Bachelorgrades?,fully_answerable,1,"[""PO25CL-GEN-C03-P23-U01""]",0.8897812366485596,0.8510867357254028,0.03869450092315674,"[""PO25CL-GEN-C03-P23-U01"", ""PO25CL-GEN-C03-P21-A03"", ""PO25CL-GEN-C03-P22-U01"", ""PO25CL-GEN-C03-P19-A10"", ""PO25CL-GEN-C03-P21-A04"", ""PO25CL-GEN-C01-P01-A02"", ""PO25CL-GEN-C03-P20-A03"", ""PO25CL-GEN-C03-P10-U01"", ""PO25CL-GEN-C03-P20-A02"", ""PO25CL-GEN-C03-P16-A03""]","[0.8897812366485596, 0.8510867357254028, 0.8435847759246826, 0.843135416507721, 0.8417206406593323, 0.8376132845878601, 0.8323358297348022, 0.8317943811416626, 0.8287521600723267, 0.8278893828392029]",[1],1.0,1.0,1.0,1.0,0.8897812366485596,0.8897812366485596,0.8510867357254028,0.03869450092315674,0.03869450092315674,1.0,1.0,1.0,1.0,1.0,1.0,1.0,1.0,1.0,1.0,1.0,1.0,1.0,1.0,1.0
Q0370,Unterliegen die Mitglieder des Prüfungsausschusses der Amtsverschwiegenheit?,fully_answerable,1,"[""PO25CL-GEN-C04-P24-A05""]",0.8994259834289551,0.8905432224273682,0.008882761001586914,"[""PO25CL-GEN-C04-P24-A05"", ""PO25CL-GEN-C04-P25-A01"", ""PO25CL-GEN-C04-P24-A03"", ""PO25CL-GEN-C04-P24-A04"", ""PO25CL-GEN-C04-P24-A06"", ""PO25CL-GEN-C04-P28-A08"", ""PO25CL-GEN-C04-P25-A05"", ""PO25CL-GEN-C04-P24-A02"", ""PO25CL-GEN-C04-P24-A01"", ""PO25CL-GEN-C04-P25-A02""]","[0.8994259834289551, 0.8905432224273682, 0.8614180684089661, 0.8562077283859253, 0.8545960783958435, 0.8506700396537781, 0.8505547046661377, 0.8490089774131775, 0.8458067774772644, 0.8443807363510132]",[1],1.0,1.0,1.0,1.0,0.8994259834289551,0.8994259834289551,0.8905432224273682,0.008882761001586914,0.008882761001586914,1.0,1.0,1.0,1.0,1.0,1.0,1.0,1.0,1.0,1.0,1.0,1.0,1.0,1.0,1.0
Q0371,Welche Fakultät bildet die Prüfungsausschüsse?,fully_answerable,1,"[""PO25CL-GEN-C04-P24-A01""]",0.8760302066802979,0.8634306192398071,0.012599587440490723,"[""PO25CL-GEN-C04-P24-A01"", ""PO25CL-GEN-C04-P24-A02"", ""PO25CL-GEN-C04-P24-A03"", ""PO25CL-GEN-C04-P24-A04"", ""PO25CL-GEN-C04-P24-A06"", ""PO25CL-GEN-C04-P25-A02"", ""PO25CL-GEN-C04-P28-A08"", ""PO25CL-GEN-C04-P24-A05"", ""PO25CL-GEN-C03-P12-A04"", ""PO25CL-GEN-C04-P25-A06""]","[0.8760302066802979, 0.8634306192398071, 0.8536190986633301, 0.8497470617294312, 0.8487606048583984, 0.84543776512146, 0.84211266040802, 0.8417264223098755, 0.8412283658981323, 0.8372896313667297]",[1],1.0,1.0,1.0,1.0,0.8760302066802979,0.8760302066802979,0.8634306192398071,0.012599587440490723,0.012599587440490723,1.0,1.0,1.0,1.0,1.0,1.0,1.0,1.0,1.0,1.0,1.0,1.0,1.0,1.0,1.0
Q0372,Welcher Prüfungsausschuss ist für die integrierten Studiengänge zuständig?,fully_answerable,1,"[""PO25CL-GEN-C04-P24-A01""]",0.8674184083938599,0.8580147624015808,0.009403645992279053,"[""PO25CL-GEN-C04-P24-A01"", ""PO25CL-GEN-C04-P24-A04"", ""PO25CL-GEN-C04-P24-A03"", ""PO25CL-GEN-C04-P24-A02"", ""PO25CL-GEN-C04-P28-A06"", ""PO25CL-GEN-C04-P28-A08"", ""PO25CL-GEN-C04-P24-A06"", ""PO25CL-GEN-C04-P29-U01"", ""PO25CL-GEN-C03-P12-A04"", ""PO25CL-GEN-C04-P28-A09""]","[0.8674184083938599, 0.8580147624015808, 0.8559818863868713, 0.855556070804596, 0.8549908399581909, 0.8545514345169067, 0.8530565500259399, 0.8527729511260986, 0.8524552583694458, 0.8498997092247009]",[1],1.0,1.0,1.0,1.0,0.8674184083938599,0.8674184083938599,0.8580147624015808,0.009403645992279053,0.009403645992279053,1.0,1.0,1.0,1.0,1.0,1.0,1.0,1.0,1.0,1.0,1.0,1.0,1.0,1.0,1.0
Q0373,Ist ein Prüfungsausschuss für die Kernfächer zuständig?,fully_answerable,1,"[""PO25CL-GEN-C04-P24-A01""]",0.8727068901062012,0.8626722097396851,0.010034680366516113,"[""PO25CL-GEN-C04-P24-A01"", ""PO25CL-GEN-C04-P24-A02"", ""PO25CL-GEN-C04-P25-A02"", ""PO25CL-GEN-C04-P24-A04"", ""PO25CL-GEN-C04-P24-A06"", ""PO25CL-GEN-C03-P12-A04"", ""PO25CL-GEN-C04-P28-A08"", ""PO25CL-GEN-C04-P24-A03"", ""PO25CL-GEN-C04-P24-A05"", ""PO25CL-GEN-C04-P28-A09""]","[0.8727068901062012, 0.8626722097396851, 0.8606354594230652, 0.859816312789917, 0.857075035572052, 0.8511042594909668, 0.8509302139282227, 0.8496893048286438, 0.8476232290267944, 0.8462520241737366]",[1],1.0,1.0,1.0,1.0,0.8727068901062012,0.8727068901062012,0.8626722097396851,0.010034680366516113,0.010034680366516113,1.0,1.0,1.0,1.0,1.0,1.0,1.0,1.0,1.0,1.0,1.0,1.0,1.0,1.0,1.0
Q0374,Welche Leitungsfunktion gehört einem Prüfungsausschuss an?,fully_answerable,1,"[""PO25CL-GEN-C04-P24-A01""]",0.86407870054245,0.8631607294082642,0.000917971134185791,"[""PO25CL-GEN-C04-P24-A02"", ""PO25CL-GEN-C04-P24-A06"", ""PO25CL-GEN-C04-P24-A04"", ""PO25CL-GEN-C04-P24-A03"", ""PO25CL-GEN-C04-P24-A05"", ""PO25CL-GEN-C04-P24-A01"", ""PO25CL-GEN-C03-P12-A04"", ""PO25CL-GEN-C04-P25-A02"", ""PO25CL-GEN-C04-P27-A03"", ""PO25CL-GEN-C04-P29-U01""]","[0.86407870054245, 0.8631607294082642, 0.8608201742172241, 0.8597692251205444, 0.8544784188270569, 0.8526475429534912, 0.8471189737319946, 0.8466705083847046, 0.8450625538825989, 0.8431902527809143]",[6],6.0,6.0,6.0,0.16666666666666666,0.8526475429534912,0.8526475429534912,0.86407870054245,-0.01143115758895874,-0.01143115758895874,0.0,0.0,0.0,0.0,0.0,0.0,0.0,0.0,0.0,0.0,0.0,0.0,1.0,1.0,1.0
Q0375,Wie viele stellvertretende Vorsitzende hat ein Prüfungsausschuss?,fully_answerable,1,"[""PO25CL-GEN-C04-P24-A01""]",0.8754411935806274,0.8673757314682007,0.008065462112426758,"[""PO25CL-GEN-C04-P24-A03"", ""PO25CL-GEN-C04-P24-A01"", ""PO25CL-GEN-C04-P24-A06"", ""PO25CL-GEN-C04-P24-A02"", ""PO25CL-GEN-C04-P24-A05"", ""PO25CL-GEN-C04-P24-A04"", ""PO25CL-GEN-C03-P12-A04"", ""PO25CL-GEN-C04-P25-A06"", ""PO25CL-GEN-C04-P25-A02"", ""PO25CL-GEN-C04-P29-U01""]","[0.8754411935806274, 0.8673757314682007, 0.8586221933364868, 0.8561977744102478, 0.8556112051010132, 0.8554019927978516, 0.8492995500564575, 0.8447103500366211, 0.8438831567764282, 0.8404415845870972]",[2],2.0,2.0,2.0,0.5,0.8673757314682007,0.8673757314682007,0.8754411935806274,-0.008065462112426758,-0.008065462112426758,0.0,0.0,0.0,1.0,1.0,1.0,1.0,1.0,1.0,1.0,1.0,1.0,1.0,1.0,1.0
Q0376,Wie viele weitere Mitglieder gehören einem Prüfungsausschuss an?,fully_answerable,1,"[""PO25CL-GEN-C04-P24-A01""]",0.878341555595398,0.8664376735687256,0.011903882026672363,"[""PO25CL-GEN-C04-P24-A03"", ""PO25CL-GEN-C04-P24-A01"", ""PO25CL-GEN-C04-P24-A04"", ""PO25CL-GEN-C04-P24-A05"", ""PO25CL-GEN-C04-P24-A06"", ""PO25CL-GEN-C04-P25-A02"", ""PO25CL-GEN-C04-P24-A02"", ""PO25CL-GEN-C03-P12-A04"", ""PO25CL-GEN-C04-P25-A06"", ""PO25CL-GEN-C04-P28-A08""]","[0.878341555595398, 0.8664376735687256, 0.8654938340187073, 0.8513217568397522, 0.8510003685951233, 0.846393883228302, 0.8442192077636719, 0.8430503010749817, 0.8380988240242004, 0.837899386882782]",[2],2.0,2.0,2.0,0.5,0.8664376735687256,0.8664376735687256,0.878341555595398,-0.011903882026672363,-0.011903882026672363,0.0,0.0,0.0,1.0,1.0,1.0,1.0,1.0,1.0,1.0,1.0,1.0,1.0,1.0,1.0
Q0377,Wie viele Mitglieder vertreten insgesamt die Gruppe der Professorinnen und Professoren?,fully_answerable,1,"[""PO25CL-GEN-C04-P24-A01""]",0.7980260848999023,0.7980073094367981,1.8775463104248047e-05,"[""PO25CL-GEN-C04-P24-A03"", ""PO25CL-GEN-C02-P08-U01"", ""PO25CL-GEN-C04-P24-A01"", ""PO25CL-GEN-C04-P25-A03"", ""PO25CL-GEN-C01-P05-A02"", ""PO25CL-GEN-C05-P32-U01"", ""PO25CL-GEN-C04-P25-A02"", ""PO25CL-GEN-C03-P12-A02"", ""PO25CL-FRONT-TITLE"", ""PO25CL-GEN-C01-P03-A03""]","[0.7980260848999023, 0.7980073094367981, 0.7921278476715088, 0.7792853116989136, 0.7778421640396118, 0.7774171829223633, 0.7760531902313232, 0.7716770172119141, 0.7699376344680786, 0.7651246190071106]",[3],3.0,3.0,3.0,0.3333333333333333,0.7921278476715088,0.7921278476715088,0.7980260848999023,-0.005898237228393555,-0.005898237228393555,0.0,0.0,0.0,0.0,0.0,0.0,1.0,1.0,1.0,1.0,1.0,1.0,1.0,1.0,1.0
Q0378,Wie viele Mitglieder kommen aus der Gruppe der wissenschaftlichen Mitarbeiterinnen und Mitarbeiter?,fully_answerable,1,"[""PO25CL-GEN-C04-P24-A01""]",0.7936771512031555,0.7907735109329224,0.0029036402702331543,"[""PO25CL-GEN-C04-P24-A03"", ""PO25CL-GEN-C02-P08-U01"", ""PO25CL-GEN-C04-P24-A01"", ""PO25CL-GEN-C05-P32-U01"", ""PO25CL-GEN-C04-P25-A02"", ""PO25CL-GEN-C03-P14-A08"", ""PO25CL-APP-R06"", ""PO25CL-GEN-C04-P24-A04"", ""PO25CL-GEN-C03-P15-A08"", ""PO25CL-GEN-C01-P03-A03""]","[0.7936771512031555, 0.7907735109329224, 0.7882192134857178, 0.778895378112793, 0.7778974771499634, 0.7765796184539795, 0.7762765288352966, 0.77585768699646, 0.7740730047225952, 0.7737236022949219]",[3],3.0,3.0,3.0,0.3333333333333333,0.7882192134857178,0.7882192134857178,0.7936771512031555,-0.005457937717437744,-0.005457937717437744,0.0,0.0,0.0,0.0,0.0,0.0,1.0,1.0,1.0,1.0,1.0,1.0,1.0,1.0,1.0
Q0379,Wie viele Mitglieder kommen aus der Gruppe der Studierenden?,fully_answerable,1,"[""PO25CL-GEN-C04-P24-A01""]",0.8150900602340698,0.801353394985199,0.01373666524887085,"[""PO25CL-GEN-C02-P08-U01"", ""PO25CL-GEN-C04-P24-A03"", ""PO25CL-GEN-C04-P24-A01"", ""PO25CL-GEN-C02-P06-U01"", ""PO25CL-GEN-C04-P31-A01"", ""PO25CL-GEN-C03-P13-A02"", ""PO25CL-GEN-C01-P04-A03"", ""PO25CL-GEN-C03-P12-A02"", ""PO25CL-GEN-C04-P31-A02"", ""PO25CL-PLAN-S03-SUM""]","[0.8150900602340698, 0.801353394985199, 0.7948614358901978, 0.7890888452529907, 0.7877557277679443, 0.7867655158042908, 0.785980224609375, 0.7856895923614502, 0.7837192416191101, 0.7828894257545471]",[3],3.0,3.0,3.0,0.3333333333333333,0.7948614358901978,0.7948614358901978,0.8150900602340698,-0.02022862434387207,-0.02022862434387207,0.0,0.0,0.0,0.0,0.0,0.0,1.0,1.0,1.0,1.0,1.0,1.0,1.0,1.0,1.0
Q0380,Wird für jedes Ausschussmitglied eine Stellvertretung gewählt?,fully_answerable,1,"[""PO25CL-GEN-C04-P24-A01""]",0.8324680328369141,0.8240818977355957,0.00838613510131836,"[""PO25CL-GEN-C04-P29-U01"", ""PO25CL-GEN-C04-P24-A03"", ""PO25CL-GEN-C04-P24-A01"", ""PO25CL-GEN-C04-P24-A05"", ""PO25CL-GEN-C03-P12-A04"", ""PO25CL-GEN-C03-P17-A06"", ""PO25CL-GEN-C04-P24-A04"", ""PO25CL-GEN-C04-P24-A02"", ""PO25CL-GEN-C04-P25-A01"", ""PO25CL-GEN-C04-P25-A06""]","[0.8324680328369141, 0.8240818977355957, 0.8219878077507019, 0.8158199191093445, 0.813805341720581, 0.8136497735977173, 0.8087283372879028, 0.8076965808868408, 0.8012771606445312, 0.8007444143295288]",[3],3.0,3.0,3.0,0.3333333333333333,0.8219878077507019,0.8219878077507019,0.8324680328369141,-0.010480225086212158,-0.010480225086212158,0.0,0.0,0.0,0.0,0.0,0.0,1.0,1.0,1.0,1.0,1.0,1.0,1.0,1.0,1.0
Q0381,Wie lange dauert die Amtszeit der studentischen Mitglieder?,fully_answerable,1,"[""PO25CL-GEN-C04-P24-A01""]",0.8227049112319946,0.818119466304779,0.004585444927215576,"[""PO25CL-GEN-C04-P24-A01"", ""PO25CL-GEN-C03-P14-A03"", ""PO25CL-GEN-C03-P14-A10"", ""PO25CL-GEN-C03-P14-A04"", ""PO25CL-GEN-C03-P11-A09"", ""PO25CL-GEN-C04-P24-A03"", ""PO25CL-GEN-C04-P25-A06"", ""PO25CL-GEN-C01-P03-A01"", ""PO25CL-GEN-C03-P15-A04"", ""PO25CL-GEN-C03-P16-A03""]","[0.8227049112319946, 0.818119466304779, 0.8172006607055664, 0.8156613111495972, 0.8147702813148499, 0.8138740062713623, 0.8128513097763062, 0.8101239204406738, 0.8045258522033691, 0.8021825551986694]",[1],1.0,1.0,1.0,1.0,0.8227049112319946,0.8227049112319946,0.818119466304779,0.004585444927215576,0.004585444927215576,1.0,1.0,1.0,1.0,1.0,1.0,1.0,1.0,1.0,1.0,1.0,1.0,1.0,1.0,1.0
Q0382,Wie lange dauert die Amtszeit der übrigen Mitglieder?,fully_answerable,1,"[""PO25CL-GEN-C04-P24-A01""]",0.8052650690078735,0.8050856590270996,0.00017940998077392578,"[""PO25CL-GEN-C04-P25-A06"", ""PO25CL-GEN-C04-P24-A01"", ""PO25CL-GEN-C03-P14-A03"", ""PO25CL-GEN-C04-P26-U01"", ""PO25CL-GEN-C04-P24-A03"", ""PO25CL-GEN-C03-P14-A10"", ""PO25CL-GEN-C03-P15-A04"", ""PO25CL-GEN-C03-P20-A04"", ""PO25CL-GEN-C04-P24-A05"", ""PO25CL-GEN-C03-P13-A01""]","[0.8052650690078735, 0.8050856590270996, 0.7947319746017456, 0.7946212291717529, 0.7921423316001892, 0.7916654944419861, 0.7915065288543701, 0.7897936105728149, 0.7871828079223633, 0.7869820594787598]",[2],2.0,2.0,2.0,0.5,0.8050856590270996,0.8050856590270996,0.8052650690078735,-0.00017940998077392578,-0.00017940998077392578,0.0,0.0,0.0,1.0,1.0,1.0,1.0,1.0,1.0,1.0,1.0,1.0,1.0,1.0,1.0
Q0383,Ist eine Wiederwahl in den Prüfungsausschuss zulässig?,fully_answerable,1,"[""PO25CL-GEN-C04-P24-A01""]",0.8621677756309509,0.8577689528465271,0.004398822784423828,"[""PO25CL-GEN-C04-P24-A03"", ""PO25CL-GEN-C03-P19-A04"", ""PO25CL-GEN-C04-P24-A01"", ""PO25CL-GEN-C04-P24-A02"", ""PO25CL-GEN-C04-P24-A04"", ""PO25CL-GEN-C03-P19-A06"", ""PO25CL-GEN-C03-P17-A06"", ""PO25CL-GEN-C04-P26-U01"", ""PO25CL-GEN-C04-P24-A05"", ""PO25CL-GEN-C03-P17-A05""]","[0.8621677756309509, 0.8577689528465271, 0.8551703691482544, 0.8535841703414917, 0.8514032959938049, 0.8512884378433228, 0.8510749340057373, 0.850971519947052, 0.8493162393569946, 0.8484203815460205]",[3],3.0,3.0,3.0,0.3333333333333333,0.8551703691482544,0.8551703691482544,0.8621677756309509,-0.006997406482696533,-0.006997406482696533,0.0,0.0,0.0,0.0,0.0,0.0,1.0,1.0,1.0,1.0,1.0,1.0,1.0,1.0,1.0
Q0384,Worauf achtet der Prüfungsausschuss bei der Anwendung der Prüfungsordnung?,fully_answerable,1,"[""PO25CL-GEN-C04-P24-A02""]",0.8863804936408997,0.8660348057746887,0.020345687866210938,"[""PO25CL-GEN-C04-P24-A02"", ""PO25CL-GEN-C04-P24-A03"", ""PO25CL-GEN-C04-P25-A02"", ""PO25CL-GEN-C04-P24-A04"", ""PO25CL-GEN-C03-P12-A04"", ""PO25CL-GEN-C04-P28-A08"", ""PO25CL-GEN-C04-P24-A06"", ""PO25CL-GEN-C04-P24-A05"", ""PO25CL-GEN-C04-P24-A01"", ""PO25CL-GEN-C04-P28-A09""]","[0.8863804936408997, 0.8660348057746887, 0.8622438907623291, 0.8603207468986511, 0.8598908185958862, 0.8585975170135498, 0.8568275570869446, 0.8565051555633545, 0.854371190071106, 0.8496965765953064]",[1],1.0,1.0,1.0,1.0,0.8863804936408997,0.8863804936408997,0.8660348057746887,0.020345687866210938,0.020345687866210938,1.0,1.0,1.0,1.0,1.0,1.0,1.0,1.0,1.0,1.0,1.0,1.0,1.0,1.0,1.0
Q0385,Wer legt die Einzelheiten des Prüfungsverfahrens fest?,fully_answerable,1,"[""PO25CL-GEN-C04-P24-A02""]",0.8503957986831665,0.8486964702606201,0.0016993284225463867,"[""PO25CL-GEN-C03-P12-A04"", ""PO25CL-GEN-C03-P11-A07"", ""PO25CL-GEN-C03-P15-A03"", ""PO25CL-GEN-C04-P25-A02"", ""PO25CL-GEN-C04-P30-U01"", ""PO25CL-GEN-C03-P13-A01"", ""PO25CL-GEN-C03-P11-A09"", ""PO25CL-GEN-C04-P28-A08"", ""PO25CL-GEN-C03-P20-A02"", ""PO25CL-GEN-C04-P24-A02""]","[0.8503957986831665, 0.8486964702606201, 0.8435277938842773, 0.8370338678359985, 0.8367966413497925, 0.835906982421875, 0.8350736498832703, 0.8337060213088989, 0.8336551785469055, 0.8333321213722229]",[10],10.0,10.0,10.0,0.1,0.8333321213722229,0.8333321213722229,0.8503957986831665,-0.017063677310943604,-0.017063677310943604,0.0,0.0,0.0,0.0,0.0,0.0,0.0,0.0,0.0,0.0,0.0,0.0,1.0,1.0,1.0
Q0386,Wer sorgt für die ordnungsgemäße Durchführung der Prüfungen?,fully_answerable,1,"[""PO25CL-GEN-C04-P24-A02""]",0.8553752303123474,0.8491689562797546,0.0062062740325927734,"[""PO25CL-GEN-C04-P25-A02"", ""PO25CL-GEN-C04-P24-A02"", ""PO25CL-GEN-C04-P24-A04"", ""PO25CL-GEN-C04-P30-U01"", ""PO25CL-GEN-C04-P28-A08"", ""PO25CL-GEN-C04-P29-U01"", ""PO25CL-GEN-C03-P12-A04"", ""PO25CL-GEN-C03-P15-A03"", ""PO25CL-GEN-C04-P28-A02"", ""PO25CL-GEN-C04-P28-A01""]","[0.8553752303123474, 0.8491689562797546, 0.8424844741821289, 0.8402921557426453, 0.8397353887557983, 0.8352609276771545, 0.8339259624481201, 0.8336746096611023, 0.8319100737571716, 0.8316921591758728]",[2],2.0,2.0,2.0,0.5,0.8491689562797546,0.8491689562797546,0.8553752303123474,-0.0062062740325927734,-0.0062062740325927734,0.0,0.0,0.0,1.0,1.0,1.0,1.0,1.0,1.0,1.0,1.0,1.0,1.0,1.0,1.0
Q0387,Wer entscheidet in Zweifelsfällen über die Auslegung der Prüfungsordnung?,fully_answerable,1,"[""PO25CL-GEN-C04-P24-A02""]",0.860008180141449,0.8541109561920166,0.005897223949432373,"[""PO25CL-GEN-C04-P24-A02"", ""PO25CL-GEN-C03-P12-A04"", ""PO25CL-GEN-C04-P25-A02"", ""PO25CL-GEN-C04-P24-A03"", ""PO25CL-GEN-C03-P20-A02"", ""PO25CL-GEN-C03-P15-A03"", ""PO25CL-GEN-C04-P26-U01"", ""PO25CL-GEN-C04-P24-A06"", ""PO25CL-GEN-C04-P28-A08"", ""PO25CL-GEN-C04-P24-A04""]","[0.860008180141449, 0.8541109561920166, 0.8449915051460266, 0.8427039980888367, 0.8426297903060913, 0.8415223360061646, 0.840621292591095, 0.8402758240699768, 0.839572548866272, 0.8378458619117737]",[1],1.0,1.0,1.0,1.0,0.860008180141449,0.860008180141449,0.8541109561920166,0.005897223949432373,0.005897223949432373,1.0,1.0,1.0,1.0,1.0,1.0,1.0,1.0,1.0,1.0,1.0,1.0,1.0,1.0,1.0
Q0388,Wer entscheidet über Widersprüche gegen Prüfungsentscheidungen?,fully_answerable,1,"[""PO25CL-GEN-C04-P24-A02""]",0.8451534509658813,0.8289696574211121,0.016183793544769287,"[""PO25CL-GEN-C04-P24-A02"", ""PO25CL-GEN-C03-P12-A04"", ""PO25CL-GEN-C04-P27-A03"", ""PO25CL-GEN-C03-P20-A02"", ""PO25CL-GEN-C04-P24-A03"", ""PO25CL-GEN-C04-P24-A06"", ""PO25CL-GEN-C03-P17-A06"", ""PO25CL-GEN-C04-P28-A08"", ""PO25CL-GEN-C04-P24-A05"", ""PO25CL-GEN-C03-P20-A03""]","[0.8451534509658813, 0.8289696574211121, 0.8280870914459229, 0.8280712962150574, 0.8267179727554321, 0.8253509998321533, 0.8225752115249634, 0.8222684860229492, 0.821774959564209, 0.8215053081512451]",[1],1.0,1.0,1.0,1.0,0.8451534509658813,0.8451534509658813,0.8289696574211121,0.016183793544769287,0.016183793544769287,1.0,1.0,1.0,1.0,1.0,1.0,1.0,1.0,1.0,1.0,1.0,1.0,1.0,1.0,1.0
Q0389,Wer erledigt die Regelfälle im Prüfungsausschuss?,fully_answerable,1,"[""PO25CL-GEN-C04-P24-A02""]",0.887566089630127,0.8664999008178711,0.02106618881225586,"[""PO25CL-GEN-C04-P24-A02"", ""PO25CL-GEN-C04-P25-A02"", ""PO25CL-GEN-C04-P24-A03"", ""PO25CL-GEN-C04-P24-A04"", ""PO25CL-GEN-C03-P12-A04"", ""PO25CL-GEN-C04-P28-A08"", ""PO25CL-GEN-C04-P24-A01"", ""PO25CL-GEN-C04-P24-A06"", ""PO25CL-GEN-C03-P15-A03"", ""PO25CL-GEN-C04-P29-U01""]","[0.887566089630127, 0.8664999008178711, 0.8628459572792053, 0.8581793904304504, 0.8559219837188721, 0.8559035062789917, 0.8556086421012878, 0.8548835515975952, 0.8515728116035461, 0.850654661655426]",[1],1.0,1.0,1.0,1.0,0.887566089630127,0.887566089630127,0.8664999008178711,0.02106618881225586,0.02106618881225586,1.0,1.0,1.0,1.0,1.0,1.0,1.0,1.0,1.0,1.0,1.0,1.0,1.0,1.0,1.0
Q0390,Wie häufig berichtet der Prüfungsausschuss mindestens an den Fakultätsrat?,fully_answerable,1,"[""PO25CL-GEN-C04-P24-A02""]",0.8681573271751404,0.8465898633003235,0.021567463874816895,"[""PO25CL-GEN-C04-P24-A02"", ""PO25CL-GEN-C04-P24-A01"", ""PO25CL-GEN-C03-P20-A01"", ""PO25CL-GEN-C04-P28-A08"", ""PO25CL-GEN-C03-P12-A04"", ""PO25CL-GEN-C04-P24-A03"", ""PO25CL-GEN-C03-P15-A03"", ""PO25CL-GEN-C03-P12-A02"", ""PO25CL-GEN-C03-P17-A06"", ""PO25CL-GEN-C03-P20-A02""]","[0.8681573271751404, 0.8465898633003235, 0.8360530138015747, 0.8358098268508911, 0.835482120513916, 0.8351560831069946, 0.8324625492095947, 0.8293459415435791, 0.8293342590332031, 0.8278906941413879]",[1],1.0,1.0,1.0,1.0,0.8681573271751404,0.8681573271751404,0.8465898633003235,0.021567463874816895,0.021567463874816895,1.0,1.0,1.0,1.0,1.0,1.0,1.0,1.0,1.0,1.0,1.0,1.0,1.0,1.0,1.0
Q0391,Welche Leitungsperson muss für die Beschlussfähigkeit anwesend sein?,fully_answerable,1,"[""PO25CL-GEN-C04-P24-A03""]",0.8356243371963501,0.8258845210075378,0.009739816188812256,"[""PO25CL-GEN-C04-P24-A03"", ""PO25CL-GEN-C04-P24-A06"", ""PO25CL-GEN-C03-P15-A03"", ""PO25CL-GEN-C03-P12-A04"", ""PO25CL-GEN-C03-P19-A04"", ""PO25CL-GEN-C04-P24-A05"", ""PO25CL-GEN-C03-P17-A06"", ""PO25CL-GEN-C04-P24-A04"", ""PO25CL-GEN-C04-P25-A05"", ""PO25CL-GEN-C03-P20-A03""]","[0.8356243371963501, 0.8258845210075378, 0.8205242156982422, 0.8194363713264465, 0.8191641569137573, 0.8162853717803955, 0.8146020174026489, 0.8136695623397827, 0.81185382604599, 0.8112555146217346]",[1],1.0,1.0,1.0,1.0,0.8356243371963501,0.8356243371963501,0.8258845210075378,0.009739816188812256,0.009739816188812256,1.0,1.0,1.0,1.0,1.0,1.0,1.0,1.0,1.0,1.0,1.0,1.0,1.0,1.0,1.0
Q0392,Mit welcher Mehrheit beschließt der Prüfungsausschuss?,fully_answerable,1,"[""PO25CL-GEN-C04-P24-A03""]",0.8972294330596924,0.8726102709770203,0.02461916208267212,"[""PO25CL-GEN-C04-P24-A03"", ""PO25CL-GEN-C03-P12-A04"", ""PO25CL-GEN-C04-P24-A04"", ""PO25CL-GEN-C04-P24-A01"", ""PO25CL-GEN-C04-P24-A06"", ""PO25CL-GEN-C04-P24-A02"", ""PO25CL-GEN-C04-P24-A05"", ""PO25CL-GEN-C04-P28-A08"", ""PO25CL-GEN-C04-P25-A02"", ""PO25CL-GEN-C03-P15-A03""]","[0.8972294330596924, 0.8726102709770203, 0.8619745969772339, 0.8594672083854675, 0.8594038486480713, 0.858043909072876, 0.8556052446365356, 0.8554692268371582, 0.8548510670661926, 0.8518037796020508]",[1],1.0,1.0,1.0,1.0,0.8972294330596924,0.8972294330596924,0.8726102709770203,0.02461916208267212,0.02461916208267212,1.0,1.0,1.0,1.0,1.0,1.0,1.0,1.0,1.0,1.0,1.0,1.0,1.0,1.0,1.0
Q0393,Wessen Stimme entscheidet bei Stimmengleichheit?,fully_answerable,1,"[""PO25CL-GEN-C04-P24-A03""]",0.807522177696228,0.7949230074882507,0.012599170207977295,"[""PO25CL-GEN-C04-P24-A03"", ""PO25CL-GEN-C04-P28-A08"", ""PO25CL-GEN-C04-P27-A01-02"", ""PO25CL-GEN-C04-P28-A09"", ""PO25CL-GEN-C03-P17-A06"", ""PO25CL-GEN-C03-P14-A02"", ""PO25CL-GEN-C04-P28-A03"", ""PO25CL-GEN-C04-P24-A05"", ""PO25CL-GEN-C04-P25-A05"", ""PO25CL-GEN-C04-P27-A03""]","[0.807522177696228, 0.7949230074882507, 0.7870757579803467, 0.7853594422340393, 0.7852003574371338, 0.7837129235267639, 0.7817551493644714, 0.778745710849762, 0.7781906127929688, 0.7774791717529297]",[1],1.0,1.0,1.0,1.0,0.807522177696228,0.807522177696228,0.7949230074882507,0.012599170207977295,0.012599170207977295,1.0,1.0,1.0,1.0,1.0,1.0,1.0,1.0,1.0,1.0,1.0,1.0,1.0,1.0,1.0
Q0394,Sind Sitzungen des Prüfungsausschusses öffentlich?,fully_answerable,1,"[""PO25CL-GEN-C04-P24-A05""]",0.8832783102989197,0.8477537035942078,0.035524606704711914,"[""PO25CL-GEN-C04-P24-A05"", ""PO25CL-GEN-C04-P24-A03"", ""PO25CL-GEN-C03-P17-A06"", ""PO25CL-GEN-C04-P24-A04"", ""PO25CL-GEN-C04-P24-A06"", ""PO25CL-GEN-C04-P24-A02"", ""PO25CL-GEN-C04-P25-A01"", ""PO25CL-GEN-C04-P25-A02"", ""PO25CL-GEN-C04-P27-A03"", ""PO25CL-GEN-C03-P12-A04""]","[0.8832783102989197, 0.8477537035942078, 0.8461285829544067, 0.8459696769714355, 0.8449455499649048, 0.8435552716255188, 0.838544487953186, 0.835290253162384, 0.8313744068145752, 0.8308268785476685]",[1],1.0,1.0,1.0,1.0,0.8832783102989197,0.8832783102989197,0.8477537035942078,0.035524606704711914,0.035524606704711914,1.0,1.0,1.0,1.0,1.0,1.0,1.0,1.0,1.0,1.0,1.0,1.0,1.0,1.0,1.0
Q0395,Wer stellt die Prüfungsunfähigkeit fest?,fully_answerable,1,"[""PO25CL-GEN-C04-P24-A06""]",0.8757342100143433,0.8488948345184326,0.026839375495910645,"[""PO25CL-GEN-C04-P24-A06"", ""PO25CL-GEN-C03-P20-A02"", ""PO25CL-GEN-C03-P19-A04"", ""PO25CL-GEN-C03-P20-A04"", ""PO25CL-GEN-C03-P20-A03"", ""PO25CL-GEN-C03-P20-A01"", ""PO25CL-GEN-C03-P19-A10"", ""PO25CL-GEN-C04-P30-U01"", ""PO25CL-GEN-C03-P12-A04"", ""PO25CL-GEN-C04-P28-A08""]","[0.8757342100143433, 0.8488948345184326, 0.8394688367843628, 0.8390206694602966, 0.8334137201309204, 0.8304840326309204, 0.8291855454444885, 0.8274298906326294, 0.8256587386131287, 0.8248198628425598]",[1],1.0,1.0,1.0,1.0,0.8757342100143433,0.8757342100143433,0.8488948345184326,0.026839375495910645,0.026839375495910645,1.0,1.0,1.0,1.0,1.0,1.0,1.0,1.0,1.0,1.0,1.0,1.0,1.0,1.0,1.0
Q0396,Sind Prüferinnen und Prüfer in ihrer Prüfungstätigkeit an Weisungen gebunden?,fully_answerable,1,"[""PO25CL-GEN-C04-P25-A01""]",0.8838593363761902,0.8570417165756226,0.026817619800567627,"[""PO25CL-GEN-C04-P25-A01"", ""PO25CL-GEN-C04-P25-A05"", ""PO25CL-GEN-C04-P25-A02"", ""PO25CL-GEN-C04-P28-A06"", ""PO25CL-GEN-C04-P25-A04"", ""PO25CL-GEN-C04-P25-A03"", ""PO25CL-GEN-C04-P25-A06"", ""PO25CL-GEN-C04-P28-A08"", ""PO25CL-GEN-C04-P24-A05"", ""PO25CL-GEN-C04-P28-A04""]","[0.8838593363761902, 0.8570417165756226, 0.8482192158699036, 0.8457704186439514, 0.8425166606903076, 0.8392704129219055, 0.8376102447509766, 0.8354960680007935, 0.8352988958358765, 0.8320484161376953]",[1],1.0,1.0,1.0,1.0,0.8838593363761902,0.8838593363761902,0.8570417165756226,0.026817619800567627,0.026817619800567627,1.0,1.0,1.0,1.0,1.0,1.0,1.0,1.0,1.0,1.0,1.0,1.0,1.0,1.0,1.0
Q0397,Welcher Pflicht unterliegen Prüferinnen und Prüfer hinsichtlich vertraulicher Informationen?,fully_answerable,1,"[""PO25CL-GEN-C04-P25-A01""]",0.8469759225845337,0.8438671231269836,0.003108799457550049,"[""PO25CL-GEN-C04-P25-A01"", ""PO25CL-GEN-C04-P25-A05"", ""PO25CL-GEN-C03-P14-A09"", ""PO25CL-GEN-C03-P17-A06"", ""PO25CL-GEN-C04-P25-A02"", ""PO25CL-GEN-C04-P25-A04"", ""PO25CL-GEN-C04-P30-U01"", ""PO25CL-GEN-C04-P24-A05"", ""PO25CL-GEN-C03-P14-A02"", ""PO25CL-GEN-C04-P26-U01""]","[0.8469759225845337, 0.8438671231269836, 0.8407442569732666, 0.8325031995773315, 0.827125608921051, 0.8269124031066895, 0.826654314994812, 0.822361946105957, 0.8212169408798218, 0.8199353218078613]",[1],1.0,1.0,1.0,1.0,0.8469759225845337,0.8469759225845337,0.8438671231269836,0.003108799457550049,0.003108799457550049,1.0,1.0,1.0,1.0,1.0,1.0,1.0,1.0,1.0,1.0,1.0,1.0,1.0,1.0,1.0
Q0398,Wer ist für die Bestellung von Prüferinnen und Prüfern zuständig?,fully_answerable,1,"[""PO25CL-GEN-C04-P25-A02""]",0.8738051652908325,0.8641431927680969,0.009661972522735596,"[""PO25CL-GEN-C04-P25-A02"", ""PO25CL-GEN-C04-P25-A04"", ""PO25CL-GEN-C04-P25-A06"", ""PO25CL-GEN-C04-P25-A01"", ""PO25CL-GEN-C04-P25-A03"", ""PO25CL-GEN-C04-P25-A05"", ""PO25CL-GEN-C03-P15-A03"", ""PO25CL-GEN-C04-P29-U01"", ""PO25CL-GEN-C03-P16-A02"", ""PO25CL-GEN-C04-P28-A08""]","[0.8738051652908325, 0.8641431927680969, 0.8578262329101562, 0.8458806276321411, 0.8434145450592041, 0.8396279215812683, 0.8373750448226929, 0.8367795944213867, 0.834109365940094, 0.8305945992469788]",[1],1.0,1.0,1.0,1.0,0.8738051652908325,0.8738051652908325,0.8641431927680969,0.009661972522735596,0.009661972522735596,1.0,1.0,1.0,1.0,1.0,1.0,1.0,1.0,1.0,1.0,1.0,1.0,1.0,1.0,1.0
Q0399,Benötigen Lehrende einer prüfungsbezogenen Veranstaltung eine ausdrückliche Bestellung als Prüfende?,fully_answerable,1,"[""PO25CL-GEN-C04-P25-A02""]",0.8700493574142456,0.8411723971366882,0.028876960277557373,"[""PO25CL-GEN-C04-P25-A02"", ""PO25CL-GEN-C04-P25-A05"", ""PO25CL-GEN-C04-P25-A03"", ""PO25CL-GEN-C04-P25-A04"", ""PO25CL-GEN-C04-P28-A07"", ""PO25CL-GEN-C04-P28-A02"", ""PO25CL-GEN-C04-P30-U01"", ""PO25CL-GEN-C03-P11-A04"", ""PO25CL-GEN-C02-P06-U01"", ""PO25CL-GEN-C03-P11-A02""]","[0.8700493574142456, 0.8411723971366882, 0.8409857749938965, 0.840351939201355, 0.839649498462677, 0.8381738662719727, 0.8379082679748535, 0.8357591032981873, 0.8357239961624146, 0.8349624276161194]",[1],1.0,1.0,1.0,1.0,0.8700493574142456,0.8700493574142456,0.8411723971366882,0.028876960277557373,0.028876960277557373,1.0,1.0,1.0,1.0,1.0,1.0,1.0,1.0,1.0,1.0,1.0,1.0,1.0,1.0,1.0
Q0400,Können Gutachtende für Abschlussarbeiten aus dem Kreis der Hochschullehrenden bestellt werden?,fully_answerable,1,"[""PO25CL-GEN-C04-P25-A02""]",0.8569633364677429,0.8420078158378601,0.014955520629882812,"[""PO25CL-GEN-C04-P25-A02"", ""PO25CL-GEN-C03-P16-A02"", ""PO25CL-GEN-C04-P28-A03"", ""PO25CL-GEN-C03-P18-A03"", ""PO25CL-GEN-C04-P25-A03"", ""PO25CL-GEN-C03-P15-A03"", ""PO25CL-GEN-C04-P28-A09"", ""PO25CL-GEN-C04-P28-A05"", ""PO25CL-GEN-C04-P25-A06"", ""PO25CL-GEN-C03-P12-A02""]","[0.8569633364677429, 0.8420078158378601, 0.831633985042572, 0.830920934677124, 0.8278442621231079, 0.8252195715904236, 0.8245075941085815, 0.8200157880783081, 0.8194662928581238, 0.8188616633415222]",[1],1.0,1.0,1.0,1.0,0.8569633364677429,0.8569633364677429,0.8420078158378601,0.014955520629882812,0.014955520629882812,1.0,1.0,1.0,1.0,1.0,1.0,1.0,1.0,1.0,1.0,1.0,1.0,1.0,1.0,1.0
Q0401,Dürfen Kandidatinnen und Kandidaten eine prüfende Person für die Bachelorarbeit vorschlagen?,fully_answerable,1,"[""PO25CL-GEN-C04-P25-A03""]",0.8829310536384583,0.855242908000946,0.027688145637512207,"[""PO25CL-GEN-C04-P25-A03"", ""PO25CL-GEN-C03-P15-A06"", ""PO25CL-GEN-C03-P20-A03"", ""PO25CL-GEN-C03-P16-A03"", ""PO25CL-GEN-C03-P16-A02"", ""PO25CL-GEN-C03-P15-A08"", ""PO25CL-GEN-C04-P25-A06"", ""PO25CL-GEN-C03-P15-A09"", ""PO25CL-GEN-C03-P15-A04"", ""PO25CL-GEN-C04-P31-A01""]","[0.8829310536384583, 0.855242908000946, 0.847682535648346, 0.8468010425567627, 0.8448655009269714, 0.8438270092010498, 0.8394589424133301, 0.8362665176391602, 0.8357566595077515, 0.8349966406822205]",[1],1.0,1.0,1.0,1.0,0.8829310536384583,0.8829310536384583,0.855242908000946,0.027688145637512207,0.027688145637512207,1.0,1.0,1.0,1.0,1.0,1.0,1.0,1.0,1.0,1.0,1.0,1.0,1.0,1.0,1.0
Q0402,Wie soll mit Vorschlägen für Prüfende der Bachelorarbeit umgegangen werden?,fully_answerable,1,"[""PO25CL-GEN-C04-P25-A03""]",0.8615378141403198,0.8540270924568176,0.007510721683502197,"[""PO25CL-GEN-C04-P25-A03"", ""PO25CL-GEN-C03-P16-A02"", ""PO25CL-GEN-C03-P15-A06"", ""PO25CL-GEN-C03-P16-A03"", ""PO25CL-GEN-C03-P15-A08"", ""PO25CL-GEN-C03-P15-A05"", ""PO25CL-GEN-C03-P16-A01"", ""PO25CL-GEN-C03-P19-A06"", ""PO25CL-GEN-C03-P15-A03"", ""PO25CL-GEN-C03-P18-A05""]","[0.8615378141403198, 0.8540270924568176, 0.8505528569221497, 0.8481143116950989, 0.8436840772628784, 0.8375025987625122, 0.837163507938385, 0.836423397064209, 0.8362895846366882, 0.8354994654655457]",[1],1.0,1.0,1.0,1.0,0.8615378141403198,0.8615378141403198,0.8540270924568176,0.007510721683502197,0.007510721683502197,1.0,1.0,1.0,1.0,1.0,1.0,1.0,1.0,1.0,1.0,1.0,1.0,1.0,1.0,1.0
Q0403,Muss mindestens eine prüfende Person der Bachelorarbeit hauptamtlich im Studiengang lehren?,fully_answerable,1,"[""PO25CL-GEN-C04-P25-A03""]",0.8710272908210754,0.8521764278411865,0.018850862979888916,"[""PO25CL-GEN-C04-P25-A03"", ""PO25CL-GEN-C03-P16-A02"", ""PO25CL-GEN-C01-P01-A02"", ""PO25CL-GEN-C03-P19-A06"", ""PO25CL-GEN-C03-P15-A06"", ""PO25CL-GEN-C03-P15-A07"", ""PO25CL-GEN-C04-P30-U01"", ""PO25CL-GEN-C01-P03-A01"", ""PO25CL-GEN-C04-P25-A05"", ""PO25CL-GEN-C03-P15-A08""]","[0.8710272908210754, 0.8521764278411865, 0.8481801152229309, 0.8477969765663147, 0.8467450141906738, 0.8430036902427673, 0.8428176641464233, 0.8420877456665039, 0.8411203026771545, 0.8403360247612]",[1],1.0,1.0,1.0,1.0,0.8710272908210754,0.8710272908210754,0.8521764278411865,0.018850862979888916,0.018850862979888916,1.0,1.0,1.0,1.0,1.0,1.0,1.0,1.0,1.0,1.0,1.0,1.0,1.0,1.0,1.0
Q0404,Können auf begründeten Antrag weitere Personen zu Prüfenden bestellt werden?,fully_answerable,1,"[""PO25CL-GEN-C04-P25-A04""]",0.8710657358169556,0.846001386642456,0.02506434917449951,"[""PO25CL-GEN-C04-P25-A04"", ""PO25CL-GEN-C04-P25-A02"", ""PO25CL-GEN-C04-P25-A06"", ""PO25CL-GEN-C04-P25-A05"", ""PO25CL-GEN-C04-P25-A03"", ""PO25CL-GEN-C04-P26-U01"", ""PO25CL-GEN-C04-P30-U01"", ""PO25CL-GEN-C03-P16-A02"", ""PO25CL-GEN-C04-P28-A07"", ""PO25CL-GEN-C04-P28-A09""]","[0.8710657358169556, 0.846001386642456, 0.8419590592384338, 0.8383865356445312, 0.8375769257545471, 0.8363566398620605, 0.83505779504776, 0.8339703679084778, 0.8318593502044678, 0.8287230134010315]",[1],1.0,1.0,1.0,1.0,0.8710657358169556,0.8710657358169556,0.846001386642456,0.02506434917449951,0.02506434917449951,1.0,1.0,1.0,1.0,1.0,1.0,1.0,1.0,1.0,1.0,1.0,1.0,1.0,1.0,1.0
Q0405,Wie weisen Beisitzende ihre Sachkenntnis nach?,fully_answerable,1,"[""PO25CL-GEN-C04-P25-A05""]",0.8559514880180359,0.8474448919296265,0.008506596088409424,"[""PO25CL-GEN-C04-P25-A05"", ""PO25CL-GEN-C04-P25-A01"", ""PO25CL-GEN-C03-P17-A06"", ""PO25CL-GEN-C03-P13-A01"", ""PO25CL-GEN-C03-P19-A04"", ""PO25CL-GEN-C04-P25-A02"", ""PO25CL-GEN-C04-P25-A03"", ""PO25CL-GEN-C04-P25-A06"", ""PO25CL-GEN-C04-P25-A04"", ""PO25CL-GEN-C04-P24-A05""]","[0.8559514880180359, 0.8474448919296265, 0.8298300504684448, 0.816269040107727, 0.8141441941261292, 0.8133348226547241, 0.8133021593093872, 0.8127135038375854, 0.8124077320098877, 0.8123879432678223]",[1],1.0,1.0,1.0,1.0,0.8559514880180359,0.8559514880180359,0.8474448919296265,0.008506596088409424,0.008506596088409424,1.0,1.0,1.0,1.0,1.0,1.0,1.0,1.0,1.0,1.0,1.0,1.0,1.0,1.0,1.0
Q0406,Unterliegen Beisitzende der Verschwiegenheit?,fully_answerable,1,"[""PO25CL-GEN-C04-P25-A05""]",0.8373527526855469,0.8262271881103516,0.011125564575195312,"[""PO25CL-GEN-C04-P25-A01"", ""PO25CL-GEN-C04-P25-A05"", ""PO25CL-GEN-C04-P24-A05"", ""PO25CL-GEN-C04-P25-A03"", ""PO25CL-GEN-C04-P25-A02"", ""PO25CL-GEN-C04-P25-A04"", ""PO25CL-GEN-C03-P19-A10"", ""PO25CL-GEN-C03-P20-A03"", ""PO25CL-GEN-C03-P17-A06"", ""PO25CL-GEN-C03-P23-U01""]","[0.8373527526855469, 0.8262271881103516, 0.8211596608161926, 0.7960789203643799, 0.7933162450790405, 0.7919118404388428, 0.7905652523040771, 0.7903432250022888, 0.7894910573959351, 0.7892172336578369]",[2],2.0,2.0,2.0,0.5,0.8262271881103516,0.8262271881103516,0.8373527526855469,-0.011125564575195312,-0.011125564575195312,0.0,0.0,0.0,1.0,1.0,1.0,1.0,1.0,1.0,1.0,1.0,1.0,1.0,1.0,1.0
Q0407,Wer bestellt die Prüfenden für die Bachelorprüfung?,fully_answerable,1,"[""PO25CL-GEN-C04-P25-A06""]",0.8585976362228394,0.8549636602401733,0.0036339759826660156,"[""PO25CL-GEN-C04-P25-A06"", ""PO25CL-GEN-C04-P25-A02"", ""PO25CL-GEN-C04-P25-A03"", ""PO25CL-GEN-C03-P16-A02"", ""PO25CL-GEN-C04-P25-A04"", ""PO25CL-GEN-C03-P15-A03"", ""PO25CL-GEN-C03-P10-U01"", ""PO25CL-GEN-C03-P21-A03"", ""PO25CL-GEN-C04-P31-A01"", ""PO25CL-GEN-C04-P30-U01""]","[0.8585976362228394, 0.8549636602401733, 0.8520677089691162, 0.8494333028793335, 0.8425018191337585, 0.8412864208221436, 0.8372583985328674, 0.8357119560241699, 0.8343709707260132, 0.8322547674179077]",[1],1.0,1.0,1.0,1.0,0.8585976362228394,0.8585976362228394,0.8549636602401733,0.0036339759826660156,0.0036339759826660156,1.0,1.0,1.0,1.0,1.0,1.0,1.0,1.0,1.0,1.0,1.0,1.0,1.0,1.0,1.0
Q0408,Wer bestellt die Beisitzenden für die Bachelorprüfung?,fully_answerable,1,"[""PO25CL-GEN-C04-P25-A06""]",0.8669081330299377,0.8584408760070801,0.008467257022857666,"[""PO25CL-GEN-C04-P25-A06"", ""PO25CL-GEN-C04-P25-A03"", ""PO25CL-GEN-C04-P25-A02"", ""PO25CL-GEN-C04-P25-A04"", ""PO25CL-GEN-C03-P15-A03"", ""PO25CL-GEN-C04-P25-A05"", ""PO25CL-GEN-C04-P25-A01"", ""PO25CL-GEN-C03-P16-A02"", ""PO25CL-GEN-C04-P31-A01"", ""PO25CL-GEN-C03-P10-U01""]","[0.8669081330299377, 0.8584408760070801, 0.85482257604599, 0.8437269330024719, 0.8386222720146179, 0.8372220993041992, 0.8313814401626587, 0.8272044658660889, 0.8259121179580688, 0.8246325254440308]",[1],1.0,1.0,1.0,1.0,0.8669081330299377,0.8669081330299377,0.8584408760070801,0.008467257022857666,0.008467257022857666,1.0,1.0,1.0,1.0,1.0,1.0,1.0,1.0,1.0,1.0,1.0,1.0,1.0,1.0,1.0
Q0409,Wie lange können ausgeschiedene Prüfungsberechtigte noch bestellt werden?,fully_answerable,1,"[""PO25CL-GEN-C04-P25-A06""]",0.8619921207427979,0.8498936891555786,0.012098431587219238,"[""PO25CL-GEN-C04-P25-A06"", ""PO25CL-GEN-C03-P20-A04"", ""PO25CL-GEN-C04-P26-U01"", ""PO25CL-GEN-C03-P15-A04"", ""PO25CL-GEN-C04-P25-A04"", ""PO25CL-GEN-C04-P29-U01"", ""PO25CL-GEN-C03-P19-A07"", ""PO25CL-GEN-C04-P25-A02"", ""PO25CL-GEN-C04-P28-A09"", ""PO25CL-GEN-C03-P17-A01""]","[0.8619921207427979, 0.8498936891555786, 0.8491666316986084, 0.8476799726486206, 0.8446649312973022, 0.8424668312072754, 0.8372599482536316, 0.8371659517288208, 0.8369758725166321, 0.8363965749740601]",[1],1.0,1.0,1.0,1.0,0.8619921207427979,0.8619921207427979,0.8498936891555786,0.012098431587219238,0.012098431587219238,1.0,1.0,1.0,1.0,1.0,1.0,1.0,1.0,1.0,1.0,1.0,1.0,1.0,1.0,1.0
Q0410,Kann die Zweijahresfrist für ausgeschiedene Prüfungsberechtigte verlängert werden?,fully_answerable,1,"[""PO25CL-GEN-C04-P25-A06""]",0.8593243360519409,0.848523736000061,0.010800600051879883,"[""PO25CL-GEN-C04-P26-U01"", ""PO25CL-GEN-C04-P25-A06"", ""PO25CL-GEN-C03-P20-A04"", ""PO25CL-GEN-C03-P15-A04"", ""PO25CL-GEN-C03-P19-A07"", ""PO25CL-GEN-C03-P14-A10"", ""PO25CL-GEN-C03-P12-A02"", ""PO25CL-GEN-C03-P11-A01"", ""PO25CL-GEN-C03-P17-A02"", ""PO25CL-GEN-C03-P19-A09""]","[0.8593243360519409, 0.848523736000061, 0.8482220768928528, 0.8386005163192749, 0.8370043039321899, 0.8341898918151855, 0.8307492733001709, 0.8305760622024536, 0.8292990922927856, 0.8292700052261353]",[2],2.0,2.0,2.0,0.5,0.848523736000061,0.848523736000061,0.8593243360519409,-0.010800600051879883,-0.010800600051879883,0.0,0.0,0.0,1.0,1.0,1.0,1.0,1.0,1.0,1.0,1.0,1.0,1.0,1.0,1.0
Q0411,Wer ist für den Einsatz von Prüfenden bei Modulprüfungen zuständig?,fully_answerable,1,"[""PO25CL-GEN-C04-P25-A02""]",0.8571850657463074,0.8537290692329407,0.0034559965133666992,"[""PO25CL-GEN-C04-P25-A02"", ""PO25CL-GEN-C03-P12-A03"", ""PO25CL-GEN-C03-P11-A07"", ""PO25CL-GEN-C03-P12-A04"", ""PO25CL-GEN-C03-P11-A05"", ""PO25CL-GEN-C03-P11-A01"", ""PO25CL-GEN-C03-P11-A03"", ""PO25CL-GEN-C03-P11-A06"", ""PO25CL-GEN-C03-P11-A04"", ""PO25CL-GEN-C03-P11-A02""]","[0.8571850657463074, 0.8537290692329407, 0.8510580062866211, 0.8493185043334961, 0.8480125069618225, 0.8473861217498779, 0.8465741276741028, 0.843590259552002, 0.8405505418777466, 0.838055431842804]",[1],1.0,1.0,1.0,1.0,0.8571850657463074,0.8571850657463074,0.8537290692329407,0.0034559965133666992,0.0034559965133666992,1.0,1.0,1.0,1.0,1.0,1.0,1.0,1.0,1.0,1.0,1.0,1.0,1.0,1.0,1.0
Q0412,Wer entscheidet über eine beantragte Verlängerung einer Prüfungsfrist?,fully_answerable,1,"[""PO25CL-GEN-C04-P26-U01""]",0.8648866415023804,0.8527519702911377,0.012134671211242676,"[""PO25CL-GEN-C04-P26-U01"", ""PO25CL-GEN-C03-P11-A07"", ""PO25CL-GEN-C03-P15-A04"", ""PO25CL-GEN-C03-P14-A10"", ""PO25CL-GEN-C03-P11-A09"", ""PO25CL-GEN-C03-P12-A02"", ""PO25CL-GEN-C03-P19-A07"", ""PO25CL-GEN-C03-P14-A03"", ""PO25CL-GEN-C03-P15-A03"", ""PO25CL-GEN-C03-P20-A04""]","[0.8648866415023804, 0.8527519702911377, 0.8379546403884888, 0.8367120027542114, 0.8334930539131165, 0.8296746015548706, 0.8296730518341064, 0.8279300928115845, 0.8269915580749512, 0.8254410028457642]",[1],1.0,1.0,1.0,1.0,0.8648866415023804,0.8648866415023804,0.8527519702911377,0.012134671211242676,0.012134671211242676,1.0,1.0,1.0,1.0,1.0,1.0,1.0,1.0,1.0,1.0,1.0,1.0,1.0,1.0,1.0
Q0413,Wer muss den Antrag auf Verlängerung einer Prüfungsfrist stellen?,fully_answerable,1,"[""PO25CL-GEN-C04-P26-U01""]",0.8736709356307983,0.853613018989563,0.02005791664123535,"[""PO25CL-GEN-C04-P26-U01"", ""PO25CL-GEN-C03-P11-A07"", ""PO25CL-GEN-C03-P15-A04"", ""PO25CL-GEN-C03-P14-A10"", ""PO25CL-GEN-C03-P19-A07"", ""PO25CL-GEN-C03-P11-A09"", ""PO25CL-GEN-C03-P12-A02"", ""PO25CL-GEN-C03-P11-A04"", ""PO25CL-GEN-C03-P11-A01"", ""PO25CL-GEN-C04-P25-A06""]","[0.8736709356307983, 0.853613018989563, 0.8461750149726868, 0.8436341285705566, 0.8413804769515991, 0.8401861190795898, 0.8382917642593384, 0.8349356055259705, 0.834570586681366, 0.8326866030693054]",[1],1.0,1.0,1.0,1.0,0.8736709356307983,0.8736709356307983,0.853613018989563,0.02005791664123535,0.02005791664123535,1.0,1.0,1.0,1.0,1.0,1.0,1.0,1.0,1.0,1.0,1.0,1.0,1.0,1.0,1.0
Q0414,Kann für die Bachelorarbeit nach § 15 Absatz 4 eine Nachfrist beantragt werden?,fully_answerable,1,"[""PO25CL-GEN-C04-P26-U01""]",0.8895170092582703,0.8779645562171936,0.01155245304107666,"[""PO25CL-GEN-C03-P15-A04"", ""PO25CL-GEN-C03-P15-A05"", ""PO25CL-GEN-C03-P19-A06"", ""PO25CL-GEN-C04-P26-U01"", ""PO25CL-GEN-C03-P15-A06"", ""PO25CL-GEN-C03-P19-A09"", ""PO25CL-GEN-C03-P15-A02"", ""PO25CL-GEN-C03-P15-A01"", ""PO25CL-GEN-C03-P15-A08"", ""PO25CL-GEN-C03-P16-A03""]","[0.8895170092582703, 0.8779645562171936, 0.8688970804214478, 0.8681697249412537, 0.8659983277320862, 0.858259379863739, 0.8566203117370605, 0.8545443415641785, 0.8544444441795349, 0.8538632392883301]",[4],4.0,4.0,4.0,0.25,0.8681697249412537,0.8681697249412537,0.8895170092582703,-0.0213472843170166,-0.0213472843170166,0.0,0.0,0.0,0.0,0.0,0.0,0.0,0.0,0.0,1.0,1.0,1.0,1.0,1.0,1.0
Q0415,Was muss im Antrag auf Fristverlängerung glaubhaft gemacht werden?,fully_answerable,1,"[""PO25CL-GEN-C04-P26-U01""]",0.8524448871612549,0.8369225263595581,0.015522360801696777,"[""PO25CL-GEN-C04-P26-U01"", ""PO25CL-GEN-C03-P15-A04"", ""PO25CL-GEN-C03-P14-A10"", ""PO25CL-GEN-C03-P20-A04"", ""PO25CL-GEN-C03-P17-A03"", ""PO25CL-GEN-C03-P11-A07"", ""PO25CL-GEN-C03-P19-A07"", ""PO25CL-GEN-C03-P11-A01"", ""PO25CL-GEN-C03-P14-A09"", ""PO25CL-GEN-C03-P14-A03""]","[0.8524448871612549, 0.8369225263595581, 0.8251155018806458, 0.8224552869796753, 0.8179217576980591, 0.8161417245864868, 0.8152928948402405, 0.8106641173362732, 0.8098646402359009, 0.8097949624061584]",[1],1.0,1.0,1.0,1.0,0.8524448871612549,0.8524448871612549,0.8369225263595581,0.015522360801696777,0.015522360801696777,1.0,1.0,1.0,1.0,1.0,1.0,1.0,1.0,1.0,1.0,1.0,1.0,1.0,1.0,1.0
Q0416,Welcher Nachweis ist bei länger andauernder Krankheit für einen Nachteilsausgleich erforderlich?,fully_answerable,1,"[""PO25CL-GEN-C04-P27-A01-02""]",0.8552667498588562,0.8331398963928223,0.022126853466033936,"[""PO25CL-GEN-C04-P27-A01-02"", ""PO25CL-GEN-C03-P17-A03"", ""PO25CL-GEN-C03-P17-A02"", ""PO25CL-GEN-C03-P15-A04"", ""PO25CL-GEN-C04-P27-A03"", ""PO25CL-GEN-C03-P20-A04"", ""PO25CL-GEN-C03-P19-A07"", ""PO25CL-GEN-C04-P26-U01"", ""PO25CL-GEN-C03-P19-A10"", ""PO25CL-GEN-C03-P19-A04""]","[0.8552667498588562, 0.8331398963928223, 0.8267844915390015, 0.8267145752906799, 0.8237943053245544, 0.8151370286941528, 0.810942530632019, 0.8106926679611206, 0.8062111139297485, 0.8034942150115967]",[1],1.0,1.0,1.0,1.0,0.8552667498588562,0.8552667498588562,0.8331398963928223,0.022126853466033936,0.022126853466033936,1.0,1.0,1.0,1.0,1.0,1.0,1.0,1.0,1.0,1.0,1.0,1.0,1.0,1.0,1.0
Q0417,Kann eine ständige seelische Behinderung einen Nachteilsausgleich begründen?,fully_answerable,1,"[""PO25CL-GEN-C04-P27-A01-02""]",0.8397210836410522,0.8152649402618408,0.024456143379211426,"[""PO25CL-GEN-C04-P27-A01-02"", ""PO25CL-GEN-C04-P27-A03"", ""PO25CL-GEN-C03-P17-A05"", ""PO25CL-GEN-C03-P20-A02"", ""PO25CL-GEN-C03-P17-A02"", ""PO25CL-GEN-C03-P19-A04"", ""PO25CL-GEN-C03-P17-A06"", ""PO25CL-GEN-C03-P19-A10"", ""PO25CL-GEN-C03-P17-A03"", ""PO25CL-GEN-C03-P19-A06""]","[0.8397210836410522, 0.8152649402618408, 0.8008444309234619, 0.7955635786056519, 0.7942438125610352, 0.792499303817749, 0.7884926795959473, 0.7877389192581177, 0.7874398231506348, 0.7850760221481323]",[1],1.0,1.0,1.0,1.0,0.8397210836410522,0.8397210836410522,0.8152649402618408,0.024456143379211426,0.024456143379211426,1.0,1.0,1.0,1.0,1.0,1.0,1.0,1.0,1.0,1.0,1.0,1.0,1.0,1.0,1.0
Q0418,Kann eine ständige körperliche Behinderung einen Nachteilsausgleich begründen?,fully_answerable,1,"[""PO25CL-GEN-C04-P27-A01-02""]",0.848523736000061,0.8202006816864014,0.028323054313659668,"[""PO25CL-GEN-C04-P27-A01-02"", ""PO25CL-GEN-C04-P27-A03"", ""PO25CL-GEN-C03-P17-A02"", ""PO25CL-GEN-C03-P20-A02"", ""PO25CL-GEN-C03-P17-A05"", ""PO25CL-GEN-C03-P19-A04"", ""PO25CL-GEN-C03-P17-A03"", ""PO25CL-GEN-C03-P17-A06"", ""PO25CL-GEN-C03-P19-A08"", ""PO25CL-GEN-C03-P19-A10""]","[0.848523736000061, 0.8202006816864014, 0.8044532537460327, 0.8034679889678955, 0.80332350730896, 0.8016321063041687, 0.7984556555747986, 0.7954739928245544, 0.7951562404632568, 0.793884813785553]",[1],1.0,1.0,1.0,1.0,0.848523736000061,0.848523736000061,0.8202006816864014,0.028323054313659668,0.028323054313659668,1.0,1.0,1.0,1.0,1.0,1.0,1.0,1.0,1.0,1.0,1.0,1.0,1.0,1.0,1.0
Q0419,Welche Art von Prüfungsleistung muss im Nachteilsausgleich ermöglicht werden?,fully_answerable,1,"[""PO25CL-GEN-C04-P27-A01-02""]",0.8817986249923706,0.8807615637779236,0.0010370612144470215,"[""PO25CL-GEN-C04-P27-A03"", ""PO25CL-GEN-C04-P27-A01-02"", ""PO25CL-GEN-C04-P28-A09"", ""PO25CL-GEN-C03-P19-A08"", ""PO25CL-GEN-C03-P17-A05"", ""PO25CL-GEN-C03-P17-A02"", ""PO25CL-GEN-C04-P26-U01"", ""PO25CL-GEN-C03-P18-A03"", ""PO25CL-GEN-C04-P28-A02"", ""PO25CL-GEN-C04-P28-A08""]","[0.8817986249923706, 0.8807615637779236, 0.8527023792266846, 0.8467265367507935, 0.842877984046936, 0.8387407660484314, 0.8375034332275391, 0.8353252410888672, 0.8349672555923462, 0.8348142504692078]",[2],2.0,2.0,2.0,0.5,0.8807615637779236,0.8807615637779236,0.8817986249923706,-0.0010370612144470215,-0.0010370612144470215,0.0,0.0,0.0,1.0,1.0,1.0,1.0,1.0,1.0,1.0,1.0,1.0,1.0,1.0,1.0
Q0420,Wer entscheidet über den Nachteilsausgleich?,fully_answerable,1,"[""PO25CL-GEN-C04-P27-A01-02""]",0.8447616100311279,0.8143967986106873,0.030364811420440674,"[""PO25CL-GEN-C04-P27-A03"", ""PO25CL-GEN-C04-P27-A01-02"", ""PO25CL-GEN-C03-P20-A02"", ""PO25CL-GEN-C03-P18-A03"", ""PO25CL-GEN-C03-P12-A04"", ""PO25CL-GEN-C04-P24-A03"", ""PO25CL-GEN-C03-P17-A06"", ""PO25CL-GEN-C03-P15-A03"", ""PO25CL-GEN-C03-P19-A08"", ""PO25CL-GEN-C04-P28-A08""]","[0.8447616100311279, 0.8143967986106873, 0.7929574251174927, 0.7876124382019043, 0.7875359058380127, 0.7868785858154297, 0.7856462001800537, 0.7812897562980652, 0.780632495880127, 0.7801153659820557]",[2],2.0,2.0,2.0,0.5,0.8143967986106873,0.8143967986106873,0.8447616100311279,-0.030364811420440674,-0.030364811420440674,0.0,0.0,0.0,1.0,1.0,1.0,1.0,1.0,1.0,1.0,1.0,1.0,1.0,1.0,1.0
Q0421,Wessen Votum kann vor der Entscheidung eingeholt werden?,fully_answerable,1,"[""PO25CL-GEN-C04-P27-A01-02""]",0.8123005628585815,0.8045845031738281,0.007716059684753418,"[""PO25CL-GEN-C04-P24-A03"", ""PO25CL-GEN-C03-P17-A06"", ""PO25CL-GEN-C04-P30-U01"", ""PO25CL-GEN-C03-P12-A04"", ""PO25CL-GEN-C03-P20-A03"", ""PO25CL-GEN-C03-P15-A03"", ""PO25CL-GEN-C04-P26-U01"", ""PO25CL-GEN-C04-P28-A08"", ""PO25CL-GEN-C04-P24-A04"", ""PO25CL-GEN-C03-P17-A01""]","[0.8123005628585815, 0.8045845031738281, 0.8020128011703491, 0.7979719042778015, 0.7964493036270142, 0.7906184792518616, 0.7904488444328308, 0.7896824479103088, 0.7888787984848022, 0.7884079217910767]",[12],12.0,12.0,12.0,0.08333333333333333,0.7875553369522095,0.7875553369522095,0.8123005628585815,-0.02474522590637207,-0.02474522590637207,0.0,0.0,0.0,0.0,0.0,0.0,0.0,0.0,0.0,0.0,0.0,0.0,0.0,0.0,0.0
Q0422,Bis wann muss der Antrag auf Nachteilsausgleich gestellt werden?,fully_answerable,1,"[""PO25CL-GEN-C04-P27-A01-02""]",0.8633485436439514,0.8459779024124146,0.017370641231536865,"[""PO25CL-GEN-C04-P27-A03"", ""PO25CL-GEN-C04-P27-A01-02"", ""PO25CL-GEN-C03-P15-A04"", ""PO25CL-GEN-C03-P20-A04"", ""PO25CL-GEN-C03-P15-A05"", ""PO25CL-GEN-C04-P26-U01"", ""PO25CL-GEN-C03-P20-A02"", ""PO25CL-GEN-C03-P17-A06"", ""PO25CL-GEN-C03-P17-A02"", ""PO25CL-GEN-C03-P17-A01""]","[0.8633485436439514, 0.8459779024124146, 0.8231010437011719, 0.8193714022636414, 0.8169280290603638, 0.8147261142730713, 0.8143152594566345, 0.8129364252090454, 0.8088089227676392, 0.8087198138237]",[2],2.0,2.0,2.0,0.5,0.8459779024124146,0.8459779024124146,0.8633485436439514,-0.017370641231536865,-0.017370641231536865,0.0,0.0,0.0,1.0,1.0,1.0,1.0,1.0,1.0,1.0,1.0,1.0,1.0,1.0,1.0
Q0423,Gilt der Nachteilsausgleich auch für Studienleistungen?,fully_answerable,1,"[""PO25CL-GEN-C04-P27-A01-02""]",0.8623714447021484,0.8595287799835205,0.0028426647186279297,"[""PO25CL-GEN-C04-P27-A01-02"", ""PO25CL-GEN-C04-P27-A03"", ""PO25CL-GEN-C04-P28-A03"", ""PO25CL-GEN-C02-P07-A05"", ""PO25CL-GEN-C04-P28-A01"", ""PO25CL-GEN-C04-P28-A02"", ""PO25CL-PLAN-INTRO"", ""PO25CL-GEN-C02-P07-A04"", ""PO25CL-GEN-C04-P28-A09"", ""PO25CL-GEN-C02-P07-A02""]","[0.8623714447021484, 0.8595287799835205, 0.8425038456916809, 0.8305356502532959, 0.8249340057373047, 0.8239983320236206, 0.8223806619644165, 0.8209637999534607, 0.8195171356201172, 0.8193432092666626]",[1],1.0,1.0,1.0,1.0,0.8623714447021484,0.8623714447021484,0.8595287799835205,0.0028426647186279297,0.0028426647186279297,1.0,1.0,1.0,1.0,1.0,1.0,1.0,1.0,1.0,1.0,1.0,1.0,1.0,1.0,1.0
Q0424,Über welche Stelle wird der Antrag auf Nachteilsausgleich eingereicht?,fully_answerable,1,"[""PO25CL-GEN-C04-P27-A03""]",0.8828087449073792,0.8459767699241638,0.03683197498321533,"[""PO25CL-GEN-C04-P27-A03"", ""PO25CL-GEN-C04-P27-A01-02"", ""PO25CL-GEN-C03-P15-A03"", ""PO25CL-GEN-C04-P26-U01"", ""PO25CL-GEN-C04-P28-A08"", ""PO25CL-GEN-C04-P28-A09"", ""PO25CL-GEN-C03-P17-A04"", ""PO25CL-GEN-C04-P24-A06"", ""PO25CL-GEN-C04-P24-A04"", ""PO25CL-GEN-C03-P20-A02""]","[0.8828087449073792, 0.8459767699241638, 0.8116122484207153, 0.8112466335296631, 0.8072783350944519, 0.8048737645149231, 0.8046586513519287, 0.8043500781059265, 0.8039512038230896, 0.8038541078567505]",[1],1.0,1.0,1.0,1.0,0.8828087449073792,0.8828087449073792,0.8459767699241638,0.03683197498321533,0.03683197498321533,1.0,1.0,1.0,1.0,1.0,1.0,1.0,1.0,1.0,1.0,1.0,1.0,1.0,1.0,1.0
Q0425,Wie werden Studienzeiten im selben Studiengang an anderen deutschen wissenschaftlichen Hochschulen angerechnet?,fully_answerable,1,"[""PO25CL-GEN-C04-P28-A01""]",0.842492401599884,0.8305177688598633,0.011974632740020752,"[""PO25CL-GEN-C04-P28-A01"", ""PO25CL-GEN-C04-P28-A03"", ""PO25CL-GEN-C03-P12-A02"", ""PO25CL-GEN-C01-P03-A01"", ""PO25CL-FRONT-TITLE"", ""PO25CL-GEN-C04-P28-A02"", ""PO25CL-GEN-C04-P28-A04"", ""PO25CL-GEN-C04-P28-A07"", ""PO25CL-GEN-C02-P07-A02"", ""PO25CL-PLAN-INTRO""]","[0.842492401599884, 0.8305177688598633, 0.828417181968689, 0.8211805820465088, 0.8187085390090942, 0.8164721727371216, 0.8111441731452942, 0.8103228211402893, 0.8102073669433594, 0.8096133470535278]",[1],1.0,1.0,1.0,1.0,0.842492401599884,0.842492401599884,0.8305177688598633,0.011974632740020752,0.011974632740020752,1.0,1.0,1.0,1.0,1.0,1.0,1.0,1.0,1.0,1.0,1.0,1.0,1.0,1.0,1.0
Q0426,Wie werden dort erbrachte Studienleistungen angerechnet?,fully_answerable,1,"[""PO25CL-GEN-C04-P28-A01""]",0.8597767353057861,0.8448385000228882,0.01493823528289795,"[""PO25CL-GEN-C04-P28-A03"", ""PO25CL-GEN-C04-P28-A01"", ""PO25CL-GEN-C02-P07-A04"", ""PO25CL-GEN-C02-P07-A01"", ""PO25CL-GEN-C04-P28-A04"", ""PO25CL-GEN-C02-P07-A03"", ""PO25CL-GEN-C04-P28-A05"", ""PO25CL-GEN-C04-P28-A02"", ""PO25CL-GEN-C04-P28-A09"", ""PO25CL-GEN-C01-P02-A02""]","[0.8597767353057861, 0.8448385000228882, 0.843528687953949, 0.8367524147033691, 0.8340039253234863, 0.8331419229507446, 0.8329699039459229, 0.8322118520736694, 0.8315348625183105, 0.8315203785896301]",[2],2.0,2.0,2.0,0.5,0.8448385000228882,0.8448385000228882,0.8597767353057861,-0.01493823528289795,-0.01493823528289795,0.0,0.0,0.0,1.0,1.0,1.0,1.0,1.0,1.0,1.0,1.0,1.0,1.0,1.0,1.0
Q0427,In welchem curricularen Rahmen erfolgen Anerkennungen grundsätzlich?,fully_answerable,1,"[""PO25CL-GEN-C04-P28-A02""]",0.8526040315628052,0.8355565667152405,0.017047464847564697,"[""PO25CL-GEN-C04-P28-A02"", ""PO25CL-GEN-C04-P28-A03"", ""PO25CL-GEN-C04-P28-A07"", ""PO25CL-GEN-C04-P28-A04"", ""PO25CL-GEN-C04-P28-A01"", ""PO25CL-GEN-C04-P28-A09"", ""PO25CL-GEN-C04-P28-A05"", ""PO25CL-GEN-C04-P28-A06"", ""PO25CL-GEN-C04-P28-A08"", ""PO25CL-GEN-C03-P23-U01""]","[0.8526040315628052, 0.8355565667152405, 0.8289246559143066, 0.8285882472991943, 0.826580286026001, 0.8235183954238892, 0.8194013833999634, 0.8182799220085144, 0.8162103295326233, 0.8158280849456787]",[1],1.0,1.0,1.0,1.0,0.8526040315628052,0.8526040315628052,0.8355565667152405,0.017047464847564697,0.017047464847564697,1.0,1.0,1.0,1.0,1.0,1.0,1.0,1.0,1.0,1.0,1.0,1.0,1.0,1.0,1.0
Q0428,Unter welcher Voraussetzung werden Studienzeiten aus anderen Studiengängen angerechnet?,fully_answerable,1,"[""PO25CL-GEN-C04-P28-A03""]",0.857356071472168,0.8505326509475708,0.006823420524597168,"[""PO25CL-GEN-C04-P28-A01"", ""PO25CL-GEN-C04-P28-A03"", ""PO25CL-GEN-C04-P28-A02"", ""PO25CL-GEN-C01-P03-A01"", ""PO25CL-GEN-C03-P11-A01"", ""PO25CL-GEN-C03-P12-A02"", ""PO25CL-GEN-C03-P11-A04"", ""PO25CL-GEN-C01-P03-A02"", ""PO25CL-GEN-C04-P28-A04"", ""PO25CL-GEN-C04-P28-A09""]","[0.857356071472168, 0.8505326509475708, 0.843966007232666, 0.8364160656929016, 0.8321835994720459, 0.8314201235771179, 0.828621506690979, 0.8282033205032349, 0.8260312080383301, 0.8254517912864685]",[2],2.0,2.0,2.0,0.5,0.8505326509475708,0.8505326509475708,0.857356071472168,-0.006823420524597168,-0.006823420524597168,0.0,0.0,0.0,1.0,1.0,1.0,1.0,1.0,1.0,1.0,1.0,1.0,1.0,1.0,1.0
Q0429,Unter welcher Voraussetzung werden Leistungen von nicht wissenschaftlichen Hochschulen angerechnet?,fully_answerable,1,"[""PO25CL-GEN-C04-P28-A03""]",0.8488355278968811,0.8321824073791504,0.016653120517730713,"[""PO25CL-GEN-C04-P28-A03"", ""PO25CL-GEN-C04-P28-A07"", ""PO25CL-GEN-C04-P28-A05"", ""PO25CL-GEN-C04-P28-A09"", ""PO25CL-GEN-C04-P28-A01"", ""PO25CL-GEN-C04-P28-A06"", ""PO25CL-GEN-C04-P28-A04"", ""PO25CL-GEN-C02-P07-A01"", ""PO25CL-GEN-C02-P07-A02"", ""PO25CL-GEN-C02-P07-A04""]","[0.8488355278968811, 0.8321824073791504, 0.8294644951820374, 0.8257781863212585, 0.8249063491821289, 0.822446346282959, 0.8219882845878601, 0.8169034719467163, 0.8163484334945679, 0.8129847049713135]",[1],1.0,1.0,1.0,1.0,0.8488355278968811,0.8488355278968811,0.8321824073791504,0.016653120517730713,0.016653120517730713,1.0,1.0,1.0,1.0,1.0,1.0,1.0,1.0,1.0,1.0,1.0,1.0,1.0,1.0,1.0
Q0430,Ist für die Anerkennung von Leistungen aus Staaten der Lissabonner Anerkennungskonvention ein Antrag erforderlich?,fully_answerable,1,"[""PO25CL-GEN-C04-P28-A03""]",0.8424721360206604,0.8049531579017639,0.037518978118896484,"[""PO25CL-GEN-C04-P28-A03"", ""PO25CL-GEN-C04-P28-A05"", ""PO25CL-GEN-C04-P28-A07"", ""PO25CL-GEN-C04-P28-A02"", ""PO25CL-GEN-C04-P28-A09"", ""PO25CL-GEN-C01-P02-A01"", ""PO25CL-GEN-C04-P28-A04"", ""PO25CL-GEN-C04-P28-A06"", ""PO25CL-GEN-C04-P28-A01"", ""PO25CL-GEN-C02-P07-A01""]","[0.8424721360206604, 0.8049531579017639, 0.804340124130249, 0.8022922277450562, 0.7957454323768616, 0.7954845428466797, 0.7938023805618286, 0.7927373647689819, 0.790377676486969, 0.7891505360603333]",[1],1.0,1.0,1.0,1.0,0.8424721360206604,0.8424721360206604,0.8049531579017639,0.037518978118896484,0.037518978118896484,1.0,1.0,1.0,1.0,1.0,1.0,1.0,1.0,1.0,1.0,1.0,1.0,1.0,1.0,1.0
Q0431,Ist für die Anerkennung von Leistungen aus weiteren Staaten ein Antrag erforderlich?,fully_answerable,1,"[""PO25CL-GEN-C04-P28-A03""]",0.8408452272415161,0.8251957893371582,0.01564943790435791,"[""PO25CL-GEN-C04-P28-A03"", ""PO25CL-GEN-C04-P28-A05"", ""PO25CL-GEN-C04-P28-A07"", ""PO25CL-GEN-C04-P28-A09"", ""PO25CL-GEN-C04-P28-A04"", ""PO25CL-GEN-C04-P28-A01"", ""PO25CL-GEN-C04-P28-A02"", ""PO25CL-GEN-C04-P28-A06"", ""PO25CL-GEN-C03-P21-A01"", ""PO25CL-GEN-C04-P27-A01-02""]","[0.8408452272415161, 0.8251957893371582, 0.8237413167953491, 0.8111568689346313, 0.8099149465560913, 0.8097224831581116, 0.8094203472137451, 0.8015213012695312, 0.799431562423706, 0.7974223494529724]",[1],1.0,1.0,1.0,1.0,0.8408452272415161,0.8408452272415161,0.8251957893371582,0.01564943790435791,0.01564943790435791,1.0,1.0,1.0,1.0,1.0,1.0,1.0,1.0,1.0,1.0,1.0,1.0,1.0,1.0,1.0
Q0432,Welche Kreditpunkte können zur Feststellung der Gleichwertigkeit herangezogen werden?,fully_answerable,1,"[""PO25CL-GEN-C04-P28-A03""]",0.8301537036895752,0.8258809447288513,0.004272758960723877,"[""PO25CL-GEN-C04-P28-A09"", ""PO25CL-GEN-C04-P28-A03"", ""PO25CL-GEN-C04-P28-A08"", ""PO25CL-GEN-C01-P02-A02"", ""PO25CL-GEN-C04-P28-A05"", ""PO25CL-GEN-C03-P19-A08"", ""PO25CL-GEN-C03-P18-A03"", ""PO25CL-GEN-C01-P02-A03"", ""PO25CL-GEN-C03-P14-A02"", ""PO25CL-GEN-C03-P21-A01""]","[0.8301537036895752, 0.8258809447288513, 0.8156209588050842, 0.8110221028327942, 0.8100048303604126, 0.8057234287261963, 0.8044876456260681, 0.8010451793670654, 0.7969257831573486, 0.7948877811431885]",[2],2.0,2.0,2.0,0.5,0.8258809447288513,0.8258809447288513,0.8301537036895752,-0.004272758960723877,-0.004272758960723877,0.0,0.0,0.0,1.0,1.0,1.0,1.0,1.0,1.0,1.0,1.0,1.0,1.0,1.0,1.0
Q0433,"Welche Vereinbarungen sind bei ausländischen Leistungen maßgebend, wenn ECTS-Punkte nicht ausreichen?",fully_answerable,1,"[""PO25CL-GEN-C04-P28-A03""]",0.8679646253585815,0.8455073237419128,0.0224573016166687,"[""PO25CL-GEN-C04-P28-A03"", ""PO25CL-GEN-C01-P02-A03"", ""PO25CL-GEN-C04-P28-A09"", ""PO25CL-GEN-C01-P02-A01"", ""PO25CL-GEN-C03-P18-A08"", ""PO25CL-GEN-C01-P02-A02"", ""PO25CL-GEN-C03-P19-A01"", ""PO25CL-GEN-C01-P03-A05"", ""PO25CL-GEN-C01-P03-A04"", ""PO25CL-GEN-C03-P21-A01""]","[0.8679646253585815, 0.8455073237419128, 0.843099057674408, 0.8392773866653442, 0.8330445289611816, 0.8324541449546814, 0.8296592235565186, 0.8292419910430908, 0.8284924030303955, 0.8245683312416077]",[1],1.0,1.0,1.0,1.0,0.8679646253585815,0.8679646253585815,0.8455073237419128,0.0224573016166687,0.0224573016166687,1.0,1.0,1.0,1.0,1.0,1.0,1.0,1.0,1.0,1.0,1.0,1.0,1.0,1.0,1.0
Q0434,Welche Stelle kann bei Zweifeln an der Gleichwertigkeit gehört werden?,fully_answerable,1,"[""PO25CL-GEN-C04-P28-A03""]",0.8352288603782654,0.832764744758606,0.002464115619659424,"[""PO25CL-GEN-C04-P28-A09"", ""PO25CL-GEN-C04-P28-A03"", ""PO25CL-GEN-C04-P28-A08"", ""PO25CL-GEN-C04-P25-A01"", ""PO25CL-GEN-C04-P28-A04"", ""PO25CL-GEN-C04-P28-A05"", ""PO25CL-GEN-C04-P25-A05"", ""PO25CL-GEN-C04-P27-A03"", ""PO25CL-GEN-C04-P28-A01"", ""PO25CL-GEN-C04-P27-A01-02""]","[0.8352288603782654, 0.832764744758606, 0.8318443298339844, 0.8255852460861206, 0.823391318321228, 0.8206555843353271, 0.8204746246337891, 0.8124979138374329, 0.8109064698219299, 0.81001877784729]",[2],2.0,2.0,2.0,0.5,0.832764744758606,0.832764744758606,0.8352288603782654,-0.002464115619659424,-0.002464115619659424,0.0,0.0,0.0,1.0,1.0,1.0,1.0,1.0,1.0,1.0,1.0,1.0,1.0,1.0,1.0
Q0435,Wie werden bestandene Einzelprüfungen im selben Studiengang an deutschen wissenschaftlichen Hochschulen angerechnet?,fully_answerable,1,"[""PO25CL-GEN-C04-P28-A04""]",0.8431254625320435,0.8430975675582886,2.7894973754882812e-05,"[""PO25CL-GEN-C04-P28-A01"", ""PO25CL-GEN-C04-P28-A04"", ""PO25CL-GEN-C03-P12-A02"", ""PO25CL-GEN-C04-P28-A05"", ""PO25CL-GEN-C04-P28-A03"", ""PO25CL-GEN-C04-P28-A07"", ""PO25CL-FRONT-TITLE"", ""PO25CL-GEN-C04-P28-A06"", ""PO25CL-GEN-C03-P12-A01"", ""PO25CL-FRONT-PREAMBLE""]","[0.8431254625320435, 0.8430975675582886, 0.8415547013282776, 0.8361923694610596, 0.8359811902046204, 0.8348798155784607, 0.830937922000885, 0.8264931440353394, 0.8262551426887512, 0.8253749012947083]",[2],2.0,2.0,2.0,0.5,0.8430975675582886,0.8430975675582886,0.8431254625320435,-2.7894973754882812e-05,-2.7894973754882812e-05,0.0,0.0,0.0,1.0,1.0,1.0,1.0,1.0,1.0,1.0,1.0,1.0,1.0,1.0,1.0
Q0436,Wann werden Einzelprüfungen aus anderen Studiengängen von Amts wegen angerechnet?,fully_answerable,1,"[""PO25CL-GEN-C04-P28-A04""]",0.8752502202987671,0.8656482696533203,0.009601950645446777,"[""PO25CL-GEN-C04-P28-A04"", ""PO25CL-GEN-C04-P28-A01"", ""PO25CL-GEN-C04-P28-A05"", ""PO25CL-GEN-C04-P28-A07"", ""PO25CL-GEN-C04-P28-A03"", ""PO25CL-GEN-C04-P28-A09"", ""PO25CL-GEN-C04-P28-A08"", ""PO25CL-GEN-C03-P11-A04"", ""PO25CL-GEN-C04-P28-A06"", ""PO25CL-GEN-C03-P12-A02""]","[0.8752502202987671, 0.8656482696533203, 0.8570602536201477, 0.8451390266418457, 0.845099925994873, 0.8408990502357483, 0.8406966924667358, 0.8378909826278687, 0.8363796472549438, 0.8363580703735352]",[1],1.0,1.0,1.0,1.0,0.8752502202987671,0.8752502202987671,0.8656482696533203,0.009601950645446777,0.009601950645446777,1.0,1.0,1.0,1.0,1.0,1.0,1.0,1.0,1.0,1.0,1.0,1.0,1.0,1.0,1.0
Q0437,Wie werden gleichwertige Leistungsnachweise aus staatlich anerkannten Fernstudien angerechnet?,fully_answerable,1,"[""PO25CL-GEN-C04-P28-A05""]",0.8917742371559143,0.856899082660675,0.03487515449523926,"[""PO25CL-GEN-C04-P28-A05"", ""PO25CL-GEN-C04-P28-A03"", ""PO25CL-GEN-C04-P28-A09"", ""PO25CL-GEN-C04-P28-A04"", ""PO25CL-GEN-C04-P28-A06"", ""PO25CL-GEN-C04-P28-A01"", ""PO25CL-GEN-C04-P28-A08"", ""PO25CL-GEN-C03-P14-A09"", ""PO25CL-GEN-C04-P28-A02"", ""PO25CL-GEN-C04-P28-A07""]","[0.8917742371559143, 0.856899082660675, 0.8488195538520813, 0.8379812836647034, 0.8300446271896362, 0.8290583491325378, 0.8264496922492981, 0.8238273859024048, 0.8185675740242004, 0.8182510733604431]",[1],1.0,1.0,1.0,1.0,0.8917742371559143,0.8917742371559143,0.856899082660675,0.03487515449523926,0.03487515449523926,1.0,1.0,1.0,1.0,1.0,1.0,1.0,1.0,1.0,1.0,1.0,1.0,1.0,1.0,1.0
Q0438,Welche gemeinsamen Beschlüsse sind bei Fernstudienleistungen zu beachten?,fully_answerable,1,"[""PO25CL-GEN-C04-P28-A05""]",0.8713887333869934,0.8418453931808472,0.02954334020614624,"[""PO25CL-GEN-C04-P28-A05"", ""PO25CL-GEN-C02-P07-A03"", ""PO25CL-GEN-C02-P07-A05"", ""PO25CL-GEN-C02-P07-A01"", ""PO25CL-GEN-C04-P28-A03"", ""PO25CL-GEN-C02-P07-A04"", ""PO25CL-GEN-C04-P28-A02"", ""PO25CL-GEN-C04-P28-A09"", ""PO25CL-GEN-C04-P28-A01"", ""PO25CL-GEN-C04-P28-A07""]","[0.8713887333869934, 0.8418453931808472, 0.8351420164108276, 0.8333223462104797, 0.8330206274986267, 0.8297391533851624, 0.8283925652503967, 0.8267637491226196, 0.8259023427963257, 0.8256070613861084]",[1],1.0,1.0,1.0,1.0,0.8713887333869934,0.8713887333869934,0.8418453931808472,0.02954334020614624,0.02954334020614624,1.0,1.0,1.0,1.0,1.0,1.0,1.0,1.0,1.0,1.0,1.0,1.0,1.0,1.0,1.0
Q0439,Als welche Leistungsart werden Kenntnisse aus einer Einstufungsprüfung angerechnet?,fully_answerable,1,"[""PO25CL-GEN-C04-P28-A06""]",0.8558226227760315,0.8439391255378723,0.01188349723815918,"[""PO25CL-GEN-C04-P28-A06"", ""PO25CL-GEN-C04-P28-A09"", ""PO25CL-GEN-C04-P28-A02"", ""PO25CL-GEN-C04-P28-A07"", ""PO25CL-GEN-C04-P28-A08"", ""PO25CL-GEN-C04-P28-A04"", ""PO25CL-GEN-C03-P17-A05"", ""PO25CL-GEN-C04-P28-A01"", ""PO25CL-GEN-C01-P02-A02"", ""PO25CL-GEN-C01-P02-A01""]","[0.8558226227760315, 0.8439391255378723, 0.8286138772964478, 0.8269131183624268, 0.8242863416671753, 0.8229158520698547, 0.8221314549446106, 0.8217974901199341, 0.8213439583778381, 0.8207384943962097]",[1],1.0,1.0,1.0,1.0,0.8558226227760315,0.8558226227760315,0.8439391255378723,0.01188349723815918,0.01188349723815918,1.0,1.0,1.0,1.0,1.0,1.0,1.0,1.0,1.0,1.0,1.0,1.0,1.0,1.0,1.0
Q0440,Werden Kenntnisse aus einer Einstufungsprüfung als Prüfungsleistungen angerechnet?,fully_answerable,1,"[""PO25CL-GEN-C04-P28-A06""]",0.8853436708450317,0.8632243275642395,0.022119343280792236,"[""PO25CL-GEN-C04-P28-A06"", ""PO25CL-GEN-C04-P28-A09"", ""PO25CL-GEN-C04-P28-A02"", ""PO25CL-GEN-C04-P28-A07"", ""PO25CL-GEN-C04-P28-A04"", ""PO25CL-GEN-C04-P28-A01"", ""PO25CL-GEN-C03-P17-A05"", ""PO25CL-GEN-C04-P28-A05"", ""PO25CL-GEN-C04-P28-A03"", ""PO25CL-GEN-C04-P28-A08""]","[0.8853436708450317, 0.8632243275642395, 0.8597843647003174, 0.8559004068374634, 0.8527758717536926, 0.8505146503448486, 0.848713755607605, 0.847111165523529, 0.8463893532752991, 0.8449805974960327]",[1],1.0,1.0,1.0,1.0,0.8853436708450317,0.8853436708450317,0.8632243275642395,0.022119343280792236,0.022119343280792236,1.0,1.0,1.0,1.0,1.0,1.0,1.0,1.0,1.0,1.0,1.0,1.0,1.0,1.0,1.0
Q0441,Welche Wirkung haben Feststellungen im Zeugnis einer Einstufungsprüfung für den Prüfungsausschuss?,fully_answerable,1,"[""PO25CL-GEN-C04-P28-A06""]",0.8689171075820923,0.8479089736938477,0.02100813388824463,"[""PO25CL-GEN-C04-P28-A06"", ""PO25CL-GEN-C04-P28-A08"", ""PO25CL-GEN-C04-P28-A09"", ""PO25CL-GEN-C04-P24-A03"", ""PO25CL-GEN-C04-P28-A05"", ""PO25CL-GEN-C03-P20-A01"", ""PO25CL-GEN-C04-P24-A06"", ""PO25CL-GEN-C03-P21-A02"", ""PO25CL-GEN-C03-P17-A06"", ""PO25CL-GEN-C04-P24-A04""]","[0.8689171075820923, 0.8479089736938477, 0.8447603583335876, 0.8447328805923462, 0.8434704542160034, 0.8420417904853821, 0.8413498997688293, 0.8382899761199951, 0.8379703760147095, 0.8357611894607544]",[1],1.0,1.0,1.0,1.0,0.8689171075820923,0.8689171075820923,0.8479089736938477,0.02100813388824463,0.02100813388824463,1.0,1.0,1.0,1.0,1.0,1.0,1.0,1.0,1.0,1.0,1.0,1.0,1.0,1.0,1.0
Q0442,Wann ist die Anerkennung einer externen Leistung für ein Modul ausgeschlossen?,fully_answerable,1,"[""PO25CL-GEN-C04-P28-A07""]",0.8783004283905029,0.8503130078315735,0.027987420558929443,"[""PO25CL-GEN-C04-P28-A07"", ""PO25CL-GEN-C03-P11-A01"", ""PO25CL-GEN-C03-P12-A05"", ""PO25CL-GEN-C04-P28-A03"", ""PO25CL-GEN-C02-P07-A03"", ""PO25CL-GEN-C03-P19-A05"", ""PO25CL-GEN-C03-P19-A09"", ""PO25CL-GEN-C03-P17-A01"", ""PO25CL-GEN-C04-P28-A09"", ""PO25CL-GEN-C03-P11-A04""]","[0.8783004283905029, 0.8503130078315735, 0.849721372127533, 0.8471418619155884, 0.8470132946968079, 0.846222996711731, 0.8448548316955566, 0.8436240553855896, 0.8435814380645752, 0.8430167436599731]",[1],1.0,1.0,1.0,1.0,0.8783004283905029,0.8783004283905029,0.8503130078315735,0.027987420558929443,0.027987420558929443,1.0,1.0,1.0,1.0,1.0,1.0,1.0,1.0,1.0,1.0,1.0,1.0,1.0,1.0,1.0
Q0443,Wer ist für die Anrechnungen nach den Absätzen 1 bis 5 zuständig?,fully_answerable,1,"[""PO25CL-GEN-C04-P28-A08""]",0.8514222502708435,0.8183026313781738,0.03311961889266968,"[""PO25CL-GEN-C04-P28-A08"", ""PO25CL-GEN-C04-P25-A02"", ""PO25CL-GEN-C04-P25-A04"", ""PO25CL-GEN-C03-P15-A01"", ""PO25CL-GEN-C03-P15-A09"", ""PO25CL-GEN-C04-P28-A07"", ""PO25CL-GEN-C04-P27-A03"", ""PO25CL-GEN-C03-P16-A02"", ""PO25CL-GEN-C03-P15-A03"", ""PO25CL-GEN-C04-P25-A03""]","[0.8514222502708435, 0.8183026313781738, 0.8171550631523132, 0.8154730796813965, 0.8148110508918762, 0.8135055899620056, 0.810982346534729, 0.8103905916213989, 0.8103573322296143, 0.8101533651351929]",[1],1.0,1.0,1.0,1.0,0.8514222502708435,0.8514222502708435,0.8183026313781738,0.03311961889266968,0.03311961889266968,1.0,1.0,1.0,1.0,1.0,1.0,1.0,1.0,1.0,1.0,1.0,1.0,1.0,1.0,1.0
Q0444,Wer ist vor einer Gleichwertigkeitsfeststellung anzuhören?,fully_answerable,1,"[""PO25CL-GEN-C04-P28-A08""]",0.807094931602478,0.7954224348068237,0.011672496795654297,"[""PO25CL-GEN-C04-P28-A08"", ""PO25CL-GEN-C03-P19-A08"", ""PO25CL-GEN-C04-P28-A09"", ""PO25CL-GEN-C03-P20-A03"", ""PO25CL-GEN-C04-P25-A05"", ""PO25CL-GEN-C04-P25-A01"", ""PO25CL-GEN-C03-P17-A06"", ""PO25CL-GEN-C04-P28-A03"", ""PO25CL-GEN-C04-P25-A02"", ""PO25CL-GEN-C03-P18-A03""]","[0.807094931602478, 0.7954224348068237, 0.78923100233078, 0.7885516881942749, 0.7879625558853149, 0.784457266330719, 0.783977210521698, 0.7839041352272034, 0.7827486395835876, 0.7811279892921448]",[1],1.0,1.0,1.0,1.0,0.807094931602478,0.807094931602478,0.7954224348068237,0.011672496795654297,0.011672496795654297,1.0,1.0,1.0,1.0,1.0,1.0,1.0,1.0,1.0,1.0,1.0,1.0,1.0,1.0,1.0
Q0445,Bis zu welchem Anteil des Studienumfangs können außerhochschulisch erworbene Kompetenzen angerechnet werden?,fully_answerable,1,"[""PO25CL-GEN-C04-P28-A09""]",0.8633550405502319,0.8438386917114258,0.019516348838806152,"[""PO25CL-GEN-C04-P28-A09"", ""PO25CL-GEN-C04-P28-A03"", ""PO25CL-GEN-C01-P03-A05"", ""PO25CL-GEN-C01-P03-A02"", ""PO25CL-GEN-C01-P03-A03"", ""PO25CL-GEN-C01-P05-A02"", ""PO25CL-GEN-C03-P19-A01"", ""PO25CL-GEN-C04-P28-A06"", ""PO25CL-GEN-C01-P03-A04"", ""PO25CL-GEN-C04-P28-A02""]","[0.8633550405502319, 0.8438386917114258, 0.8356400728225708, 0.8340204954147339, 0.8278318047523499, 0.8276633024215698, 0.825248658657074, 0.8244690299034119, 0.8230568170547485, 0.8189319372177124]",[1],1.0,1.0,1.0,1.0,0.8633550405502319,0.8633550405502319,0.8438386917114258,0.019516348838806152,0.019516348838806152,1.0,1.0,1.0,1.0,1.0,1.0,1.0,1.0,1.0,1.0,1.0,1.0,1.0,1.0,1.0
Q0446,Wer entscheidet über die Gleichwertigkeit außerhochschulisch erworbener Kompetenzen?,fully_answerable,1,"[""PO25CL-GEN-C04-P28-A09""]",0.8533942103385925,0.8421828746795654,0.0112113356590271,"[""PO25CL-GEN-C04-P28-A09"", ""PO25CL-GEN-C04-P28-A03"", ""PO25CL-GEN-C04-P28-A05"", ""PO25CL-GEN-C04-P28-A08"", ""PO25CL-GEN-C03-P20-A02"", ""PO25CL-GEN-C03-P18-A03"", ""PO25CL-GEN-C04-P28-A04"", ""PO25CL-GEN-C04-P28-A06"", ""PO25CL-GEN-C03-P16-A02"", ""PO25CL-GEN-C03-P14-A02""]","[0.8533942103385925, 0.8421828746795654, 0.825157105922699, 0.8161369562149048, 0.8048609495162964, 0.8044446706771851, 0.8041111826896667, 0.8038069605827332, 0.8021532297134399, 0.799121081829071]",[1],1.0,1.0,1.0,1.0,0.8533942103385925,0.8533942103385925,0.8421828746795654,0.0112113356590271,0.0112113356590271,1.0,1.0,1.0,1.0,1.0,1.0,1.0,1.0,1.0,1.0,1.0,1.0,1.0,1.0,1.0
Q0447,"Werden gleichwertige Leistungsnachweise aus gemeinsam von Nordrhein-Westfalen, den Ländern und dem Bund entwickelten Fernstudieneinheiten von Amts wegen angerechnet?",fully_answerable,1,"[""PO25CL-GEN-C04-P28-A05""]",0.9089133739471436,0.8520431518554688,0.056870222091674805,"[""PO25CL-GEN-C04-P28-A05"", ""PO25CL-GEN-C04-P28-A03"", ""PO25CL-GEN-C04-P28-A04"", ""PO25CL-GEN-C04-P28-A09"", ""PO25CL-GEN-C04-P28-A01"", ""PO25CL-GEN-C04-P28-A07"", ""PO25CL-GEN-C04-P28-A06"", ""PO25CL-GEN-C04-P28-A08"", ""PO25CL-GEN-C04-P27-A01-02"", ""PO25CL-GEN-C04-P28-A02""]","[0.9089133739471436, 0.8520431518554688, 0.8429529070854187, 0.833251953125, 0.8296244740486145, 0.8248651623725891, 0.8211110830307007, 0.8156394362449646, 0.8153619766235352, 0.8085447549819946]",[1],1.0,1.0,1.0,1.0,0.9089133739471436,0.9089133739471436,0.8520431518554688,0.056870222091674805,0.056870222091674805,1.0,1.0,1.0,1.0,1.0,1.0,1.0,1.0,1.0,1.0,1.0,1.0,1.0,1.0,1.0
Q0448,Wer bestellt die Studiengangverantwortlichen?,fully_answerable,1,"[""PO25CL-GEN-C04-P29-U01""]",0.8818971514701843,0.8518480062484741,0.030049145221710205,"[""PO25CL-GEN-C04-P29-U01"", ""PO25CL-GEN-C04-P31-A01"", ""PO25CL-GEN-C03-P15-A03"", ""PO25CL-GEN-C04-P25-A02"", ""PO25CL-GEN-C04-P31-A02"", ""PO25CL-GEN-C02-P09-A03"", ""PO25CL-GEN-C04-P25-A06"", ""PO25CL-GEN-C04-P30-U01"", ""PO25CL-GEN-C04-P28-A08"", ""PO25CL-GEN-C04-P28-A01""]","[0.8818971514701843, 0.8518480062484741, 0.8478915691375732, 0.8383012413978577, 0.8330956697463989, 0.8324573040008545, 0.8307676315307617, 0.8263031244277954, 0.8237751722335815, 0.8213531970977783]",[1],1.0,1.0,1.0,1.0,0.8818971514701843,0.8818971514701843,0.8518480062484741,0.030049145221710205,0.030049145221710205,1.0,1.0,1.0,1.0,1.0,1.0,1.0,1.0,1.0,1.0,1.0,1.0,1.0,1.0,1.0
Q0449,Wie viele Studiengangverantwortliche werden je Studiengang bestellt?,fully_answerable,1,"[""PO25CL-GEN-C04-P29-U01""]",0.863604724407196,0.8379828929901123,0.02562183141708374,"[""PO25CL-GEN-C04-P29-U01"", ""PO25CL-GEN-C04-P31-A01"", ""PO25CL-GEN-C01-P05-A02"", ""PO25CL-GEN-C04-P31-A02"", ""PO25CL-PLAN-S03-PBB"", ""PO25CL-GEN-C01-P03-A01"", ""PO25CL-PLAN-S06-PBB"", ""PO25CL-PLAN-S05-PBB"", ""PO25CL-GEN-C03-P15-A03"", ""PO25CL-PLAN-S04-PBB""]","[0.863604724407196, 0.8379828929901123, 0.8234591484069824, 0.8220962285995483, 0.8204241991043091, 0.8195996880531311, 0.8185267448425293, 0.8184964656829834, 0.8182697892189026, 0.8171111345291138]",[1],1.0,1.0,1.0,1.0,0.863604724407196,0.863604724407196,0.8379828929901123,0.02562183141708374,0.02562183141708374,1.0,1.0,1.0,1.0,1.0,1.0,1.0,1.0,1.0,1.0,1.0,1.0,1.0,1.0,1.0
Q0450,Wird je Studiengang eine Stellvertretung bestellt?,fully_answerable,1,"[""PO25CL-GEN-C04-P29-U01""]",0.871131181716919,0.8376282453536987,0.033502936363220215,"[""PO25CL-GEN-C04-P29-U01"", ""PO25CL-GEN-C04-P31-A01"", ""PO25CL-GEN-C04-P31-A02"", ""PO25CL-GEN-C04-P28-A03"", ""PO25CL-GEN-C04-P30-U01"", ""PO25CL-GEN-C02-P09-A03"", ""PO25CL-GEN-C04-P25-A06"", ""PO25CL-GEN-C04-P28-A01"", ""PO25CL-GEN-C04-P28-A02"", ""PO25CL-GEN-C04-P24-A01""]","[0.871131181716919, 0.8376282453536987, 0.8252929449081421, 0.8233487010002136, 0.8214439749717712, 0.8211920261383057, 0.8193601965904236, 0.8178606033325195, 0.8173165917396545, 0.8169228434562683]",[1],1.0,1.0,1.0,1.0,0.871131181716919,0.871131181716919,0.8376282453536987,0.033502936363220215,0.033502936363220215,1.0,1.0,1.0,1.0,1.0,1.0,1.0,1.0,1.0,1.0,1.0,1.0,1.0,1.0,1.0
Q0451,Welche Beschäftigungsdauer sollen Studiengangverantwortliche grundsätzlich haben?,fully_answerable,1,"[""PO25CL-GEN-C04-P29-U01""]",0.8694444298744202,0.8493883609771729,0.020056068897247314,"[""PO25CL-GEN-C04-P29-U01"", ""PO25CL-GEN-C01-P03-A01"", ""PO25CL-GEN-C03-P14-A04"", ""PO25CL-GEN-C01-P03-A04"", ""PO25CL-PLAN-S05-M01"", ""PO25CL-GEN-C03-P14-A10"", ""PO25CL-GEN-C03-P14-A06"", ""PO25CL-GEN-C04-P31-A01"", ""PO25CL-GEN-C02-P09-A01"", ""PO25CL-GEN-C03-P15-A04""]","[0.8694444298744202, 0.8493883609771729, 0.8394870758056641, 0.8374348282814026, 0.83516526222229, 0.8331059217453003, 0.8315157890319824, 0.8310614228248596, 0.83026123046875, 0.8298410177230835]",[1],1.0,1.0,1.0,1.0,0.8694444298744202,0.8694444298744202,0.8493883609771729,0.020056068897247314,0.020056068897247314,1.0,1.0,1.0,1.0,1.0,1.0,1.0,1.0,1.0,1.0,1.0,1.0,1.0,1.0,1.0
Q0452,Was ist vor der Einsicht in Prüfungsakten zu vereinbaren?,fully_answerable,1,"[""PO25CL-GEN-C04-P30-U01""]",0.8742883205413818,0.8415361642837524,0.032752156257629395,"[""PO25CL-GEN-C04-P30-U01"", ""PO25CL-GEN-C03-P17-A06"", ""PO25CL-GEN-C04-P28-A08"", ""PO25CL-GEN-C04-P28-A02"", ""PO25CL-GEN-C03-P20-A03"", ""PO25CL-GEN-C03-P18-A02"", ""PO25CL-GEN-C03-P16-A02"", ""PO25CL-GEN-C04-P28-A04"", ""PO25CL-GEN-C04-P28-A09"", ""PO25CL-GEN-C03-P19-A02""]","[0.8742883205413818, 0.8415361642837524, 0.8371869325637817, 0.834728479385376, 0.8333367109298706, 0.8315112590789795, 0.8309995532035828, 0.8296024203300476, 0.8292893767356873, 0.8286142349243164]",[1],1.0,1.0,1.0,1.0,0.8742883205413818,0.8742883205413818,0.8415361642837524,0.032752156257629395,0.032752156257629395,1.0,1.0,1.0,1.0,1.0,1.0,1.0,1.0,1.0,1.0,1.0,1.0,1.0,1.0,1.0
Q0453,Bei welcher Stelle können Studierende ihre Prüfungsakten einsehen?,fully_answerable,1,"[""PO25CL-GEN-C04-P30-U01""]",0.8870580792427063,0.8487383127212524,0.03831976652145386,"[""PO25CL-GEN-C04-P30-U01"", ""PO25CL-GEN-C04-P31-A01"", ""PO25CL-GEN-C04-P31-A02"", ""PO25CL-GEN-C04-P28-A01"", ""PO25CL-GEN-C04-P28-A04"", ""PO25CL-GEN-C04-P28-A02"", ""PO25CL-GEN-C04-P25-A03"", ""PO25CL-GEN-C04-P28-A08"", ""PO25CL-GEN-C04-P28-A09"", ""PO25CL-GEN-C04-P28-A07""]","[0.8870580792427063, 0.8487383127212524, 0.8434042930603027, 0.8400753736495972, 0.8382554054260254, 0.838180422782898, 0.8376357555389404, 0.8370292782783508, 0.8366773128509521, 0.8342447280883789]",[1],1.0,1.0,1.0,1.0,0.8870580792427063,0.8870580792427063,0.8487383127212524,0.03831976652145386,0.03831976652145386,1.0,1.0,1.0,1.0,1.0,1.0,1.0,1.0,1.0,1.0,1.0,1.0,1.0,1.0,1.0
Q0454,Dürfen Studierende ihre Prüfungsakten fotografieren?,fully_answerable,1,"[""PO25CL-GEN-C04-P30-U01""]",0.8888464570045471,0.828123927116394,0.060722529888153076,"[""PO25CL-GEN-C04-P30-U01"", ""PO25CL-GEN-C03-P21-A02"", ""PO25CL-GEN-C03-P14-A07"", ""PO25CL-GEN-C03-P21-A01"", ""PO25CL-GEN-C03-P14-A09"", ""PO25CL-GEN-C03-P15-A06"", ""PO25CL-GEN-C03-P16-A01"", ""PO25CL-GEN-C03-P15-A05"", ""PO25CL-GEN-C03-P15-A03"", ""PO25CL-GEN-C04-P28-A02""]","[0.8888464570045471, 0.828123927116394, 0.8242935538291931, 0.8220328092575073, 0.8213019371032715, 0.8203212022781372, 0.8202841281890869, 0.8182016611099243, 0.8172081708908081, 0.8170796632766724]",[1],1.0,1.0,1.0,1.0,0.8888464570045471,0.8888464570045471,0.828123927116394,0.060722529888153076,0.060722529888153076,1.0,1.0,1.0,1.0,1.0,1.0,1.0,1.0,1.0,1.0,1.0,1.0,1.0,1.0,1.0
Q0455,Berät die Hochschule auch Studieninteressierte?,fully_answerable,1,"[""PO25CL-GEN-C04-P31-A01""]",0.8353352546691895,0.8089062571525574,0.02642899751663208,"[""PO25CL-GEN-C04-P31-A01"", ""PO25CL-GEN-C01-P04-A03"", ""PO25CL-GEN-C01-P04-A01"", ""PO25CL-GEN-C01-P01-A01"", ""PO25CL-GEN-C03-P12-A01"", ""PO25CL-GEN-C02-P07-A02"", ""PO25CL-PLAN-INTRO"", ""PO25CL-GEN-C02-P08-U01"", ""PO25CL-GEN-C01-P04-A02"", ""PO25CL-GEN-C02-P07-A03""]","[0.8353352546691895, 0.8089062571525574, 0.8038482666015625, 0.800473153591156, 0.7999388575553894, 0.7973687648773193, 0.7950355410575867, 0.7949789762496948, 0.794691801071167, 0.7925506234169006]",[1],1.0,1.0,1.0,1.0,0.8353352546691895,0.8353352546691895,0.8089062571525574,0.02642899751663208,0.02642899751663208,1.0,1.0,1.0,1.0,1.0,1.0,1.0,1.0,1.0,1.0,1.0,1.0,1.0,1.0,1.0
Q0456,Zu welchen Themen berät die Hochschule Studierende?,fully_answerable,1,"[""PO25CL-GEN-C04-P31-A01""]",0.8536166548728943,0.8175800442695618,0.03603661060333252,"[""PO25CL-GEN-C04-P31-A01"", ""PO25CL-GEN-C03-P15-A03"", ""PO25CL-GEN-C02-P07-A02"", ""PO25CL-FRONT-TITLE"", ""PO25CL-FRONT-PREAMBLE"", ""PO25CL-GEN-C04-P31-A02"", ""PO25CL-GEN-C01-P04-A03"", ""PO25CL-GEN-C04-P30-U01"", ""PO25CL-GEN-C01-P01-A01"", ""PO25CL-GEN-C03-P15-A02""]","[0.8536166548728943, 0.8175800442695618, 0.8148744702339172, 0.8068767189979553, 0.8064256906509399, 0.8039367198944092, 0.8024992942810059, 0.8012034893035889, 0.8006670475006104, 0.7993075847625732]",[1],1.0,1.0,1.0,1.0,0.8536166548728943,0.8536166548728943,0.8175800442695618,0.03603661060333252,0.03603661060333252,1.0,1.0,1.0,1.0,1.0,1.0,1.0,1.0,1.0,1.0,1.0,1.0,1.0,1.0,1.0
Q0457,Wer organisiert die Fachstudienberatung?,fully_answerable,1,"[""PO25CL-GEN-C04-P31-A01""]",0.8521114587783813,0.8237654566764832,0.028346002101898193,"[""PO25CL-GEN-C04-P31-A01"", ""PO25CL-GEN-C02-P09-A03"", ""PO25CL-GEN-C04-P31-A02"", ""PO25CL-GEN-C03-P15-A03"", ""PO25CL-GEN-C01-P04-A03"", ""PO25CL-GEN-C04-P29-U01"", ""PO25CL-GEN-C01-P04-A01"", ""PO25CL-GEN-C01-P05-A02"", ""PO25CL-GEN-C04-P24-A01"", ""PO25CL-GEN-C01-P03-A03""]","[0.8521114587783813, 0.8237654566764832, 0.8175050020217896, 0.8068355321884155, 0.8056200742721558, 0.8037278056144714, 0.802114725112915, 0.8019567728042603, 0.7995266318321228, 0.798663854598999]",[1],1.0,1.0,1.0,1.0,0.8521114587783813,0.8521114587783813,0.8237654566764832,0.028346002101898193,0.028346002101898193,1.0,1.0,1.0,1.0,1.0,1.0,1.0,1.0,1.0,1.0,1.0,1.0,1.0,1.0,1.0
Q0458,Welche Stelle nutzt ECTS-Statistiken für Beratungszwecke?,fully_answerable,1,"[""PO25CL-GEN-C04-P31-A02""]",0.9071019291877747,0.8309743404388428,0.07612758874893188,"[""PO25CL-GEN-C04-P31-A02"", ""PO25CL-GEN-C04-P28-A09"", ""PO25CL-GEN-C01-P02-A03"", ""PO25CL-GEN-C04-P28-A03"", ""PO25CL-GEN-C01-P02-A02"", ""PO25CL-GEN-C01-P02-A01"", ""PO25CL-GEN-C03-P18-A08"", ""PO25CL-GEN-C01-P03-A05"", ""PO25CL-GEN-C01-P03-A02"", ""PO25CL-APP-R03""]","[0.9071019291877747, 0.8309743404388428, 0.8309432864189148, 0.8307153582572937, 0.8303692936897278, 0.8264446258544922, 0.8226724863052368, 0.8179982304573059, 0.8170093297958374, 0.8162034749984741]",[1],1.0,1.0,1.0,1.0,0.9071019291877747,0.9071019291877747,0.8309743404388428,0.07612758874893188,0.07612758874893188,1.0,1.0,1.0,1.0,1.0,1.0,1.0,1.0,1.0,1.0,1.0,1.0,1.0,1.0,1.0
Q0459,Welche Studierendengruppe soll mithilfe der ECTS-Statistiken auf Beratungsangebote hingewiesen werden?,fully_answerable,1,"[""PO25CL-GEN-C04-P31-A02""]",0.8968566656112671,0.8334711790084839,0.0633854866027832,"[""PO25CL-GEN-C04-P31-A02"", ""PO25CL-PLAN-INTRO"", ""PO25CL-GEN-C01-P02-A02"", ""PO25CL-GEN-C04-P28-A09"", ""PO25CL-GEN-C01-P03-A05"", ""PO25CL-GEN-C04-P28-A03"", ""PO25CL-GEN-C01-P02-A03"", ""PO25CL-GEN-C01-P03-A02"", ""PO25CL-GEN-C04-P31-A01"", ""PO25CL-GEN-C03-P18-A08""]","[0.8968566656112671, 0.8334711790084839, 0.8307634592056274, 0.8226821422576904, 0.820382833480835, 0.8201444149017334, 0.8199476003646851, 0.8197096586227417, 0.8188526034355164, 0.8173373341560364]",[1],1.0,1.0,1.0,1.0,0.8968566656112671,0.8968566656112671,0.8334711790084839,0.0633854866027832,0.0633854866027832,1.0,1.0,1.0,1.0,1.0,1.0,1.0,1.0,1.0,1.0,1.0,1.0,1.0,1.0,1.0
Q0460,Wann tritt die Prüfungsordnung in Kraft?,fully_answerable,1,"[""PO25CL-GEN-C05-P32-U01""]",0.8549320697784424,0.8483226299285889,0.006609439849853516,"[""PO25CL-GEN-C03-P11-A09"", ""PO25CL-FRONT-PREAMBLE"", ""PO25CL-FRONT-TITLE"", ""PO25CL-GEN-C03-P12-A02"", ""PO25CL-GEN-C03-P12-A04"", ""PO25CL-GEN-C04-P24-A06"", ""PO25CL-GEN-C04-P24-A04"", ""PO25CL-GEN-C03-P11-A07"", ""PO25CL-GEN-C03-P19-A02"", ""PO25CL-GEN-C04-P30-U01""]","[0.8549320697784424, 0.8483226299285889, 0.8472910523414612, 0.8468918800354004, 0.8451893329620361, 0.8444569706916809, 0.8440224528312683, 0.8434315323829651, 0.842523455619812, 0.8424878716468811]",[42],42.0,42.0,42.0,0.023809523809523808,0.8286470770835876,0.8286470770835876,0.8549320697784424,-0.026284992694854736,-0.026284992694854736,0.0,0.0,0.0,0.0,0.0,0.0,0.0,0.0,0.0,0.0,0.0,0.0,0.0,0.0,0.0
Q0461,An welchem Datum beschloss der Fakultätsrat die Prüfungsordnung?,fully_answerable,1,"[""PO25CL-GEN-C05-P32-U01""]",0.8550708293914795,0.8431845903396606,0.011886239051818848,"[""PO25CL-FRONT-PREAMBLE"", ""PO25CL-FRONT-TITLE"", ""PO25CL-GEN-C03-P12-A02"", ""PO25CL-GEN-C04-P24-A02"", ""PO25CL-GEN-C03-P22-U01"", ""PO25CL-GEN-C03-P12-A04"", ""PO25CL-GEN-C03-P11-A09"", ""PO25CL-GEN-C03-P15-A03"", ""PO25CL-GEN-C03-P11-A02"", ""PO25CL-GEN-C04-P28-A08""]","[0.8550708293914795, 0.8431845903396606, 0.8386663198471069, 0.8356845378875732, 0.8353701829910278, 0.8337786197662354, 0.8324094414710999, 0.8323115110397339, 0.8308509588241577, 0.8299336433410645]",[27],27.0,27.0,27.0,0.037037037037037035,0.818859338760376,0.818859338760376,0.8550708293914795,-0.036211490631103516,-0.036211490631103516,0.0,0.0,0.0,0.0,0.0,0.0,0.0,0.0,0.0,0.0,0.0,0.0,0.0,0.0,0.0
Q0462,An welchem Datum wurde die Prüfungsordnung ausgefertigt?,fully_answerable,1,"[""PO25CL-GEN-C05-P32-U01""]",0.8407684564590454,0.8359691500663757,0.004799306392669678,"[""PO25CL-FRONT-TITLE"", ""PO25CL-FRONT-PREAMBLE"", ""PO25CL-GEN-C03-P12-A02"", ""PO25CL-GEN-C03-P15-A03"", ""PO25CL-GEN-C03-P11-A09"", ""PO25CL-GEN-C03-P11-A07"", ""PO25CL-GEN-C03-P21-A02"", ""PO25CL-GEN-C04-P28-A07"", ""PO25CL-GEN-C03-P21-A03"", ""PO25CL-GEN-C03-P16-A01""]","[0.8407684564590454, 0.8359691500663757, 0.8356331586837769, 0.8323742151260376, 0.8316900134086609, 0.8283206820487976, 0.8261560797691345, 0.8255996704101562, 0.8251670598983765, 0.8250391483306885]",[46],46.0,46.0,46.0,0.021739130434782608,0.8117693662643433,0.8117693662643433,0.8407684564590454,-0.02899909019470215,-0.02899909019470215,0.0,0.0,0.0,0.0,0.0,0.0,0.0,0.0,0.0,0.0,0.0,0.0,0.0,0.0,0.0
Q0463,Als welcher Studiengangstyp ist Computerlinguistik ausgewiesen?,fully_answerable,1,"[""PO25CL-APP-R01""]",0.8721049427986145,0.8711220622062683,0.0009828805923461914,"[""PO25CL-PLAN-S01-M04"", ""PO25CL-PLAN-S06-M02"", ""PO25CL-PLAN-S06-M01"", ""PO25CL-PLAN-S05-M03"", ""PO25CL-PLAN-S02-PBB"", ""PO25CL-PLAN-S01-M02"", ""PO25CL-PLAN-S05-M01"", ""PO25CL-PLAN-S03-M01"", ""PO25CL-PLAN-S01-SUM"", ""PO25CL-PLAN-S01-PBB""]","[0.8721049427986145, 0.8711220622062683, 0.869931697845459, 0.8664037585258484, 0.8653806447982788, 0.8649506568908691, 0.864093542098999, 0.8640016913414001, 0.863584041595459, 0.863226056098938]",[29],29.0,29.0,29.0,0.034482758620689655,0.8512950539588928,0.8512950539588928,0.8721049427986145,-0.02080988883972168,-0.02080988883972168,0.0,0.0,0.0,0.0,0.0,0.0,0.0,0.0,0.0,0.0,0.0,0.0,0.0,0.0,0.0
Q0464,In welchem Semester kann das Computerlinguistikstudium begonnen werden?,fully_answerable,1,"[""PO25CL-APP-R02""]",0.8959947824478149,0.8918384313583374,0.004156351089477539,"[""PO25CL-PLAN-S05-M01"", ""PO25CL-PLAN-S06-SUM"", ""PO25CL-PLAN-S01-SUM"", ""PO25CL-PLAN-S03-PBB"", ""PO25CL-PLAN-S06-M02"", ""PO25CL-PLAN-S01-M04"", ""PO25CL-PLAN-S03-SUM"", ""PO25CL-PLAN-S06-PBB"", ""PO25CL-PLAN-S05-SUM"", ""PO25CL-PLAN-S06-M01""]","[0.8959947824478149, 0.8918384313583374, 0.8918352127075195, 0.8900699019432068, 0.8896130323410034, 0.8893167972564697, 0.888750433921814, 0.8886605501174927, 0.8886127471923828, 0.888386070728302]",[32],32.0,32.0,32.0,0.03125,0.8754309415817261,0.8754309415817261,0.8959947824478149,-0.020563840866088867,-0.020563840866088867,0.0,0.0,0.0,0.0,0.0,0.0,0.0,0.0,0.0,0.0,0.0,0.0,0.0,0.0,0.0
Q0465,Wie viele ECTS-Leistungspunkte umfasst der Studiengang Computerlinguistik?,fully_answerable,1,"[""PO25CL-APP-R03""]",0.9023857116699219,0.8705201148986816,0.031865596771240234,"[""PO25CL-APP-R03"", ""PO25CL-PLAN-S01-SUM"", ""PO25CL-PLAN-S03-SUM"", ""PO25CL-PLAN-S06-SUM"", ""PO25CL-PLAN-S02-SUM"", ""PO25CL-PLAN-S04-SUM"", ""PO25CL-PLAN-S05-SUM"", ""PO25CL-PLAN-S05-M01"", ""PO25CL-GEN-C01-P03-A02"", ""PO25CL-PLAN-S05-PBB""]","[0.9023857116699219, 0.8705201148986816, 0.869425892829895, 0.869042694568634, 0.8688532710075378, 0.8686175346374512, 0.867982029914856, 0.8662443161010742, 0.8651540279388428, 0.8627600073814392]",[1],1.0,1.0,1.0,1.0,0.9023857116699219,0.9023857116699219,0.8705201148986816,0.031865596771240234,0.031865596771240234,1.0,1.0,1.0,1.0,1.0,1.0,1.0,1.0,1.0,1.0,1.0,1.0,1.0,1.0,1.0
Q0466,Welches Englischniveau wird als notwendige Vorkenntnis verlangt?,fully_answerable,1,"[""PO25CL-APP-R04""]",0.8620162010192871,0.8163467645645142,0.04566943645477295,"[""PO25CL-APP-R04"", ""PO25CL-GEN-C03-P15-A07"", ""PO25CL-APP-R08"", ""PO25CL-PLAN-S01-M04"", ""PO25CL-PLAN-S02-M03"", ""PO25CL-PLAN-S03-M02"", ""PO25CL-PLAN-S03-M04"", ""PO25CL-PLAN-S02-PBB"", ""PO25CL-PLAN-S01-M02"", ""PO25CL-PLAN-S06-M01""]","[0.8620162010192871, 0.8163467645645142, 0.8139371871948242, 0.8105316162109375, 0.8089757561683655, 0.8066484928131104, 0.8047390580177307, 0.8039888143539429, 0.8035861253738403, 0.8035584688186646]",[1],1.0,1.0,1.0,1.0,0.8620162010192871,0.8620162010192871,0.8163467645645142,0.04566943645477295,0.04566943645477295,1.0,1.0,1.0,1.0,1.0,1.0,1.0,1.0,1.0,1.0,1.0,1.0,1.0,1.0,1.0
Q0467,Welcher Dauer des Schulunterrichts wird das Englischniveau B1 gleichgesetzt?,fully_answerable,1,"[""PO25CL-APP-R04""]",0.8417069911956787,0.8243294954299927,0.017377495765686035,"[""PO25CL-APP-R04"", ""PO25CL-PLAN-S05-M01"", ""PO25CL-PLAN-S01-M04"", ""PO25CL-PLAN-S01-SUM"", ""PO25CL-PLAN-S06-SUM"", ""PO25CL-PLAN-S05-SUM"", ""PO25CL-PLAN-S02-SUM"", ""PO25CL-PLAN-S03-SUM"", ""PO25CL-PLAN-S01-PBB"", ""PO25CL-GEN-C01-P03-A04""]","[0.8417069911956787, 0.8243294954299927, 0.821194589138031, 0.8203466534614563, 0.8197836875915527, 0.8184174299240112, 0.818236768245697, 0.817864179611206, 0.8178086280822754, 0.8177493214607239]",[1],1.0,1.0,1.0,1.0,0.8417069911956787,0.8417069911956787,0.8243294954299927,0.017377495765686035,0.017377495765686035,1.0,1.0,1.0,1.0,1.0,1.0,1.0,1.0,1.0,1.0,1.0,1.0,1.0,1.0,1.0
Q0468,Welche Angabe macht der Anhang zu einem Propädeutikum im Profilbildungsbereich?,fully_answerable,1,"[""PO25CL-APP-R05""]",0.8835732936859131,0.8702234625816345,0.013349831104278564,"[""PO25CL-APP-R05"", ""PO25CL-GEN-C01-P05-A02"", ""PO25CL-APP-R07-M17"", ""PO25CL-GEN-C01-P05-A01"", ""PO25CL-GEN-C01-P05-A03"", ""PO25CL-APP-R07-M12"", ""PO25CL-APP-R07-M07"", ""PO25CL-GEN-C02-P06-U01"", ""PO25CL-APP-R07-M15"", ""PO25CL-PLAN-S01-PBB""]","[0.8835732936859131, 0.8702234625816345, 0.8462982773780823, 0.8324816226959229, 0.8321614861488342, 0.8306331634521484, 0.8210256099700928, 0.8209644556045532, 0.8203496932983398, 0.8195643424987793]",[1],1.0,1.0,1.0,1.0,0.8835732936859131,0.8835732936859131,0.8702234625816345,0.013349831104278564,0.013349831104278564,1.0,1.0,1.0,1.0,1.0,1.0,1.0,1.0,1.0,1.0,1.0,1.0,1.0,1.0,1.0
Q0469,Wie viele Modulprüfungen sind für Computerlinguistik vorgesehen?,fully_answerable,1,"[""PO25CL-APP-R06""]",0.8874488472938538,0.884475827217102,0.002973020076751709,"[""PO25CL-APP-R06"", ""PO25CL-PLAN-S06-M01"", ""PO25CL-APP-R07-M14"", ""PO25CL-APP-R07-M15"", ""PO25CL-PLAN-S05-M03"", ""PO25CL-PLAN-S03-SUM"", ""PO25CL-PLAN-S02-SUM"", ""PO25CL-PLAN-S05-M02"", ""PO25CL-PLAN-S06-SUM"", ""PO25CL-PLAN-S04-SUM""]","[0.8874488472938538, 0.884475827217102, 0.8763967156410217, 0.8759094476699829, 0.87529456615448, 0.8746510148048401, 0.874188244342804, 0.8741155862808228, 0.873973548412323, 0.8739699125289917]",[1],1.0,1.0,1.0,1.0,0.8874488472938538,0.8874488472938538,0.884475827217102,0.002973020076751709,0.002973020076751709,1.0,1.0,1.0,1.0,1.0,1.0,1.0,1.0,1.0,1.0,1.0,1.0,1.0,1.0,1.0
Q0470,Wird die Bachelorarbeit zusätzlich zu den neun Modulprüfungen gezählt?,fully_answerable,1,"[""PO25CL-APP-R06""]",0.8662527203559875,0.8656436800956726,0.0006090402603149414,"[""PO25CL-GEN-C03-P10-U01"", ""PO25CL-APP-R06"", ""PO25CL-GEN-C03-P19-A09"", ""PO25CL-GEN-C03-P18-A05"", ""PO25CL-GEN-C01-P03-A05"", ""PO25CL-GEN-C03-P15-A08"", ""PO25CL-GEN-C03-P11-A06"", ""PO25CL-GEN-C03-P15-A02"", ""PO25CL-GEN-C03-P19-A01"", ""PO25CL-GEN-C03-P18-A06""]","[0.8662527203559875, 0.8656436800956726, 0.8625104427337646, 0.8600934743881226, 0.8592278957366943, 0.858006477355957, 0.8544808626174927, 0.8532078266143799, 0.8525097966194153, 0.8523051738739014]",[2],2.0,2.0,2.0,0.5,0.8656436800956726,0.8656436800956726,0.8662527203559875,-0.0006090402603149414,-0.0006090402603149414,0.0,0.0,0.0,1.0,1.0,1.0,1.0,1.0,1.0,1.0,1.0,1.0,1.0,1.0,1.0
Q0471,Welche Prüfungsform darf die zweite Wiederholung einer Modulprüfung haben?,fully_answerable,1,"[""PO25CL-APP-R09""]",0.8826441168785095,0.8824836015701294,0.00016051530838012695,"[""PO25CL-GEN-C03-P19-A05"", ""PO25CL-APP-R09"", ""PO25CL-GEN-C03-P19-A09"", ""PO25CL-GEN-C03-P11-A01"", ""PO25CL-GEN-C03-P12-A01"", ""PO25CL-GEN-C03-P11-A05"", ""PO25CL-GEN-C03-P12-A02"", ""PO25CL-GEN-C03-P19-A06"", ""PO25CL-GEN-C03-P11-A04"", ""PO25CL-GEN-C03-P11-A03""]","[0.8826441168785095, 0.8824836015701294, 0.8649638891220093, 0.8588791489601135, 0.8549927473068237, 0.8534626960754395, 0.853446364402771, 0.8517723679542542, 0.8515815138816833, 0.8509390354156494]",[2],2.0,2.0,2.0,0.5,0.8824836015701294,0.8824836015701294,0.8826441168785095,-0.00016051530838012695,-0.00016051530838012695,0.0,0.0,0.0,1.0,1.0,1.0,1.0,1.0,1.0,1.0,1.0,1.0,1.0,1.0,1.0
Q0472,Wie wird die Bachelorarbeit für die Gesamtnote gewichtet?,fully_answerable,1,"[""PO25CL-APP-R10""]",0.9180277585983276,0.8984398245811462,0.019587934017181396,"[""PO25CL-GEN-C03-P18-A05"", ""PO25CL-GEN-C03-P18-A06"", ""PO25CL-GEN-C03-P18-A07"", ""PO25CL-GEN-C03-P18-A03"", ""PO25CL-APP-R10"", ""PO25CL-GEN-C01-P03-A05"", ""PO25CL-GEN-C03-P15-A10"", ""PO25CL-GEN-C03-P16-A02"", ""PO25CL-GEN-C03-P18-A04"", ""PO25CL-GEN-C03-P15-A08""]","[0.9180277585983276, 0.8984398245811462, 0.8801471590995789, 0.8716896772384644, 0.8676077127456665, 0.8553880453109741, 0.855283796787262, 0.8531025648117065, 0.8525139093399048, 0.8505381345748901]",[5],5.0,5.0,5.0,0.2,0.8676077127456665,0.8676077127456665,0.9180277585983276,-0.05042004585266113,-0.05042004585266113,0.0,0.0,0.0,0.0,0.0,0.0,0.0,0.0,0.0,1.0,1.0,1.0,1.0,1.0,1.0
Q0473,Wie werden die Modulprüfungen für die Gesamtnote gewichtet?,fully_answerable,1,"[""PO25CL-APP-R10""]",0.9066061973571777,0.8969330787658691,0.009673118591308594,"[""PO25CL-GEN-C03-P18-A05"", ""PO25CL-GEN-C03-P18-A04"", ""PO25CL-GEN-C03-P18-A06"", ""PO25CL-GEN-C03-P18-A07"", ""PO25CL-APP-R10"", ""PO25CL-GEN-C03-P18-A02"", ""PO25CL-GEN-C03-P12-A02"", ""PO25CL-GEN-C03-P13-A01"", ""PO25CL-GEN-C03-P11-A03"", ""PO25CL-GEN-C03-P18-A01""]","[0.9066061973571777, 0.8969330787658691, 0.8958790302276611, 0.8712495565414429, 0.8712130188941956, 0.8695061206817627, 0.8638373017311096, 0.8532131910324097, 0.8520706295967102, 0.8516408205032349]",[5],5.0,5.0,5.0,0.2,0.8712130188941956,0.8712130188941956,0.9066061973571777,-0.03539317846298218,-0.03539317846298218,0.0,0.0,0.0,0.0,0.0,0.0,0.0,0.0,0.0,1.0,1.0,1.0,1.0,1.0,1.0
Q0474,Welche Angabe enthält der Anhang zur Prüfungssprache?,fully_answerable,1,"[""PO25CL-APP-R11""]",0.8793983459472656,0.8720343112945557,0.007364034652709961,"[""PO25CL-APP-R11"", ""PO25CL-GEN-C03-P11-A08"", ""PO25CL-APP-R08"", ""PO25CL-APP-R07-M12"", ""PO25CL-APP-R09"", ""PO25CL-APP-R10"", ""PO25CL-APP-R07-M04"", ""PO25CL-APP-R07-M09"", ""PO25CL-APP-R07-M15"", ""PO25CL-APP-R07-M16""]","[0.8793983459472656, 0.8720343112945557, 0.859196662902832, 0.8537254929542542, 0.8530111312866211, 0.8518808484077454, 0.8490407466888428, 0.8488861322402954, 0.8475903272628784, 0.8467981219291687]",[1],1.0,1.0,1.0,1.0,0.8793983459472656,0.8793983459472656,0.8720343112945557,0.007364034652709961,0.007364034652709961,1.0,1.0,1.0,1.0,1.0,1.0,1.0,1.0,1.0,1.0,1.0,1.0,1.0,1.0,1.0
Q0475,Ist ein Auslandsaufenthalt im Computerlinguistikstudium verpflichtend?,fully_answerable,1,"[""PO25CL-APP-R12""]",0.8665347695350647,0.851521909236908,0.015012860298156738,"[""PO25CL-APP-R12"", ""PO25CL-PLAN-S06-M01"", ""PO25CL-PLAN-S05-M03"", ""PO25CL-PLAN-S05-M01"", ""PO25CL-PLAN-S01-M02"", ""PO25CL-PLAN-S06-M02"", ""PO25CL-PLAN-S04-M05"", ""PO25CL-PLAN-S01-M04"", ""PO25CL-PLAN-S03-M01"", ""PO25CL-PLAN-S04-M04""]","[0.8665347695350647, 0.851521909236908, 0.8508095741271973, 0.8485088348388672, 0.8483622074127197, 0.8464370965957642, 0.8456896543502808, 0.8450819849967957, 0.8448618054389954, 0.8444066047668457]",[1],1.0,1.0,1.0,1.0,0.8665347695350647,0.8665347695350647,0.851521909236908,0.015012860298156738,0.015012860298156738,1.0,1.0,1.0,1.0,1.0,1.0,1.0,1.0,1.0,1.0,1.0,1.0,1.0,1.0,1.0
Q0476,Für welches Semester wird ein Mobilitätsfenster genannt?,fully_answerable,1,"[""PO25CL-APP-R12""]",0.8366156220436096,0.8028509616851807,0.033764660358428955,"[""PO25CL-APP-R12"", ""PO25CL-APP-R02"", ""PO25CL-GEN-C03-P11-A09"", ""PO25CL-GEN-C03-P11-A01"", ""PO25CL-GEN-C02-P07-A03"", ""PO25CL-GEN-C03-P11-A04"", ""PO25CL-GEN-C03-P19-A07"", ""PO25CL-GEN-C03-P14-A10"", ""PO25CL-GEN-C03-P11-A06"", ""PO25CL-GEN-C02-P07-A04""]","[0.8366156220436096, 0.8028509616851807, 0.8005129098892212, 0.799683690071106, 0.7989842295646667, 0.7981076240539551, 0.7965240478515625, 0.7963910102844238, 0.7963904738426208, 0.7956720590591431]",[1],1.0,1.0,1.0,1.0,0.8366156220436096,0.8366156220436096,0.8028509616851807,0.033764660358428955,0.033764660358428955,1.0,1.0,1.0,1.0,1.0,1.0,1.0,1.0,1.0,1.0,1.0,1.0,1.0,1.0,1.0
Q0477,Welche Angabe enthält der Anhang zu einer Exkursion?,fully_answerable,1,"[""PO25CL-APP-R13""]",0.8465039134025574,0.812682032585144,0.03382188081741333,"[""PO25CL-APP-R13"", ""PO25CL-APP-R12"", ""PO25CL-APP-R07-M12"", ""PO25CL-APP-R09"", ""PO25CL-APP-R08"", ""PO25CL-GEN-C03-P15-A02"", ""PO25CL-GEN-C03-P11-A03"", ""PO25CL-GEN-C03-P11-A02"", ""PO25CL-GEN-C02-P07-A03"", ""PO25CL-APP-R10""]","[0.8465039134025574, 0.812682032585144, 0.793661892414093, 0.7920494079589844, 0.7914888858795166, 0.7903761267662048, 0.7891970872879028, 0.7889504432678223, 0.7889392375946045, 0.7881222367286682]",[1],1.0,1.0,1.0,1.0,0.8465039134025574,0.8465039134025574,0.812682032585144,0.03382188081741333,0.03382188081741333,1.0,1.0,1.0,1.0,1.0,1.0,1.0,1.0,1.0,1.0,1.0,1.0,1.0,1.0,1.0
Q0478,Welche Angabe enthält der Anhang zu besonderen Prüfungsvoraussetzungen?,fully_answerable,1,"[""PO25CL-APP-R08""]",0.8596905469894409,0.8530241250991821,0.006666421890258789,"[""PO25CL-APP-R08"", ""PO25CL-GEN-C03-P11-A02"", ""PO25CL-GEN-C03-P11-A03"", ""PO25CL-APP-R09"", ""PO25CL-GEN-C03-P12-A05"", ""PO25CL-GEN-C03-P11-A04"", ""PO25CL-GEN-C02-P07-A01"", ""PO25CL-GEN-C03-P15-A02"", ""PO25CL-APP-R11"", ""PO25CL-GEN-C03-P11-A01""]","[0.8596905469894409, 0.8530241250991821, 0.8457363843917847, 0.844727635383606, 0.843376874923706, 0.8424394130706787, 0.8410505652427673, 0.8390448093414307, 0.8380234241485596, 0.8338102102279663]",[1],1.0,1.0,1.0,1.0,0.8596905469894409,0.8596905469894409,0.8530241250991821,0.006666421890258789,0.006666421890258789,1.0,1.0,1.0,1.0,1.0,1.0,1.0,1.0,1.0,1.0,1.0,1.0,1.0,1.0,1.0
Q0479,Kann das Berufsfeldpraktikum im Computerlinguistikstudium nach dem vierten Semester absolviert werden?,fully_answerable,1,"[""PO25CL-APP-R14""]",0.9070515632629395,0.8797001838684082,0.02735137939453125,"[""PO25CL-APP-R14"", ""PO25CL-PLAN-S05-M01"", ""PO25CL-GEN-C02-P09-A01"", ""PO25CL-PLAN-S04-M05"", ""PO25CL-PLAN-S04-PBB"", ""PO25CL-PLAN-S04-SUM"", ""PO25CL-PLAN-S03-PBB"", ""PO25CL-PLAN-S02-M03"", ""PO25CL-PLAN-S02-PBB"", ""PO25CL-PLAN-S05-PBB""]","[0.9070515632629395, 0.8797001838684082, 0.8736352920532227, 0.8718218803405762, 0.8715065717697144, 0.8674112558364868, 0.8655526041984558, 0.8650217652320862, 0.8641644716262817, 0.8639376759529114]",[1],1.0,1.0,1.0,1.0,0.9070515632629395,0.9070515632629395,0.8797001838684082,0.02735137939453125,0.02735137939453125,1.0,1.0,1.0,1.0,1.0,1.0,1.0,1.0,1.0,1.0,1.0,1.0,1.0,1.0,1.0
Q0480,Welche Alternative zum Berufsfeldpraktikum nennt der Computerlinguistik-Anhang?,fully_answerable,1,"[""PO25CL-APP-R14""]",0.8891568183898926,0.8612736463546753,0.027883172035217285,"[""PO25CL-APP-R14"", ""PO25CL-APP-R07-M12"", ""PO25CL-APP-R07-M17"", ""PO25CL-APP-R05"", ""PO25CL-APP-R03"", ""PO25CL-APP-R01"", ""PO25CL-APP-R07-M16"", ""PO25CL-APP-R11"", ""PO25CL-APP-R07-M05"", ""PO25CL-APP-R10""]","[0.8891568183898926, 0.8612736463546753, 0.8510286808013916, 0.8498846292495728, 0.8492558598518372, 0.8487579226493835, 0.8464908599853516, 0.8461964726448059, 0.8460338115692139, 0.8431878685951233]",[1],1.0,1.0,1.0,1.0,0.8891568183898926,0.8891568183898926,0.8612736463546753,0.027883172035217285,0.027883172035217285,1.0,1.0,1.0,1.0,1.0,1.0,1.0,1.0,1.0,1.0,1.0,1.0,1.0,1.0,1.0
Q0481,Welchen fachlichen Inhalt muss die alternativ mögliche Projektarbeit haben?,fully_answerable,1,"[""PO25CL-APP-R14""]",0.8274750709533691,0.819244384765625,0.00823068618774414,"[""PO25CL-GEN-C03-P15-A02"", ""PO25CL-GEN-C03-P14-A07"", ""PO25CL-GEN-C03-P14-A08"", ""PO25CL-GEN-C03-P14-A06"", ""PO25CL-GEN-C01-P04-A05"", ""PO25CL-GEN-C03-P14-A10"", ""PO25CL-GEN-C03-P15-A06"", ""PO25CL-GEN-C01-P04-A04"", ""PO25CL-PLAN-INTRO"", ""PO25CL-GEN-C03-P15-A08""]","[0.8274750709533691, 0.819244384765625, 0.8180256485939026, 0.8158501386642456, 0.8104007244110107, 0.8091983795166016, 0.8087763786315918, 0.8070067167282104, 0.8049545288085938, 0.8048695921897888]",[24],24.0,24.0,24.0,0.041666666666666664,0.79837566614151,0.79837566614151,0.8274750709533691,-0.02909940481185913,-0.02909940481185913,0.0,0.0,0.0,0.0,0.0,0.0,0.0,0.0,0.0,0.0,0.0,0.0,0.0,0.0,0.0
Q0482,Wie lange muss das Berufsfeldpraktikum im Computerlinguistikstudium mindestens dauern?,fully_answerable,1,"[""PO25CL-APP-R14""]",0.9118670225143433,0.8970565795898438,0.014810442924499512,"[""PO25CL-APP-R14"", ""PO25CL-PLAN-S05-M01"", ""PO25CL-GEN-C02-P09-A01"", ""PO25CL-GEN-C01-P03-A04"", ""PO25CL-PLAN-S01-SUM"", ""PO25CL-PLAN-S06-SUM"", ""PO25CL-PLAN-S03-SUM"", ""PO25CL-PLAN-S05-SUM"", ""PO25CL-PLAN-S03-PBB"", ""PO25CL-PLAN-S04-M05""]","[0.9118670225143433, 0.8970565795898438, 0.8900723457336426, 0.8752874732017517, 0.8740164041519165, 0.8736490607261658, 0.8726959824562073, 0.871982753276825, 0.8716736435890198, 0.8716241121292114]",[1],1.0,1.0,1.0,1.0,0.9118670225143433,0.9118670225143433,0.8970565795898438,0.014810442924499512,0.014810442924499512,1.0,1.0,1.0,1.0,1.0,1.0,1.0,1.0,1.0,1.0,1.0,1.0,1.0,1.0,1.0
Q0483,Wie viele LP umfasst das Basismodul – Mathematische und logische Grundlagen?,fully_answerable,1,"[""PO25CL-APP-R07-M01""]",0.8926888704299927,0.871195912361145,0.021492958068847656,"[""PO25CL-APP-R07-M01"", ""PO25CL-PLAN-S01-M01"", ""PO25CL-APP-R07-M03"", ""PO25CL-APP-R07-M02"", ""PO25CL-APP-R07-M10"", ""PO25CL-APP-R07-M08"", ""PO25CL-GEN-C01-P03-A03"", ""PO25CL-APP-R07-M11"", ""PO25CL-GEN-C01-P05-A02"", ""PO25CL-APP-R07-M07""]","[0.8926888704299927, 0.871195912361145, 0.8706011772155762, 0.8651615977287292, 0.8639211058616638, 0.8570187091827393, 0.8544510006904602, 0.8540515303611755, 0.8514645099639893, 0.8510761260986328]",[1],1.0,1.0,1.0,1.0,0.8926888704299927,0.8926888704299927,0.871195912361145,0.021492958068847656,0.021492958068847656,1.0,1.0,1.0,1.0,1.0,1.0,1.0,1.0,1.0,1.0,1.0,1.0,1.0,1.0,1.0
Q0484,Wie viele SWS umfasst das Basismodul – Mathematische und logische Grundlagen?,fully_answerable,1,"[""PO25CL-APP-R07-M01""]",0.8810781836509705,0.8732920289039612,0.007786154747009277,"[""PO25CL-APP-R07-M01"", ""PO25CL-PLAN-S01-M01"", ""PO25CL-APP-R07-M10"", ""PO25CL-APP-R07-M03"", ""PO25CL-APP-R07-M02"", ""PO25CL-PLAN-S03-M03"", ""PO25CL-PLAN-S04-M03"", ""PO25CL-APP-R07-M08"", ""PO25CL-PLAN-S03-M01"", ""PO25CL-PLAN-S03-M04""]","[0.8810781836509705, 0.8732920289039612, 0.8606945276260376, 0.8604259490966797, 0.8544785380363464, 0.8526324033737183, 0.852352499961853, 0.8507362604141235, 0.8506081700325012, 0.849999725818634]",[1],1.0,1.0,1.0,1.0,0.8810781836509705,0.8810781836509705,0.8732920289039612,0.007786154747009277,0.007786154747009277,1.0,1.0,1.0,1.0,1.0,1.0,1.0,1.0,1.0,1.0,1.0,1.0,1.0,1.0,1.0
Q0485,Ist für das Basismodul – Mathematische und logische Grundlagen eine Modulprüfung angegeben?,fully_answerable,1,"[""PO25CL-APP-R07-M01""]",0.8643883466720581,0.858932614326477,0.005455732345581055,"[""PO25CL-PLAN-S01-M01"", ""PO25CL-APP-R07-M01"", ""PO25CL-GEN-C03-P11-A03"", ""PO25CL-GEN-C03-P12-A02"", ""PO25CL-GEN-C03-P11-A06"", ""PO25CL-PLAN-S02-M01"", ""PO25CL-GEN-C03-P11-A05"", ""PO25CL-GEN-C03-P11-A01"", ""PO25CL-GEN-C03-P11-A02"", ""PO25CL-GEN-C03-P14-A01""]","[0.8643883466720581, 0.858932614326477, 0.8496320247650146, 0.8475092649459839, 0.847024142742157, 0.8455514907836914, 0.8448785543441772, 0.8447498679161072, 0.8429242968559265, 0.842450737953186]",[2],2.0,2.0,2.0,0.5,0.858932614326477,0.858932614326477,0.8643883466720581,-0.005455732345581055,-0.005455732345581055,0.0,0.0,0.0,1.0,1.0,1.0,1.0,1.0,1.0,1.0,1.0,1.0,1.0,1.0,1.0
Q0486,Wie viele LP umfasst das Basismodul – Grundlagen der Computerlinguistik und formale Grammatikbeschreibung?,fully_answerable,1,"[""PO25CL-APP-R07-M02""]",0.9106975793838501,0.89128577709198,0.019411802291870117,"[""PO25CL-APP-R07-M02"", ""PO25CL-APP-R07-M01"", ""PO25CL-PLAN-S02-M01"", ""PO25CL-APP-R07-M03"", ""PO25CL-APP-R07-M05"", ""PO25CL-PLAN-S01-M02"", ""PO25CL-APP-R07-M04"", ""PO25CL-APP-R07-M11"", ""PO25CL-APP-R07-M06"", ""PO25CL-APP-R07-M10""]","[0.9106975793838501, 0.89128577709198, 0.8911428451538086, 0.884195864200592, 0.8833217620849609, 0.8828959465026855, 0.8812388181686401, 0.8784345388412476, 0.8747668862342834, 0.8727660179138184]",[1],1.0,1.0,1.0,1.0,0.9106975793838501,0.9106975793838501,0.89128577709198,0.019411802291870117,0.019411802291870117,1.0,1.0,1.0,1.0,1.0,1.0,1.0,1.0,1.0,1.0,1.0,1.0,1.0,1.0,1.0
Q0487,Wie viele SWS umfasst das Basismodul – Grundlagen der Computerlinguistik und formale Grammatikbeschreibung?,fully_answerable,1,"[""PO25CL-APP-R07-M02""]",0.9036758542060852,0.8966394066810608,0.007036447525024414,"[""PO25CL-APP-R07-M02"", ""PO25CL-PLAN-S02-M01"", ""PO25CL-PLAN-S01-M02"", ""PO25CL-APP-R07-M04"", ""PO25CL-APP-R07-M01"", ""PO25CL-APP-R07-M05"", ""PO25CL-PLAN-S01-M04"", ""PO25CL-APP-R07-M06"", ""PO25CL-APP-R07-M03"", ""PO25CL-APP-R07-M11""]","[0.9036758542060852, 0.8966394066810608, 0.8897597193717957, 0.8817245960235596, 0.8816211223602295, 0.8794798254966736, 0.8790873289108276, 0.8769246339797974, 0.8762602806091309, 0.8761377334594727]",[1],1.0,1.0,1.0,1.0,0.9036758542060852,0.9036758542060852,0.8966394066810608,0.007036447525024414,0.007036447525024414,1.0,1.0,1.0,1.0,1.0,1.0,1.0,1.0,1.0,1.0,1.0,1.0,1.0,1.0,1.0
Q0488,Ist für das Basismodul – Grundlagen der Computerlinguistik und formale Grammatikbeschreibung eine Modulprüfung angegeben?,fully_answerable,1,"[""PO25CL-APP-R07-M02""]",0.8958660364151001,0.8908544778823853,0.005011558532714844,"[""PO25CL-PLAN-S02-M01"", ""PO25CL-APP-R07-M02"", ""PO25CL-PLAN-S01-M02"", ""PO25CL-PLAN-S01-M04"", ""PO25CL-PLAN-S01-M01"", ""PO25CL-PLAN-S03-M01"", ""PO25CL-PLAN-S02-M04"", ""PO25CL-PLAN-S03-M03"", ""PO25CL-APP-R07-M06"", ""PO25CL-PLAN-S02-M03""]","[0.8958660364151001, 0.8908544778823853, 0.8869436383247375, 0.8720670938491821, 0.8675658702850342, 0.8671945929527283, 0.8656822443008423, 0.8648722767829895, 0.8646683096885681, 0.8644070625305176]",[2],2.0,2.0,2.0,0.5,0.8908544778823853,0.8908544778823853,0.8958660364151001,-0.005011558532714844,-0.005011558532714844,0.0,0.0,0.0,1.0,1.0,1.0,1.0,1.0,1.0,1.0,1.0,1.0,1.0,1.0,1.0
Q0489,Wie viele LP umfasst das Basismodul – Python-Programmierung?,fully_answerable,1,"[""PO25CL-APP-R07-M03""]",0.8980026841163635,0.8726217150688171,0.025380969047546387,"[""PO25CL-APP-R07-M03"", ""PO25CL-PLAN-S02-M02"", ""PO25CL-PLAN-S01-M03"", ""PO25CL-APP-R07-M11"", ""PO25CL-APP-R07-M01"", ""PO25CL-APP-R07-M02"", ""PO25CL-APP-R07-M10"", ""PO25CL-PLAN-S03-M04"", ""PO25CL-APP-R07-M07"", ""PO25CL-PLAN-S01-M01""]","[0.8980026841163635, 0.8726217150688171, 0.8686855435371399, 0.8543735146522522, 0.8539544939994812, 0.8442784547805786, 0.8434284925460815, 0.839092493057251, 0.8378206491470337, 0.8345616459846497]",[1],1.0,1.0,1.0,1.0,0.8980026841163635,0.8980026841163635,0.8726217150688171,0.025380969047546387,0.025380969047546387,1.0,1.0,1.0,1.0,1.0,1.0,1.0,1.0,1.0,1.0,1.0,1.0,1.0,1.0,1.0
Q0490,Wie viele SWS umfasst das Basismodul – Python-Programmierung?,fully_answerable,1,"[""PO25CL-APP-R07-M03""]",0.8855135440826416,0.8775755167007446,0.007938027381896973,"[""PO25CL-APP-R07-M03"", ""PO25CL-PLAN-S01-M03"", ""PO25CL-PLAN-S02-M02"", ""PO25CL-PLAN-S03-M04"", ""PO25CL-APP-R07-M11"", ""PO25CL-APP-R07-M01"", ""PO25CL-PLAN-S01-M01"", ""PO25CL-APP-R07-M10"", ""PO25CL-PLAN-S04-M01"", ""PO25CL-APP-R07-M02""]","[0.8855135440826416, 0.8775755167007446, 0.873536229133606, 0.849092960357666, 0.8466019034385681, 0.838020920753479, 0.8359818458557129, 0.8359264135360718, 0.8327267169952393, 0.8314194083213806]",[1],1.0,1.0,1.0,1.0,0.8855135440826416,0.8855135440826416,0.8775755167007446,0.007938027381896973,0.007938027381896973,1.0,1.0,1.0,1.0,1.0,1.0,1.0,1.0,1.0,1.0,1.0,1.0,1.0,1.0,1.0
Q0491,Ist für das Basismodul – Python-Programmierung eine Modulprüfung angegeben?,fully_answerable,1,"[""PO25CL-APP-R07-M03""]",0.8764508366584778,0.8723177313804626,0.004133105278015137,"[""PO25CL-PLAN-S02-M02"", ""PO25CL-PLAN-S01-M03"", ""PO25CL-APP-R07-M03"", ""PO25CL-GEN-C03-P11-A06"", ""PO25CL-PLAN-S03-M04"", ""PO25CL-GEN-C03-P11-A03"", ""PO25CL-APP-R09"", ""PO25CL-PLAN-S01-M01"", ""PO25CL-GEN-C03-P12-A03"", ""PO25CL-GEN-C03-P11-A05""]","[0.8764508366584778, 0.8723177313804626, 0.8690233826637268, 0.8403820991516113, 0.8398292660713196, 0.8370007276535034, 0.8335034251213074, 0.8334915041923523, 0.8316611647605896, 0.8308871388435364]",[3],3.0,3.0,3.0,0.3333333333333333,0.8690233826637268,0.8690233826637268,0.8764508366584778,-0.0074274539947509766,-0.0074274539947509766,0.0,0.0,0.0,0.0,0.0,0.0,1.0,1.0,1.0,1.0,1.0,1.0,1.0,1.0,1.0
Q0492,Wie viele LP umfasst das Modul Basiswissen Linguistik – Morphologie und Syntax?,fully_answerable,1,"[""PO25CL-APP-R07-M04""]",0.9074654579162598,0.8933501243591309,0.014115333557128906,"[""PO25CL-APP-R07-M04"", ""PO25CL-APP-R07-M05"", ""PO25CL-APP-R07-M02"", ""PO25CL-PLAN-S01-M04"", ""PO25CL-APP-R07-M01"", ""PO25CL-APP-R07-M03"", ""PO25CL-APP-R07-M11"", ""PO25CL-APP-R07-M07"", ""PO25CL-APP-R07-M08"", ""PO25CL-APP-R07-M12""]","[0.9074654579162598, 0.8933501243591309, 0.8899158239364624, 0.8857896327972412, 0.8857530355453491, 0.8816481232643127, 0.8813309073448181, 0.8795202970504761, 0.8760260343551636, 0.8751864433288574]",[1],1.0,1.0,1.0,1.0,0.9074654579162598,0.9074654579162598,0.8933501243591309,0.014115333557128906,0.014115333557128906,1.0,1.0,1.0,1.0,1.0,1.0,1.0,1.0,1.0,1.0,1.0,1.0,1.0,1.0,1.0
Q0493,Wie viele SWS umfasst das Modul Basiswissen Linguistik – Morphologie und Syntax?,fully_answerable,1,"[""PO25CL-APP-R07-M04""]",0.8997287750244141,0.8870896100997925,0.012639164924621582,"[""PO25CL-APP-R07-M04"", ""PO25CL-PLAN-S01-M04"", ""PO25CL-APP-R07-M05"", ""PO25CL-APP-R07-M02"", ""PO25CL-APP-R07-M11"", ""PO25CL-APP-R07-M01"", ""PO25CL-APP-R07-M03"", ""PO25CL-PLAN-S02-M03"", ""PO25CL-APP-R07-M06"", ""PO25CL-APP-R07-M08""]","[0.8997287750244141, 0.8870896100997925, 0.8821633458137512, 0.8774934411048889, 0.8733171224594116, 0.8715776205062866, 0.8690450191497803, 0.868654727935791, 0.8674278259277344, 0.866618812084198]",[1],1.0,1.0,1.0,1.0,0.8997287750244141,0.8997287750244141,0.8870896100997925,0.012639164924621582,0.012639164924621582,1.0,1.0,1.0,1.0,1.0,1.0,1.0,1.0,1.0,1.0,1.0,1.0,1.0,1.0,1.0
Q0494,Ist für das Modul Basiswissen Linguistik – Morphologie und Syntax eine Modulprüfung angegeben?,fully_answerable,1,"[""PO25CL-APP-R07-M04""]",0.8802387714385986,0.8798561096191406,0.0003826618194580078,"[""PO25CL-PLAN-S01-M04"", ""PO25CL-APP-R07-M04"", ""PO25CL-APP-R07-M02"", ""PO25CL-PLAN-S02-M01"", ""PO25CL-APP-R07-M05"", ""PO25CL-APP-R09"", ""PO25CL-APP-R07-M06"", ""PO25CL-PLAN-S02-M03"", ""PO25CL-APP-R07-M01"", ""PO25CL-GEN-C03-P11-A08""]","[0.8802387714385986, 0.8798561096191406, 0.8689199686050415, 0.864784836769104, 0.8628358840942383, 0.8606173992156982, 0.8597489595413208, 0.8581050038337708, 0.8575054407119751, 0.8564727902412415]",[2],2.0,2.0,2.0,0.5,0.8798561096191406,0.8798561096191406,0.8802387714385986,-0.0003826618194580078,-0.0003826618194580078,0.0,0.0,0.0,1.0,1.0,1.0,1.0,1.0,1.0,1.0,1.0,1.0,1.0,1.0,1.0
Q0495,Wie viele LP umfasst das Modul Basiswissen Linguistik – Semantik und Pragmatik?,fully_answerable,1,"[""PO25CL-APP-R07-M05""]",0.9030991792678833,0.8902632594108582,0.012835919857025146,"[""PO25CL-APP-R07-M05"", ""PO25CL-PLAN-S02-M03"", ""PO25CL-APP-R07-M04"", ""PO25CL-APP-R07-M02"", ""PO25CL-APP-R07-M01"", ""PO25CL-APP-R07-M12"", ""PO25CL-APP-R07-M03"", ""PO25CL-PLAN-S01-M04"", ""PO25CL-PLAN-S02-M01"", ""PO25CL-APP-R07-M11""]","[0.9030991792678833, 0.8902632594108582, 0.8747603297233582, 0.8741758465766907, 0.8701462745666504, 0.8652679324150085, 0.8639355897903442, 0.862744927406311, 0.8609483242034912, 0.8597511649131775]",[1],1.0,1.0,1.0,1.0,0.9030991792678833,0.9030991792678833,0.8902632594108582,0.012835919857025146,0.012835919857025146,1.0,1.0,1.0,1.0,1.0,1.0,1.0,1.0,1.0,1.0,1.0,1.0,1.0,1.0,1.0
Q0496,Wie viele SWS umfasst das Modul Basiswissen Linguistik – Semantik und Pragmatik?,fully_answerable,1,"[""PO25CL-APP-R07-M05""]",0.8942122459411621,0.8913277983665466,0.0028844475746154785,"[""PO25CL-APP-R07-M05"", ""PO25CL-PLAN-S02-M03"", ""PO25CL-APP-R07-M04"", ""PO25CL-PLAN-S01-M04"", ""PO25CL-APP-R07-M02"", ""PO25CL-PLAN-S02-M01"", ""PO25CL-APP-R07-M01"", ""PO25CL-PLAN-S01-M01"", ""PO25CL-PLAN-S03-M03"", ""PO25CL-PLAN-S03-M01""]","[0.8942122459411621, 0.8913277983665466, 0.8702002167701721, 0.8659428954124451, 0.8644722700119019, 0.8621938824653625, 0.8588598966598511, 0.8585407733917236, 0.8581372499465942, 0.8574240207672119]",[1],1.0,1.0,1.0,1.0,0.8942122459411621,0.8942122459411621,0.8913277983665466,0.0028844475746154785,0.0028844475746154785,1.0,1.0,1.0,1.0,1.0,1.0,1.0,1.0,1.0,1.0,1.0,1.0,1.0,1.0,1.0
Q0497,Ist für das Modul Basiswissen Linguistik – Semantik und Pragmatik eine Modulprüfung angegeben?,fully_answerable,1,"[""PO25CL-APP-R07-M05""]",0.8831861019134521,0.8757041692733765,0.007481932640075684,"[""PO25CL-PLAN-S02-M03"", ""PO25CL-APP-R07-M05"", ""PO25CL-PLAN-S02-M01"", ""PO25CL-PLAN-S01-M04"", ""PO25CL-APP-R07-M02"", ""PO25CL-PLAN-S01-M02"", ""PO25CL-PLAN-S01-M01"", ""PO25CL-PLAN-S03-M01"", ""PO25CL-APP-R07-M04"", ""PO25CL-GEN-C03-P11-A01""]","[0.8831861019134521, 0.8757041692733765, 0.863673985004425, 0.8606542348861694, 0.8568708300590515, 0.8560584187507629, 0.8537002801895142, 0.8534669876098633, 0.8504981994628906, 0.8494243025779724]",[2],2.0,2.0,2.0,0.5,0.8757041692733765,0.8757041692733765,0.8831861019134521,-0.007481932640075684,-0.007481932640075684,0.0,0.0,0.0,1.0,1.0,1.0,1.0,1.0,1.0,1.0,1.0,1.0,1.0,1.0,1.0
Q0498,Wie viele LP umfasst das Basismodul – Statistische Methoden in der Computerlinguistik?,fully_answerable,1,"[""PO25CL-APP-R07-M06""]",0.8992347717285156,0.89141845703125,0.007816314697265625,"[""PO25CL-APP-R07-M06"", ""PO25CL-PLAN-S03-M01"", ""PO25CL-PLAN-S02-M04"", ""PO25CL-APP-R07-M01"", ""PO25CL-APP-R07-M02"", ""PO25CL-APP-R07-M03"", ""PO25CL-APP-R07-M11"", ""PO25CL-APP-R07-M04"", ""PO25CL-APP-R07-M05"", ""PO25CL-APP-R07-M07""]","[0.8992347717285156, 0.89141845703125, 0.8903415203094482, 0.8849396109580994, 0.882832407951355, 0.8794125318527222, 0.8719438314437866, 0.8700137138366699, 0.8690848350524902, 0.8676443696022034]",[1],1.0,1.0,1.0,1.0,0.8992347717285156,0.8992347717285156,0.89141845703125,0.007816314697265625,0.007816314697265625,1.0,1.0,1.0,1.0,1.0,1.0,1.0,1.0,1.0,1.0,1.0,1.0,1.0,1.0,1.0
Q0499,Wie viele SWS umfasst das Basismodul – Statistische Methoden in der Computerlinguistik?,fully_answerable,1,"[""PO25CL-APP-R07-M06""]",0.897057294845581,0.8957538604736328,0.0013034343719482422,"[""PO25CL-APP-R07-M06"", ""PO25CL-PLAN-S02-M04"", ""PO25CL-PLAN-S03-M01"", ""PO25CL-APP-R07-M02"", ""PO25CL-APP-R07-M01"", ""PO25CL-APP-R07-M03"", ""PO25CL-APP-R07-M04"", ""PO25CL-PLAN-S01-M04"", ""PO25CL-APP-R07-M11"", ""PO25CL-PLAN-S02-M01""]","[0.897057294845581, 0.8957538604736328, 0.8947466611862183, 0.8726602792739868, 0.8722396492958069, 0.8682683706283569, 0.8665353655815125, 0.8657894730567932, 0.8653964996337891, 0.8650016784667969]",[1],1.0,1.0,1.0,1.0,0.897057294845581,0.897057294845581,0.8957538604736328,0.0013034343719482422,0.0013034343719482422,1.0,1.0,1.0,1.0,1.0,1.0,1.0,1.0,1.0,1.0,1.0,1.0,1.0,1.0,1.0
Q0500,Ist für das Basismodul – Statistische Methoden in der Computerlinguistik eine Modulprüfung angegeben?,fully_answerable,1,"[""PO25CL-APP-R07-M06""]",0.8949369192123413,0.8921175003051758,0.0028194189071655273,"[""PO25CL-PLAN-S02-M04"", ""PO25CL-PLAN-S03-M01"", ""PO25CL-APP-R07-M06"", ""PO25CL-PLAN-S02-M01"", ""PO25CL-APP-R07-M02"", ""PO25CL-PLAN-S01-M02"", ""PO25CL-PLAN-S01-M01"", ""PO25CL-PLAN-S01-M04"", ""PO25CL-APP-R07-M01"", ""PO25CL-PLAN-S03-M03""]","[0.8949369192123413, 0.8921175003051758, 0.8894075155258179, 0.8739869594573975, 0.8698558807373047, 0.8685863018035889, 0.8677261471748352, 0.8669062852859497, 0.8624277114868164, 0.8618713617324829]",[3],3.0,3.0,3.0,0.3333333333333333,0.8894075155258179,0.8894075155258179,0.8949369192123413,-0.0055294036865234375,-0.0055294036865234375,0.0,0.0,0.0,0.0,0.0,0.0,1.0,1.0,1.0,1.0,1.0,1.0,1.0,1.0,1.0
Q0501,Wie viele LP umfasst das Aufbaumodul – Maschinelles Lernen?,fully_answerable,1,"[""PO25CL-APP-R07-M07""]",0.899219810962677,0.8784363865852356,0.020783424377441406,"[""PO25CL-APP-R07-M07"", ""PO25CL-PLAN-S04-M01"", ""PO25CL-PLAN-S03-M02"", ""PO25CL-APP-R07-M11"", ""PO25CL-APP-R07-M01"", ""PO25CL-APP-R07-M03"", ""PO25CL-APP-R07-M08"", ""PO25CL-APP-R07-M10"", ""PO25CL-GEN-C01-P05-A02"", ""PO25CL-GEN-C01-P03-A03""]","[0.899219810962677, 0.8784363865852356, 0.8757971525192261, 0.8555694222450256, 0.8522999286651611, 0.8518308401107788, 0.8508341312408447, 0.848233163356781, 0.8478811383247375, 0.8459376692771912]",[1],1.0,1.0,1.0,1.0,0.899219810962677,0.899219810962677,0.8784363865852356,0.020783424377441406,0.020783424377441406,1.0,1.0,1.0,1.0,1.0,1.0,1.0,1.0,1.0,1.0,1.0,1.0,1.0,1.0,1.0
Q0502,Wie viele SWS umfasst das Aufbaumodul – Maschinelles Lernen?,fully_answerable,1,"[""PO25CL-APP-R07-M07""]",0.890182614326477,0.8813900351524353,0.008792579174041748,"[""PO25CL-APP-R07-M07"", ""PO25CL-PLAN-S03-M02"", ""PO25CL-PLAN-S04-M01"", ""PO25CL-APP-R07-M11"", ""PO25CL-PLAN-S03-M04"", ""PO25CL-PLAN-S03-M03"", ""PO25CL-APP-R07-M08"", ""PO25CL-APP-R07-M10"", ""PO25CL-APP-R07-M03"", ""PO25CL-APP-R07-M01""]","[0.890182614326477, 0.8813900351524353, 0.8811210989952087, 0.8510165214538574, 0.8503037095069885, 0.8468425869941711, 0.8451626896858215, 0.8436437845230103, 0.8423469066619873, 0.8415459394454956]",[1],1.0,1.0,1.0,1.0,0.890182614326477,0.890182614326477,0.8813900351524353,0.008792579174041748,0.008792579174041748,1.0,1.0,1.0,1.0,1.0,1.0,1.0,1.0,1.0,1.0,1.0,1.0,1.0,1.0,1.0
Q0503,Ist für das Aufbaumodul – Maschinelles Lernen eine Modulprüfung angegeben?,fully_answerable,1,"[""PO25CL-APP-R07-M07""]",0.8758676648139954,0.8735647797584534,0.002302885055541992,"[""PO25CL-PLAN-S04-M01"", ""PO25CL-PLAN-S03-M02"", ""PO25CL-APP-R07-M07"", ""PO25CL-GEN-C03-P11-A05"", ""PO25CL-GEN-C03-P11-A06"", ""PO25CL-GEN-C03-P14-A01"", ""PO25CL-PLAN-S03-M04"", ""PO25CL-GEN-C03-P11-A01"", ""PO25CL-GEN-C03-P19-A05"", ""PO25CL-GEN-C03-P11-A03""]","[0.8758676648139954, 0.8735647797584534, 0.8709781169891357, 0.8531966805458069, 0.8502881526947021, 0.8431663513183594, 0.842779815196991, 0.842425525188446, 0.8420794010162354, 0.8409826755523682]",[3],3.0,3.0,3.0,0.3333333333333333,0.8709781169891357,0.8709781169891357,0.8758676648139954,-0.004889547824859619,-0.004889547824859619,0.0,0.0,0.0,0.0,0.0,0.0,1.0,1.0,1.0,1.0,1.0,1.0,1.0,1.0,1.0
Q0504,Wie viele LP umfasst das Aufbaumodul – Mathematische Linguistik?,fully_answerable,1,"[""PO25CL-APP-R07-M08""]",0.8906094431877136,0.886378288269043,0.004231154918670654,"[""PO25CL-APP-R07-M08"", ""PO25CL-APP-R07-M01"", ""PO25CL-APP-R07-M07"", ""PO25CL-APP-R07-M11"", ""PO25CL-APP-R07-M10"", ""PO25CL-PLAN-S03-M03"", ""PO25CL-APP-R07-M02"", ""PO25CL-APP-R07-M03"", ""PO25CL-APP-R07-M09"", ""PO25CL-APP-R07-M04""]","[0.8906094431877136, 0.886378288269043, 0.8784663677215576, 0.8770907521247864, 0.8737614154815674, 0.8724183440208435, 0.8715441226959229, 0.8711419701576233, 0.8667314648628235, 0.8660420179367065]",[1],1.0,1.0,1.0,1.0,0.8906094431877136,0.8906094431877136,0.886378288269043,0.004231154918670654,0.004231154918670654,1.0,1.0,1.0,1.0,1.0,1.0,1.0,1.0,1.0,1.0,1.0,1.0,1.0,1.0,1.0
Q0505,Wie viele SWS umfasst das Aufbaumodul – Mathematische Linguistik?,fully_answerable,1,"[""PO25CL-APP-R07-M08""]",0.8855185508728027,0.8785278797149658,0.006990671157836914,"[""PO25CL-APP-R07-M08"", ""PO25CL-PLAN-S03-M03"", ""PO25CL-APP-R07-M01"", ""PO25CL-APP-R07-M11"", ""PO25CL-APP-R07-M10"", ""PO25CL-APP-R07-M07"", ""PO25CL-APP-R07-M04"", ""PO25CL-PLAN-S03-M04"", ""PO25CL-APP-R07-M02"", ""PO25CL-APP-R07-M03""]","[0.8855185508728027, 0.8785278797149658, 0.8753597736358643, 0.8728039264678955, 0.8698205351829529, 0.8679509162902832, 0.8669441342353821, 0.8641025424003601, 0.8630478978157043, 0.8613262176513672]",[1],1.0,1.0,1.0,1.0,0.8855185508728027,0.8855185508728027,0.8785278797149658,0.006990671157836914,0.006990671157836914,1.0,1.0,1.0,1.0,1.0,1.0,1.0,1.0,1.0,1.0,1.0,1.0,1.0,1.0,1.0
Q0506,Ist für das Aufbaumodul – Mathematische Linguistik eine Modulprüfung angegeben?,fully_answerable,1,"[""PO25CL-APP-R07-M08""]",0.8727048635482788,0.8713901042938232,0.0013147592544555664,"[""PO25CL-APP-R07-M08"", ""PO25CL-PLAN-S03-M03"", ""PO25CL-PLAN-S03-M04"", ""PO25CL-APP-R07-M01"", ""PO25CL-PLAN-S04-M01"", ""PO25CL-PLAN-S01-M01"", ""PO25CL-PLAN-S02-M01"", ""PO25CL-APP-R07-M02"", ""PO25CL-APP-R07-M10"", ""PO25CL-GEN-C03-P11-A08""]","[0.8727048635482788, 0.8713901042938232, 0.8588427305221558, 0.858453631401062, 0.8578519821166992, 0.8577865362167358, 0.8566297888755798, 0.8557572364807129, 0.8553996086120605, 0.8541905283927917]",[1],1.0,1.0,1.0,1.0,0.8727048635482788,0.8727048635482788,0.8713901042938232,0.0013147592544555664,0.0013147592544555664,1.0,1.0,1.0,1.0,1.0,1.0,1.0,1.0,1.0,1.0,1.0,1.0,1.0,1.0,1.0
Q0507,Wie viele LP umfasst das Aufbaumodul – Parsing?,fully_answerable,1,"[""PO25CL-APP-R07-M09""]",0.8849585652351379,0.8632667064666748,0.021691858768463135,"[""PO25CL-APP-R07-M09"", ""PO25CL-PLAN-S04-M02"", ""PO25CL-APP-R07-M11"", ""PO25CL-APP-R07-M03"", ""PO25CL-APP-R07-M10"", ""PO25CL-APP-R07-M07"", ""PO25CL-APP-R07-M01"", ""PO25CL-APP-R07-M02"", ""PO25CL-APP-R07-M08"", ""PO25CL-APP-R07-M05""]","[0.8849585652351379, 0.8632667064666748, 0.8569135069847107, 0.8537321090698242, 0.8519222736358643, 0.8508255481719971, 0.8483160734176636, 0.845979630947113, 0.843643307685852, 0.8373100757598877]",[1],1.0,1.0,1.0,1.0,0.8849585652351379,0.8849585652351379,0.8632667064666748,0.021691858768463135,0.021691858768463135,1.0,1.0,1.0,1.0,1.0,1.0,1.0,1.0,1.0,1.0,1.0,1.0,1.0,1.0,1.0
Q0508,Wie viele SWS umfasst das Aufbaumodul – Parsing?,fully_answerable,1,"[""PO25CL-APP-R07-M09""]",0.8822342753410339,0.8725717067718506,0.00966256856918335,"[""PO25CL-APP-R07-M09"", ""PO25CL-PLAN-S04-M02"", ""PO25CL-APP-R07-M11"", ""PO25CL-APP-R07-M10"", ""PO25CL-PLAN-S03-M04"", ""PO25CL-APP-R07-M03"", ""PO25CL-APP-R07-M07"", ""PO25CL-APP-R07-M02"", ""PO25CL-APP-R07-M01"", ""PO25CL-APP-R07-M08""]","[0.8822342753410339, 0.8725717067718506, 0.8567631244659424, 0.8526421785354614, 0.8505319952964783, 0.8492565155029297, 0.8436475992202759, 0.8422974348068237, 0.8420661687850952, 0.8419100046157837]",[1],1.0,1.0,1.0,1.0,0.8822342753410339,0.8822342753410339,0.8725717067718506,0.00966256856918335,0.00966256856918335,1.0,1.0,1.0,1.0,1.0,1.0,1.0,1.0,1.0,1.0,1.0,1.0,1.0,1.0,1.0
Q0509,Ist für das Aufbaumodul – Parsing eine Modulprüfung angegeben?,fully_answerable,1,"[""PO25CL-APP-R07-M09""]",0.8735731840133667,0.8690289258956909,0.004544258117675781,"[""PO25CL-APP-R07-M09"", ""PO25CL-PLAN-S04-M02"", ""PO25CL-PLAN-S03-M04"", ""PO25CL-GEN-C03-P11-A05"", ""PO25CL-GEN-C03-P11-A03"", ""PO25CL-GEN-C03-P11-A06"", ""PO25CL-GEN-C03-P11-A01"", ""PO25CL-GEN-C03-P11-A02"", ""PO25CL-GEN-C03-P12-A02"", ""PO25CL-GEN-C03-P11-A07""]","[0.8735731840133667, 0.8690289258956909, 0.8500732183456421, 0.8479836583137512, 0.8475646376609802, 0.8465087413787842, 0.8440399169921875, 0.8436099290847778, 0.8427652716636658, 0.8426752090454102]",[1],1.0,1.0,1.0,1.0,0.8735731840133667,0.8735731840133667,0.8690289258956909,0.004544258117675781,0.004544258117675781,1.0,1.0,1.0,1.0,1.0,1.0,1.0,1.0,1.0,1.0,1.0,1.0,1.0,1.0,1.0
Q0510,Wie viele LP umfasst das Aufbaumodul – Logische Programmierung?,fully_answerable,1,"[""PO25CL-APP-R07-M10""]",0.885443925857544,0.8680709004402161,0.01737302541732788,"[""PO25CL-APP-R07-M10"", ""PO25CL-APP-R07-M11"", ""PO25CL-APP-R07-M01"", ""PO25CL-APP-R07-M03"", ""PO25CL-PLAN-S04-M03"", ""PO25CL-APP-R07-M08"", ""PO25CL-APP-R07-M07"", ""PO25CL-PLAN-S03-M04"", ""PO25CL-APP-R07-M09"", ""PO25CL-PLAN-S01-M01""]","[0.885443925857544, 0.8680709004402161, 0.8680078983306885, 0.862075686454773, 0.861655592918396, 0.8532817363739014, 0.8531358242034912, 0.8522956371307373, 0.851868212223053, 0.8518003225326538]",[1],1.0,1.0,1.0,1.0,0.885443925857544,0.885443925857544,0.8680709004402161,0.01737302541732788,0.01737302541732788,1.0,1.0,1.0,1.0,1.0,1.0,1.0,1.0,1.0,1.0,1.0,1.0,1.0,1.0,1.0
Q0511,Wie viele SWS umfasst das Aufbaumodul – Logische Programmierung?,fully_answerable,1,"[""PO25CL-APP-R07-M10""]",0.8821539282798767,0.8682829141616821,0.01387101411819458,"[""PO25CL-APP-R07-M10"", ""PO25CL-PLAN-S04-M03"", ""PO25CL-PLAN-S03-M04"", ""PO25CL-APP-R07-M11"", ""PO25CL-APP-R07-M01"", ""PO25CL-PLAN-S01-M01"", ""PO25CL-APP-R07-M03"", ""PO25CL-PLAN-S03-M03"", ""PO25CL-PLAN-S04-M01"", ""PO25CL-APP-R07-M08""]","[0.8821539282798767, 0.8682829141616821, 0.8633126020431519, 0.862701416015625, 0.857179582118988, 0.8570858836174011, 0.8524628281593323, 0.8482509851455688, 0.8468642234802246, 0.8462000489234924]",[1],1.0,1.0,1.0,1.0,0.8821539282798767,0.8821539282798767,0.8682829141616821,0.01387101411819458,0.01387101411819458,1.0,1.0,1.0,1.0,1.0,1.0,1.0,1.0,1.0,1.0,1.0,1.0,1.0,1.0,1.0
Q0512,Ist für das Aufbaumodul – Logische Programmierung eine Modulprüfung angegeben?,fully_answerable,1,"[""PO25CL-APP-R07-M10""]",0.8653327226638794,0.8607480525970459,0.004584670066833496,"[""PO25CL-APP-R07-M10"", ""PO25CL-PLAN-S04-M03"", ""PO25CL-PLAN-S03-M04"", ""PO25CL-PLAN-S01-M01"", ""PO25CL-GEN-C03-P11-A05"", ""PO25CL-GEN-C03-P11-A03"", ""PO25CL-PLAN-S04-M01"", ""PO25CL-APP-R07-M11"", ""PO25CL-PLAN-S02-M02"", ""PO25CL-APP-R07-M01""]","[0.8653327226638794, 0.8607480525970459, 0.8548378348350525, 0.8530215620994568, 0.8441799879074097, 0.8412820100784302, 0.8404704332351685, 0.8403318524360657, 0.839911699295044, 0.8396430015563965]",[1],1.0,1.0,1.0,1.0,0.8653327226638794,0.8653327226638794,0.8607480525970459,0.004584670066833496,0.004584670066833496,1.0,1.0,1.0,1.0,1.0,1.0,1.0,1.0,1.0,1.0,1.0,1.0,1.0,1.0,1.0
Q0513,Wie viele LP umfasst das Aufbaumodul – Objektorientierte Programmierung?,fully_answerable,1,"[""PO25CL-APP-R07-M11""]",0.8888912200927734,0.8673630952835083,0.021528124809265137,"[""PO25CL-APP-R07-M11"", ""PO25CL-PLAN-S03-M04"", ""PO25CL-APP-R07-M03"", ""PO25CL-APP-R07-M10"", ""PO25CL-APP-R07-M07"", ""PO25CL-APP-R07-M01"", ""PO25CL-APP-R07-M09"", ""PO25CL-APP-R07-M02"", ""PO25CL-APP-R07-M08"", ""PO25CL-APP-R07-M12""]","[0.8888912200927734, 0.8673630952835083, 0.8599646687507629, 0.8558134436607361, 0.8502525687217712, 0.846057116985321, 0.8457741141319275, 0.8454996347427368, 0.8445547819137573, 0.8386168479919434]",[1],1.0,1.0,1.0,1.0,0.8888912200927734,0.8888912200927734,0.8673630952835083,0.021528124809265137,0.021528124809265137,1.0,1.0,1.0,1.0,1.0,1.0,1.0,1.0,1.0,1.0,1.0,1.0,1.0,1.0,1.0
Q0514,Wie viele SWS umfasst das Aufbaumodul – Objektorientierte Programmierung?,fully_answerable,1,"[""PO25CL-APP-R07-M11""]",0.8782691955566406,0.8730955719947815,0.005173623561859131,"[""PO25CL-APP-R07-M11"", ""PO25CL-PLAN-S03-M04"", ""PO25CL-APP-R07-M10"", ""PO25CL-APP-R07-M03"", ""PO25CL-APP-R07-M09"", ""PO25CL-PLAN-S03-M03"", ""PO25CL-APP-R07-M07"", ""PO25CL-APP-R07-M08"", ""PO25CL-APP-R07-M13"", ""PO25CL-PLAN-S01-M03""]","[0.8782691955566406, 0.8730955719947815, 0.8461856842041016, 0.845238983631134, 0.8333772420883179, 0.8331858515739441, 0.8330556154251099, 0.8321611881256104, 0.831596851348877, 0.8312227725982666]",[1],1.0,1.0,1.0,1.0,0.8782691955566406,0.8782691955566406,0.8730955719947815,0.005173623561859131,0.005173623561859131,1.0,1.0,1.0,1.0,1.0,1.0,1.0,1.0,1.0,1.0,1.0,1.0,1.0,1.0,1.0
Q0515,Ist für das Aufbaumodul – Objektorientierte Programmierung eine Modulprüfung angegeben?,fully_answerable,1,"[""PO25CL-APP-R07-M11""]",0.8673497438430786,0.8589490056037903,0.00840073823928833,"[""PO25CL-PLAN-S03-M04"", ""PO25CL-APP-R07-M11"", ""PO25CL-GEN-C03-P11-A05"", ""PO25CL-GEN-C03-P11-A01"", ""PO25CL-GEN-C03-P11-A03"", ""PO25CL-GEN-C03-P11-A06"", ""PO25CL-GEN-C03-P11-A07"", ""PO25CL-GEN-C03-P12-A02"", ""PO25CL-PLAN-S02-M02"", ""PO25CL-GEN-C03-P14-A01""]","[0.8673497438430786, 0.8589490056037903, 0.8487112522125244, 0.8459470868110657, 0.8446897864341736, 0.8421280384063721, 0.8383198976516724, 0.8360257148742676, 0.8327242136001587, 0.8325217962265015]",[2],2.0,2.0,2.0,0.5,0.8589490056037903,0.8589490056037903,0.8673497438430786,-0.00840073823928833,-0.00840073823928833,0.0,0.0,0.0,1.0,1.0,1.0,1.0,1.0,1.0,1.0,1.0,1.0,1.0,1.0,1.0
Q0516,Wie viele LP umfasst das Modul Praktikum und Orientierung?,fully_answerable,1,"[""PO25CL-APP-R07-M12""]",0.879953145980835,0.8754245042800903,0.004528641700744629,"[""PO25CL-APP-R07-M12"", ""PO25CL-PLAN-S05-M01"", ""PO25CL-GEN-C01-P05-A02"", ""PO25CL-PLAN-S04-M05"", ""PO25CL-GEN-C02-P09-A01"", ""PO25CL-GEN-C01-P03-A02"", ""PO25CL-GEN-C01-P03-A03"", ""PO25CL-GEN-C01-P03-A04"", ""PO25CL-APP-R07-M17"", ""PO25CL-APP-R07-M07""]","[0.879953145980835, 0.8754245042800903, 0.8678838014602661, 0.8632794618606567, 0.8528002500534058, 0.8523603081703186, 0.8506410121917725, 0.8408251404762268, 0.8406373858451843, 0.8373591899871826]",[1],1.0,1.0,1.0,1.0,0.879953145980835,0.879953145980835,0.8754245042800903,0.004528641700744629,0.004528641700744629,1.0,1.0,1.0,1.0,1.0,1.0,1.0,1.0,1.0,1.0,1.0,1.0,1.0,1.0,1.0
Q0517,Wie viele SWS umfasst das Modul Praktikum und Orientierung?,fully_answerable,1,"[""PO25CL-APP-R07-M12""]",0.8727161884307861,0.8673890233039856,0.005327165126800537,"[""PO25CL-PLAN-S04-M05"", ""PO25CL-APP-R07-M12"", ""PO25CL-PLAN-S05-M01"", ""PO25CL-PLAN-S03-M04"", ""PO25CL-GEN-C01-P03-A04"", ""PO25CL-PLAN-S04-M04"", ""PO25CL-PLAN-S03-M02"", ""PO25CL-PLAN-S05-M02"", ""PO25CL-PLAN-S02-M03"", ""PO25CL-GEN-C02-P09-A03""]","[0.8727161884307861, 0.8673890233039856, 0.8460378646850586, 0.8408190608024597, 0.8326613306999207, 0.8298750519752502, 0.8294042944908142, 0.8289970755577087, 0.8284299969673157, 0.8280191421508789]",[2],2.0,2.0,2.0,0.5,0.8673890233039856,0.8673890233039856,0.8727161884307861,-0.005327165126800537,-0.005327165126800537,0.0,0.0,0.0,1.0,1.0,1.0,1.0,1.0,1.0,1.0,1.0,1.0,1.0,1.0,1.0
Q0518,Ist für das Modul Praktikum und Orientierung eine Modulprüfung angegeben?,fully_answerable,1,"[""PO25CL-APP-R07-M12""]",0.8496458530426025,0.8494757413864136,0.00017011165618896484,"[""PO25CL-PLAN-S04-M05"", ""PO25CL-GEN-C03-P11-A06"", ""PO25CL-APP-R07-M12"", ""PO25CL-GEN-C03-P11-A05"", ""PO25CL-GEN-C01-P03-A04"", ""PO25CL-GEN-C02-P09-A04"", ""PO25CL-GEN-C03-P17-A01"", ""PO25CL-GEN-C03-P11-A03"", ""PO25CL-GEN-C03-P11-A07"", ""PO25CL-GEN-C03-P11-A01""]","[0.8496458530426025, 0.8494757413864136, 0.848933756351471, 0.8484350442886353, 0.8453119993209839, 0.8452064990997314, 0.845048189163208, 0.8439055681228638, 0.8433817625045776, 0.8431435227394104]",[3],3.0,3.0,3.0,0.3333333333333333,0.848933756351471,0.848933756351471,0.8496458530426025,-0.0007120966911315918,-0.0007120966911315918,0.0,0.0,0.0,0.0,0.0,0.0,1.0,1.0,1.0,1.0,1.0,1.0,1.0,1.0,1.0
Q0519,Wie viele LP umfasst das Vertiefungsmodul – interdisziplinär?,fully_answerable,1,"[""PO25CL-APP-R07-M13""]",0.8840315341949463,0.8674100041389465,0.016621530055999756,"[""PO25CL-APP-R07-M13"", ""PO25CL-PLAN-S05-M02"", ""PO25CL-PLAN-S04-M04"", ""PO25CL-APP-R07-M14"", ""PO25CL-APP-R07-M15"", ""PO25CL-GEN-C01-P05-A02"", ""PO25CL-GEN-C01-P03-A03"", ""PO25CL-PLAN-S06-M01"", ""PO25CL-APP-R07-M11"", ""PO25CL-PLAN-S05-M03""]","[0.8840315341949463, 0.8674100041389465, 0.8606199026107788, 0.8503497838973999, 0.8487038612365723, 0.8481674790382385, 0.8468708992004395, 0.8385542631149292, 0.8341920375823975, 0.8335392475128174]",[1],1.0,1.0,1.0,1.0,0.8840315341949463,0.8840315341949463,0.8674100041389465,0.016621530055999756,0.016621530055999756,1.0,1.0,1.0,1.0,1.0,1.0,1.0,1.0,1.0,1.0,1.0,1.0,1.0,1.0,1.0
Q0520,Wie viele SWS umfasst das Vertiefungsmodul – interdisziplinär?,fully_answerable,1,"[""PO25CL-APP-R07-M13""]",0.8762227296829224,0.8675994873046875,0.008623242378234863,"[""PO25CL-APP-R07-M13"", ""PO25CL-PLAN-S05-M02"", ""PO25CL-PLAN-S04-M04"", ""PO25CL-APP-R07-M14"", ""PO25CL-APP-R07-M15"", ""PO25CL-PLAN-S06-M01"", ""PO25CL-PLAN-S05-M03"", ""PO25CL-PLAN-S03-M04"", ""PO25CL-PLAN-S04-M01"", ""PO25CL-APP-R07-M11""]","[0.8762227296829224, 0.8675994873046875, 0.8647461533546448, 0.8415212035179138, 0.8391269445419312, 0.8374928832054138, 0.8328843116760254, 0.8264238834381104, 0.8245526552200317, 0.8231909275054932]",[1],1.0,1.0,1.0,1.0,0.8762227296829224,0.8762227296829224,0.8675994873046875,0.008623242378234863,0.008623242378234863,1.0,1.0,1.0,1.0,1.0,1.0,1.0,1.0,1.0,1.0,1.0,1.0,1.0,1.0,1.0
Q0521,Ist für das Vertiefungsmodul – interdisziplinär eine Modulprüfung angegeben?,fully_answerable,1,"[""PO25CL-APP-R07-M13""]",0.8677467107772827,0.8651211857795715,0.0026255249977111816,"[""PO25CL-PLAN-S05-M02"", ""PO25CL-APP-R07-M13"", ""PO25CL-PLAN-S04-M04"", ""PO25CL-GEN-C03-P11-A03"", ""PO25CL-GEN-C03-P11-A01"", ""PO25CL-GEN-C03-P19-A09"", ""PO25CL-PLAN-S06-M01"", ""PO25CL-GEN-C03-P11-A06"", ""PO25CL-GEN-C03-P11-A05"", ""PO25CL-APP-R07-M14""]","[0.8677467107772827, 0.8651211857795715, 0.8608924150466919, 0.8445653915405273, 0.8424335718154907, 0.8367732763290405, 0.8359707593917847, 0.8356194496154785, 0.8354384303092957, 0.8353418707847595]",[2],2.0,2.0,2.0,0.5,0.8651211857795715,0.8651211857795715,0.8677467107772827,-0.0026255249977111816,-0.0026255249977111816,0.0,0.0,0.0,1.0,1.0,1.0,1.0,1.0,1.0,1.0,1.0,1.0,1.0,1.0,1.0
Q0522,Wie viele LP umfasst das Vertiefungsmodul – Computerlinguistik 1?,fully_answerable,1,"[""PO25CL-APP-R07-M14""]",0.8981151580810547,0.894612193107605,0.003502964973449707,"[""PO25CL-APP-R07-M14"", ""PO25CL-APP-R07-M15"", ""PO25CL-APP-R07-M13"", ""PO25CL-PLAN-S06-M01"", ""PO25CL-PLAN-S05-M02"", ""PO25CL-PLAN-S05-M03"", ""PO25CL-PLAN-S04-M04"", ""PO25CL-APP-R07-M02"", ""PO25CL-APP-R07-M05"", ""PO25CL-APP-R07-M11""]","[0.8981151580810547, 0.894612193107605, 0.8943174481391907, 0.886946439743042, 0.8830607533454895, 0.8824389576911926, 0.8785198330879211, 0.8733780384063721, 0.8726202249526978, 0.8715901374816895]",[1],1.0,1.0,1.0,1.0,0.8981151580810547,0.8981151580810547,0.894612193107605,0.003502964973449707,0.003502964973449707,1.0,1.0,1.0,1.0,1.0,1.0,1.0,1.0,1.0,1.0,1.0,1.0,1.0,1.0,1.0
Q0523,Wie viele SWS umfasst das Vertiefungsmodul – Computerlinguistik 1?,fully_answerable,1,"[""PO25CL-APP-R07-M14""]",0.8958426713943481,0.8942452669143677,0.0015974044799804688,"[""PO25CL-APP-R07-M14"", ""PO25CL-APP-R07-M13"", ""PO25CL-PLAN-S06-M01"", ""PO25CL-APP-R07-M15"", ""PO25CL-PLAN-S05-M02"", ""PO25CL-PLAN-S04-M04"", ""PO25CL-PLAN-S05-M03"", ""PO25CL-PLAN-S03-M04"", ""PO25CL-PLAN-S01-M04"", ""PO25CL-PLAN-S02-M03""]","[0.8958426713943481, 0.8942452669143677, 0.8929587602615356, 0.8918895125389099, 0.891039252281189, 0.8895008563995361, 0.8884802460670471, 0.8739511966705322, 0.8726986646652222, 0.8723182082176208]",[1],1.0,1.0,1.0,1.0,0.8958426713943481,0.8958426713943481,0.8942452669143677,0.0015974044799804688,0.0015974044799804688,1.0,1.0,1.0,1.0,1.0,1.0,1.0,1.0,1.0,1.0,1.0,1.0,1.0,1.0,1.0
Q0524,Ist für das Vertiefungsmodul – Computerlinguistik 1 eine Modulprüfung angegeben?,fully_answerable,1,"[""PO25CL-APP-R07-M14""]",0.8842630386352539,0.8819206357002258,0.002342402935028076,"[""PO25CL-PLAN-S06-M01"", ""PO25CL-PLAN-S05-M02"", ""PO25CL-APP-R07-M14"", ""PO25CL-PLAN-S05-M03"", ""PO25CL-PLAN-S04-M04"", ""PO25CL-APP-R07-M15"", ""PO25CL-APP-R07-M13"", ""PO25CL-PLAN-S02-M01"", ""PO25CL-PLAN-S01-M04"", ""PO25CL-PLAN-S01-M02""]","[0.8842630386352539, 0.8819206357002258, 0.8814644813537598, 0.8789271116256714, 0.8770114779472351, 0.8768543004989624, 0.8707907795906067, 0.870193600654602, 0.8698840737342834, 0.8693466186523438]",[3],3.0,3.0,3.0,0.3333333333333333,0.8814644813537598,0.8814644813537598,0.8842630386352539,-0.0027985572814941406,-0.0027985572814941406,0.0,0.0,0.0,0.0,0.0,0.0,1.0,1.0,1.0,1.0,1.0,1.0,1.0,1.0,1.0
Q0525,Wie viele LP umfasst das Vertiefungsmodul – Computerlinguistik 2?,fully_answerable,1,"[""PO25CL-APP-R07-M15""]",0.8970123529434204,0.8921606540679932,0.004851698875427246,"[""PO25CL-APP-R07-M15"", ""PO25CL-APP-R07-M14"", ""PO25CL-APP-R07-M13"", ""PO25CL-PLAN-S06-M01"", ""PO25CL-PLAN-S05-M02"", ""PO25CL-PLAN-S05-M03"", ""PO25CL-PLAN-S04-M04"", ""PO25CL-APP-R07-M12"", ""PO25CL-APP-R07-M11"", ""PO25CL-APP-R07-M02""]","[0.8970123529434204, 0.8921606540679932, 0.8914570808410645, 0.8836233615875244, 0.8801751732826233, 0.8788893222808838, 0.8732465505599976, 0.8690814971923828, 0.8686306476593018, 0.868175208568573]",[1],1.0,1.0,1.0,1.0,0.8970123529434204,0.8970123529434204,0.8921606540679932,0.004851698875427246,0.004851698875427246,1.0,1.0,1.0,1.0,1.0,1.0,1.0,1.0,1.0,1.0,1.0,1.0,1.0,1.0,1.0
Q0526,Wie viele SWS umfasst das Vertiefungsmodul – Computerlinguistik 2?,fully_answerable,1,"[""PO25CL-APP-R07-M15""]",0.8927710056304932,0.8898963928222656,0.002874612808227539,"[""PO25CL-APP-R07-M15"", ""PO25CL-APP-R07-M13"", ""PO25CL-APP-R07-M14"", ""PO25CL-PLAN-S06-M01"", ""PO25CL-PLAN-S05-M02"", ""PO25CL-PLAN-S05-M03"", ""PO25CL-PLAN-S04-M04"", ""PO25CL-PLAN-S03-M04"", ""PO25CL-PLAN-S02-M03"", ""PO25CL-PLAN-S04-M01""]","[0.8927710056304932, 0.8898963928222656, 0.8888543844223022, 0.8885592818260193, 0.886864185333252, 0.884007453918457, 0.8830877542495728, 0.8693553805351257, 0.8675530552864075, 0.8669561147689819]",[1],1.0,1.0,1.0,1.0,0.8927710056304932,0.8927710056304932,0.8898963928222656,0.002874612808227539,0.002874612808227539,1.0,1.0,1.0,1.0,1.0,1.0,1.0,1.0,1.0,1.0,1.0,1.0,1.0,1.0,1.0
Q0527,Ist für das Vertiefungsmodul – Computerlinguistik 2 eine Modulprüfung angegeben?,fully_answerable,1,"[""PO25CL-APP-R07-M15""]",0.8793500661849976,0.8778181076049805,0.0015319585800170898,"[""PO25CL-PLAN-S06-M01"", ""PO25CL-APP-R09"", ""PO25CL-APP-R07-M15"", ""PO25CL-PLAN-S05-M02"", ""PO25CL-PLAN-S05-M03"", ""PO25CL-APP-R07-M14"", ""PO25CL-PLAN-S04-M04"", ""PO25CL-PLAN-S02-M01"", ""PO25CL-APP-R07-M13"", ""PO25CL-PLAN-S01-M02""]","[0.8793500661849976, 0.8778181076049805, 0.8776233196258545, 0.8770254850387573, 0.8736574649810791, 0.873576283454895, 0.8697966933250427, 0.8697754144668579, 0.8658616542816162, 0.8634021282196045]",[3],3.0,3.0,3.0,0.3333333333333333,0.8776233196258545,0.8776233196258545,0.8793500661849976,-0.0017267465591430664,-0.0017267465591430664,0.0,0.0,0.0,0.0,0.0,0.0,1.0,1.0,1.0,1.0,1.0,1.0,1.0,1.0,1.0
Q0528,Wie viele LP umfasst das Modul Abschlussarbeit und Forschungskolloquium?,fully_answerable,1,"[""PO25CL-APP-R07-M16""]",0.8926934003829956,0.8821777105331421,0.010515689849853516,"[""PO25CL-APP-R07-M16"", ""PO25CL-PLAN-S06-M02"", ""PO25CL-GEN-C01-P03-A03"", ""PO25CL-GEN-C01-P05-A02"", ""PO25CL-APP-R07-M12"", ""PO25CL-APP-R07-M07"", ""PO25CL-APP-R07-M11"", ""PO25CL-PLAN-S05-M01"", ""PO25CL-APP-R07-M13"", ""PO25CL-APP-R07-M03""]","[0.8926934003829956, 0.8821777105331421, 0.8616335391998291, 0.8603557348251343, 0.8575014472007751, 0.8565645217895508, 0.854205310344696, 0.8540585041046143, 0.8536462783813477, 0.8517823219299316]",[1],1.0,1.0,1.0,1.0,0.8926934003829956,0.8926934003829956,0.8821777105331421,0.010515689849853516,0.010515689849853516,1.0,1.0,1.0,1.0,1.0,1.0,1.0,1.0,1.0,1.0,1.0,1.0,1.0,1.0,1.0
Q0529,Wie viele SWS umfasst das Modul Abschlussarbeit und Forschungskolloquium?,fully_answerable,1,"[""PO25CL-APP-R07-M16""]",0.8805010318756104,0.8796467781066895,0.0008542537689208984,"[""PO25CL-PLAN-S06-M02"", ""PO25CL-APP-R07-M16"", ""PO25CL-PLAN-S05-M02"", ""PO25CL-PLAN-S04-M04"", ""PO25CL-APP-R07-M13"", ""PO25CL-PLAN-S04-M05"", ""PO25CL-PLAN-S06-M01"", ""PO25CL-PLAN-S03-M04"", ""PO25CL-PLAN-S04-M01"", ""PO25CL-APP-R07-M11""]","[0.8805010318756104, 0.8796467781066895, 0.8501052856445312, 0.8476592302322388, 0.8473981618881226, 0.8423480987548828, 0.842231035232544, 0.8418312072753906, 0.8408107757568359, 0.8403761982917786]",[2],2.0,2.0,2.0,0.5,0.8796467781066895,0.8796467781066895,0.8805010318756104,-0.0008542537689208984,-0.0008542537689208984,0.0,0.0,0.0,1.0,1.0,1.0,1.0,1.0,1.0,1.0,1.0,1.0,1.0,1.0,1.0
Q0530,Ist für das Modul Abschlussarbeit und Forschungskolloquium eine Modulprüfung angegeben?,fully_answerable,1,"[""PO25CL-APP-R07-M16""]",0.8693938851356506,0.8678191900253296,0.001574695110321045,"[""PO25CL-GEN-C03-P11-A01"", ""PO25CL-GEN-C03-P11-A06"", ""PO25CL-APP-R07-M16"", ""PO25CL-PLAN-S06-M02"", ""PO25CL-GEN-C03-P11-A05"", ""PO25CL-GEN-C03-P19-A09"", ""PO25CL-GEN-C03-P11-A03"", ""PO25CL-GEN-C03-P11-A07"", ""PO25CL-GEN-C03-P11-A02"", ""PO25CL-GEN-C03-P12-A02""]","[0.8693938851356506, 0.8678191900253296, 0.8653790950775146, 0.8651369214057922, 0.8632315397262573, 0.8557581901550293, 0.8557394742965698, 0.8523971438407898, 0.8520511984825134, 0.8508495092391968]",[3],3.0,3.0,3.0,0.3333333333333333,0.8653790950775146,0.8653790950775146,0.8693938851356506,-0.004014790058135986,-0.004014790058135986,0.0,0.0,0.0,0.0,0.0,0.0,1.0,1.0,1.0,1.0,1.0,1.0,1.0,1.0,1.0
Q0531,Ist der exemplarische Studienverlaufsplan verpflichtend?,fully_answerable,1,"[""PO25CL-PLAN-INTRO""]",0.8973183035850525,0.8573309183120728,0.039987385272979736,"[""PO25CL-PLAN-INTRO"", ""PO25CL-PLAN-S04-M05"", ""PO25CL-PLAN-S06-M02"", ""PO25CL-PLAN-S04-M04"", ""PO25CL-PLAN-S04-M01"", ""PO25CL-PLAN-S02-M01"", ""PO25CL-PLAN-S04-M03"", ""PO25CL-PLAN-S03-M04"", ""PO25CL-PLAN-S01-M01"", ""PO25CL-PLAN-S02-M02""]","[0.8973183035850525, 0.8573309183120728, 0.8565195798873901, 0.8553270101547241, 0.853496789932251, 0.8533841371536255, 0.85333651304245, 0.8526780009269714, 0.852301299571991, 0.8521207571029663]",[1],1.0,1.0,1.0,1.0,0.8973183035850525,0.8973183035850525,0.8573309183120728,0.039987385272979736,0.039987385272979736,1.0,1.0,1.0,1.0,1.0,1.0,1.0,1.0,1.0,1.0,1.0,1.0,1.0,1.0,1.0
Q0532,Welche Art der Arbeitsverteilung strebt der exemplarische Studienverlaufsplan an?,fully_answerable,1,"[""PO25CL-PLAN-INTRO""]",0.8858782052993774,0.8342924118041992,0.05158579349517822,"[""PO25CL-PLAN-INTRO"", ""PO25CL-PLAN-S06-M02"", ""PO25CL-PLAN-LEGEND"", ""PO25CL-PLAN-S03-M02"", ""PO25CL-PLAN-S04-M04"", ""PO25CL-PLAN-S04-M05"", ""PO25CL-PLAN-S03-PBB"", ""PO25CL-PLAN-S05-M01"", ""PO25CL-PLAN-S02-PBB"", ""PO25CL-PLAN-S02-M04""]","[0.8858782052993774, 0.8342924118041992, 0.8298349976539612, 0.8255855441093445, 0.8254267573356628, 0.8249107003211975, 0.8241771459579468, 0.8241217732429504, 0.8236629962921143, 0.8232014775276184]",[1],1.0,1.0,1.0,1.0,0.8858782052993774,0.8858782052993774,0.8342924118041992,0.05158579349517822,0.05158579349517822,1.0,1.0,1.0,1.0,1.0,1.0,1.0,1.0,1.0,1.0,1.0,1.0,1.0,1.0,1.0
Q0533,Stellt der Studienverlaufsplan nur eine mögliche Studienstruktur dar?,fully_answerable,1,"[""PO25CL-PLAN-INTRO""]",0.859832227230072,0.8385112285614014,0.021320998668670654,"[""PO25CL-PLAN-INTRO"", ""PO25CL-PLAN-S06-M02"", ""PO25CL-PLAN-S02-PBB"", ""PO25CL-PLAN-S02-M04"", ""PO25CL-PLAN-S04-M01"", ""PO25CL-PLAN-LEGEND"", ""PO25CL-PLAN-S04-M04"", ""PO25CL-PLAN-S04-M02"", ""PO25CL-PLAN-S04-PBB"", ""PO25CL-PLAN-S01-PBB""]","[0.859832227230072, 0.8385112285614014, 0.8369463682174683, 0.836790144443512, 0.8361902236938477, 0.8361178636550903, 0.8358497023582458, 0.8358197212219238, 0.8343693614006042, 0.8343393802642822]",[1],1.0,1.0,1.0,1.0,0.859832227230072,0.859832227230072,0.8385112285614014,0.021320998668670654,0.021320998668670654,1.0,1.0,1.0,1.0,1.0,1.0,1.0,1.0,1.0,1.0,1.0,1.0,1.0,1.0,1.0
Q0534,Kann die Studienberatung einen anderen Studienverlauf empfehlen?,fully_answerable,1,"[""PO25CL-PLAN-INTRO""]",0.8398361802101135,0.8310667276382446,0.008769452571868896,"[""PO25CL-PLAN-INTRO"", ""PO25CL-GEN-C04-P31-A01"", ""PO25CL-GEN-C04-P31-A02"", ""PO25CL-PLAN-S02-PBB"", ""PO25CL-PLAN-S04-M05"", ""PO25CL-PLAN-S01-PBB"", ""PO25CL-PLAN-S06-M02"", ""PO25CL-PLAN-S04-PBB"", ""PO25CL-PLAN-S03-PBB"", ""PO25CL-PLAN-S02-M04""]","[0.8398361802101135, 0.8310667276382446, 0.826082706451416, 0.8252687454223633, 0.8249212503433228, 0.8241742849349976, 0.8225252032279968, 0.8215981721878052, 0.8215694427490234, 0.8213802576065063]",[1],1.0,1.0,1.0,1.0,0.8398361802101135,0.8398361802101135,0.8310667276382446,0.008769452571868896,0.008769452571868896,1.0,1.0,1.0,1.0,1.0,1.0,1.0,1.0,1.0,1.0,1.0,1.0,1.0,1.0,1.0
Q0535,Wofür steht die Abkürzung MP im Studienverlaufsplan?,fully_answerable,1,"[""PO25CL-PLAN-LEGEND""]",0.8779635429382324,0.8410296440124512,0.03693389892578125,"[""PO25CL-PLAN-LEGEND"", ""PO25CL-PLAN-S04-M01"", ""PO25CL-PLAN-S02-M02"", ""PO25CL-PLAN-S05-M02"", ""PO25CL-PLAN-S06-M01"", ""PO25CL-PLAN-S03-M04"", ""PO25CL-PLAN-S01-M04"", ""PO25CL-PLAN-S03-M02"", ""PO25CL-PLAN-S01-M01"", ""PO25CL-PLAN-INTRO""]","[0.8779635429382324, 0.8410296440124512, 0.8331195712089539, 0.8327364921569824, 0.8325369358062744, 0.8324190378189087, 0.8279346227645874, 0.8275776505470276, 0.8269599676132202, 0.8234630227088928]",[1],1.0,1.0,1.0,1.0,0.8779635429382324,0.8779635429382324,0.8410296440124512,0.03693389892578125,0.03693389892578125,1.0,1.0,1.0,1.0,1.0,1.0,1.0,1.0,1.0,1.0,1.0,1.0,1.0,1.0,1.0
Q0536,Wofür steht die Abkürzung SL im Studienverlaufsplan?,fully_answerable,1,"[""PO25CL-PLAN-LEGEND""]",0.8775235414505005,0.8513692021369934,0.02615433931350708,"[""PO25CL-PLAN-LEGEND"", ""PO25CL-PLAN-S06-M02"", ""PO25CL-PLAN-S04-M03"", ""PO25CL-PLAN-S04-M04"", ""PO25CL-PLAN-S04-M05"", ""PO25CL-PLAN-S06-M01"", ""PO25CL-PLAN-S03-M02"", ""PO25CL-PLAN-S03-M01"", ""PO25CL-PLAN-S05-M03"", ""PO25CL-PLAN-S05-M02""]","[0.8775235414505005, 0.8513692021369934, 0.8504922986030579, 0.848431408405304, 0.8480899333953857, 0.8478529453277588, 0.8478235602378845, 0.8469493985176086, 0.8466076254844666, 0.84579998254776]",[1],1.0,1.0,1.0,1.0,0.8775235414505005,0.8775235414505005,0.8513692021369934,0.02615433931350708,0.02615433931350708,1.0,1.0,1.0,1.0,1.0,1.0,1.0,1.0,1.0,1.0,1.0,1.0,1.0,1.0,1.0
Q0537,Wer entscheidet über die Form einer Modulabschlussprüfung?,fully_answerable,1,"[""PO25CL-GEN-C03-P11-A07""]",0.890466570854187,0.8747764825820923,0.015690088272094727,"[""PO25CL-GEN-C03-P11-A07"", ""PO25CL-GEN-C03-P11-A06"", ""PO25CL-GEN-C03-P12-A04"", ""PO25CL-GEN-C03-P11-A05"", ""PO25CL-GEN-C03-P12-A03"", ""PO25CL-GEN-C03-P11-A02"", ""PO25CL-GEN-C03-P11-A03"", ""PO25CL-GEN-C03-P14-A02"", ""PO25CL-GEN-C03-P14-A01"", ""PO25CL-GEN-C03-P17-A01""]","[0.890466570854187, 0.8747764825820923, 0.8720675706863403, 0.8612089157104492, 0.8601123094558716, 0.8572271466255188, 0.8555042147636414, 0.8527626991271973, 0.8512377142906189, 0.8499404191970825]",[1],1.0,1.0,1.0,1.0,0.890466570854187,0.890466570854187,0.8747764825820923,0.015690088272094727,0.015690088272094727,1.0,1.0,1.0,1.0,1.0,1.0,1.0,1.0,1.0,1.0,1.0,1.0,1.0,1.0,1.0
Q0538,Wofür steht die Abkürzung SWS im Studienverlaufsplan?,fully_answerable,1,"[""PO25CL-PLAN-LEGEND""]",0.8663378357887268,0.8399295806884766,0.026408255100250244,"[""PO25CL-PLAN-LEGEND"", ""PO25CL-PLAN-S03-M04"", ""PO25CL-PLAN-S06-M02"", ""PO25CL-PLAN-S04-M05"", ""PO25CL-PLAN-S04-M04"", ""PO25CL-PLAN-S01-M03"", ""PO25CL-PLAN-S06-M01"", ""PO25CL-PLAN-S02-M04"", ""PO25CL-PLAN-S04-M03"", ""PO25CL-PLAN-S05-M02""]","[0.8663378357887268, 0.8399295806884766, 0.8383166790008545, 0.8363584876060486, 0.8351232409477234, 0.8337644338607788, 0.8329352736473083, 0.8327471017837524, 0.8317904472351074, 0.8316371440887451]",[1],1.0,1.0,1.0,1.0,0.8663378357887268,0.8663378357887268,0.8399295806884766,0.026408255100250244,0.026408255100250244,1.0,1.0,1.0,1.0,1.0,1.0,1.0,1.0,1.0,1.0,1.0,1.0,1.0,1.0,1.0
Q0539,Wofür steht die Abkürzung PBB im Studienverlaufsplan?,fully_answerable,1,"[""PO25CL-PLAN-LEGEND""]",0.8810851573944092,0.8461624383926392,0.03492271900177002,"[""PO25CL-PLAN-LEGEND"", ""PO25CL-PLAN-S03-SUM"", ""PO25CL-PLAN-S02-SUM"", ""PO25CL-PLAN-S05-SUM"", ""PO25CL-PLAN-S04-SUM"", ""PO25CL-PLAN-S01-SUM"", ""PO25CL-PLAN-S06-SUM"", ""PO25CL-PLAN-INTRO"", ""PO25CL-PLAN-S03-M04"", ""PO25CL-PLAN-S01-PBB""]","[0.8810851573944092, 0.8461624383926392, 0.8460791110992432, 0.8456595540046692, 0.8455548286437988, 0.8430611491203308, 0.8420472741127014, 0.82659912109375, 0.8261459469795227, 0.8195621371269226]",[1],1.0,1.0,1.0,1.0,0.8810851573944092,0.8810851573944092,0.8461624383926392,0.03492271900177002,0.03492271900177002,1.0,1.0,1.0,1.0,1.0,1.0,1.0,1.0,1.0,1.0,1.0,1.0,1.0,1.0,1.0
Q0540,Wofür steht die Abkürzung Pnr. im Studienverlaufsplan?,fully_answerable,1,"[""PO25CL-PLAN-LEGEND""]",0.8744939565658569,0.8301275968551636,0.04436635971069336,"[""PO25CL-PLAN-LEGEND"", ""PO25CL-PLAN-S06-M02"", ""PO25CL-PLAN-S02-M02"", ""PO25CL-PLAN-INTRO"", ""PO25CL-PLAN-S05-M01"", ""PO25CL-PLAN-S01-M03"", ""PO25CL-PLAN-S04-M05"", ""PO25CL-PLAN-S03-M04"", ""PO25CL-PLAN-S04-M01"", ""PO25CL-PLAN-S06-M01""]","[0.8744939565658569, 0.8301275968551636, 0.827663779258728, 0.8244150876998901, 0.8240561485290527, 0.823781430721283, 0.8218355178833008, 0.8200584650039673, 0.8198269605636597, 0.8193085193634033]",[1],1.0,1.0,1.0,1.0,0.8744939565658569,0.8744939565658569,0.8301275968551636,0.04436635971069336,0.04436635971069336,1.0,1.0,1.0,1.0,1.0,1.0,1.0,1.0,1.0,1.0,1.0,1.0,1.0,1.0,1.0
Q0541,Wie viele Module nennt die Summenzeile für das 1. Semester?,fully_answerable,1,"[""PO25CL-PLAN-S01-SUM""]",0.8408951759338379,0.8376495838165283,0.0032455921173095703,"[""PO25CL-GEN-C01-P03-A03"", ""PO25CL-PLAN-S03-M04"", ""PO25CL-APP-R07-M03"", ""PO25CL-APP-R07-M01"", ""PO25CL-PLAN-S03-M03"", ""PO25CL-PLAN-S01-M03"", ""PO25CL-PLAN-S02-M01"", ""PO25CL-APP-R07-M02"", ""PO25CL-APP-R07-M11"", ""PO25CL-PLAN-S04-M01""]","[0.8408951759338379, 0.8376495838165283, 0.8369394540786743, 0.836405336856842, 0.8352816700935364, 0.8352628946304321, 0.8341254591941833, 0.8340045213699341, 0.8331546783447266, 0.8323726654052734]",[13],13.0,13.0,13.0,0.07692307692307693,0.8315944075584412,0.8315944075584412,0.8408951759338379,-0.009300768375396729,-0.009300768375396729,0.0,0.0,0.0,0.0,0.0,0.0,0.0,0.0,0.0,0.0,0.0,0.0,0.0,0.0,0.0
Q0542,Wie viele Modulprüfungen nennt die Summenzeile für das 1. Semester?,answerable_with_multiple_chunks,2,"[""PO25CL-PLAN-S01-SUM"", ""PO25CL-PLAN-LEGEND""]",0.8453490138053894,0.8437529802322388,0.0015960335731506348,"[""PO25CL-GEN-C03-P11-A03"", ""PO25CL-GEN-C03-P12-A02"", ""PO25CL-APP-R06"", ""PO25CL-GEN-C03-P11-A06"", ""PO25CL-GEN-C03-P18-A04"", ""PO25CL-GEN-C01-P03-A03"", ""PO25CL-GEN-C03-P11-A05"", ""PO25CL-GEN-C03-P11-A07"", ""PO25CL-GEN-C03-P11-A01"", ""PO25CL-GEN-C03-P14-A01""]","[0.8453490138053894, 0.8437529802322388, 0.8426333665847778, 0.8412935137748718, 0.8411093354225159, 0.8393049240112305, 0.8374260067939758, 0.8368879556655884, 0.83589768409729, 0.8352171778678894]","[29, 85]",29.0,85.0,57.0,0.034482758620689655,0.8291194438934326,0.8175121545791626,0.8453490138053894,-0.016229569911956787,-0.027836859226226807,0.0,0.0,0.0,0.0,0.0,0.0,0.0,0.0,0.0,0.0,0.0,0.0,0.0,0.0,0.0
Q0543,Wie viele Lehrveranstaltungen nennt die Summenzeile für das 1. Semester?,fully_answerable,1,"[""PO25CL-PLAN-S01-SUM""]",0.8313090801239014,0.8311788439750671,0.00013023614883422852,"[""PO25CL-PLAN-S01-SUM"", ""PO25CL-PLAN-S02-SUM"", ""PO25CL-PLAN-S03-SUM"", ""PO25CL-PLAN-S04-SUM"", ""PO25CL-PLAN-S06-SUM"", ""PO25CL-PLAN-S05-SUM"", ""PO25CL-GEN-C01-P03-A02"", ""PO25CL-PLAN-S01-PBB"", ""PO25CL-PLAN-S05-PBB"", ""PO25CL-GEN-C01-P03-A03""]","[0.8313090801239014, 0.8311788439750671, 0.8306637406349182, 0.8301622271537781, 0.8297362923622131, 0.8285447359085083, 0.8257991671562195, 0.8257179856300354, 0.825147271156311, 0.8246418833732605]",[1],1.0,1.0,1.0,1.0,0.8313090801239014,0.8313090801239014,0.8311788439750671,0.00013023614883422852,0.00013023614883422852,1.0,1.0,1.0,1.0,1.0,1.0,1.0,1.0,1.0,1.0,1.0,1.0,1.0,1.0,1.0
Q0544,Wie viele SWS nennt die Summenzeile für das 1. Semester?,fully_answerable,1,"[""PO25CL-PLAN-S01-SUM""]",0.819882869720459,0.8195286989212036,0.0003541707992553711,"[""PO25CL-PLAN-S06-SUM"", ""PO25CL-PLAN-S02-SUM"", ""PO25CL-PLAN-S02-M03"", ""PO25CL-PLAN-S03-SUM"", ""PO25CL-PLAN-S04-M05"", ""PO25CL-PLAN-S01-SUM"", ""PO25CL-PLAN-S04-SUM"", ""PO25CL-PLAN-S01-M03"", ""PO25CL-PLAN-S05-SUM"", ""PO25CL-PLAN-S03-M03""]","[0.819882869720459, 0.8195286989212036, 0.8194760084152222, 0.8192153573036194, 0.8188884854316711, 0.8187567591667175, 0.8185110092163086, 0.8183212280273438, 0.8180447816848755, 0.817936360836029]",[6],6.0,6.0,6.0,0.16666666666666666,0.8187567591667175,0.8187567591667175,0.819882869720459,-0.001126110553741455,-0.001126110553741455,0.0,0.0,0.0,0.0,0.0,0.0,0.0,0.0,0.0,0.0,0.0,0.0,1.0,1.0,1.0
Q0545,Wie viele LP nennt die Summenzeile für das 1. Semester?,fully_answerable,1,"[""PO25CL-PLAN-S01-SUM""]",0.8451131582260132,0.8403947353363037,0.004718422889709473,"[""PO25CL-GEN-C01-P03-A02"", ""PO25CL-PLAN-S01-SUM"", ""PO25CL-PLAN-S02-SUM"", ""PO25CL-PLAN-S03-SUM"", ""PO25CL-PLAN-S06-SUM"", ""PO25CL-PLAN-S04-SUM"", ""PO25CL-PLAN-S05-SUM"", ""PO25CL-GEN-C01-P05-A02"", ""PO25CL-PLAN-S01-PBB"", ""PO25CL-APP-R07-M01""]","[0.8451131582260132, 0.8403947353363037, 0.8400654792785645, 0.8398687839508057, 0.8394936323165894, 0.8388823866844177, 0.838104784488678, 0.8345142602920532, 0.8327362537384033, 0.8316589593887329]",[2],2.0,2.0,2.0,0.5,0.8403947353363037,0.8403947353363037,0.8451131582260132,-0.004718422889709473,-0.004718422889709473,0.0,0.0,0.0,1.0,1.0,1.0,1.0,1.0,1.0,1.0,1.0,1.0,1.0,1.0,1.0
Q0546,Wie viele LP entfallen laut Summenzeile des 1. Semesters auf den Profilbildungsbereich?,answerable_with_multiple_chunks,2,"[""PO25CL-PLAN-S01-SUM"", ""PO25CL-PLAN-LEGEND""]",0.8878336548805237,0.8642107844352722,0.023622870445251465,"[""PO25CL-GEN-C01-P05-A02"", ""PO25CL-GEN-C01-P03-A02"", ""PO25CL-PLAN-S01-PBB"", ""PO25CL-PLAN-S05-PBB"", ""PO25CL-PLAN-S03-PBB"", ""PO25CL-PLAN-S02-PBB"", ""PO25CL-PLAN-S06-PBB"", ""PO25CL-PLAN-S04-PBB"", ""PO25CL-APP-R07-M17"", ""PO25CL-PLAN-S05-M01""]","[0.8878336548805237, 0.8642107844352722, 0.8617613315582275, 0.8610585331916809, 0.8590477705001831, 0.8589156866073608, 0.8578445315361023, 0.8571305871009827, 0.8503209948539734, 0.847747802734375]","[11, 22]",11.0,22.0,16.5,0.09090909090909091,0.8468689918518066,0.8336541652679443,0.8878336548805237,-0.04096466302871704,-0.054179489612579346,0.0,0.0,0.0,0.0,0.0,0.0,0.0,0.0,0.0,0.0,0.0,0.0,0.0,0.0,0.0
Q0547,Wie viele Module nennt die Summenzeile für das 2. Semester?,fully_answerable,1,"[""PO25CL-PLAN-S02-SUM""]",0.8398791551589966,0.8384175896644592,0.0014615654945373535,"[""PO25CL-GEN-C01-P03-A03"", ""PO25CL-PLAN-S02-M01"", ""PO25CL-PLAN-S02-M02"", ""PO25CL-PLAN-S02-SUM"", ""PO25CL-GEN-C03-P12-A02"", ""PO25CL-PLAN-S03-M04"", ""PO25CL-PLAN-S03-M03"", ""PO25CL-PLAN-S01-M03"", ""PO25CL-PLAN-S03-M01"", ""PO25CL-APP-R07-M03""]","[0.8398791551589966, 0.8384175896644592, 0.8378413915634155, 0.8357787132263184, 0.8354848623275757, 0.8346849679946899, 0.8342742323875427, 0.8340262770652771, 0.832877516746521, 0.8321141004562378]",[4],4.0,4.0,4.0,0.25,0.8357787132263184,0.8357787132263184,0.8398791551589966,-0.004100441932678223,-0.004100441932678223,0.0,0.0,0.0,0.0,0.0,0.0,0.0,0.0,0.0,1.0,1.0,1.0,1.0,1.0,1.0
Q0548,Wie viele Modulprüfungen nennt die Summenzeile für das 2. Semester?,answerable_with_multiple_chunks,2,"[""PO25CL-PLAN-S02-SUM"", ""PO25CL-PLAN-LEGEND""]",0.850706160068512,0.8406192064285278,0.01008695363998413,"[""PO25CL-GEN-C03-P12-A02"", ""PO25CL-APP-R06"", ""PO25CL-GEN-C03-P11-A03"", ""PO25CL-GEN-C03-P11-A04"", ""PO25CL-GEN-C03-P18-A04"", ""PO25CL-GEN-C01-P03-A03"", ""PO25CL-PLAN-S02-M01"", ""PO25CL-GEN-C03-P11-A01"", ""PO25CL-PLAN-S02-M02"", ""PO25CL-GEN-C03-P11-A06""]","[0.850706160068512, 0.8406192064285278, 0.8388184309005737, 0.8384309411048889, 0.8375737071037292, 0.8371552228927612, 0.835409939289093, 0.8353164196014404, 0.8341345191001892, 0.8340260982513428]","[12, 69]",12.0,69.0,40.5,0.08333333333333333,0.8323878049850464,0.8203831315040588,0.850706160068512,-0.018318355083465576,-0.030323028564453125,0.0,0.0,0.0,0.0,0.0,0.0,0.0,0.0,0.0,0.0,0.0,0.0,0.0,0.0,0.0
Q0549,Wie viele Lehrveranstaltungen nennt die Summenzeile für das 2. Semester?,fully_answerable,1,"[""PO25CL-PLAN-S02-SUM""]",0.834851861000061,0.8285516500473022,0.006300210952758789,"[""PO25CL-PLAN-S02-SUM"", ""PO25CL-PLAN-S03-SUM"", ""PO25CL-PLAN-S04-SUM"", ""PO25CL-PLAN-S06-SUM"", ""PO25CL-PLAN-S05-SUM"", ""PO25CL-PLAN-S01-SUM"", ""PO25CL-GEN-C01-P03-A02"", ""PO25CL-PLAN-S02-M02"", ""PO25CL-PLAN-S03-M01"", ""PO25CL-PLAN-S02-PBB""]","[0.834851861000061, 0.8285516500473022, 0.827734649181366, 0.8273451328277588, 0.8259735107421875, 0.8252415657043457, 0.8247126936912537, 0.8241795301437378, 0.8241785168647766, 0.8241272568702698]",[1],1.0,1.0,1.0,1.0,0.834851861000061,0.834851861000061,0.8285516500473022,0.006300210952758789,0.006300210952758789,1.0,1.0,1.0,1.0,1.0,1.0,1.0,1.0,1.0,1.0,1.0,1.0,1.0,1.0,1.0
Q0550,Wie viele SWS nennt die Summenzeile für das 2. Semester?,fully_answerable,1,"[""PO25CL-PLAN-S02-SUM""]",0.8217119574546814,0.8177490234375,0.0039629340171813965,"[""PO25CL-PLAN-S02-SUM"", ""PO25CL-PLAN-S02-M03"", ""PO25CL-PLAN-S02-M02"", ""PO25CL-PLAN-S03-M01"", ""PO25CL-PLAN-S06-SUM"", ""PO25CL-PLAN-S03-M03"", ""PO25CL-PLAN-S02-M01"", ""PO25CL-PLAN-S03-SUM"", ""PO25CL-PLAN-S01-M03"", ""PO25CL-PLAN-S02-M04""]","[0.8217119574546814, 0.8177490234375, 0.8172473907470703, 0.817166268825531, 0.8160961866378784, 0.8158763647079468, 0.8158078193664551, 0.8157530426979065, 0.8155108094215393, 0.8155065178871155]",[1],1.0,1.0,1.0,1.0,0.8217119574546814,0.8217119574546814,0.8177490234375,0.0039629340171813965,0.0039629340171813965,1.0,1.0,1.0,1.0,1.0,1.0,1.0,1.0,1.0,1.0,1.0,1.0,1.0,1.0,1.0
Q0551,Wie viele LP nennt die Summenzeile für das 2. Semester?,fully_answerable,1,"[""PO25CL-PLAN-S02-SUM""]",0.8441667556762695,0.8440663814544678,0.00010037422180175781,"[""PO25CL-GEN-C01-P03-A02"", ""PO25CL-PLAN-S02-SUM"", ""PO25CL-PLAN-S03-SUM"", ""PO25CL-PLAN-S06-SUM"", ""PO25CL-PLAN-S04-SUM"", ""PO25CL-PLAN-S05-SUM"", ""PO25CL-PLAN-S01-SUM"", ""PO25CL-GEN-C01-P05-A02"", ""PO25CL-PLAN-S02-M02"", ""PO25CL-PLAN-S02-PBB""]","[0.8441667556762695, 0.8440663814544678, 0.8381311893463135, 0.8376147747039795, 0.8369589447975159, 0.8360985517501831, 0.8346304297447205, 0.8309651017189026, 0.8305866718292236, 0.8305114507675171]",[2],2.0,2.0,2.0,0.5,0.8440663814544678,0.8440663814544678,0.8441667556762695,-0.00010037422180175781,-0.00010037422180175781,0.0,0.0,0.0,1.0,1.0,1.0,1.0,1.0,1.0,1.0,1.0,1.0,1.0,1.0,1.0
Q0552,Wie viele LP entfallen laut Summenzeile des 2. Semesters auf den Profilbildungsbereich?,answerable_with_multiple_chunks,2,"[""PO25CL-PLAN-S02-SUM"", ""PO25CL-PLAN-LEGEND""]",0.8862775564193726,0.8639734387397766,0.022304117679595947,"[""PO25CL-GEN-C01-P05-A02"", ""PO25CL-GEN-C01-P03-A02"", ""PO25CL-PLAN-S02-PBB"", ""PO25CL-PLAN-S03-PBB"", ""PO25CL-PLAN-S06-PBB"", ""PO25CL-PLAN-S04-PBB"", ""PO25CL-PLAN-S05-PBB"", ""PO25CL-PLAN-S01-PBB"", ""PO25CL-PLAN-S02-SUM"", ""PO25CL-APP-R07-M17""]","[0.8862775564193726, 0.8639734387397766, 0.8592634797096252, 0.8565889000892639, 0.855396032333374, 0.8548244833946228, 0.854579746723175, 0.8511553406715393, 0.8485395312309265, 0.846764087677002]","[9, 18]",9.0,18.0,13.5,0.1111111111111111,0.8485395312309265,0.8365936279296875,0.8862775564193726,-0.037738025188446045,-0.04968392848968506,0.0,0.0,0.0,0.0,0.0,0.0,0.0,0.0,0.0,0.0,0.0,0.0,0.5,1.0,0.0
Q0553,Wie viele Module nennt die Summenzeile für das 3. Semester?,fully_answerable,1,"[""PO25CL-PLAN-S03-SUM""]",0.8461889028549194,0.8363708853721619,0.009818017482757568,"[""PO25CL-GEN-C01-P03-A03"", ""PO25CL-PLAN-S03-M03"", ""PO25CL-GEN-C03-P11-A03"", ""PO25CL-PLAN-S03-M04"", ""PO25CL-GEN-C01-P03-A02"", ""PO25CL-PLAN-S03-SUM"", ""PO25CL-GEN-C01-P03-A05"", ""PO25CL-PLAN-S03-M01"", ""PO25CL-APP-R10"", ""PO25CL-APP-R07-M08""]","[0.8461889028549194, 0.8363708853721619, 0.836294412612915, 0.8359370231628418, 0.8355467915534973, 0.8351355195045471, 0.832388699054718, 0.8315014839172363, 0.8313685655593872, 0.8311736583709717]",[6],6.0,6.0,6.0,0.16666666666666666,0.8351355195045471,0.8351355195045471,0.8461889028549194,-0.011053383350372314,-0.011053383350372314,0.0,0.0,0.0,0.0,0.0,0.0,0.0,0.0,0.0,0.0,0.0,0.0,1.0,1.0,1.0
Q0554,Wie viele Modulprüfungen nennt die Summenzeile für das 3. Semester?,answerable_with_multiple_chunks,2,"[""PO25CL-PLAN-S03-SUM"", ""PO25CL-PLAN-LEGEND""]",0.8528343439102173,0.8463379144668579,0.006496429443359375,"[""PO25CL-GEN-C03-P11-A03"", ""PO25CL-GEN-C03-P11-A05"", ""PO25CL-GEN-C01-P03-A03"", ""PO25CL-GEN-C03-P11-A07"", ""PO25CL-GEN-C03-P11-A01"", ""PO25CL-GEN-C03-P11-A06"", ""PO25CL-GEN-C03-P12-A03"", ""PO25CL-GEN-C03-P13-A02"", ""PO25CL-GEN-C03-P11-A09"", ""PO25CL-GEN-C03-P11-A04""]","[0.8528343439102173, 0.8463379144668579, 0.8441235423088074, 0.8438942432403564, 0.8435849547386169, 0.8421455025672913, 0.8416608572006226, 0.8413524031639099, 0.8411844968795776, 0.8402755260467529]","[23, 87]",23.0,87.0,55.0,0.043478260869565216,0.8325978517532349,0.8167067170143127,0.8528343439102173,-0.020236492156982422,-0.03612762689590454,0.0,0.0,0.0,0.0,0.0,0.0,0.0,0.0,0.0,0.0,0.0,0.0,0.0,0.0,0.0
Q0555,Wie viele Lehrveranstaltungen nennt die Summenzeile für das 3. Semester?,fully_answerable,1,"[""PO25CL-PLAN-S03-SUM""]",0.8337673544883728,0.8307198286056519,0.0030475258827209473,"[""PO25CL-PLAN-S03-SUM"", ""PO25CL-GEN-C01-P03-A02"", ""PO25CL-GEN-C01-P03-A03"", ""PO25CL-PLAN-S03-PBB"", ""PO25CL-PLAN-S04-PBB"", ""PO25CL-PLAN-S06-SUM"", ""PO25CL-PLAN-S04-SUM"", ""PO25CL-PLAN-S02-SUM"", ""PO25CL-PLAN-S05-SUM"", ""PO25CL-PLAN-S04-M05""]","[0.8337673544883728, 0.8307198286056519, 0.8291584253311157, 0.8291195034980774, 0.8260342478752136, 0.8243408203125, 0.8241593837738037, 0.8238559365272522, 0.8233546614646912, 0.8219519853591919]",[1],1.0,1.0,1.0,1.0,0.8337673544883728,0.8337673544883728,0.8307198286056519,0.0030475258827209473,0.0030475258827209473,1.0,1.0,1.0,1.0,1.0,1.0,1.0,1.0,1.0,1.0,1.0,1.0,1.0,1.0,1.0
Q0556,Wie viele SWS nennt die Summenzeile für das 3. Semester?,fully_answerable,1,"[""PO25CL-PLAN-S03-SUM""]",0.8234361410140991,0.8195955753326416,0.0038405656814575195,"[""PO25CL-PLAN-S03-SUM"", ""PO25CL-PLAN-S03-M03"", ""PO25CL-PLAN-S04-M05"", ""PO25CL-PLAN-S03-M01"", ""PO25CL-PLAN-S03-M04"", ""PO25CL-PLAN-S06-SUM"", ""PO25CL-PLAN-S05-SUM"", ""PO25CL-PLAN-S04-SUM"", ""PO25CL-PLAN-S02-SUM"", ""PO25CL-PLAN-S05-M02""]","[0.8234361410140991, 0.8195955753326416, 0.8180289268493652, 0.8176392316818237, 0.8166317343711853, 0.8157135248184204, 0.814124584197998, 0.8136111497879028, 0.8134961128234863, 0.8133029341697693]",[1],1.0,1.0,1.0,1.0,0.8234361410140991,0.8234361410140991,0.8195955753326416,0.0038405656814575195,0.0038405656814575195,1.0,1.0,1.0,1.0,1.0,1.0,1.0,1.0,1.0,1.0,1.0,1.0,1.0,1.0,1.0
Q0557,Wie viele LP nennt die Summenzeile für das 3. Semester?,fully_answerable,1,"[""PO25CL-PLAN-S03-SUM""]",0.8513549566268921,0.845108687877655,0.0062462687492370605,"[""PO25CL-GEN-C01-P03-A02"", ""PO25CL-PLAN-S03-SUM"", ""PO25CL-PLAN-S03-PBB"", ""PO25CL-PLAN-S06-SUM"", ""PO25CL-PLAN-S02-SUM"", ""PO25CL-PLAN-S05-SUM"", ""PO25CL-PLAN-S04-SUM"", ""PO25CL-GEN-C01-P03-A03"", ""PO25CL-PLAN-S04-PBB"", ""PO25CL-PLAN-S01-SUM""]","[0.8513549566268921, 0.845108687877655, 0.8382608890533447, 0.8369558453559875, 0.8357178568840027, 0.8356772661209106, 0.8355497717857361, 0.8346198797225952, 0.8342040777206421, 0.8314894437789917]",[2],2.0,2.0,2.0,0.5,0.845108687877655,0.845108687877655,0.8513549566268921,-0.0062462687492370605,-0.0062462687492370605,0.0,0.0,0.0,1.0,1.0,1.0,1.0,1.0,1.0,1.0,1.0,1.0,1.0,1.0,1.0
Q0558,Wie viele LP entfallen laut Summenzeile des 3. Semesters auf den Profilbildungsbereich?,answerable_with_multiple_chunks,2,"[""PO25CL-PLAN-S03-SUM"", ""PO25CL-PLAN-LEGEND""]",0.8854743242263794,0.8693348169326782,0.016139507293701172,"[""PO25CL-GEN-C01-P05-A02"", ""PO25CL-GEN-C01-P03-A02"", ""PO25CL-PLAN-S03-PBB"", ""PO25CL-PLAN-S04-PBB"", ""PO25CL-PLAN-S06-PBB"", ""PO25CL-PLAN-S05-PBB"", ""PO25CL-PLAN-S02-PBB"", ""PO25CL-PLAN-S01-PBB"", ""PO25CL-APP-R07-M17"", ""PO25CL-PLAN-S03-SUM""]","[0.8854743242263794, 0.8693348169326782, 0.866749107837677, 0.8629987835884094, 0.8580489158630371, 0.8571252822875977, 0.8539294004440308, 0.851781964302063, 0.8509787321090698, 0.8504218459129333]","[10, 18]",10.0,18.0,14.0,0.1,0.8504218459129333,0.8349910974502563,0.8854743242263794,-0.035052478313446045,-0.05048322677612305,0.0,0.0,0.0,0.0,0.0,0.0,0.0,0.0,0.0,0.0,0.0,0.0,0.5,1.0,0.0
Q0559,Wie viele Module nennt die Summenzeile für das 4. Semester?,fully_answerable,1,"[""PO25CL-PLAN-S04-SUM""]",0.8410154581069946,0.8404231071472168,0.000592350959777832,"[""PO25CL-PLAN-S03-M03"", ""PO25CL-GEN-C01-P03-A03"", ""PO25CL-PLAN-S04-M01"", ""PO25CL-APP-R07-M08"", ""PO25CL-PLAN-S04-M02"", ""PO25CL-PLAN-S03-M04"", ""PO25CL-PLAN-S04-M03"", ""PO25CL-PLAN-S04-SUM"", ""PO25CL-APP-R07-M10"", ""PO25CL-PLAN-S04-M04""]","[0.8410154581069946, 0.8404231071472168, 0.840406060218811, 0.8385109305381775, 0.8378071188926697, 0.8361837863922119, 0.8357226848602295, 0.8349934816360474, 0.834428608417511, 0.8336389064788818]",[8],8.0,8.0,8.0,0.125,0.8349934816360474,0.8349934816360474,0.8410154581069946,-0.006021976470947266,-0.006021976470947266,0.0,0.0,0.0,0.0,0.0,0.0,0.0,0.0,0.0,0.0,0.0,0.0,1.0,1.0,1.0
Q0560,Wie viele Modulprüfungen nennt die Summenzeile für das 4. Semester?,answerable_with_multiple_chunks,2,"[""PO25CL-PLAN-S04-SUM"", ""PO25CL-PLAN-LEGEND""]",0.8445382118225098,0.8422712683677673,0.0022669434547424316,"[""PO25CL-GEN-C03-P11-A03"", ""PO25CL-APP-R06"", ""PO25CL-GEN-C03-P14-A01"", ""PO25CL-GEN-C03-P19-A01"", ""PO25CL-GEN-C03-P14-A04"", ""PO25CL-GEN-C01-P03-A03"", ""PO25CL-GEN-C03-P11-A04"", ""PO25CL-PLAN-S04-M01"", ""PO25CL-GEN-C03-P18-A04"", ""PO25CL-PLAN-S03-M03""]","[0.8445382118225098, 0.8422712683677673, 0.8412179946899414, 0.8406269550323486, 0.8383462429046631, 0.8375949859619141, 0.8371430039405823, 0.8368017673492432, 0.8366567492485046, 0.8359124660491943]","[21, 90]",21.0,90.0,55.5,0.047619047619047616,0.8324522972106934,0.8171209692955017,0.8445382118225098,-0.012085914611816406,-0.027417242527008057,0.0,0.0,0.0,0.0,0.0,0.0,0.0,0.0,0.0,0.0,0.0,0.0,0.0,0.0,0.0
Q0561,Wie viele Lehrveranstaltungen nennt die Summenzeile für das 4. Semester?,fully_answerable,1,"[""PO25CL-PLAN-S04-SUM""]",0.8342913389205933,0.8294297456741333,0.004861593246459961,"[""PO25CL-PLAN-S04-SUM"", ""PO25CL-PLAN-S04-PBB"", ""PO25CL-PLAN-S04-M01"", ""PO25CL-GEN-C02-P07-A04"", ""PO25CL-PLAN-S03-SUM"", ""PO25CL-PLAN-S02-SUM"", ""PO25CL-PLAN-S05-SUM"", ""PO25CL-PLAN-S03-M03"", ""PO25CL-PLAN-S04-M02"", ""PO25CL-GEN-C01-P03-A02""]","[0.8342913389205933, 0.8294297456741333, 0.8292726278305054, 0.8270930647850037, 0.8265669345855713, 0.8250389695167542, 0.824891209602356, 0.8245482444763184, 0.8240387439727783, 0.8239518404006958]",[1],1.0,1.0,1.0,1.0,0.8342913389205933,0.8342913389205933,0.8294297456741333,0.004861593246459961,0.004861593246459961,1.0,1.0,1.0,1.0,1.0,1.0,1.0,1.0,1.0,1.0,1.0,1.0,1.0,1.0,1.0
Q0562,Wie viele SWS nennt die Summenzeile für das 4. Semester?,fully_answerable,1,"[""PO25CL-PLAN-S04-SUM""]",0.8238735198974609,0.8231610059738159,0.0007125139236450195,"[""PO25CL-PLAN-S03-M03"", ""PO25CL-PLAN-S04-SUM"", ""PO25CL-PLAN-S04-M01"", ""PO25CL-PLAN-S04-M02"", ""PO25CL-PLAN-S04-M04"", ""PO25CL-PLAN-S04-M05"", ""PO25CL-PLAN-S03-M01"", ""PO25CL-PLAN-S03-M04"", ""PO25CL-PLAN-S04-M03"", ""PO25CL-PLAN-S03-SUM""]","[0.8238735198974609, 0.8231610059738159, 0.8222509622573853, 0.8214735984802246, 0.8201209902763367, 0.8178126811981201, 0.8170685768127441, 0.8164453506469727, 0.8164070248603821, 0.8158403635025024]",[2],2.0,2.0,2.0,0.5,0.8231610059738159,0.8231610059738159,0.8238735198974609,-0.0007125139236450195,-0.0007125139236450195,0.0,0.0,0.0,1.0,1.0,1.0,1.0,1.0,1.0,1.0,1.0,1.0,1.0,1.0,1.0
Q0563,Wie viele LP nennt die Summenzeile für das 4. Semester?,fully_answerable,1,"[""PO25CL-PLAN-S04-SUM""]",0.8451802730560303,0.8451040387153625,7.623434066772461e-05,"[""PO25CL-PLAN-S04-SUM"", ""PO25CL-GEN-C01-P03-A02"", ""PO25CL-PLAN-S03-SUM"", ""PO25CL-PLAN-S04-PBB"", ""PO25CL-PLAN-S05-SUM"", ""PO25CL-PLAN-S02-SUM"", ""PO25CL-PLAN-S04-M01"", ""PO25CL-PLAN-S06-SUM"", ""PO25CL-PLAN-S03-M03"", ""PO25CL-APP-R07-M08""]","[0.8451802730560303, 0.8451040387153625, 0.8382188677787781, 0.8379061222076416, 0.8368406295776367, 0.8366575241088867, 0.8361458778381348, 0.8354203701019287, 0.8350200057029724, 0.8335516452789307]",[1],1.0,1.0,1.0,1.0,0.8451802730560303,0.8451802730560303,0.8451040387153625,7.623434066772461e-05,7.623434066772461e-05,1.0,1.0,1.0,1.0,1.0,1.0,1.0,1.0,1.0,1.0,1.0,1.0,1.0,1.0,1.0
Q0564,Wie viele LP entfallen laut Summenzeile des 4. Semesters auf den Profilbildungsbereich?,answerable_with_multiple_chunks,2,"[""PO25CL-PLAN-S04-SUM"", ""PO25CL-PLAN-LEGEND""]",0.8862924575805664,0.8651025295257568,0.02118992805480957,"[""PO25CL-GEN-C01-P05-A02"", ""PO25CL-PLAN-S04-PBB"", ""PO25CL-GEN-C01-P03-A02"", ""PO25CL-PLAN-S05-PBB"", ""PO25CL-PLAN-S03-PBB"", ""PO25CL-PLAN-S06-PBB"", ""PO25CL-PLAN-S02-PBB"", ""PO25CL-PLAN-S01-PBB"", ""PO25CL-PLAN-S04-SUM"", ""PO25CL-APP-R07-M17""]","[0.8862924575805664, 0.8651025295257568, 0.8627747297286987, 0.8583407402038574, 0.8578440546989441, 0.8545522689819336, 0.8526467084884644, 0.8509747982025146, 0.849909782409668, 0.848888635635376]","[9, 19]",9.0,19.0,14.0,0.1111111111111111,0.849909782409668,0.8360232710838318,0.8862924575805664,-0.03638267517089844,-0.05026918649673462,0.0,0.0,0.0,0.0,0.0,0.0,0.0,0.0,0.0,0.0,0.0,0.0,0.5,1.0,0.0
Q0565,Wie viele Module nennt die Summenzeile für das 5. Semester?,fully_answerable,1,"[""PO25CL-PLAN-S05-SUM""]",0.8439252972602844,0.8409793972969055,0.0029458999633789062,"[""PO25CL-GEN-C01-P03-A03"", ""PO25CL-PLAN-S05-M02"", ""PO25CL-APP-R06"", ""PO25CL-PLAN-S05-M03"", ""PO25CL-PLAN-S05-SUM"", ""PO25CL-PLAN-S03-M04"", ""PO25CL-PLAN-S04-M01"", ""PO25CL-APP-R07-M08"", ""PO25CL-PLAN-S04-M04"", ""PO25CL-PLAN-S06-M01""]","[0.8439252972602844, 0.8409793972969055, 0.8364797234535217, 0.8356444835662842, 0.8343857526779175, 0.8336437940597534, 0.8325822949409485, 0.8322624564170837, 0.8320693969726562, 0.8318556547164917]",[5],5.0,5.0,5.0,0.2,0.8343857526779175,0.8343857526779175,0.8439252972602844,-0.009539544582366943,-0.009539544582366943,0.0,0.0,0.0,0.0,0.0,0.0,0.0,0.0,0.0,1.0,1.0,1.0,1.0,1.0,1.0
Q0566,Wie viele Modulprüfungen nennt die Summenzeile für das 5. Semester?,answerable_with_multiple_chunks,2,"[""PO25CL-PLAN-S05-SUM"", ""PO25CL-PLAN-LEGEND""]",0.8454744815826416,0.8420388698577881,0.0034356117248535156,"[""PO25CL-APP-R06"", ""PO25CL-GEN-C03-P11-A03"", ""PO25CL-GEN-C01-P03-A03"", ""PO25CL-GEN-C03-P18-A04"", ""PO25CL-PLAN-S05-M02"", ""PO25CL-GEN-C03-P11-A06"", ""PO25CL-GEN-C03-P11-A05"", ""PO25CL-GEN-C03-P14-A04"", ""PO25CL-GEN-C03-P12-A02"", ""PO25CL-GEN-C03-P11-A04""]","[0.8454744815826416, 0.8420388698577881, 0.840959906578064, 0.8391352295875549, 0.8376989960670471, 0.8366108536720276, 0.8355779647827148, 0.834668755531311, 0.8326666355133057, 0.831809401512146]","[11, 69]",11.0,69.0,40.0,0.09090909090909091,0.8313899636268616,0.8193545341491699,0.8454744815826416,-0.01408451795578003,-0.02611994743347168,0.0,0.0,0.0,0.0,0.0,0.0,0.0,0.0,0.0,0.0,0.0,0.0,0.0,0.0,0.0
Q0567,Wie viele Lehrveranstaltungen nennt die Summenzeile für das 5. Semester?,fully_answerable,1,"[""PO25CL-PLAN-S05-SUM""]",0.8323895931243896,0.8298845887184143,0.002505004405975342,"[""PO25CL-PLAN-S05-SUM"", ""PO25CL-PLAN-S05-PBB"", ""PO25CL-PLAN-S04-SUM"", ""PO25CL-GEN-C01-P03-A03"", ""PO25CL-PLAN-S06-SUM"", ""PO25CL-PLAN-S03-SUM"", ""PO25CL-PLAN-S02-SUM"", ""PO25CL-PLAN-S05-M03"", ""PO25CL-PLAN-S06-PBB"", ""PO25CL-PLAN-S05-M02""]","[0.8323895931243896, 0.8298845887184143, 0.8267341256141663, 0.826217532157898, 0.8260971903800964, 0.825086236000061, 0.8241334557533264, 0.8226770162582397, 0.8215885758399963, 0.8211873769760132]",[1],1.0,1.0,1.0,1.0,0.8323895931243896,0.8323895931243896,0.8298845887184143,0.002505004405975342,0.002505004405975342,1.0,1.0,1.0,1.0,1.0,1.0,1.0,1.0,1.0,1.0,1.0,1.0,1.0,1.0,1.0
Q0568,Wie viele SWS nennt die Summenzeile für das 5. Semester?,fully_answerable,1,"[""PO25CL-PLAN-S05-SUM""]",0.8220764398574829,0.8213841915130615,0.0006922483444213867,"[""PO25CL-PLAN-S05-M02"", ""PO25CL-PLAN-S05-SUM"", ""PO25CL-PLAN-S05-M03"", ""PO25CL-PLAN-S04-M04"", ""PO25CL-PLAN-S06-M01"", ""PO25CL-PLAN-S06-SUM"", ""PO25CL-PLAN-S06-M02"", ""PO25CL-PLAN-S04-SUM"", ""PO25CL-PLAN-S03-SUM"", ""PO25CL-PLAN-S03-M03""]","[0.8220764398574829, 0.8213841915130615, 0.8180638551712036, 0.8164206743240356, 0.8162702918052673, 0.8158411979675293, 0.8152079582214355, 0.8145484924316406, 0.8134949207305908, 0.8129478096961975]",[2],2.0,2.0,2.0,0.5,0.8213841915130615,0.8213841915130615,0.8220764398574829,-0.0006922483444213867,-0.0006922483444213867,0.0,0.0,0.0,1.0,1.0,1.0,1.0,1.0,1.0,1.0,1.0,1.0,1.0,1.0,1.0
Q0569,Wie viele LP nennt die Summenzeile für das 5. Semester?,fully_answerable,1,"[""PO25CL-PLAN-S05-SUM""]",0.843920886516571,0.8381341099739075,0.005786776542663574,"[""PO25CL-PLAN-S05-SUM"", ""PO25CL-GEN-C01-P03-A02"", ""PO25CL-PLAN-S06-SUM"", ""PO25CL-PLAN-S05-PBB"", ""PO25CL-PLAN-S04-SUM"", ""PO25CL-PLAN-S03-SUM"", ""PO25CL-PLAN-S02-SUM"", ""PO25CL-GEN-C01-P05-A02"", ""PO25CL-PLAN-S06-PBB"", ""PO25CL-PLAN-S01-SUM""]","[0.843920886516571, 0.8381341099739075, 0.8380786180496216, 0.837855339050293, 0.8375508189201355, 0.8367372751235962, 0.8357114791870117, 0.8329170346260071, 0.8321473598480225, 0.8315986394882202]",[1],1.0,1.0,1.0,1.0,0.843920886516571,0.843920886516571,0.8381341099739075,0.005786776542663574,0.005786776542663574,1.0,1.0,1.0,1.0,1.0,1.0,1.0,1.0,1.0,1.0,1.0,1.0,1.0,1.0,1.0
Q0570,Wie viele LP entfallen laut Summenzeile des 5. Semesters auf den Profilbildungsbereich?,answerable_with_multiple_chunks,2,"[""PO25CL-PLAN-S05-SUM"", ""PO25CL-PLAN-LEGEND""]",0.8867892026901245,0.8656771183013916,0.02111208438873291,"[""PO25CL-GEN-C01-P05-A02"", ""PO25CL-PLAN-S05-PBB"", ""PO25CL-PLAN-S06-PBB"", ""PO25CL-PLAN-S03-PBB"", ""PO25CL-PLAN-S04-PBB"", ""PO25CL-GEN-C01-P03-A02"", ""PO25CL-PLAN-S02-PBB"", ""PO25CL-PLAN-S01-PBB"", ""PO25CL-PLAN-S05-SUM"", ""PO25CL-APP-R07-M17""]","[0.8867892026901245, 0.8656771183013916, 0.8598835468292236, 0.8594517111778259, 0.8574225902557373, 0.857128381729126, 0.8515341281890869, 0.8498294949531555, 0.8490727543830872, 0.8452559113502502]","[9, 20]",9.0,20.0,14.5,0.1111111111111111,0.8490727543830872,0.8360053896903992,0.8867892026901245,-0.037716448307037354,-0.05078381299972534,0.0,0.0,0.0,0.0,0.0,0.0,0.0,0.0,0.0,0.0,0.0,0.0,0.5,1.0,0.0
Q0571,Wie viele Module nennt die Summenzeile für das 6. Semester?,fully_answerable,1,"[""PO25CL-PLAN-S06-SUM""]",0.8445653319358826,0.838254988193512,0.0063103437423706055,"[""PO25CL-GEN-C01-P03-A03"", ""PO25CL-APP-R07-M06"", ""PO25CL-APP-R06"", ""PO25CL-APP-R07-M08"", ""PO25CL-APP-R07-M03"", ""PO25CL-PLAN-S06-SUM"", ""PO25CL-APP-R07-M10"", ""PO25CL-PLAN-S03-M04"", ""PO25CL-APP-R07-M01"", ""PO25CL-APP-R07-M11""]","[0.8445653319358826, 0.838254988193512, 0.8379325866699219, 0.8377896547317505, 0.8376580476760864, 0.8362902402877808, 0.8355868458747864, 0.8355284929275513, 0.8354994058609009, 0.8351091742515564]",[6],6.0,6.0,6.0,0.16666666666666666,0.8362902402877808,0.8362902402877808,0.8445653319358826,-0.008275091648101807,-0.008275091648101807,0.0,0.0,0.0,0.0,0.0,0.0,0.0,0.0,0.0,0.0,0.0,0.0,1.0,1.0,1.0
Q0572,Wie viele Modulprüfungen nennt die Summenzeile für das 6. Semester?,answerable_with_multiple_chunks,2,"[""PO25CL-PLAN-S06-SUM"", ""PO25CL-PLAN-LEGEND""]",0.8465792536735535,0.8465365171432495,4.273653030395508e-05,"[""PO25CL-APP-R06"", ""PO25CL-GEN-C03-P18-A04"", ""PO25CL-GEN-C03-P11-A03"", ""PO25CL-GEN-C03-P11-A06"", ""PO25CL-GEN-C03-P12-A02"", ""PO25CL-GEN-C01-P03-A03"", ""PO25CL-GEN-C03-P11-A07"", ""PO25CL-GEN-C03-P11-A05"", ""PO25CL-GEN-C03-P11-A04"", ""PO25CL-GEN-C03-P11-A09""]","[0.8465792536735535, 0.8465365171432495, 0.8461272716522217, 0.8454661965370178, 0.8420246839523315, 0.8410149216651917, 0.8404479026794434, 0.8398393988609314, 0.8394564986228943, 0.8382196426391602]","[18, 86]",18.0,86.0,52.0,0.05555555555555555,0.8326429128646851,0.8188868761062622,0.8465792536735535,-0.013936340808868408,-0.02769237756729126,0.0,0.0,0.0,0.0,0.0,0.0,0.0,0.0,0.0,0.0,0.0,0.0,0.0,0.0,0.0
Q0573,Wie viele Lehrveranstaltungen nennt die Summenzeile für das 6. Semester?,fully_answerable,1,"[""PO25CL-PLAN-S06-SUM""]",0.8337644934654236,0.8334028124809265,0.0003616809844970703,"[""PO25CL-PLAN-S06-PBB"", ""PO25CL-PLAN-S06-SUM"", ""PO25CL-PLAN-S03-SUM"", ""PO25CL-PLAN-S03-PBB"", ""PO25CL-PLAN-S05-SUM"", ""PO25CL-PLAN-S02-SUM"", ""PO25CL-PLAN-S04-SUM"", ""PO25CL-GEN-C01-P03-A03"", ""PO25CL-PLAN-S01-SUM"", ""PO25CL-PLAN-S05-PBB""]","[0.8337644934654236, 0.8334028124809265, 0.82853102684021, 0.828444242477417, 0.827938437461853, 0.8266721963882446, 0.8262741565704346, 0.8256904482841492, 0.8224196434020996, 0.8223671913146973]",[2],2.0,2.0,2.0,0.5,0.8334028124809265,0.8334028124809265,0.8337644934654236,-0.0003616809844970703,-0.0003616809844970703,0.0,0.0,0.0,1.0,1.0,1.0,1.0,1.0,1.0,1.0,1.0,1.0,1.0,1.0,1.0
Q0574,Wie viele SWS nennt die Summenzeile für das 6. Semester?,fully_answerable,1,"[""PO25CL-PLAN-S06-SUM""]",0.8224787712097168,0.8171911835670471,0.005287587642669678,"[""PO25CL-PLAN-S06-SUM"", ""PO25CL-PLAN-S06-M02"", ""PO25CL-PLAN-S05-SUM"", ""PO25CL-PLAN-S03-SUM"", ""PO25CL-PLAN-S03-M03"", ""PO25CL-APP-R07-M06"", ""PO25CL-PLAN-S02-SUM"", ""PO25CL-PLAN-S02-M03"", ""PO25CL-PLAN-S06-M01"", ""PO25CL-PLAN-S03-M01""]","[0.8224787712097168, 0.8171911835670471, 0.8164805173873901, 0.8162010312080383, 0.815291166305542, 0.8149223327636719, 0.8141952753067017, 0.8138471245765686, 0.8137826919555664, 0.813782274723053]",[1],1.0,1.0,1.0,1.0,0.8224787712097168,0.8224787712097168,0.8171911835670471,0.005287587642669678,0.005287587642669678,1.0,1.0,1.0,1.0,1.0,1.0,1.0,1.0,1.0,1.0,1.0,1.0,1.0,1.0,1.0
Q0575,Wie viele LP nennt die Summenzeile für das 6. Semester?,fully_answerable,1,"[""PO25CL-PLAN-S06-SUM""]",0.8430790305137634,0.8422157764434814,0.0008632540702819824,"[""PO25CL-PLAN-S06-SUM"", ""PO25CL-PLAN-S06-PBB"", ""PO25CL-GEN-C01-P03-A02"", ""PO25CL-PLAN-S03-SUM"", ""PO25CL-PLAN-S05-SUM"", ""PO25CL-PLAN-S02-SUM"", ""PO25CL-PLAN-S03-PBB"", ""PO25CL-PLAN-S04-SUM"", ""PO25CL-APP-R07-M05"", ""PO25CL-GEN-C01-P05-A02""]","[0.8430790305137634, 0.8422157764434814, 0.8420777320861816, 0.8379441499710083, 0.837494969367981, 0.8359951972961426, 0.8357445001602173, 0.8351833820343018, 0.8332117795944214, 0.8331831693649292]",[1],1.0,1.0,1.0,1.0,0.8430790305137634,0.8430790305137634,0.8422157764434814,0.0008632540702819824,0.0008632540702819824,1.0,1.0,1.0,1.0,1.0,1.0,1.0,1.0,1.0,1.0,1.0,1.0,1.0,1.0,1.0
Q0576,Wie viele LP entfallen laut Summenzeile des 6. Semesters auf den Profilbildungsbereich?,answerable_with_multiple_chunks,2,"[""PO25CL-PLAN-S06-SUM"", ""PO25CL-PLAN-LEGEND""]",0.8868790864944458,0.8687965273857117,0.01808255910873413,"[""PO25CL-GEN-C01-P05-A02"", ""PO25CL-PLAN-S06-PBB"", ""PO25CL-PLAN-S03-PBB"", ""PO25CL-GEN-C01-P03-A02"", ""PO25CL-PLAN-S05-PBB"", ""PO25CL-PLAN-S04-PBB"", ""PO25CL-PLAN-S02-PBB"", ""PO25CL-PLAN-S01-PBB"", ""PO25CL-APP-R07-M17"", ""PO25CL-PLAN-S06-SUM""]","[0.8868790864944458, 0.8687965273857117, 0.8639888763427734, 0.8599175810813904, 0.857183575630188, 0.8548721075057983, 0.8507810831069946, 0.8496203422546387, 0.8473469018936157, 0.8472708463668823]","[10, 18]",10.0,18.0,14.0,0.1,0.8472708463668823,0.8332381844520569,0.8868790864944458,-0.03960824012756348,-0.053640902042388916,0.0,0.0,0.0,0.0,0.0,0.0,0.0,0.0,0.0,0.0,0.0,0.0,0.5,1.0,0.0
Q0577,Welche Prüfungsnummer hat Einführung in die computationelle Logik?,answerable_with_multiple_chunks,2,"[""PO25CL-PLAN-S01-M01"", ""PO25CL-PLAN-LEGEND""]",0.8569378852844238,0.8363413214683533,0.020596563816070557,"[""PO25CL-PLAN-S01-M01"", ""PO25CL-PLAN-S04-M03"", ""PO25CL-PLAN-S03-M03"", ""PO25CL-PLAN-S04-M01"", ""PO25CL-PLAN-S01-M02"", ""PO25CL-PLAN-S02-M02"", ""PO25CL-PLAN-S01-M03"", ""PO25CL-PLAN-S02-M01"", ""PO25CL-PLAN-S02-M03"", ""PO25CL-PLAN-S06-M01""]","[0.8569378852844238, 0.8363413214683533, 0.8286088109016418, 0.8246884346008301, 0.8245116472244263, 0.8243091106414795, 0.8238785266876221, 0.8238775730133057, 0.8229591250419617, 0.8222030997276306]","[1, 11]",1.0,11.0,6.0,1.0,0.8569378852844238,0.8212767243385315,0.8363413214683533,0.020596563816070557,-0.015064597129821777,0.5,1.0,0.0,0.5,1.0,0.0,0.5,1.0,0.0,0.5,1.0,0.0,0.5,1.0,0.0
Q0578,Welche Prüfungsnummer hat Mathematische Grundlagen?,answerable_with_multiple_chunks,2,"[""PO25CL-PLAN-S01-M01"", ""PO25CL-PLAN-LEGEND""]",0.8350856900215149,0.8330765962600708,0.002009093761444092,"[""PO25CL-GEN-C03-P12-A02"", ""PO25CL-PLAN-S01-M01"", ""PO25CL-PLAN-S03-M03"", ""PO25CL-GEN-C03-P19-A02"", ""PO25CL-GEN-C03-P18-A04"", ""PO25CL-GEN-C03-P17-A01"", ""PO25CL-GEN-C04-P28-A04"", ""PO25CL-APP-R07-M01"", ""PO25CL-GEN-C03-P18-A02"", ""PO25CL-GEN-C03-P11-A06""]","[0.8350856900215149, 0.8330765962600708, 0.8287830948829651, 0.8237314224243164, 0.8236277103424072, 0.8235002160072327, 0.822563648223877, 0.8218641877174377, 0.8215160369873047, 0.8214725255966187]","[2, 29]",2.0,29.0,15.5,0.5,0.8330765962600708,0.8145532011985779,0.8350856900215149,-0.002009093761444092,-0.02053248882293701,0.0,0.0,0.0,0.5,1.0,0.0,0.5,1.0,0.0,0.5,1.0,0.0,0.5,1.0,0.0
Q0579,Welche Prüfungsform hat die Modulprüfung im Basismodul „Mathematische und logische Grundlagen“?,fully_answerable,1,"[""PO25CL-PLAN-S01-M01""]",0.8593484163284302,0.8574683666229248,0.001880049705505371,"[""PO25CL-GEN-C03-P11-A05"", ""PO25CL-PLAN-S01-M01"", ""PO25CL-APP-R07-M01"", ""PO25CL-GEN-C03-P11-A06"", ""PO25CL-GEN-C03-P11-A03"", ""PO25CL-GEN-C03-P11-A07"", ""PO25CL-GEN-C03-P11-A01"", ""PO25CL-GEN-C03-P11-A02"", ""PO25CL-GEN-C03-P12-A02"", ""PO25CL-GEN-C03-P14-A01""]","[0.8593484163284302, 0.8574683666229248, 0.8556552529335022, 0.8522714972496033, 0.8494296669960022, 0.8489731550216675, 0.8443657159805298, 0.8440917730331421, 0.8423117399215698, 0.8417563438415527]",[2],2.0,2.0,2.0,0.5,0.8574683666229248,0.8574683666229248,0.8593484163284302,-0.001880049705505371,-0.001880049705505371,0.0,0.0,0.0,1.0,1.0,1.0,1.0,1.0,1.0,1.0,1.0,1.0,1.0,1.0,1.0
Q0580,Welche Prüfungsnummer hat das Seminar Einführung in die Computerlinguistik?,answerable_with_multiple_chunks,2,"[""PO25CL-PLAN-S01-M02"", ""PO25CL-PLAN-LEGEND""]",0.8699851632118225,0.8677948713302612,0.0021902918815612793,"[""PO25CL-PLAN-S06-M01"", ""PO25CL-PLAN-S01-M02"", ""PO25CL-PLAN-S04-M05"", ""PO25CL-PLAN-S05-M03"", ""PO25CL-PLAN-S02-M03"", ""PO25CL-PLAN-S03-M01"", ""PO25CL-PLAN-S02-M01"", ""PO25CL-PLAN-S01-M04"", ""PO25CL-PLAN-S04-M02"", ""PO25CL-PLAN-S03-M03""]","[0.8699851632118225, 0.8677948713302612, 0.867488443851471, 0.8653655648231506, 0.864148736000061, 0.8640196919441223, 0.8629442453384399, 0.8629308342933655, 0.8619545102119446, 0.8612057566642761]","[2, 19]",2.0,19.0,10.5,0.5,0.8677948713302612,0.8563531041145325,0.8699851632118225,-0.0021902918815612793,-0.013632059097290039,0.0,0.0,0.0,0.5,1.0,0.0,0.5,1.0,0.0,0.5,1.0,0.0,0.5,1.0,0.0
Q0581,Welche Prüfungsnummer hat das Seminar Einführung in die Programmierung mit Python?,answerable_with_multiple_chunks,2,"[""PO25CL-PLAN-S01-M03"", ""PO25CL-PLAN-LEGEND""]",0.8667545914649963,0.8660783171653748,0.000676274299621582,"[""PO25CL-PLAN-S02-M02"", ""PO25CL-PLAN-S01-M03"", ""PO25CL-APP-R07-M03"", ""PO25CL-PLAN-S03-M04"", ""PO25CL-PLAN-S04-M01"", ""PO25CL-PLAN-S04-M02"", ""PO25CL-PLAN-S04-M03"", ""PO25CL-PLAN-LEGEND"", ""PO25CL-PLAN-S04-M05"", ""PO25CL-PLAN-S03-M03""]","[0.8667545914649963, 0.8660783171653748, 0.8394119739532471, 0.8293628096580505, 0.8266878128051758, 0.8237729668617249, 0.8231748342514038, 0.8223413825035095, 0.8205896019935608, 0.8196448683738708]","[2, 8]",2.0,8.0,5.0,0.5,0.8660783171653748,0.8223413825035095,0.8667545914649963,-0.000676274299621582,-0.044413208961486816,0.0,0.0,0.0,0.5,1.0,0.0,0.5,1.0,0.0,0.5,1.0,0.0,1.0,1.0,1.0
Q0582,Welche Prüfungsform hat die Modulprüfung im Modul „Basiswissen Linguistik – Morphologie und Syntax“?,fully_answerable,1,"[""PO25CL-PLAN-S01-M04""]",0.8735140562057495,0.8708930015563965,0.0026210546493530273,"[""PO25CL-APP-R07-M04"", ""PO25CL-PLAN-S01-M04"", ""PO25CL-APP-R07-M02"", ""PO25CL-PLAN-S02-M01"", ""PO25CL-GEN-C03-P11-A08"", ""PO25CL-APP-R07-M05"", ""PO25CL-APP-R07-M06"", ""PO25CL-APP-R07-M11"", ""PO25CL-APP-R07-M01"", ""PO25CL-APP-R07-M08""]","[0.8735140562057495, 0.8708930015563965, 0.8650092482566833, 0.8591358661651611, 0.857319712638855, 0.8568325042724609, 0.8543369770050049, 0.852892279624939, 0.8516924977302551, 0.8510629534721375]",[2],2.0,2.0,2.0,0.5,0.8708930015563965,0.8708930015563965,0.8735140562057495,-0.0026210546493530273,-0.0026210546493530273,0.0,0.0,0.0,1.0,1.0,1.0,1.0,1.0,1.0,1.0,1.0,1.0,1.0,1.0,1.0
Q0583,Welche Prüfungsnummer hat das Seminar Grammatikformalismen?,answerable_with_multiple_chunks,2,"[""PO25CL-PLAN-S02-M01"", ""PO25CL-PLAN-LEGEND""]",0.850936770439148,0.8393142223358154,0.01162254810333252,"[""PO25CL-PLAN-S02-M01"", ""PO25CL-PLAN-S03-M03"", ""PO25CL-PLAN-S01-M02"", ""PO25CL-PLAN-S02-M03"", ""PO25CL-GEN-C03-P11-A08"", ""PO25CL-PLAN-S04-M05"", ""PO25CL-APP-R07-M05"", ""PO25CL-PLAN-S04-M02"", ""PO25CL-APP-R07-M02"", ""PO25CL-FRONT-TITLE""]","[0.850936770439148, 0.8393142223358154, 0.8312602043151855, 0.8284066915512085, 0.8278936147689819, 0.8267021775245667, 0.8240784406661987, 0.823654055595398, 0.8227365016937256, 0.8218052983283997]","[1, 16]",1.0,16.0,8.5,1.0,0.850936770439148,0.8170268535614014,0.8393142223358154,0.01162254810333252,-0.022287368774414062,0.5,1.0,0.0,0.5,1.0,0.0,0.5,1.0,0.0,0.5,1.0,0.0,0.5,1.0,0.0
Q0584,Welche Prüfungsform hat die Modulprüfung im Basismodul „Python-Programmierung“?,fully_answerable,1,"[""PO25CL-PLAN-S02-M02""]",0.866973340511322,0.863735556602478,0.003237783908843994,"[""PO25CL-PLAN-S02-M02"", ""PO25CL-APP-R07-M03"", ""PO25CL-PLAN-S01-M03"", ""PO25CL-GEN-C03-P11-A05"", ""PO25CL-GEN-C03-P11-A06"", ""PO25CL-GEN-C03-P11-A07"", ""PO25CL-GEN-C03-P11-A03"", ""PO25CL-PLAN-S03-M04"", ""PO25CL-GEN-C03-P12-A03"", ""PO25CL-APP-R09""]","[0.866973340511322, 0.863735556602478, 0.8613502979278564, 0.8450367450714111, 0.8441746234893799, 0.837249755859375, 0.835223376750946, 0.8346294164657593, 0.8337721824645996, 0.8285002708435059]",[1],1.0,1.0,1.0,1.0,0.866973340511322,0.866973340511322,0.863735556602478,0.003237783908843994,0.003237783908843994,1.0,1.0,1.0,1.0,1.0,1.0,1.0,1.0,1.0,1.0,1.0,1.0,1.0,1.0,1.0
Q0585,Welche Prüfungsform hat die Modulprüfung im Modul „Basiswissen Linguistik – Semantik und Pragmatik“?,fully_answerable,1,"[""PO25CL-PLAN-S02-M03""]",0.8725104331970215,0.8701282739639282,0.0023821592330932617,"[""PO25CL-PLAN-S02-M03"", ""PO25CL-APP-R07-M05"", ""PO25CL-PLAN-S02-M01"", ""PO25CL-APP-R07-M02"", ""PO25CL-PLAN-S01-M04"", ""PO25CL-GEN-C03-P11-A08"", ""PO25CL-APP-R07-M04"", ""PO25CL-GEN-C03-P11-A05"", ""PO25CL-PLAN-S01-M02"", ""PO25CL-GEN-C03-P11-A01""]","[0.8725104331970215, 0.8701282739639282, 0.8580191135406494, 0.8535175919532776, 0.8527358770370483, 0.8480278253555298, 0.8470361232757568, 0.8463457822799683, 0.8463250398635864, 0.8432838320732117]",[1],1.0,1.0,1.0,1.0,0.8725104331970215,0.8725104331970215,0.8701282739639282,0.0023821592330932617,0.0023821592330932617,1.0,1.0,1.0,1.0,1.0,1.0,1.0,1.0,1.0,1.0,1.0,1.0,1.0,1.0,1.0
Q0586,Welche Prüfungsnummer hat Wahrscheinlichkeitstheorie und Statistik?,answerable_with_multiple_chunks,2,"[""PO25CL-PLAN-S02-M04"", ""PO25CL-PLAN-LEGEND""]",0.8400356769561768,0.8206164836883545,0.019419193267822266,"[""PO25CL-PLAN-S02-M04"", ""PO25CL-GEN-C04-P31-A02"", ""PO25CL-GEN-C03-P12-A02"", ""PO25CL-GEN-C03-P19-A02"", ""PO25CL-GEN-C03-P21-A01"", ""PO25CL-GEN-C03-P19-A05"", ""PO25CL-GEN-C03-P17-A01"", ""PO25CL-GEN-C04-P28-A07"", ""PO25CL-GEN-C03-P19-A03"", ""PO25CL-GEN-C03-P19-A01""]","[0.8400356769561768, 0.8206164836883545, 0.8203786015510559, 0.8179851174354553, 0.8172045350074768, 0.8146392107009888, 0.8142910003662109, 0.8142510652542114, 0.8131639361381531, 0.8130800724029541]","[1, 13]",1.0,13.0,7.0,1.0,0.8400356769561768,0.8123558163642883,0.8206164836883545,0.019419193267822266,-0.008260667324066162,0.5,1.0,0.0,0.5,1.0,0.0,0.5,1.0,0.0,0.5,1.0,0.0,0.5,1.0,0.0
Q0587,Welche Prüfungsnummer hat Linguistische Ressourcen?,answerable_with_multiple_chunks,2,"[""PO25CL-PLAN-S03-M01"", ""PO25CL-PLAN-LEGEND""]",0.8346270322799683,0.8331126570701599,0.0015143752098083496,"[""PO25CL-PLAN-S03-M01"", ""PO25CL-PLAN-LEGEND"", ""PO25CL-GEN-C03-P11-A08"", ""PO25CL-APP-R07-M05"", ""PO25CL-APP-R11"", ""PO25CL-PLAN-S02-M03"", ""PO25CL-APP-R07-M12"", ""PO25CL-APP-R07-M04"", ""PO25CL-APP-R07-M08"", ""PO25CL-APP-R06""]","[0.8346270322799683, 0.8331126570701599, 0.833109974861145, 0.8289099335670471, 0.8284687399864197, 0.8261415958404541, 0.8222835063934326, 0.8221908211708069, 0.8206945061683655, 0.8200550079345703]","[1, 2]",1.0,2.0,1.5,1.0,0.8346270322799683,0.8331126570701599,0.833109974861145,0.0015170574188232422,2.682209014892578e-06,0.5,1.0,0.0,1.0,1.0,1.0,1.0,1.0,1.0,1.0,1.0,1.0,1.0,1.0,1.0
Q0588,Welche Prüfungsnummer hat Grundlagen des maschinellen Lernens?,answerable_with_multiple_chunks,2,"[""PO25CL-PLAN-S03-M02"", ""PO25CL-PLAN-LEGEND""]",0.8577812314033508,0.8395951986312866,0.01818603277206421,"[""PO25CL-PLAN-S03-M02"", ""PO25CL-PLAN-S04-M01"", ""PO25CL-PLAN-S03-M03"", ""PO25CL-APP-R07-M07"", ""PO25CL-PLAN-S01-M01"", ""PO25CL-PLAN-S02-M01"", ""PO25CL-GEN-C03-P14-A02"", ""PO25CL-PLAN-S03-M01"", ""PO25CL-APP-R07-M01"", ""PO25CL-PLAN-S01-M02""]","[0.8577812314033508, 0.8395951986312866, 0.8327721953392029, 0.8252759575843811, 0.8236613273620605, 0.8208316564559937, 0.8198054432868958, 0.8188151717185974, 0.8187369108200073, 0.8186635971069336]","[1, 11]",1.0,11.0,6.0,1.0,0.8577812314033508,0.818311333656311,0.8395951986312866,0.01818603277206421,-0.021283864974975586,0.5,1.0,0.0,0.5,1.0,0.0,0.5,1.0,0.0,0.5,1.0,0.0,0.5,1.0,0.0
Q0589,Welche Prüfungsnummer hat das Seminar Automatentheorie & Formale Sprachen?,answerable_with_multiple_chunks,2,"[""PO25CL-PLAN-S03-M03"", ""PO25CL-PLAN-LEGEND""]",0.867919921875,0.8424869775772095,0.025432944297790527,"[""PO25CL-PLAN-S03-M03"", ""PO25CL-PLAN-S02-M01"", ""PO25CL-PLAN-S03-M02"", ""PO25CL-PLAN-S04-M01"", ""PO25CL-PLAN-S01-M02"", ""PO25CL-GEN-C03-P11-A08"", ""PO25CL-PLAN-S02-M03"", ""PO25CL-PLAN-S04-M02"", ""PO25CL-APP-R06"", ""PO25CL-PLAN-S03-M01""]","[0.867919921875, 0.8424869775772095, 0.8374236822128296, 0.8350952863693237, 0.8336266875267029, 0.8330803513526917, 0.8309056162834167, 0.829986572265625, 0.8292300701141357, 0.8290956616401672]","[1, 36]",1.0,36.0,18.5,1.0,0.867919921875,0.8189834356307983,0.8424869775772095,0.025432944297790527,-0.023503541946411133,0.5,1.0,0.0,0.5,1.0,0.0,0.5,1.0,0.0,0.5,1.0,0.0,0.5,1.0,0.0
Q0590,Welche Prüfungsform hat die Modulprüfung im Aufbaumodul „Objektorientierte Programmierung“?,fully_answerable,1,"[""PO25CL-PLAN-S03-M04""]",0.8652651309967041,0.8602199554443359,0.005045175552368164,"[""PO25CL-PLAN-S03-M04"", ""PO25CL-APP-R07-M11"", ""PO25CL-GEN-C03-P11-A05"", ""PO25CL-GEN-C03-P11-A01"", ""PO25CL-GEN-C03-P11-A07"", ""PO25CL-GEN-C03-P11-A06"", ""PO25CL-GEN-C03-P11-A03"", ""PO25CL-APP-R07-M10"", ""PO25CL-PLAN-S02-M02"", ""PO25CL-GEN-C03-P14-A01""]","[0.8652651309967041, 0.8602199554443359, 0.8601616621017456, 0.8452132940292358, 0.8450745940208435, 0.8426320552825928, 0.8409028053283691, 0.8357844352722168, 0.8341975212097168, 0.8316401243209839]",[1],1.0,1.0,1.0,1.0,0.8652651309967041,0.8652651309967041,0.8602199554443359,0.005045175552368164,0.005045175552368164,1.0,1.0,1.0,1.0,1.0,1.0,1.0,1.0,1.0,1.0,1.0,1.0,1.0,1.0,1.0
Q0591,Welche Prüfungsnummer hat das Seminar Deep Learning?,answerable_with_multiple_chunks,2,"[""PO25CL-PLAN-S04-M01"", ""PO25CL-PLAN-LEGEND""]",0.8389424681663513,0.817268431186676,0.021674036979675293,"[""PO25CL-PLAN-S04-M01"", ""PO25CL-PLAN-S02-M02"", ""PO25CL-FRONT-TITLE"", ""PO25CL-PLAN-S03-M02"", ""PO25CL-PLAN-S04-M02"", ""PO25CL-GEN-C04-P28-A07"", ""PO25CL-PLAN-S03-M03"", ""PO25CL-GEN-C03-P11-A02"", ""PO25CL-PLAN-S04-M04"", ""PO25CL-GEN-C03-P19-A02""]","[0.8389424681663513, 0.817268431186676, 0.81596440076828, 0.8113360404968262, 0.8097606897354126, 0.8079504370689392, 0.8079136610031128, 0.8078776597976685, 0.80668044090271, 0.8062784671783447]","[1, 17]",1.0,17.0,9.0,1.0,0.8389424681663513,0.8038509488105774,0.817268431186676,0.021674036979675293,-0.013417482376098633,0.5,1.0,0.0,0.5,1.0,0.0,0.5,1.0,0.0,0.5,1.0,0.0,0.5,1.0,0.0
Q0592,Welche Prüfungsnummer hat das Parsing-Seminar?,answerable_with_multiple_chunks,2,"[""PO25CL-PLAN-S04-M02"", ""PO25CL-PLAN-LEGEND""]",0.8538364171981812,0.8404308557510376,0.013405561447143555,"[""PO25CL-PLAN-S04-M02"", ""PO25CL-APP-R07-M09"", ""PO25CL-PLAN-S02-M03"", ""PO25CL-PLAN-S02-M02"", ""PO25CL-PLAN-LEGEND"", ""PO25CL-PLAN-S04-M01"", ""PO25CL-PLAN-S03-M03"", ""PO25CL-GEN-C03-P11-A08"", ""PO25CL-PLAN-S02-M01"", ""PO25CL-GEN-C03-P12-A02""]","[0.8538364171981812, 0.8404308557510376, 0.8250107765197754, 0.8198299407958984, 0.8188424706459045, 0.8181800246238708, 0.8177949786186218, 0.8177638053894043, 0.8177403211593628, 0.816728949546814]","[1, 5]",1.0,5.0,3.0,1.0,0.8538364171981812,0.8188424706459045,0.8404308557510376,0.013405561447143555,-0.021588385105133057,0.5,1.0,0.0,0.5,1.0,0.0,0.5,1.0,0.0,1.0,1.0,1.0,1.0,1.0,1.0
Q0593,Welche Prüfungsnummer hat das Seminar Einführung in Prolog?,answerable_with_multiple_chunks,2,"[""PO25CL-PLAN-S04-M03"", ""PO25CL-PLAN-LEGEND""]",0.8567526340484619,0.8325804471969604,0.024172186851501465,"[""PO25CL-PLAN-S04-M03"", ""PO25CL-GEN-C03-P12-A02"", ""PO25CL-PLAN-S04-M02"", ""PO25CL-PLAN-S04-M05"", ""PO25CL-PLAN-S04-M01"", ""PO25CL-PLAN-LEGEND"", ""PO25CL-PLAN-S03-M02"", ""PO25CL-PLAN-S01-M03"", ""PO25CL-PLAN-S02-M02"", ""PO25CL-PLAN-S04-M04""]","[0.8567526340484619, 0.8325804471969604, 0.83033287525177, 0.8281057476997375, 0.8278232216835022, 0.8277968764305115, 0.8263862133026123, 0.8262503147125244, 0.8262280225753784, 0.826205849647522]","[1, 6]",1.0,6.0,3.5,1.0,0.8567526340484619,0.8277968764305115,0.8325804471969604,0.024172186851501465,-0.004783570766448975,0.5,1.0,0.0,0.5,1.0,0.0,0.5,1.0,0.0,0.5,1.0,0.0,1.0,1.0,1.0
Q0594,Welche Prüfungsnummer hat das Seminar nach Wahl im ersten Teil des interdisziplinären Vertiefungsmoduls?,answerable_with_multiple_chunks,2,"[""PO25CL-PLAN-S04-M04"", ""PO25CL-PLAN-LEGEND""]",0.8581756353378296,0.8570365905761719,0.0011390447616577148,"[""PO25CL-PLAN-S05-M02"", ""PO25CL-PLAN-S04-M04"", ""PO25CL-APP-R07-M13"", ""PO25CL-GEN-C03-P12-A02"", ""PO25CL-GEN-C03-P11-A02"", ""PO25CL-GEN-C03-P11-A01"", ""PO25CL-PLAN-S06-M01"", ""PO25CL-PLAN-S05-M03"", ""PO25CL-GEN-C03-P19-A09"", ""PO25CL-GEN-C03-P11-A03""]","[0.8581756353378296, 0.8570365905761719, 0.8439909815788269, 0.8367502689361572, 0.8358696699142456, 0.8352206945419312, 0.8342019319534302, 0.8322715759277344, 0.8289444446563721, 0.8283354640007019]","[2, 15]",2.0,15.0,8.5,0.5,0.8570365905761719,0.8268961310386658,0.8581756353378296,-0.0011390447616577148,-0.03127950429916382,0.0,0.0,0.0,0.5,1.0,0.0,0.5,1.0,0.0,0.5,1.0,0.0,0.5,1.0,0.0
Q0595,Welche Prüfungsnummer hat das Orientierungsseminar?,answerable_with_multiple_chunks,2,"[""PO25CL-PLAN-S04-M05"", ""PO25CL-PLAN-LEGEND""]",0.8411279320716858,0.8288896083831787,0.01223832368850708,"[""PO25CL-PLAN-S04-M05"", ""PO25CL-APP-R07-M12"", ""PO25CL-GEN-C03-P12-A02"", ""PO25CL-GEN-C02-P09-A05"", ""PO25CL-GEN-C02-P09-A04"", ""PO25CL-PLAN-S05-M01"", ""PO25CL-PLAN-LEGEND"", ""PO25CL-GEN-C02-P09-A03"", ""PO25CL-FRONT-TITLE"", ""PO25CL-GEN-C01-P05-A02""]","[0.8411279320716858, 0.8288896083831787, 0.8184573650360107, 0.8171094059944153, 0.8141703009605408, 0.8140403032302856, 0.8139745593070984, 0.8134511709213257, 0.8097249269485474, 0.8069909811019897]","[1, 7]",1.0,7.0,4.0,1.0,0.8411279320716858,0.8139745593070984,0.8288896083831787,0.01223832368850708,-0.014915049076080322,0.5,1.0,0.0,0.5,1.0,0.0,0.5,1.0,0.0,0.5,1.0,0.0,1.0,1.0,1.0
Q0596,Welche Prüfungsnummer hat das Praktikum im fünften Semester?,answerable_with_multiple_chunks,2,"[""PO25CL-PLAN-S05-M01"", ""PO25CL-PLAN-LEGEND""]",0.8563941121101379,0.8554566502571106,0.0009374618530273438,"[""PO25CL-APP-R14"", ""PO25CL-GEN-C02-P09-A05"", ""PO25CL-GEN-C02-P09-A04"", ""PO25CL-GEN-C01-P03-A04"", ""PO25CL-PLAN-S05-M01"", ""PO25CL-GEN-C03-P15-A01"", ""PO25CL-GEN-C02-P09-A01"", ""PO25CL-GEN-C02-P09-A03"", ""PO25CL-GEN-C03-P19-A01"", ""PO25CL-PLAN-S04-M05""]","[0.8563941121101379, 0.8554566502571106, 0.8544464111328125, 0.8443161845207214, 0.8429766297340393, 0.8429543375968933, 0.8380926847457886, 0.837291955947876, 0.8349701166152954, 0.8344466090202332]","[5, 12]",5.0,12.0,8.5,0.2,0.8429766297340393,0.8328601121902466,0.8563941121101379,-0.013417482376098633,-0.023533999919891357,0.0,0.0,0.0,0.0,0.0,0.0,0.0,0.0,0.0,0.5,1.0,0.0,0.5,1.0,0.0
Q0597,Welche Prüfungsnummer hat die Modulprüfung im interdisziplinären Vertiefungsmodul?,answerable_with_multiple_chunks,2,"[""PO25CL-PLAN-S05-M02"", ""PO25CL-PLAN-LEGEND""]",0.8596213459968567,0.8575699925422668,0.0020513534545898438,"[""PO25CL-PLAN-S05-M02"", ""PO25CL-APP-R07-M13"", ""PO25CL-PLAN-S04-M04"", ""PO25CL-GEN-C03-P11-A03"", ""PO25CL-GEN-C03-P11-A01"", ""PO25CL-GEN-C03-P11-A06"", ""PO25CL-GEN-C03-P18-A04"", ""PO25CL-GEN-C03-P12-A02"", ""PO25CL-GEN-C03-P12-A03"", ""PO25CL-GEN-C03-P11-A05""]","[0.8596213459968567, 0.8575699925422668, 0.852419376373291, 0.8458518981933594, 0.8452454209327698, 0.8443616628646851, 0.8407323360443115, 0.8405859470367432, 0.8401955962181091, 0.8400882482528687]","[1, 18]",1.0,18.0,9.5,1.0,0.8596213459968567,0.833473801612854,0.8575699925422668,0.0020513534545898438,-0.024096190929412842,0.5,1.0,0.0,0.5,1.0,0.0,0.5,1.0,0.0,0.5,1.0,0.0,0.5,1.0,0.0
Q0598,Welche Prüfungsnummer hat das erste Wahlseminar im Vertiefungsmodul Computerlinguistik 1?,answerable_with_multiple_chunks,2,"[""PO25CL-PLAN-S05-M03"", ""PO25CL-PLAN-LEGEND""]",0.8689594864845276,0.8663612604141235,0.0025982260704040527,"[""PO25CL-PLAN-S06-M01"", ""PO25CL-PLAN-S05-M03"", ""PO25CL-PLAN-S05-M02"", ""PO25CL-PLAN-S04-M04"", ""PO25CL-PLAN-S04-M05"", ""PO25CL-PLAN-S01-M02"", ""PO25CL-PLAN-S02-M01"", ""PO25CL-PLAN-S02-M03"", ""PO25CL-PLAN-S03-M01"", ""PO25CL-APP-R07-M14""]","[0.8689594864845276, 0.8663612604141235, 0.8662747144699097, 0.8656907677650452, 0.8607375621795654, 0.8597300052642822, 0.8595471978187561, 0.859478771686554, 0.8584555387496948, 0.8578653931617737]","[2, 25]",2.0,25.0,13.5,0.5,0.8663612604141235,0.8446290493011475,0.8689594864845276,-0.0025982260704040527,-0.024330437183380127,0.0,0.0,0.0,0.5,1.0,0.0,0.5,1.0,0.0,0.5,1.0,0.0,0.5,1.0,0.0
Q0599,Welche Prüfungsnummer hat die Bachelorarbeit?,answerable_with_multiple_chunks,2,"[""PO25CL-PLAN-S06-M02"", ""PO25CL-PLAN-LEGEND""]",0.876168966293335,0.8757584691047668,0.00041049718856811523,"[""PO25CL-GEN-C03-P15-A01"", ""PO25CL-GEN-C03-P15-A08"", ""PO25CL-GEN-C03-P10-U01"", ""PO25CL-GEN-C03-P21-A03"", ""PO25CL-GEN-C03-P15-A02"", ""PO25CL-GEN-C03-P15-A05"", ""PO25CL-GEN-C03-P15-A10"", ""PO25CL-GEN-C03-P22-U01"", ""PO25CL-GEN-C03-P21-A02"", ""PO25CL-GEN-C03-P18-A05""]","[0.876168966293335, 0.8757584691047668, 0.8727709650993347, 0.8710340261459351, 0.8697426319122314, 0.8696660995483398, 0.8683992028236389, 0.8678857088088989, 0.8670973777770996, 0.8664815425872803]","[36, 28]",28.0,36.0,32.0,0.03571428571428571,0.8546397089958191,0.8479899168014526,0.876168966293335,-0.02152925729751587,-0.028179049491882324,0.0,0.0,0.0,0.0,0.0,0.0,0.0,0.0,0.0,0.0,0.0,0.0,0.0,0.0,0.0
Q0600,Müssen belastende Entscheidungen des Prüfungsausschusses begründet werden?,fully_answerable,1,"[""PO25CL-GEN-C03-P17-A06""]",0.8581430912017822,0.8581228256225586,2.0265579223632812e-05,"[""PO25CL-GEN-C03-P17-A06"", ""PO25CL-GEN-C04-P24-A03"", ""PO25CL-GEN-C04-P26-U01"", ""PO25CL-GEN-C04-P24-A02"", ""PO25CL-GEN-C04-P27-A03"", ""PO25CL-GEN-C04-P24-A05"", ""PO25CL-GEN-C04-P28-A08"", ""PO25CL-GEN-C03-P17-A05"", ""PO25CL-GEN-C04-P27-A01-02"", ""PO25CL-GEN-C03-P17-A02""]","[0.8581430912017822, 0.8581228256225586, 0.8515305519104004, 0.8505692481994629, 0.8448882699012756, 0.8419317007064819, 0.8398473262786865, 0.8385932445526123, 0.8384464383125305, 0.8379647731781006]",[1],1.0,1.0,1.0,1.0,0.8581430912017822,0.8581430912017822,0.8581228256225586,2.0265579223632812e-05,2.0265579223632812e-05,1.0,1.0,1.0,1.0,1.0,1.0,1.0,1.0,1.0,1.0,1.0,1.0,1.0,1.0,1.0
Q0601,Für welche vier beispielhaften Berufsfelder soll der Bachelorstudiengang Computerlinguistik besonders qualifizieren?,not_answerable_from_source,0,[],0.868818998336792,0.8664407134056091,0.0023782849311828613,"[""PO25CL-PLAN-S04-PBB"", ""PO25CL-PLAN-S05-PBB"", ""PO25CL-PLAN-S04-SUM"", ""PO25CL-PLAN-S03-PBB"", ""PO25CL-PLAN-S06-M02"", ""PO25CL-PLAN-S02-PBB"", ""PO25CL-PLAN-S01-SUM"", ""PO25CL-PLAN-S06-SUM"", ""PO25CL-PLAN-S03-SUM"", ""PO25CL-PLAN-S05-SUM""]","[0.868818998336792, 0.8664407134056091, 0.8643718361854553, 0.863795280456543, 0.8635464906692505, 0.8630717992782593, 0.8626443147659302, 0.8624275326728821, 0.8621113300323486, 0.8619688153266907]",[],,,,,,,,,,,,,,,,,,,,,,,,
Q0602,"Welches konkrete Beispiel wird für einen gesellschaftsrelevanten Aspekt von Sprachtechnologien genannt, über den Studierende wissenschaftlich fundierte Urteile bilden sollen?",not_answerable_from_source,0,[],0.8031888008117676,0.802003800868988,0.001184999942779541,"[""PO25CL-APP-R11"", ""PO25CL-APP-R01"", ""PO25CL-APP-R08"", ""PO25CL-PLAN-S03-M01"", ""PO25CL-PLAN-S02-M01"", ""PO25CL-PLAN-S01-M02"", ""PO25CL-APP-R07-M05"", ""PO25CL-APP-R07-M06"", ""PO25CL-PLAN-S02-M03"", ""PO25CL-APP-R07-M02""]","[0.8031888008117676, 0.802003800868988, 0.7994077205657959, 0.7984179854393005, 0.7974483966827393, 0.7967950105667114, 0.7958390116691589, 0.7951903939247131, 0.794238269329071, 0.7940484285354614]",[],,,,,,,,,,,,,,,,,,,,,,,,
Q0603,"Mit welchen drei Personengruppen sollen Absolventinnen und Absolventen fachliche Informationen, Ideen, Probleme und Lösungen austauschen können?",not_answerable_from_source,0,[],0.7971585392951965,0.7933410406112671,0.0038174986839294434,"[""PO25CL-GEN-C04-P31-A01"", ""PO25CL-GEN-C02-P09-A03"", ""PO25CL-GEN-C03-P15-A03"", ""PO25CL-GEN-C01-P04-A03"", ""PO25CL-GEN-C03-P16-A02"", ""PO25CL-GEN-C04-P25-A03"", ""PO25CL-GEN-C03-P15-A06"", ""PO25CL-GEN-C01-P03-A03"", ""PO25CL-GEN-C01-P01-A01"", ""PO25CL-GEN-C04-P24-A03""]","[0.7971585392951965, 0.7933410406112671, 0.790756106376648, 0.7899714708328247, 0.7846289873123169, 0.7833075523376465, 0.7821005582809448, 0.7816872596740723, 0.7802387475967407, 0.7798268795013428]",[],,,,,,,,,,,,,,,,,,,,,,,,
Q0604,Welche drei fachlichen Richtungen werden als Beispiele für einen anschließenden Masterstudiengang genannt?,not_answerable_from_source,0,[],0.8334051370620728,0.8247506618499756,0.008654475212097168,"[""PO25CL-GEN-C01-P04-A03"", ""PO25CL-GEN-C01-P04-A05"", ""PO25CL-GEN-C01-P04-A02"", ""PO25CL-GEN-C01-P04-A04"", ""PO25CL-GEN-C01-P04-A01"", ""PO25CL-PLAN-S03-PBB"", ""PO25CL-PLAN-S04-PBB"", ""PO25CL-GEN-C02-P07-A04"", ""PO25CL-PLAN-S06-M02"", ""PO25CL-PLAN-S06-PBB""]","[0.8334051370620728, 0.8247506618499756, 0.8235325217247009, 0.8220177888870239, 0.8214181661605835, 0.818058431148529, 0.8174456357955933, 0.8145474195480347, 0.8144662380218506, 0.8144519329071045]",[],,,,,,,,,,,,,,,,,,,,,,,,
Q0605,"Auf welchem Niveau sollen die Programmierkenntnisse liegen, die in den ersten beiden Studienjahren erworben werden?",not_answerable_from_source,0,[],0.8442380428314209,0.842613160610199,0.0016248822212219238,"[""PO25CL-PLAN-S02-M02"", ""PO25CL-PLAN-S01-M03"", ""PO25CL-PLAN-S02-PBB"", ""PO25CL-PLAN-S03-M04"", ""PO25CL-PLAN-S01-PBB"", ""PO25CL-PLAN-S03-PBB"", ""PO25CL-PLAN-S06-PBB"", ""PO25CL-PLAN-S04-PBB"", ""PO25CL-PLAN-S05-PBB"", ""PO25CL-PLAN-S04-M05""]","[0.8442380428314209, 0.842613160610199, 0.8416633605957031, 0.8383395671844482, 0.8343738913536072, 0.834062933921814, 0.8331380486488342, 0.8328732252120972, 0.8324522972106934, 0.8317452073097229]",[],,,,,,,,,,,,,,,,,,,,,,,,
Q0606,Welches formale Rüstzeug sollen Studierende im Basismodul – Mathematische und logische Grundlagen erwerben?,not_answerable_from_source,0,[],0.8449037075042725,0.8408362865447998,0.004067420959472656,"[""PO25CL-PLAN-S01-M01"", ""PO25CL-APP-R07-M01"", ""PO25CL-PLAN-S02-M01"", ""PO25CL-PLAN-S03-M03"", ""PO25CL-APP-R07-M02"", ""PO25CL-PLAN-S01-M02"", ""PO25CL-PLAN-S03-M01"", ""PO25CL-PLAN-S04-M03"", ""PO25CL-PLAN-S02-M04"", ""PO25CL-PLAN-S03-M02""]","[0.8449037075042725, 0.8408362865447998, 0.8387366533279419, 0.8339356780052185, 0.8305017948150635, 0.8297106027603149, 0.8286938667297363, 0.8262500762939453, 0.8253804445266724, 0.8235485553741455]",[],,,,,,,,,,,,,,,,,,,,,,,,
Q0607,Was sollen Studierende nach dem Basismodul – Mathematische und logische Grundlagen mit grundlegenden logischen und mathematischen Methoden in konkreten Fällen tun können?,not_answerable_from_source,0,[],0.8649678230285645,0.8530096411705017,0.011958181858062744,"[""PO25CL-PLAN-S01-M01"", ""PO25CL-APP-R07-M01"", ""PO25CL-PLAN-S02-M01"", ""PO25CL-PLAN-S02-M04"", ""PO25CL-PLAN-S03-M01"", ""PO25CL-PLAN-S01-M02"", ""PO25CL-PLAN-S02-M02"", ""PO25CL-APP-R07-M06"", ""PO25CL-PLAN-S04-M03"", ""PO25CL-PLAN-S03-M03""]","[0.8649678230285645, 0.8530096411705017, 0.8438586592674255, 0.8428195714950562, 0.8422428369522095, 0.8369389176368713, 0.8355230093002319, 0.8334208726882935, 0.8334075808525085, 0.8332855701446533]",[],,,,,,,,,,,,,,,,,,,,,,,,
Q0608,Wie viele Stunden Selbststudium sind für Mathematische Grundlagen im Basismodul – Mathematische und logische Grundlagen vorgesehen?,not_answerable_from_source,0,[],0.863386869430542,0.8534835577011108,0.009903311729431152,"[""PO25CL-PLAN-S01-M01"", ""PO25CL-APP-R07-M01"", ""PO25CL-PLAN-S03-M03"", ""PO25CL-PLAN-S02-M01"", ""PO25CL-GEN-C01-P03-A03"", ""PO25CL-PLAN-S02-M02"", ""PO25CL-PLAN-S04-M03"", ""PO25CL-PLAN-S02-M04"", ""PO25CL-PLAN-S03-M01"", ""PO25CL-PLAN-S01-M03""]","[0.863386869430542, 0.8534835577011108, 0.8479959964752197, 0.8448734283447266, 0.8438681364059448, 0.8420091867446899, 0.8418620824813843, 0.8409792184829712, 0.8401045799255371, 0.8400857448577881]",[],,,,,,,,,,,,,,,,,,,,,,,,
Q0609,Wie lautet der englische Titel des Basismoduls – Mathematische und logische Grundlagen?,not_answerable_from_source,0,[],0.8636982440948486,0.8535810708999634,0.010117173194885254,"[""PO25CL-APP-R07-M01"", ""PO25CL-PLAN-S01-M01"", ""PO25CL-APP-R07-M10"", ""PO25CL-APP-R07-M02"", ""PO25CL-APP-R07-M08"", ""PO25CL-APP-R07-M03"", ""PO25CL-PLAN-S02-M01"", ""PO25CL-APP-R07-M06"", ""PO25CL-PLAN-S03-M03"", ""PO25CL-PLAN-S03-M01""]","[0.8636982440948486, 0.8535810708999634, 0.8415859937667847, 0.8404203653335571, 0.8379641771316528, 0.8375940918922424, 0.8341405391693115, 0.832618236541748, 0.8309924006462097, 0.8298446536064148]",[],,,,,,,,,,,,,,,,,,,,,,,,
Q0610,Welche beiden grundlegenden Methodentypen der Computerlinguistik sollen Studierende im Modul – Grundlagen der Computerlinguistik und formale Grammatikbeschreibung kennenlernen?,not_answerable_from_source,0,[],0.8898325562477112,0.8832197189331055,0.006612837314605713,"[""PO25CL-PLAN-S02-M01"", ""PO25CL-PLAN-S01-M02"", ""PO25CL-APP-R07-M02"", ""PO25CL-PLAN-S01-M04"", ""PO25CL-PLAN-S03-M01"", ""PO25CL-APP-R07-M06"", ""PO25CL-PLAN-S03-M03"", ""PO25CL-PLAN-S02-M03"", ""PO25CL-PLAN-S02-M04"", ""PO25CL-PLAN-S03-M04""]","[0.8898325562477112, 0.8832197189331055, 0.8801477551460266, 0.8681573271751404, 0.862625777721405, 0.8622033596038818, 0.8595036268234253, 0.8580024242401123, 0.8573465347290039, 0.8563250303268433]",[],,,,,,,,,,,,,,,,,,,,,,,,
Q0611,Welche Fähigkeit im Umgang mit Formalismen zur Implementierung von Grammatiken ist in Grundlagen der Computerlinguistik und formale Grammatikbeschreibung vorgesehen?,not_answerable_from_source,0,[],0.8511209487915039,0.8405133485794067,0.010607600212097168,"[""PO25CL-PLAN-S02-M01"", ""PO25CL-APP-R07-M02"", ""PO25CL-PLAN-S01-M02"", ""PO25CL-PLAN-S03-M03"", ""PO25CL-APP-R07-M05"", ""PO25CL-PLAN-S01-M04"", ""PO25CL-PLAN-S02-M03"", ""PO25CL-APP-R07-M04"", ""PO25CL-APP-R07-M12"", ""PO25CL-PLAN-S03-M04""]","[0.8511209487915039, 0.8405133485794067, 0.8388162851333618, 0.8228343725204468, 0.8196768164634705, 0.8193762302398682, 0.8191485404968262, 0.8173513412475586, 0.8136325478553772, 0.8115199208259583]",[],,,,,,,,,,,,,,,,,,,,,,,,
Q0612,Wie verteilt sich das Selbststudium auf die vier Lehrveranstaltungen des Basismoduls – Grundlagen der Computerlinguistik und formale Grammatikbeschreibung?,not_answerable_from_source,0,[],0.8800742626190186,0.8792374134063721,0.0008368492126464844,"[""PO25CL-PLAN-S02-M01"", ""PO25CL-APP-R07-M02"", ""PO25CL-PLAN-S01-M02"", ""PO25CL-PLAN-S03-M03"", ""PO25CL-PLAN-S04-M01"", ""PO25CL-PLAN-S03-M01"", ""PO25CL-PLAN-S03-M02"", ""PO25CL-PLAN-S03-M04"", ""PO25CL-PLAN-S01-M04"", ""PO25CL-APP-R07-M01""]","[0.8800742626190186, 0.8792374134063721, 0.8763294816017151, 0.8646465539932251, 0.8612889051437378, 0.8612118363380432, 0.8601510524749756, 0.8591357469558716, 0.8585883378982544, 0.8581675291061401]",[],,,,,,,,,,,,,,,,,,,,,,,,
Q0613,Wie viele Kontaktstunden sind für jede der vier Lehrveranstaltungen in Grundlagen der Computerlinguistik und formale Grammatikbeschreibung vorgesehen?,not_answerable_from_source,0,[],0.858393669128418,0.8559315204620361,0.002462148666381836,"[""PO25CL-PLAN-S02-M01"", ""PO25CL-PLAN-S05-M01"", ""PO25CL-PLAN-S01-M02"", ""PO25CL-PLAN-S04-SUM"", ""PO25CL-APP-R07-M02"", ""PO25CL-PLAN-S03-SUM"", ""PO25CL-PLAN-S05-SUM"", ""PO25CL-PLAN-S03-M03"", ""PO25CL-PLAN-S02-SUM"", ""PO25CL-PLAN-S04-M05""]","[0.858393669128418, 0.8559315204620361, 0.8552632331848145, 0.8535372018814087, 0.8507604002952576, 0.8504437804222107, 0.8491042852401733, 0.8480319976806641, 0.8479379415512085, 0.847480297088623]",[],,,,,,,,,,,,,,,,,,,,,,,,
Q0614,Welche Fähigkeit zu einem kleinen Software-Projekt sollen Studierende im Basismodul – Python-Programmierung erwerben?,not_answerable_from_source,0,[],0.8662480711936951,0.8649337887763977,0.0013142824172973633,"[""PO25CL-PLAN-S01-M03"", ""PO25CL-PLAN-S02-M02"", ""PO25CL-APP-R07-M03"", ""PO25CL-PLAN-S03-M04"", ""PO25CL-PLAN-S04-M01"", ""PO25CL-APP-R07-M11"", ""PO25CL-PLAN-S01-M02"", ""PO25CL-PLAN-S02-M04"", ""PO25CL-PLAN-S01-M01"", ""PO25CL-PLAN-S02-M01""]","[0.8662480711936951, 0.8649337887763977, 0.857555091381073, 0.8417173027992249, 0.8275305032730103, 0.8257468938827515, 0.8252003192901611, 0.8250461220741272, 0.8249451518058777, 0.8246612548828125]",[],,,,,,,,,,,,,,,,,,,,,,,,
Q0615,Welche fortgeschrittenen Programmierparadigmen werden als Lernziel der Python-Programmierung ausdrücklich genannt?,not_answerable_from_source,0,[],0.8371179699897766,0.8325906991958618,0.004527270793914795,"[""PO25CL-PLAN-S02-M02"", ""PO25CL-PLAN-S01-M03"", ""PO25CL-APP-R07-M03"", ""PO25CL-PLAN-S03-M04"", ""PO25CL-PLAN-S04-M01"", ""PO25CL-PLAN-S03-M02"", ""PO25CL-PLAN-S04-M03"", ""PO25CL-APP-R07-M11"", ""PO25CL-PLAN-S01-M01"", ""PO25CL-PLAN-S02-PBB""]","[0.8371179699897766, 0.8325906991958618, 0.816777229309082, 0.8039393424987793, 0.798913836479187, 0.7943528890609741, 0.7881971001625061, 0.7874308228492737, 0.7873497009277344, 0.7847372889518738]",[],,,,,,,,,,,,,,,,,,,,,,,,
Q0616,Welche Grundkenntnisse zum Einsatz von Python in Data Science sollen im Basismodul – Python-Programmierung erworben werden?,not_answerable_from_source,0,[],0.8729003667831421,0.8712838292121887,0.0016165375709533691,"[""PO25CL-PLAN-S02-M02"", ""PO25CL-PLAN-S01-M03"", ""PO25CL-APP-R07-M03"", ""PO25CL-PLAN-S03-M04"", ""PO25CL-PLAN-S01-M01"", ""PO25CL-PLAN-S04-M01"", ""PO25CL-PLAN-S02-M04"", ""PO25CL-PLAN-S03-M01"", ""PO25CL-PLAN-S02-M01"", ""PO25CL-PLAN-S01-M02""]","[0.8729003667831421, 0.8712838292121887, 0.8565334677696228, 0.8345562815666199, 0.8327302932739258, 0.8277614116668701, 0.8277453184127808, 0.8254857659339905, 0.8239063620567322, 0.823167622089386]",[],,,,,,,,,,,,,,,,,,,,,,,,
Q0617,Welcher Anteil des Selbststudiums entfällt auf die Übung Fortgeschrittene Python-Programmierung mit NLP-Anwendungen?,not_answerable_from_source,0,[],0.8628334999084473,0.8437330722808838,0.019100427627563477,"[""PO25CL-PLAN-S02-M02"", ""PO25CL-PLAN-S01-M03"", ""PO25CL-APP-R07-M03"", ""PO25CL-PLAN-S03-M04"", ""PO25CL-PLAN-S04-M01"", ""PO25CL-PLAN-S03-M02"", ""PO25CL-PLAN-S05-PBB"", ""PO25CL-PLAN-S02-PBB"", ""PO25CL-PLAN-S04-PBB"", ""PO25CL-PLAN-S06-PBB""]","[0.8628334999084473, 0.8437330722808838, 0.8274223208427429, 0.82325279712677, 0.8202238082885742, 0.8138168454170227, 0.8137364983558655, 0.8135342001914978, 0.8134884834289551, 0.8131656646728516]",[],,,,,,,,,,,,,,,,,,,,,,,,
Q0618,Wie viele Kontaktstunden entfallen auf die Übung Fortgeschrittene Python-Programmierung mit NLP-Anwendungen?,not_answerable_from_source,0,[],0.8564209342002869,0.8351842164993286,0.021236717700958252,"[""PO25CL-PLAN-S02-M02"", ""PO25CL-PLAN-S01-M03"", ""PO25CL-PLAN-S05-M01"", ""PO25CL-PLAN-S03-M04"", ""PO25CL-APP-R07-M03"", ""PO25CL-PLAN-S06-PBB"", ""PO25CL-PLAN-S03-PBB"", ""PO25CL-PLAN-S05-PBB"", ""PO25CL-PLAN-S05-SUM"", ""PO25CL-PLAN-S04-SUM""]","[0.8564209342002869, 0.8351842164993286, 0.8293031454086304, 0.8216584920883179, 0.8214612603187561, 0.8163516521453857, 0.8150768876075745, 0.8144524097442627, 0.8142858743667603, 0.813500165939331]",[],,,,,,,,,,,,,,,,,,,,,,,,
Q0619,Welche morphologischen und syntaktischen Kategorien sollen Studierende im Modul Morphologie und Syntax klassifizieren lernen?,not_answerable_from_source,0,[],0.8615485429763794,0.8581274747848511,0.0034210681915283203,"[""PO25CL-APP-R07-M04"", ""PO25CL-PLAN-S01-M04"", ""PO25CL-APP-R07-M02"", ""PO25CL-APP-R07-M11"", ""PO25CL-APP-R07-M09"", ""PO25CL-PLAN-S02-M01"", ""PO25CL-APP-R07-M12"", ""PO25CL-APP-R07-M08"", ""PO25CL-PLAN-S03-M04"", ""PO25CL-APP-R07-M10""]","[0.8615485429763794, 0.8581274747848511, 0.8474434614181519, 0.847097635269165, 0.8456882238388062, 0.8445994257926941, 0.8430909514427185, 0.8422830700874329, 0.8413444757461548, 0.8409122228622437]",[],,,,,,,,,,,,,,,,,,,,,,,,
Q0620,Welche Art von Fragestellungen und Erklärungsansätzen sollen Studierende in Morphologie und Syntax kennenlernen?,not_answerable_from_source,0,[],0.8355462551116943,0.8235049247741699,0.012041330337524414,"[""PO25CL-APP-R07-M04"", ""PO25CL-PLAN-S01-M04"", ""PO25CL-APP-R07-M02"", ""PO25CL-APP-R07-M12"", ""PO25CL-APP-R07-M08"", ""PO25CL-PLAN-S02-M01"", ""PO25CL-APP-R07-M05"", ""PO25CL-APP-R07-M11"", ""PO25CL-APP-R07-M10"", ""PO25CL-APP-R11""]","[0.8355462551116943, 0.8235049247741699, 0.8173080682754517, 0.8168378472328186, 0.8116809129714966, 0.8111428022384644, 0.8109650611877441, 0.8107154965400696, 0.8094426393508911, 0.8093817234039307]",[],,,,,,,,,,,,,,,,,,,,,,,,
Q0621,Wie verteilen sich die Kontaktstunden auf Vorlesung und Tutorium im Modul Morphologie und Syntax?,not_answerable_from_source,0,[],0.8480894565582275,0.8409500122070312,0.007139444351196289,"[""PO25CL-PLAN-S01-M04"", ""PO25CL-GEN-C01-P03-A03"", ""PO25CL-APP-R07-M04"", ""PO25CL-APP-R07-M12"", ""PO25CL-PLAN-S03-M04"", ""PO25CL-APP-R07-M02"", ""PO25CL-PLAN-S03-M03"", ""PO25CL-GEN-C03-P11-A08"", ""PO25CL-PLAN-S05-M01"", ""PO25CL-APP-R07-M11""]","[0.8480894565582275, 0.8409500122070312, 0.8396249413490295, 0.837236225605011, 0.8358321189880371, 0.832272469997406, 0.831573486328125, 0.8313833475112915, 0.8313204050064087, 0.8312121033668518]",[],,,,,,,,,,,,,,,,,,,,,,,,
Q0622,Wie viele Stunden Selbststudium sind im Modul Morphologie und Syntax insgesamt vorgesehen?,not_answerable_from_source,0,[],0.8569197654724121,0.8535080552101135,0.003411710262298584,"[""PO25CL-PLAN-S01-M04"", ""PO25CL-APP-R07-M04"", ""PO25CL-PLAN-S05-M01"", ""PO25CL-PLAN-S03-M03"", ""PO25CL-PLAN-S03-M04"", ""PO25CL-APP-R07-M11"", ""PO25CL-PLAN-S02-M01"", ""PO25CL-APP-R07-M02"", ""PO25CL-APP-R07-M12"", ""PO25CL-APP-R07-M07""]","[0.8569197654724121, 0.8535080552101135, 0.8487892150878906, 0.8441126346588135, 0.8440536260604858, 0.8436133861541748, 0.8427184224128723, 0.8421857357025146, 0.841193675994873, 0.8398292064666748]",[],,,,,,,,,,,,,,,,,,,,,,,,
Q0623,Welche Fähigkeit zum Vergleich unterschiedlicher Analysemethoden sollen Studierende in Semantik und Pragmatik erwerben?,not_answerable_from_source,0,[],0.8221529126167297,0.8153594732284546,0.0067934393882751465,"[""PO25CL-PLAN-S02-M03"", ""PO25CL-APP-R07-M05"", ""PO25CL-PLAN-S03-M01"", ""PO25CL-PLAN-S02-M04"", ""PO25CL-PLAN-S02-M01"", ""PO25CL-APP-R07-M06"", ""PO25CL-FRONT-TITLE"", ""PO25CL-APP-R07-M12"", ""PO25CL-PLAN-S01-M02"", ""PO25CL-PLAN-S04-M05""]","[0.8221529126167297, 0.8153594732284546, 0.8052462935447693, 0.8025482892990112, 0.8013699650764465, 0.7972471714019775, 0.7971692085266113, 0.7957610487937927, 0.7955343723297119, 0.7952476739883423]",[],,,,,,,,,,,,,,,,,,,,,,,,
Q0624,Wie sollen Erkenntnisse in Semantik und Pragmatik mündlich und schriftlich dargestellt werden können?,not_answerable_from_source,0,[],0.8210000991821289,0.8194149732589722,0.0015851259231567383,"[""PO25CL-PLAN-S02-M03"", ""PO25CL-APP-R07-M05"", ""PO25CL-PLAN-S02-M01"", ""PO25CL-GEN-C03-P14-A09"", ""PO25CL-PLAN-S01-M02"", ""PO25CL-GEN-C03-P11-A05"", ""PO25CL-PLAN-S01-M04"", ""PO25CL-APP-R07-M04"", ""PO25CL-APP-R07-M02"", ""PO25CL-GEN-C03-P13-A01""]","[0.8210000991821289, 0.8194149732589722, 0.7984766960144043, 0.7982299327850342, 0.797940731048584, 0.7953133583068848, 0.794594943523407, 0.7943898439407349, 0.7937010526657104, 0.7934147119522095]",[],,,,,,,,,,,,,,,,,,,,,,,,
Q0625,Welche Arbeitsorganisationskompetenz soll durch wöchentliche Hausaufgaben mit Abgabeterminen in Semantik und Pragmatik gefördert werden?,not_answerable_from_source,0,[],0.8253903388977051,0.8191321492195129,0.006258189678192139,"[""PO25CL-APP-R07-M05"", ""PO25CL-PLAN-S02-M03"", ""PO25CL-GEN-C03-P14-A05"", ""PO25CL-APP-R07-M12"", ""PO25CL-GEN-C03-P14-A08"", ""PO25CL-PLAN-LEGEND"", ""PO25CL-PLAN-INTRO"", ""PO25CL-GEN-C01-P03-A04"", ""PO25CL-GEN-C03-P14-A09"", ""PO25CL-PLAN-S02-M01""]","[0.8253903388977051, 0.8191321492195129, 0.8096368908882141, 0.8085746765136719, 0.8084224462509155, 0.807642936706543, 0.8072435259819031, 0.8068364858627319, 0.8059530854225159, 0.8044592142105103]",[],,,,,,,,,,,,,,,,,,,,,,,,
Q0626,Welche Fähigkeit zum Umgang mit Unterrichtsmaterial und Online-Ressourcen ist in Semantik und Pragmatik als Lernergebnis vorgesehen?,not_answerable_from_source,0,[],0.8259955048561096,0.822028398513794,0.003967106342315674,"[""PO25CL-PLAN-S02-M03"", ""PO25CL-APP-R07-M05"", ""PO25CL-GEN-C02-P07-A05"", ""PO25CL-PLAN-S03-M01"", ""PO25CL-PLAN-S02-M01"", ""PO25CL-APP-R07-M12"", ""PO25CL-PLAN-S04-M05"", ""PO25CL-PLAN-S01-M04"", ""PO25CL-PLAN-S01-M02"", ""PO25CL-PLAN-S03-M02""]","[0.8259955048561096, 0.822028398513794, 0.8043492436408997, 0.7977557182312012, 0.7973887324333191, 0.7964486479759216, 0.7951803207397461, 0.7948414087295532, 0.7948101758956909, 0.7937264442443848]",[],,,,,,,,,,,,,,,,,,,,,,,,
Q0627,Welche Analysefähigkeit zum Gebrauch menschlicher Sprache als Kommunikationsmittel soll in Semantik und Pragmatik erworben werden?,not_answerable_from_source,0,[],0.8232083320617676,0.8206484317779541,0.0025599002838134766,"[""PO25CL-PLAN-S02-M03"", ""PO25CL-APP-R07-M05"", ""PO25CL-PLAN-S02-M01"", ""PO25CL-PLAN-S01-M02"", ""PO25CL-PLAN-S03-M01"", ""PO25CL-APP-R11"", ""PO25CL-PLAN-S01-M04"", ""PO25CL-APP-R07-M02"", ""PO25CL-APP-R07-M04"", ""PO25CL-PLAN-S03-M03""]","[0.8232083320617676, 0.8206484317779541, 0.8032854199409485, 0.7981866598129272, 0.7981503009796143, 0.797481894493103, 0.797263503074646, 0.7963131666183472, 0.794317364692688, 0.7933434844017029]",[],,,,,,,,,,,,,,,,,,,,,,,,
Q0628,Welcher Selbststudiumsaufwand ist für Semantik und Pragmatik vorgesehen?,not_answerable_from_source,0,[],0.8529800176620483,0.8393291234970093,0.013650894165039062,"[""PO25CL-PLAN-S02-M03"", ""PO25CL-APP-R07-M05"", ""PO25CL-PLAN-S03-M03"", ""PO25CL-PLAN-S02-M01"", ""PO25CL-PLAN-S05-M01"", ""PO25CL-PLAN-S01-M02"", ""PO25CL-PLAN-S04-M05"", ""PO25CL-PLAN-S03-PBB"", ""PO25CL-PLAN-S06-PBB"", ""PO25CL-PLAN-S02-PBB""]","[0.8529800176620483, 0.8393291234970093, 0.824691653251648, 0.8234341740608215, 0.8222706317901611, 0.8219366073608398, 0.8212314248085022, 0.820869505405426, 0.8195704221725464, 0.8193070888519287]",[],,,,,,,,,,,,,,,,,,,,,,,,
Q0629,Welche Fähigkeit zur eigenständigen Konzeption und Implementierung statistischer Analysen ist im Basismodul – Statistische Methoden in der Computerlinguistik vorgesehen?,not_answerable_from_source,0,[],0.8759437799453735,0.8752875328063965,0.0006562471389770508,"[""PO25CL-APP-R07-M06"", ""PO25CL-PLAN-S02-M04"", ""PO25CL-PLAN-S03-M01"", ""PO25CL-APP-R07-M02"", ""PO25CL-PLAN-S02-M01"", ""PO25CL-PLAN-S01-M01"", ""PO25CL-PLAN-S01-M02"", ""PO25CL-APP-R07-M01"", ""PO25CL-PLAN-S01-M04"", ""PO25CL-PLAN-S03-M03""]","[0.8759437799453735, 0.8752875328063965, 0.8706691861152649, 0.8502078056335449, 0.8479247093200684, 0.8453356623649597, 0.8451747894287109, 0.8434203267097473, 0.8390728235244751, 0.8377493619918823]",[],,,,,,,,,,,,,,,,,,,,,,,,
Q0630,Welche Fähigkeit zur Erstellung und Nutzung von Korpora für Experimente und Analysen ist als Lernergebnis vorgesehen?,not_answerable_from_source,0,[],0.8078418374061584,0.8021464347839355,0.0056954026222229,"[""PO25CL-GEN-C01-P01-A01"", ""PO25CL-GEN-C02-P07-A05"", ""PO25CL-GEN-C01-P02-A02"", ""PO25CL-GEN-C02-P07-A01"", ""PO25CL-GEN-C02-P09-A02"", ""PO25CL-GEN-C04-P28-A03"", ""PO25CL-GEN-C04-P31-A02"", ""PO25CL-GEN-C02-P07-A02"", ""PO25CL-PLAN-INTRO"", ""PO25CL-APP-R03""]","[0.8078418374061584, 0.8021464347839355, 0.8006706833839417, 0.7984257936477661, 0.796552300453186, 0.7964284420013428, 0.7958340048789978, 0.7938768863677979, 0.7929484248161316, 0.7919874787330627]",[],,,,,,,,,,,,,,,,,,,,,,,,
Q0631,Welche inhaltliche Teilnahmevoraussetzung wird für Statistische Methoden in der Computerlinguistik empfohlen?,not_answerable_from_source,0,[],0.8766778707504272,0.8765091300010681,0.00016874074935913086,"[""PO25CL-PLAN-S02-M04"", ""PO25CL-PLAN-S03-M01"", ""PO25CL-APP-R07-M06"", ""PO25CL-PLAN-S01-M02"", ""PO25CL-PLAN-S03-M03"", ""PO25CL-PLAN-S06-M01"", ""PO25CL-PLAN-S02-M01"", ""PO25CL-PLAN-S05-M03"", ""PO25CL-PLAN-S01-M04"", ""PO25CL-PLAN-S01-M01""]","[0.8766778707504272, 0.8765091300010681, 0.8627607822418213, 0.8446016311645508, 0.8408346176147461, 0.8407397270202637, 0.8400393724441528, 0.8396708965301514, 0.839580237865448, 0.8375945687294006]",[],,,,,,,,,,,,,,,,,,,,,,,,
Q0632,Wie viele Stunden Selbststudium entfallen auf das Seminar Linguistische Ressourcen?,not_answerable_from_source,0,[],0.8395145535469055,0.8339182138442993,0.005596339702606201,"[""PO25CL-PLAN-S05-M01"", ""PO25CL-PLAN-S03-M01"", ""PO25CL-PLAN-S02-M03"", ""PO25CL-PLAN-S04-M05"", ""PO25CL-PLAN-S03-SUM"", ""PO25CL-PLAN-S03-M02"", ""PO25CL-PLAN-S02-SUM"", ""PO25CL-PLAN-S04-SUM"", ""PO25CL-PLAN-S05-SUM"", ""PO25CL-PLAN-S06-M02""]","[0.8395145535469055, 0.8339182138442993, 0.8295750617980957, 0.8286182880401611, 0.82599937915802, 0.8253788352012634, 0.8251974582672119, 0.8250421285629272, 0.8246198892593384, 0.8245761394500732]",[],,,,,,,,,,,,,,,,,,,,,,,,
Q0633,Wie verteilt sich die Kontaktzeit auf Wahrscheinlichkeitstheorie und Statistik sowie Linguistische Ressourcen?,not_answerable_from_source,0,[],0.8218144178390503,0.8146899342536926,0.007124483585357666,"[""PO25CL-PLAN-S02-M04"", ""PO25CL-PLAN-S03-M01"", ""PO25CL-APP-R07-M06"", ""PO25CL-GEN-C01-P03-A03"", ""PO25CL-APP-R07-M05"", ""PO25CL-APP-R07-M12"", ""PO25CL-APP-R07-M16"", ""PO25CL-APP-R07-M04"", ""PO25CL-APP-R07-M08"", ""PO25CL-APP-R07-M01""]","[0.8218144178390503, 0.8146899342536926, 0.8109545707702637, 0.808411180973053, 0.7991575598716736, 0.7962905168533325, 0.7953822612762451, 0.7946802973747253, 0.7943465113639832, 0.7942531704902649]",[],,,,,,,,,,,,,,,,,,,,,,,,
Q0634,Welche beiden Arten von Modellen sollen Studierende im Aufbaumodul – Maschinelles Lernen selbständig implementieren können?,not_answerable_from_source,0,[],0.8653987646102905,0.8639939427375793,0.0014048218727111816,"[""PO25CL-PLAN-S04-M01"", ""PO25CL-PLAN-S03-M02"", ""PO25CL-APP-R07-M07"", ""PO25CL-PLAN-S03-M03"", ""PO25CL-PLAN-S03-M04"", ""PO25CL-PLAN-S04-M03"", ""PO25CL-PLAN-S02-M01"", ""PO25CL-PLAN-S01-M03"", ""PO25CL-PLAN-S04-M02"", ""PO25CL-PLAN-S03-M01""]","[0.8653987646102905, 0.8639939427375793, 0.8539368510246277, 0.8396332263946533, 0.8395002484321594, 0.8306015729904175, 0.8297791481018066, 0.8293732404708862, 0.8289993405342102, 0.8281019926071167]",[],,,,,,,,,,,,,,,,,,,,,,,,
Q0635,Mit welchen zwei Problemen der Modellevaluation sollen Studierende im Maschinellen Lernen vertraut sein?,not_answerable_from_source,0,[],0.8252979516983032,0.8159399628639221,0.009357988834381104,"[""PO25CL-PLAN-S03-M02"", ""PO25CL-PLAN-S04-M01"", ""PO25CL-GEN-C03-P14-A02"", ""PO25CL-PLAN-S03-M03"", ""PO25CL-APP-R07-M07"", ""PO25CL-GEN-C03-P11-A09"", ""PO25CL-GEN-C03-P14-A07"", ""PO25CL-GEN-C03-P11-A05"", ""PO25CL-PLAN-S02-M04"", ""PO25CL-PLAN-S03-M04""]","[0.8252979516983032, 0.8159399628639221, 0.8015100955963135, 0.8011945486068726, 0.8009082674980164, 0.8006619215011597, 0.7980628609657288, 0.7980295419692993, 0.7950067520141602, 0.792314887046814]",[],,,,,,,,,,,,,,,,,,,,,,,,
Q0636,Welcher praktische Bestandteil ist mit beiden möglichen Prüfungsformen im Aufbaumodul – Maschinelles Lernen verbunden?,not_answerable_from_source,0,[],0.867267370223999,0.8633117079734802,0.003955662250518799,"[""PO25CL-APP-R07-M07"", ""PO25CL-PLAN-S03-M02"", ""PO25CL-PLAN-S04-M01"", ""PO25CL-GEN-C03-P11-A05"", ""PO25CL-GEN-C03-P14-A01"", ""PO25CL-GEN-C03-P14-A07"", ""PO25CL-PLAN-S03-M04"", ""PO25CL-PLAN-S03-M03"", ""PO25CL-APP-R07-M08"", ""PO25CL-GEN-C03-P11-A06""]","[0.867267370223999, 0.8633117079734802, 0.8565936088562012, 0.8338797092437744, 0.8317961692810059, 0.8261853456497192, 0.8251931667327881, 0.8232347369194031, 0.8225435614585876, 0.8209408521652222]",[],,,,,,,,,,,,,,,,,,,,,,,,
Q0637,Wie viel Selbststudium ist für das Seminar Deep Learning angesetzt?,not_answerable_from_source,0,[],0.836072564125061,0.812974750995636,0.02309781312942505,"[""PO25CL-PLAN-S04-M01"", ""PO25CL-PLAN-S03-M02"", ""PO25CL-PLAN-S04-M04"", ""PO25CL-PLAN-S05-PBB"", ""PO25CL-PLAN-S02-SUM"", ""PO25CL-PLAN-S04-SUM"", ""PO25CL-PLAN-S06-PBB"", ""PO25CL-PLAN-S02-M02"", ""PO25CL-PLAN-S03-PBB"", ""PO25CL-PLAN-S03-SUM""]","[0.836072564125061, 0.812974750995636, 0.8098245859146118, 0.8095558285713196, 0.8091403245925903, 0.808775007724762, 0.8084539771080017, 0.8083465695381165, 0.8082496523857117, 0.8076290488243103]",[],,,,,,,,,,,,,,,,,,,,,,,,
Q0638,Welche Fähigkeit zur Lösung von NLP-Aufgaben sollen Studierende mit neuronalen Netzen entwickeln?,not_answerable_from_source,0,[],0.8100075721740723,0.8070367574691772,0.0029708147048950195,"[""PO25CL-PLAN-S02-M02"", ""PO25CL-PLAN-S04-M01"", ""PO25CL-PLAN-INTRO"", ""PO25CL-PLAN-S03-M02"", ""PO25CL-PLAN-LEGEND"", ""PO25CL-PLAN-S04-PBB"", ""PO25CL-PLAN-S03-M01"", ""PO25CL-APP-R03"", ""PO25CL-FRONT-TITLE"", ""PO25CL-PLAN-S05-PBB""]","[0.8100075721740723, 0.8070367574691772, 0.8004546761512756, 0.7994377017021179, 0.7980194091796875, 0.7976363897323608, 0.7975850105285645, 0.7974494695663452, 0.7972201108932495, 0.7964950799942017]",[],,,,,,,,,,,,,,,,,,,,,,,,
Q0639,"Welche Fähigkeit sollen Studierende in Mathematischer Linguistik beim Herstellen von Entsprechungen zwischen Sprachen, Grammatiken und Automaten entwickeln?",not_answerable_from_source,0,[],0.8389931321144104,0.8181619048118591,0.02083122730255127,"[""PO25CL-PLAN-S03-M03"", ""PO25CL-APP-R07-M08"", ""PO25CL-PLAN-S03-M02"", ""PO25CL-PLAN-S02-M01"", ""PO25CL-PLAN-S03-M01"", ""PO25CL-PLAN-S04-M01"", ""PO25CL-PLAN-S01-M02"", ""PO25CL-PLAN-S02-M03"", ""PO25CL-APP-R07-M05"", ""PO25CL-PLAN-S01-M04""]","[0.8389931321144104, 0.8181619048118591, 0.8175879120826721, 0.8163149356842041, 0.8147850036621094, 0.8146355152130127, 0.8139255046844482, 0.8136624097824097, 0.8135497570037842, 0.8120203018188477]",[],,,,,,,,,,,,,,,,,,,,,,,,
Q0640,Welches Verständnis von Beweisverfahren ist als Lernergebnis des Aufbaumoduls – Mathematische Linguistik vorgesehen?,not_answerable_from_source,0,[],0.8440517783164978,0.8396899700164795,0.0043618083000183105,"[""PO25CL-APP-R07-M08"", ""PO25CL-APP-R07-M07"", ""PO25CL-APP-R07-M01"", ""PO25CL-PLAN-S03-M03"", ""PO25CL-APP-R07-M10"", ""PO25CL-APP-R07-M06"", ""PO25CL-PLAN-S04-M01"", ""PO25CL-PLAN-S01-M01"", ""PO25CL-PLAN-S03-M02"", ""PO25CL-APP-R07-M02""]","[0.8440517783164978, 0.8396899700164795, 0.8392214179039001, 0.8361218571662903, 0.8335094451904297, 0.8331660032272339, 0.8330157995223999, 0.8327649831771851, 0.8322087526321411, 0.8310565948486328]",[],,,,,,,,,,,,,,,,,,,,,,,,
Q0641,Aus welchen beiden Basismodulen sollen die inhaltlichen Vorkenntnisse für Mathematische Linguistik stammen?,not_answerable_from_source,0,[],0.8661565780639648,0.8591578006744385,0.006998777389526367,"[""PO25CL-APP-R07-M01"", ""PO25CL-APP-R07-M02"", ""PO25CL-PLAN-S01-M01"", ""PO25CL-APP-R07-M08"", ""PO25CL-PLAN-S03-M03"", ""PO25CL-PLAN-S02-M01"", ""PO25CL-APP-R07-M03"", ""PO25CL-PLAN-S03-M01"", ""PO25CL-APP-R07-M06"", ""PO25CL-PLAN-S02-M04""]","[0.8661565780639648, 0.8591578006744385, 0.8590829968452454, 0.8583678007125854, 0.8551488518714905, 0.8539937734603882, 0.8514366149902344, 0.8509573340415955, 0.8499064445495605, 0.8489276170730591]",[],,,,,,,,,,,,,,,,,,,,,,,,
Q0642,Wie viele Selbststudiumsstunden sind jeweils für Seminar und Übung in Automatentheorie & Formale Sprachen vorgesehen?,not_answerable_from_source,0,[],0.850219190120697,0.8295730352401733,0.02064615488052368,"[""PO25CL-PLAN-S03-M03"", ""PO25CL-PLAN-S03-M02"", ""PO25CL-PLAN-S05-M01"", ""PO25CL-APP-R07-M12"", ""PO25CL-PLAN-S02-M01"", ""PO25CL-PLAN-S04-M01"", ""PO25CL-PLAN-S04-M05"", ""PO25CL-PLAN-S01-M02"", ""PO25CL-PLAN-S02-M03"", ""PO25CL-PLAN-S03-M04""]","[0.850219190120697, 0.8295730352401733, 0.8253480195999146, 0.8227031230926514, 0.822030782699585, 0.8219084143638611, 0.8208503723144531, 0.8178615570068359, 0.8170831799507141, 0.8141996264457703]",[],,,,,,,,,,,,,,,,,,,,,,,,
Q0643,Welche Fähigkeit sollen Studierende beim Lesen von Beschreibungen computerlinguistischer Parser in Forschungsartikeln erwerben?,not_answerable_from_source,0,[],0.8291047811508179,0.825798749923706,0.0033060312271118164,"[""PO25CL-APP-R07-M09"", ""PO25CL-APP-R03"", ""PO25CL-APP-R11"", ""PO25CL-PLAN-S04-M02"", ""PO25CL-APP-R14"", ""PO25CL-APP-R01"", ""PO25CL-APP-R08"", ""PO25CL-APP-R04"", ""PO25CL-PLAN-S01-M02"", ""PO25CL-APP-R07-M02""]","[0.8291047811508179, 0.825798749923706, 0.8253627419471741, 0.821584165096283, 0.8203951716423035, 0.8200768828392029, 0.8200732469558716, 0.8190975189208984, 0.8185346126556396, 0.8171558976173401]",[],,,,,,,,,,,,,,,,,,,,,,,,
Q0644,Welche Kenntnisse zum grammatikbasierten Parsing sind als Lernergebnis des Aufbaumoduls – Parsing vorgesehen?,not_answerable_from_source,0,[],0.8712842464447021,0.8646838665008545,0.006600379943847656,"[""PO25CL-APP-R07-M09"", ""PO25CL-PLAN-S04-M02"", ""PO25CL-APP-R07-M02"", ""PO25CL-PLAN-S02-M01"", ""PO25CL-PLAN-S03-M04"", ""PO25CL-PLAN-S04-M01"", ""PO25CL-PLAN-S01-M02"", ""PO25CL-PLAN-S03-M02"", ""PO25CL-APP-R07-M05"", ""PO25CL-PLAN-S02-M03""]","[0.8712842464447021, 0.8646838665008545, 0.847984254360199, 0.8471124172210693, 0.8428698778152466, 0.8427881002426147, 0.8420461416244507, 0.8410200476646423, 0.8398505449295044, 0.8383767604827881]",[],,,,,,,,,,,,,,,,,,,,,,,,
Q0645,Welche Kenntnisse sollen Studierende speziell zum datengetriebenen Konstituentenparsing erwerben?,not_answerable_from_source,0,[],0.826068639755249,0.816288411617279,0.00978022813796997,"[""PO25CL-PLAN-S04-M02"", ""PO25CL-APP-R07-M09"", ""PO25CL-PLAN-S02-M01"", ""PO25CL-PLAN-S04-M01"", ""PO25CL-PLAN-S01-M02"", ""PO25CL-PLAN-S02-M03"", ""PO25CL-GEN-C04-P31-A02"", ""PO25CL-PLAN-S03-M02"", ""PO25CL-PLAN-S03-M04"", ""PO25CL-PLAN-S01-M04""]","[0.826068639755249, 0.816288411617279, 0.8154027462005615, 0.8152086138725281, 0.8147953748703003, 0.812865674495697, 0.8128007054328918, 0.8110740184783936, 0.8098079562187195, 0.8087146878242493]",[],,,,,,,,,,,,,,,,,,,,,,,,
Q0646,Welche drei Module werden als inhaltliche Teilnahmevoraussetzungen für Parsing genannt?,not_answerable_from_source,0,[],0.8679388761520386,0.8668429851531982,0.001095890998840332,"[""PO25CL-APP-R07-M09"", ""PO25CL-PLAN-S04-M02"", ""PO25CL-PLAN-S03-M04"", ""PO25CL-APP-R07-M10"", ""PO25CL-PLAN-S04-M03"", ""PO25CL-APP-R07-M02"", ""PO25CL-APP-R07-M11"", ""PO25CL-PLAN-S02-M01"", ""PO25CL-PLAN-S04-M01"", ""PO25CL-APP-R07-M03""]","[0.8679388761520386, 0.8668429851531982, 0.8470005989074707, 0.840255618095398, 0.83968585729599, 0.8390356302261353, 0.8386803865432739, 0.838593602180481, 0.838497519493103, 0.8374224305152893]",[],,,,,,,,,,,,,,,,,,,,,,,,
Q0647,Wie ist das Selbststudium zwischen Parsing-Seminar und Parsing-Übung aufgeteilt?,not_answerable_from_source,0,[],0.830402135848999,0.8139848113059998,0.016417324542999268,"[""PO25CL-PLAN-S04-M02"", ""PO25CL-APP-R07-M09"", ""PO25CL-PLAN-S04-M01"", ""PO25CL-PLAN-S02-M03"", ""PO25CL-PLAN-S02-M02"", ""PO25CL-PLAN-S04-M03"", ""PO25CL-PLAN-S03-M02"", ""PO25CL-PLAN-S01-M03"", ""PO25CL-PLAN-S03-M03"", ""PO25CL-PLAN-S03-M04""]","[0.830402135848999, 0.8139848113059998, 0.8094083666801453, 0.8071482181549072, 0.8064150214195251, 0.8063108921051025, 0.8062528371810913, 0.8061555624008179, 0.8037145137786865, 0.8036825656890869]",[],,,,,,,,,,,,,,,,,,,,,,,,
Q0648,Nach welchem Programmierparadigma sollen Studierende im Aufbaumodul – Logische Programmierung Probleme mit Prolog lösen lernen?,not_answerable_from_source,0,[],0.8618708252906799,0.8389555215835571,0.022915303707122803,"[""PO25CL-PLAN-S04-M03"", ""PO25CL-PLAN-S03-M04"", ""PO25CL-PLAN-S01-M01"", ""PO25CL-APP-R07-M10"", ""PO25CL-PLAN-S01-M03"", ""PO25CL-PLAN-S04-M02"", ""PO25CL-PLAN-S02-M02"", ""PO25CL-PLAN-S04-M01"", ""PO25CL-PLAN-S03-M02"", ""PO25CL-PLAN-S03-M03""]","[0.8618708252906799, 0.8389555215835571, 0.835496187210083, 0.8302951455116272, 0.8273793458938599, 0.8251409530639648, 0.8250604271888733, 0.8240193128585815, 0.8217028379440308, 0.8194683790206909]",[],,,,,,,,,,,,,,,,,,,,,,,,
Q0649,In welchen drei bereits bekannten Fachgebieten sollen die Kenntnisse beim Arbeiten mit Prolog vertieft werden?,not_answerable_from_source,0,[],0.8207791447639465,0.8114681243896484,0.009311020374298096,"[""PO25CL-PLAN-S04-M03"", ""PO25CL-APP-R07-M14"", ""PO25CL-APP-R07-M15"", ""PO25CL-APP-R07-M12"", ""PO25CL-APP-R07-M10"", ""PO25CL-APP-R07-M13"", ""PO25CL-APP-R07-M16"", ""PO25CL-APP-R07-M05"", ""PO25CL-GEN-C01-P05-A02"", ""PO25CL-APP-R07-M17""]","[0.8207791447639465, 0.8114681243896484, 0.8095806241035461, 0.8088688254356384, 0.8074660301208496, 0.8072864413261414, 0.8067135214805603, 0.8061111569404602, 0.8052738904953003, 0.8032493591308594]",[],,,,,,,,,,,,,,,,,,,,,,,,
Q0650,Welcher Bereich der Sprachverarbeitung wird in den Studienzielen neben maschinellem Lernen und künstlicher Intelligenz als methodischer Schwerpunkt der ersten beiden Jahre genannt?,not_answerable_from_source,0,[],0.8359225988388062,0.8347979187965393,0.0011246800422668457,"[""PO25CL-PLAN-S03-M02"", ""PO25CL-PLAN-S04-M01"", ""PO25CL-PLAN-S03-M01"", ""PO25CL-PLAN-S01-M04"", ""PO25CL-PLAN-S02-M01"", ""PO25CL-PLAN-S02-PBB"", ""PO25CL-PLAN-S02-M04"", ""PO25CL-PLAN-S02-M03"", ""PO25CL-PLAN-S01-M02"", ""PO25CL-PLAN-S03-M03""]","[0.8359225988388062, 0.8347979187965393, 0.832159161567688, 0.8283005952835083, 0.8280383348464966, 0.8264259099960327, 0.8258518576622009, 0.8246793150901794, 0.8244600296020508, 0.8242116570472717]",[],,,,,,,,,,,,,,,,,,,,,,,,
Q0651,Welcher Selbststudiumsaufwand ist für die Prolog-Übung angesetzt?,not_answerable_from_source,0,[],0.8393332362174988,0.8157750368118286,0.023558199405670166,"[""PO25CL-PLAN-S04-M03"", ""PO25CL-PLAN-S05-M01"", ""PO25CL-PLAN-S04-M01"", ""PO25CL-PLAN-S03-M02"", ""PO25CL-PLAN-S03-M04"", ""PO25CL-PLAN-S03-PBB"", ""PO25CL-PLAN-S02-PBB"", ""PO25CL-PLAN-S06-M02"", ""PO25CL-PLAN-S04-PBB"", ""PO25CL-PLAN-S06-PBB""]","[0.8393332362174988, 0.8157750368118286, 0.8140093088150024, 0.8136085867881775, 0.8135249614715576, 0.8115994930267334, 0.8112666606903076, 0.8112384080886841, 0.8109313249588013, 0.8102729320526123]",[],,,,,,,,,,,,,,,,,,,,,,,,
Q0652,Was sollen Studierende in Objektorientierter Programmierung mit eigenen Datentypen tun können?,not_answerable_from_source,0,[],0.8117525577545166,0.8040432333946228,0.007709324359893799,"[""PO25CL-PLAN-S03-M04"", ""PO25CL-APP-R07-M11"", ""PO25CL-PLAN-INTRO"", ""PO25CL-GEN-C03-P14-A09"", ""PO25CL-GEN-C04-P31-A02"", ""PO25CL-PLAN-S01-M03"", ""PO25CL-FRONT-TITLE"", ""PO25CL-PLAN-S02-M02"", ""PO25CL-GEN-C01-P01-A01"", ""PO25CL-GEN-C03-P15-A06""]","[0.8117525577545166, 0.8040432333946228, 0.8030569553375244, 0.7950230240821838, 0.7949751615524292, 0.7929009795188904, 0.7922934889793396, 0.7911407947540283, 0.7902782559394836, 0.7887825965881348]",[],,,,,,,,,,,,,,,,,,,,,,,,
Q0653,Welche Fähigkeit zu iterativen und rekursiven Algorithmen soll nach Objektorientierter Programmierung vorhanden sein?,not_answerable_from_source,0,[],0.8149242401123047,0.8121452331542969,0.0027790069580078125,"[""PO25CL-PLAN-S03-M04"", ""PO25CL-APP-R07-M11"", ""PO25CL-PLAN-S02-M02"", ""PO25CL-PLAN-INTRO"", ""PO25CL-PLAN-S01-M03"", ""PO25CL-PLAN-S01-M01"", ""PO25CL-PLAN-S03-M03"", ""PO25CL-APP-R07-M03"", ""PO25CL-GEN-C03-P14-A09"", ""PO25CL-PLAN-S03-M01""]","[0.8149242401123047, 0.8121452331542969, 0.7973555326461792, 0.796542227268219, 0.790608286857605, 0.7903437614440918, 0.7900787591934204, 0.7895514965057373, 0.7888454794883728, 0.7882407903671265]",[],,,,,,,,,,,,,,,,,,,,,,,,
Q0654,Welche Programmierkonzepte sollen bei der Entwicklung einfacher objektorientierter Programme eingesetzt werden können?,not_answerable_from_source,0,[],0.8317674398422241,0.8214941620826721,0.010273277759552002,"[""PO25CL-PLAN-S03-M04"", ""PO25CL-APP-R07-M11"", ""PO25CL-PLAN-S02-M02"", ""PO25CL-PLAN-S01-M03"", ""PO25CL-APP-R07-M03"", ""PO25CL-PLAN-S02-M01"", ""PO25CL-PLAN-S01-M02"", ""PO25CL-PLAN-INTRO"", ""PO25CL-PLAN-S01-M01"", ""PO25CL-APP-R07-M10""]","[0.8317674398422241, 0.8214941620826721, 0.8036085367202759, 0.8022335767745972, 0.7963895201683044, 0.795105516910553, 0.7920892238616943, 0.7914022207260132, 0.7912499904632568, 0.7907731533050537]",[],,,,,,,,,,,,,,,,,,,,,,,,
Q0655,Welche Anwendungskompetenz zu dynamischen Datenstrukturen ist in Objektorientierter Programmierung vorgesehen?,not_answerable_from_source,0,[],0.8030107021331787,0.8017712235450745,0.001239478588104248,"[""PO25CL-APP-R07-M11"", ""PO25CL-PLAN-S03-M04"", ""PO25CL-PLAN-S02-M02"", ""PO25CL-APP-R07-M03"", ""PO25CL-PLAN-INTRO"", ""PO25CL-GEN-C04-P31-A02"", ""PO25CL-FRONT-TITLE"", ""PO25CL-PLAN-S01-M03"", ""PO25CL-PLAN-S03-M01"", ""PO25CL-APP-R07-M10""]","[0.8030107021331787, 0.8017712235450745, 0.7832672595977783, 0.7787017822265625, 0.7779427766799927, 0.7779039144515991, 0.7768798470497131, 0.7762709856033325, 0.7761452198028564, 0.7739678621292114]",[],,,,,,,,,,,,,,,,,,,,,,,,
Q0656,Welche Vorkenntnisse aus zwei Basismodulen werden für Objektorientierte Programmierung inhaltlich erwartet?,not_answerable_from_source,0,[],0.8599016070365906,0.8511446118354797,0.00875699520111084,"[""PO25CL-PLAN-S03-M04"", ""PO25CL-APP-R07-M11"", ""PO25CL-PLAN-S01-M03"", ""PO25CL-APP-R07-M03"", ""PO25CL-PLAN-S02-M02"", ""PO25CL-PLAN-S02-M01"", ""PO25CL-APP-R07-M02"", ""PO25CL-PLAN-S01-M02"", ""PO25CL-PLAN-S01-M01"", ""PO25CL-APP-R07-M10""]","[0.8599016070365906, 0.8511446118354797, 0.8394626975059509, 0.8385657072067261, 0.8373739719390869, 0.8302390575408936, 0.8291126489639282, 0.8269983530044556, 0.8260324597358704, 0.8249253034591675]",[],,,,,,,,,,,,,,,,,,,,,,,,
Q0657,"Wie verteilt sich das Selbststudium auf Vorlesung, Übung und praktische Übung in Objektorientierter Programmierung?",not_answerable_from_source,0,[],0.8395472764968872,0.8150835037231445,0.024463772773742676,"[""PO25CL-PLAN-S03-M04"", ""PO25CL-APP-R07-M11"", ""PO25CL-PLAN-S01-M03"", ""PO25CL-PLAN-S03-M02"", ""PO25CL-APP-R07-M12"", ""PO25CL-PLAN-S04-M05"", ""PO25CL-PLAN-S04-M03"", ""PO25CL-PLAN-S02-M02"", ""PO25CL-PLAN-S02-PBB"", ""PO25CL-PLAN-S03-M03""]","[0.8395472764968872, 0.8150835037231445, 0.8065413236618042, 0.8062537312507629, 0.804404616355896, 0.8043843507766724, 0.8024824261665344, 0.8002060055732727, 0.799005925655365, 0.7978038191795349]",[],,,,,,,,,,,,,,,,,,,,,,,,
Q0658,Welche beiden Arten grundlegender Begriffe sollen Studierende in Objektorientierter Programmierung nennen und erläutern können?,not_answerable_from_source,0,[],0.841140627861023,0.8345168828964233,0.006623744964599609,"[""PO25CL-PLAN-S03-M04"", ""PO25CL-APP-R07-M11"", ""PO25CL-PLAN-S01-M03"", ""PO25CL-PLAN-S01-M02"", ""PO25CL-PLAN-S02-M01"", ""PO25CL-APP-R07-M12"", ""PO25CL-PLAN-S02-M02"", ""PO25CL-APP-R07-M02"", ""PO25CL-APP-R07-M03"", ""PO25CL-APP-R07-M10""]","[0.841140627861023, 0.8345168828964233, 0.8173403143882751, 0.8141025304794312, 0.812863826751709, 0.8125169277191162, 0.8122851848602295, 0.8093591332435608, 0.8085324764251709, 0.8074434399604797]",[],,,,,,,,,,,,,,,,,,,,,,,,
Q0659,Welche persönlichen Entwicklungsziele sollen Studierende im Modul Praktikum & Orientierung für ihre Zukunft formulieren?,not_answerable_from_source,0,[],0.8356411457061768,0.8305990695953369,0.005042076110839844,"[""PO25CL-PLAN-S04-M05"", ""PO25CL-APP-R07-M12"", ""PO25CL-PLAN-S05-M01"", ""PO25CL-GEN-C02-P09-A03"", ""PO25CL-GEN-C02-P09-A02"", ""PO25CL-GEN-C02-P09-A05"", ""PO25CL-GEN-C01-P03-A04"", ""PO25CL-GEN-C02-P09-A04"", ""PO25CL-APP-R14"", ""PO25CL-GEN-C01-P01-A01""]","[0.8356411457061768, 0.8305990695953369, 0.8280490636825562, 0.8246445655822754, 0.824104905128479, 0.8209816217422485, 0.8206130266189575, 0.8175832033157349, 0.8164399862289429, 0.814426600933075]",[],,,,,,,,,,,,,,,,,,,,,,,,
Q0660,Wie sollen Studierende nach Praktikum & Orientierung ihre beruflichen Wünsche und Möglichkeiten einschätzen können?,not_answerable_from_source,0,[],0.8271653652191162,0.8222436904907227,0.004921674728393555,"[""PO25CL-GEN-C02-P09-A02"", ""PO25CL-GEN-C02-P09-A03"", ""PO25CL-APP-R14"", ""PO25CL-GEN-C02-P09-A05"", ""PO25CL-PLAN-S04-M05"", ""PO25CL-PLAN-S05-M01"", ""PO25CL-GEN-C01-P03-A04"", ""PO25CL-APP-R07-M12"", ""PO25CL-GEN-C02-P09-A04"", ""PO25CL-GEN-C02-P09-A01""]","[0.8271653652191162, 0.8222436904907227, 0.8192378282546997, 0.8146742582321167, 0.8137160539627075, 0.8100348711013794, 0.8098406791687012, 0.8082099556922913, 0.8078007698059082, 0.8001188039779663]",[],,,,,,,,,,,,,,,,,,,,,,,,
Q0661,Welche Fähigkeit zum Eingrenzen eigener Forschungsfragen soll Praktikum & Orientierung vermitteln?,not_answerable_from_source,0,[],0.8401541709899902,0.8364766836166382,0.0036774873733520508,"[""PO25CL-GEN-C02-P09-A02"", ""PO25CL-GEN-C02-P09-A03"", ""PO25CL-APP-R14"", ""PO25CL-APP-R07-M12"", ""PO25CL-GEN-C02-P09-A05"", ""PO25CL-GEN-C01-P03-A04"", ""PO25CL-GEN-C01-P05-A01"", ""PO25CL-GEN-C01-P05-A02"", ""PO25CL-GEN-C02-P09-A04"", ""PO25CL-PLAN-S04-M05""]","[0.8401541709899902, 0.8364766836166382, 0.825855016708374, 0.825318455696106, 0.8240733742713928, 0.8165388703346252, 0.8149193525314331, 0.814628005027771, 0.8136242628097534, 0.8087371587753296]",[],,,,,,,,,,,,,,,,,,,,,,,,
Q0662,Welchen persönlichen Effekt soll die Praxiserprobung des bereits erworbenen Wissens im Modul Praktikum & Orientierung fördern?,not_answerable_from_source,0,[],0.8369665741920471,0.8197165727615356,0.017250001430511475,"[""PO25CL-GEN-C02-P09-A02"", ""PO25CL-GEN-C02-P09-A05"", ""PO25CL-GEN-C02-P09-A04"", ""PO25CL-GEN-C01-P03-A04"", ""PO25CL-GEN-C02-P09-A03"", ""PO25CL-APP-R07-M12"", ""PO25CL-APP-R14"", ""PO25CL-GEN-C01-P05-A02"", ""PO25CL-GEN-C03-P14-A07"", ""PO25CL-PLAN-S04-M05""]","[0.8369665741920471, 0.8197165727615356, 0.817947268486023, 0.8177576065063477, 0.8140369653701782, 0.8106846809387207, 0.8082110285758972, 0.8074472546577454, 0.8050782084465027, 0.8045744895935059]",[],,,,,,,,,,,,,,,,,,,,,,,,
Q0663,In welchen drei Fachgebieten sollen im Vertiefungsmodul – Interdisziplinär vertiefte Spezialkenntnisse erworben werden?,not_answerable_from_source,0,[],0.8663995862007141,0.8532249927520752,0.013174593448638916,"[""PO25CL-APP-R07-M13"", ""PO25CL-PLAN-S05-M02"", ""PO25CL-PLAN-S04-M04"", ""PO25CL-APP-R07-M14"", ""PO25CL-APP-R07-M15"", ""PO25CL-GEN-C01-P03-A03"", ""PO25CL-PLAN-S06-M01"", ""PO25CL-PLAN-S05-M03"", ""PO25CL-GEN-C01-P05-A02"", ""PO25CL-APP-R07-M16""]","[0.8663995862007141, 0.8532249927520752, 0.8493683338165283, 0.8431546688079834, 0.8417096138000488, 0.8305578231811523, 0.8273109197616577, 0.8258047699928284, 0.8252772688865662, 0.8235592842102051]",[],,,,,,,,,,,,,,,,,,,,,,,,
Q0664,Wovon hängt der Selbststudiumsaufwand im Vertiefungsmodul – Interdisziplinär ab?,not_answerable_from_source,0,[],0.8525553345680237,0.8524901270866394,6.520748138427734e-05,"[""PO25CL-PLAN-S04-M04"", ""PO25CL-PLAN-S05-M02"", ""PO25CL-APP-R07-M13"", ""PO25CL-GEN-C01-P03-A03"", ""PO25CL-APP-R07-M14"", ""PO25CL-PLAN-S06-M01"", ""PO25CL-PLAN-S05-M03"", ""PO25CL-GEN-C01-P05-A02"", ""PO25CL-APP-R07-M15"", ""PO25CL-PLAN-INTRO""]","[0.8525553345680237, 0.8524901270866394, 0.8490617275238037, 0.8291520476341248, 0.8267815113067627, 0.8262319564819336, 0.8259727954864502, 0.8244011998176575, 0.8243173956871033, 0.8204987645149231]",[],,,,,,,,,,,,,,,,,,,,,,,,
Q0665,Welche inhaltliche Einschränkung gilt bei der Wahl von Informatikveranstaltungen im Vertiefungsmodul – Interdisziplinär?,not_answerable_from_source,0,[],0.8589180111885071,0.8587368726730347,0.0001811385154724121,"[""PO25CL-PLAN-S04-M04"", ""PO25CL-PLAN-S05-M02"", ""PO25CL-APP-R07-M13"", ""PO25CL-PLAN-S05-M03"", ""PO25CL-PLAN-S06-M01"", ""PO25CL-GEN-C01-P03-A03"", ""PO25CL-APP-R07-M14"", ""PO25CL-PLAN-S02-M01"", ""PO25CL-PLAN-S03-M04"", ""PO25CL-GEN-C03-P11-A01""]","[0.8589180111885071, 0.8587368726730347, 0.8509689569473267, 0.8320971727371216, 0.8312681913375854, 0.8306120038032532, 0.8262594938278198, 0.8239743113517761, 0.8236262798309326, 0.8234952688217163]",[],,,,,,,,,,,,,,,,,,,,,,,,
Q0666,Welchen Nutzen soll der parallele Besuch des Forschungskolloquiums für die Bachelorarbeit haben?,not_answerable_from_source,0,[],0.8198869228363037,0.8179771304130554,0.001909792423248291,"[""PO25CL-PLAN-S06-M02"", ""PO25CL-PLAN-INTRO"", ""PO25CL-GEN-C01-P01-A02"", ""PO25CL-GEN-C03-P15-A06"", ""PO25CL-GEN-C03-P15-A08"", ""PO25CL-GEN-C01-P01-A01"", ""PO25CL-GEN-C03-P15-A05"", ""PO25CL-GEN-C03-P19-A06"", ""PO25CL-GEN-C04-P28-A05"", ""PO25CL-GEN-C03-P16-A01""]","[0.8198869228363037, 0.8179771304130554, 0.811366081237793, 0.8105177879333496, 0.8086715936660767, 0.8069841861724854, 0.8050237894058228, 0.8041166067123413, 0.8039398193359375, 0.8037086725234985]",[],,,,,,,,,,,,,,,,,,,,,,,,
Q0667,Wovon hängen die inhaltlichen Teilnahmevoraussetzungen im Vertiefungsmodul – Computerlinguistik 1 ab?,not_answerable_from_source,0,[],0.8679995536804199,0.8676369190216064,0.00036263465881347656,"[""PO25CL-PLAN-S05-M03"", ""PO25CL-PLAN-S06-M01"", ""PO25CL-APP-R07-M14"", ""PO25CL-PLAN-S04-M04"", ""PO25CL-PLAN-S05-M02"", ""PO25CL-APP-R07-M15"", ""PO25CL-PLAN-S01-M02"", ""PO25CL-PLAN-S02-M01"", ""PO25CL-APP-R07-M13"", ""PO25CL-PLAN-S03-M01""]","[0.8679995536804199, 0.8676369190216064, 0.8670907616615295, 0.8662662506103516, 0.8657320737838745, 0.8636910319328308, 0.8634282946586609, 0.8612265586853027, 0.8587260246276855, 0.8579353094100952]",[],,,,,,,,,,,,,,,,,,,,,,,,
Q0668,Welcher Selbststudiumsaufwand ist im fünften Fachsemester für Computerlinguistik 1 vorgesehen?,not_answerable_from_source,0,[],0.8697783350944519,0.8676791787147522,0.002099156379699707,"[""PO25CL-PLAN-S05-PBB"", ""PO25CL-PLAN-S06-M02"", ""PO25CL-PLAN-S05-M03"", ""PO25CL-PLAN-S06-M01"", ""PO25CL-PLAN-S05-SUM"", ""PO25CL-PLAN-S05-M02"", ""PO25CL-PLAN-S04-M04"", ""PO25CL-PLAN-S02-PBB"", ""PO25CL-PLAN-S06-PBB"", ""PO25CL-PLAN-S03-PBB""]","[0.8697783350944519, 0.8676791787147522, 0.867249608039856, 0.8629164695739746, 0.8606698513031006, 0.8597297072410583, 0.858795166015625, 0.857857882976532, 0.8578536510467529, 0.8572814464569092]",[],,,,,,,,,,,,,,,,,,,,,,,,
Q0669,Welche Art aktueller Forschungsarbeit sollen Studierende im Modul Abschlussarbeit und Forschungskolloquium kennenlernen?,not_answerable_from_source,0,[],0.848029375076294,0.8377038240432739,0.01032555103302002,"[""PO25CL-APP-R07-M16"", ""PO25CL-PLAN-S06-M02"", ""PO25CL-GEN-C03-P15-A02"", ""PO25CL-GEN-C03-P14-A04"", ""PO25CL-GEN-C03-P15-A06"", ""PO25CL-GEN-C03-P11-A05"", ""PO25CL-GEN-C01-P03-A03"", ""PO25CL-GEN-C03-P14-A08"", ""PO25CL-GEN-C03-P11-A06"", ""PO25CL-GEN-C03-P11-A01""]","[0.848029375076294, 0.8377038240432739, 0.8219469785690308, 0.8131201267242432, 0.8130115270614624, 0.8115365505218506, 0.8113861680030823, 0.8096959590911865, 0.8080445528030396, 0.8076073527336121]",[],,,,,,,,,,,,,,,,,,,,,,,,
Q0670,Welche Fähigkeit zur Vermittlung zwischen unterschiedlichen fachlichen Standpunkten soll durch die Interdisziplinarität des Studiengangs gefördert werden?,not_answerable_from_source,0,[],0.813422679901123,0.8116741180419922,0.0017485618591308594,"[""PO25CL-GEN-C01-P05-A01"", ""PO25CL-GEN-C01-P03-A03"", ""PO25CL-GEN-C02-P09-A03"", ""PO25CL-GEN-C04-P28-A09"", ""PO25CL-PLAN-S04-M04"", ""PO25CL-APP-R07-M13"", ""PO25CL-GEN-C04-P31-A02"", ""PO25CL-PLAN-S05-M02"", ""PO25CL-PLAN-INTRO"", ""PO25CL-GEN-C01-P05-A02""]","[0.813422679901123, 0.8116741180419922, 0.8116553425788879, 0.8095579147338867, 0.8085758686065674, 0.8085156083106995, 0.8077013492584229, 0.8066521286964417, 0.8055938482284546, 0.8053649663925171]",[],,,,,,,,,,,,,,,,,,,,,,,,
Q0671,Welche mathematischen Themen dienen im Basismodul – Mathematische und logische Grundlagen als Beispiele für die Vertiefung von Schulkenntnissen?,not_answerable_from_source,0,[],0.8605647087097168,0.8581271171569824,0.002437591552734375,"[""PO25CL-APP-R07-M01"", ""PO25CL-PLAN-S01-M01"", ""PO25CL-APP-R07-M02"", ""PO25CL-APP-R07-M08"", ""PO25CL-GEN-C01-P03-A03"", ""PO25CL-APP-R07-M10"", ""PO25CL-APP-R07-M03"", ""PO25CL-PLAN-S02-M01"", ""PO25CL-APP-R07-M06"", ""PO25CL-PLAN-S01-M03""]","[0.8605647087097168, 0.8581271171569824, 0.8375656604766846, 0.8356139063835144, 0.8355122804641724, 0.8349502086639404, 0.8349363207817078, 0.8338741064071655, 0.8324941396713257, 0.8319776654243469]",[],,,,,,,,,,,,,,,,,,,,,,,,
Q0672,Welche logischen Systeme werden in Einführung in die computationelle Logik eingeführt?,not_answerable_from_source,0,[],0.8498151302337646,0.8325620889663696,0.01725304126739502,"[""PO25CL-PLAN-S01-M01"", ""PO25CL-PLAN-S04-M03"", ""PO25CL-APP-R07-M01"", ""PO25CL-APP-R07-M10"", ""PO25CL-PLAN-S03-M03"", ""PO25CL-PLAN-S01-M02"", ""PO25CL-PLAN-S03-M01"", ""PO25CL-PLAN-S02-M04"", ""PO25CL-PLAN-S02-M03"", ""PO25CL-PLAN-S01-M03""]","[0.8498151302337646, 0.8325620889663696, 0.8139501214027405, 0.8133736252784729, 0.812951385974884, 0.8107572197914124, 0.8095601797103882, 0.8085389733314514, 0.8079121112823486, 0.8066689968109131]",[],,,,,,,,,,,,,,,,,,,,,,,,
Q0673,Welche Grammatikformalismen werden im Seminar Grammatikformalismen beispielhaft für syntaktische Modellierung behandelt?,not_answerable_from_source,0,[],0.8521404266357422,0.836727499961853,0.01541292667388916,"[""PO25CL-PLAN-S02-M01"", ""PO25CL-PLAN-S03-M03"", ""PO25CL-PLAN-S01-M02"", ""PO25CL-APP-R07-M02"", ""PO25CL-PLAN-S01-M04"", ""PO25CL-PLAN-S02-M04"", ""PO25CL-APP-R07-M04"", ""PO25CL-PLAN-S03-M01"", ""PO25CL-PLAN-S02-M03"", ""PO25CL-PLAN-S03-M04""]","[0.8521404266357422, 0.836727499961853, 0.8355775475502014, 0.8311077356338501, 0.8275226950645447, 0.8237991333007812, 0.8233622312545776, 0.8229931592941284, 0.822561502456665, 0.820380687713623]",[],,,,,,,,,,,,,,,,,,,,,,,,
Q0674,Welche Form der Textverarbeitung wird im Wintersemester der Python-Programmierung behandelt?,not_answerable_from_source,0,[],0.8453437089920044,0.845248818397522,9.489059448242188e-05,"[""PO25CL-PLAN-S01-M03"", ""PO25CL-PLAN-S02-M02"", ""PO25CL-APP-R07-M03"", ""PO25CL-APP-R02"", ""PO25CL-PLAN-S03-M04"", ""PO25CL-PLAN-S04-M01"", ""PO25CL-PLAN-S04-M02"", ""PO25CL-PLAN-S03-M03"", ""PO25CL-PLAN-S02-M01"", ""PO25CL-PLAN-S01-M02""]","[0.8453437089920044, 0.845248818397522, 0.8341838121414185, 0.824108362197876, 0.8173760175704956, 0.812888503074646, 0.8125348091125488, 0.8093002438545227, 0.8088706135749817, 0.8087671995162964]",[],,,,,,,,,,,,,,,,,,,,,,,,
Q0675,Welche beiden Programmierparadigmen mit Python werden im Sommersemester der fortgeschrittenen Python-Programmierung behandelt?,not_answerable_from_source,0,[],0.8560265302658081,0.849086582660675,0.006939947605133057,"[""PO25CL-PLAN-S02-M02"", ""PO25CL-PLAN-S01-M03"", ""PO25CL-APP-R07-M03"", ""PO25CL-PLAN-S03-M04"", ""PO25CL-PLAN-S04-M01"", ""PO25CL-PLAN-S04-M02"", ""PO25CL-PLAN-S02-M01"", ""PO25CL-PLAN-S01-M01"", ""PO25CL-PLAN-S04-M03"", ""PO25CL-APP-R07-M11""]","[0.8560265302658081, 0.849086582660675, 0.8272486329078674, 0.8187437057495117, 0.8034400343894958, 0.8024476170539856, 0.802426815032959, 0.8020229935646057, 0.8017876148223877, 0.8008332252502441]",[],,,,,,,,,,,,,,,,,,,,,,,,
Q0676,Welche zwei Arten von Faktoren werden in Morphologie und Syntax zur Erklärung sprachübergreifender Trends thematisiert?,not_answerable_from_source,0,[],0.8197407722473145,0.8109533190727234,0.008787453174591064,"[""PO25CL-APP-R07-M04"", ""PO25CL-APP-R07-M06"", ""PO25CL-APP-R07-M02"", ""PO25CL-PLAN-S01-M04"", ""PO25CL-APP-R07-M15"", ""PO25CL-APP-R07-M05"", ""PO25CL-APP-R07-M16"", ""PO25CL-APP-R07-M12"", ""PO25CL-APP-R07-M14"", ""PO25CL-APP-R07-M08""]","[0.8197407722473145, 0.8109533190727234, 0.8038586378097534, 0.8007320761680603, 0.8006126880645752, 0.800153911113739, 0.7978113293647766, 0.7969940304756165, 0.7965696454048157, 0.7958993315696716]",[],,,,,,,,,,,,,,,,,,,,,,,,
Q0677,Welche semantischen Relationen werden in Semantik und Pragmatik beispielhaft behandelt?,not_answerable_from_source,0,[],0.8282066583633423,0.8236156105995178,0.004591047763824463,"[""PO25CL-PLAN-S02-M03"", ""PO25CL-APP-R07-M05"", ""PO25CL-PLAN-S02-M01"", ""PO25CL-PLAN-S01-M02"", ""PO25CL-PLAN-S03-M03"", ""PO25CL-PLAN-S03-M01"", ""PO25CL-APP-R11"", ""PO25CL-APP-R07-M12"", ""PO25CL-PLAN-S04-M05"", ""PO25CL-APP-R07-M02""]","[0.8282066583633423, 0.8236156105995178, 0.8096562027931213, 0.8044420480728149, 0.8022512197494507, 0.7996252775192261, 0.7994515895843506, 0.7977803945541382, 0.7975023984909058, 0.7967901825904846]",[],,,,,,,,,,,,,,,,,,,,,,,,
Q0678,"Welche pragmatischen Theorien werden in Semantik und Pragmatik mit Austin, Searle und Grice verbunden?",not_answerable_from_source,0,[],0.7833250761032104,0.7735451459884644,0.009779930114746094,"[""PO25CL-PLAN-S02-M03"", ""PO25CL-PLAN-S02-M01"", ""PO25CL-GEN-C01-P04-A04"", ""PO25CL-APP-R07-M05"", ""PO25CL-PLAN-S03-M03"", ""PO25CL-PLAN-S01-M02"", ""PO25CL-PLAN-S04-M05"", ""PO25CL-GEN-C02-P09-A05"", ""PO25CL-GEN-C01-P04-A05"", ""PO25CL-GEN-C02-P09-A03""]","[0.7833250761032104, 0.7735451459884644, 0.77171391248703, 0.7714871168136597, 0.7656307220458984, 0.7653946876525879, 0.7638028860092163, 0.7635970115661621, 0.7633852958679199, 0.7601343393325806]",[],,,,,,,,,,,,,,,,,,,,,,,,
Q0679,Welche Programmiersprache wird für statistische Programmierung im Statistik-Basismodul beispielhaft genannt?,not_answerable_from_source,0,[],0.8393051028251648,0.8387583494186401,0.0005467534065246582,"[""PO25CL-PLAN-S02-M04"", ""PO25CL-PLAN-S03-M01"", ""PO25CL-APP-R07-M06"", ""PO25CL-PLAN-S01-M03"", ""PO25CL-PLAN-S02-M02"", ""PO25CL-PLAN-S03-M04"", ""PO25CL-APP-R07-M03"", ""PO25CL-PLAN-S01-M01"", ""PO25CL-PLAN-S04-M03"", ""PO25CL-PLAN-S01-M02""]","[0.8393051028251648, 0.8387583494186401, 0.828580915927887, 0.8278241157531738, 0.8265296220779419, 0.8191714286804199, 0.8182969093322754, 0.8154276013374329, 0.810724139213562, 0.8093907237052917]",[],,,,,,,,,,,,,,,,,,,,,,,,
Q0680,Welche Arten linguistischer Ressourcen werden im Statistik-Basismodul als Beispiele genannt?,not_answerable_from_source,0,[],0.862125813961029,0.861797571182251,0.00032824277877807617,"[""PO25CL-APP-R07-M06"", ""PO25CL-PLAN-S03-M01"", ""PO25CL-PLAN-S02-M04"", ""PO25CL-APP-R07-M01"", ""PO25CL-APP-R07-M02"", ""PO25CL-APP-R07-M08"", ""PO25CL-APP-R07-M05"", ""PO25CL-APP-R07-M04"", ""PO25CL-APP-R07-M03"", ""PO25CL-APP-R07-M14""]","[0.862125813961029, 0.861797571182251, 0.8501170873641968, 0.841921865940094, 0.8393415212631226, 0.8343298435211182, 0.8282339572906494, 0.8279526233673096, 0.8279175162315369, 0.8269733786582947]",[],,,,,,,,,,,,,,,,,,,,,,,,
Q0681,Welche linearen Lernverfahren werden in Grundlagen des maschinellen Lernens ausdrücklich als Beispiele behandelt?,not_answerable_from_source,0,[],0.8437653183937073,0.826023280620575,0.017742037773132324,"[""PO25CL-PLAN-S03-M02"", ""PO25CL-PLAN-S04-M01"", ""PO25CL-APP-R07-M07"", ""PO25CL-PLAN-S02-M04"", ""PO25CL-PLAN-S03-M01"", ""PO25CL-PLAN-S03-M03"", ""PO25CL-PLAN-S01-M01"", ""PO25CL-GEN-C02-P07-A05"", ""PO25CL-PLAN-S01-M02"", ""PO25CL-APP-R07-M06""]","[0.8437653183937073, 0.826023280620575, 0.8139727115631104, 0.8123020529747009, 0.8120758533477783, 0.8108671307563782, 0.8081514239311218, 0.8050469160079956, 0.8048659563064575, 0.8044872283935547]",[],,,,,,,,,,,,,,,,,,,,,,,,
Q0682,Auf welcher Art von Repräsentationen beruhen die im Aufbaumodul – Maschinelles Lernen behandelten modernen Methoden?,not_answerable_from_source,0,[],0.8307114839553833,0.8217052221298218,0.009006261825561523,"[""PO25CL-APP-R07-M07"", ""PO25CL-PLAN-S04-M01"", ""PO25CL-PLAN-S03-M02"", ""PO25CL-GEN-C03-P11-A05"", ""PO25CL-APP-R07-M06"", ""PO25CL-APP-R07-M11"", ""PO25CL-GEN-C03-P14-A01"", ""PO25CL-APP-R07-M08"", ""PO25CL-PLAN-S03-M03"", ""PO25CL-APP-R07-M02""]","[0.8307114839553833, 0.8217052221298218, 0.8196557760238647, 0.7965701818466187, 0.791519820690155, 0.7901461124420166, 0.7894888520240784, 0.7894414067268372, 0.7894081473350525, 0.789292573928833]",[],,,,,,,,,,,,,,,,,,,,,,,,
Q0683,Welche Hierarchie bildet die Grundlage für die behandelten Sprachklassen in Mathematischer Linguistik?,not_answerable_from_source,0,[],0.8316869735717773,0.8310570120811462,0.0006299614906311035,"[""PO25CL-APP-R07-M01"", ""PO25CL-APP-R07-M08"", ""PO25CL-PLAN-S03-M03"", ""PO25CL-APP-R07-M02"", ""PO25CL-PLAN-S01-M04"", ""PO25CL-APP-R07-M06"", ""PO25CL-APP-R07-M04"", ""PO25CL-PLAN-S03-M01"", ""PO25CL-PLAN-S02-M01"", ""PO25CL-PLAN-S01-M01""]","[0.8316869735717773, 0.8310570120811462, 0.8299022912979126, 0.8260359764099121, 0.8233861923217773, 0.82308429479599, 0.8225497007369995, 0.8203692436218262, 0.8195151090621948, 0.8190251588821411]",[],,,,,,,,,,,,,,,,,,,,,,,,
Q0684,Welche zwei Theoriegebiete werden neben Sprachklassen und Relationen in Mathematischer Linguistik behandelt?,not_answerable_from_source,0,[],0.8317008018493652,0.8246204257011414,0.007080376148223877,"[""PO25CL-APP-R07-M08"", ""PO25CL-PLAN-S03-M03"", ""PO25CL-APP-R07-M01"", ""PO25CL-APP-R07-M06"", ""PO25CL-APP-R07-M12"", ""PO25CL-PLAN-S03-M01"", ""PO25CL-PLAN-S02-M04"", ""PO25CL-APP-R07-M17"", ""PO25CL-APP-R07-M04"", ""PO25CL-APP-R07-M05""]","[0.8317008018493652, 0.8246204257011414, 0.8229719996452332, 0.820889413356781, 0.8164265751838684, 0.8139728307723999, 0.812258780002594, 0.8118927478790283, 0.8116110563278198, 0.8109748959541321]",[],,,,,,,,,,,,,,,,,,,,,,,,
Q0685,Welche beiden Strukturtypen werden im Parsing als gängige Repräsentationen von Syntax behandelt?,not_answerable_from_source,0,[],0.8373730778694153,0.8247931003570557,0.01257997751235962,"[""PO25CL-APP-R07-M09"", ""PO25CL-PLAN-S04-M02"", ""PO25CL-APP-R07-M04"", ""PO25CL-APP-R07-M02"", ""PO25CL-PLAN-S01-M04"", ""PO25CL-APP-R07-M11"", ""PO25CL-PLAN-S02-M01"", ""PO25CL-APP-R07-M10"", ""PO25CL-PLAN-S01-M02"", ""PO25CL-APP-R07-M03""]","[0.8373730778694153, 0.8247931003570557, 0.8107646703720093, 0.8105639219284058, 0.8088232278823853, 0.8079150915145874, 0.8061147928237915, 0.8044847846031189, 0.8033998608589172, 0.8028040528297424]",[],,,,,,,,,,,,,,,,,,,,,,,,
Q0686,Welche zwei methodischen Grundrichtungen werden im Parsing gegenübergestellt?,not_answerable_from_source,0,[],0.825432300567627,0.8188092708587646,0.006623029708862305,"[""PO25CL-PLAN-S04-M02"", ""PO25CL-APP-R07-M09"", ""PO25CL-PLAN-S02-M01"", ""PO25CL-PLAN-S03-M01"", ""PO25CL-PLAN-S01-M04"", ""PO25CL-PLAN-S01-M02"", ""PO25CL-PLAN-S01-M01"", ""PO25CL-PLAN-S03-M04"", ""PO25CL-APP-R07-M02"", ""PO25CL-PLAN-S02-M03""]","[0.825432300567627, 0.8188092708587646, 0.8081320524215698, 0.8066549301147461, 0.8052313327789307, 0.8046013116836548, 0.8014451265335083, 0.8010542988777161, 0.8009092807769775, 0.7993794679641724]",[],,,,,,,,,,,,,,,,,,,,,,,,
Q0687,Welche vier Themen werden in Einführung in Prolog neben dem logischen Programmierparadigma ausdrücklich behandelt?,not_answerable_from_source,0,[],0.8467280268669128,0.8178496956825256,0.028878331184387207,"[""PO25CL-PLAN-S04-M03"", ""PO25CL-PLAN-S01-M01"", ""PO25CL-APP-R07-M10"", ""PO25CL-PLAN-S03-M04"", ""PO25CL-PLAN-S01-M03"", ""PO25CL-PLAN-S02-M02"", ""PO25CL-PLAN-S04-PBB"", ""PO25CL-PLAN-S02-M03"", ""PO25CL-PLAN-S04-M01"", ""PO25CL-PLAN-S03-M02""]","[0.8467280268669128, 0.8178496956825256, 0.8151465058326721, 0.8150378465652466, 0.8109617233276367, 0.8070264458656311, 0.8054416179656982, 0.8046154975891113, 0.8040215969085693, 0.8032107353210449]",[],,,,,,,,,,,,,,,,,,,,,,,,
Q0688,Welche Speicherbereiche werden in Objektorientierter Programmierung bei Programmstrukturen im Speicher thematisiert?,not_answerable_from_source,0,[],0.8363299369812012,0.8162826895713806,0.020047247409820557,"[""PO25CL-APP-R07-M11"", ""PO25CL-PLAN-S03-M04"", ""PO25CL-APP-R07-M10"", ""PO25CL-APP-R07-M03"", ""PO25CL-APP-R07-M09"", ""PO25CL-APP-R07-M12"", ""PO25CL-APP-R07-M02"", ""PO25CL-APP-R07-M17"", ""PO25CL-APP-R07-M01"", ""PO25CL-APP-R07-M08""]","[0.8363299369812012, 0.8162826895713806, 0.8085595965385437, 0.8046115636825562, 0.7945019602775574, 0.7944345474243164, 0.7933363914489746, 0.792548418045044, 0.7924920320510864, 0.7916597723960876]",[],,,,,,,,,,,,,,,,,,,,,,,,
Q0689,Welche Such- und Sortieralgorithmen werden in Objektorientierter Programmierung beispielhaft genannt?,not_answerable_from_source,0,[],0.8015605807304382,0.7928657531738281,0.008694827556610107,"[""PO25CL-PLAN-S03-M04"", ""PO25CL-APP-R07-M11"", ""PO25CL-PLAN-INTRO"", ""PO25CL-PLAN-S02-M02"", ""PO25CL-PLAN-S03-M01"", ""PO25CL-PLAN-S01-M03"", ""PO25CL-PLAN-S02-M04"", ""PO25CL-PLAN-S04-M05"", ""PO25CL-PLAN-S04-M03"", ""PO25CL-PLAN-S03-M03""]","[0.8015605807304382, 0.7928657531738281, 0.7874003052711487, 0.7812114953994751, 0.7811940908432007, 0.7796393036842346, 0.777349591255188, 0.7751998901367188, 0.7734589576721191, 0.7720965147018433]",[],,,,,,,,,,,,,,,,,,,,,,,,
Q0690,Welche Themen aus Linguistik werden als mögliche Inhalte des Vertiefungsmoduls – Interdisziplinär beispielhaft genannt?,not_answerable_from_source,0,[],0.8700413703918457,0.8585183620452881,0.011523008346557617,"[""PO25CL-APP-R07-M13"", ""PO25CL-PLAN-S05-M02"", ""PO25CL-PLAN-S04-M04"", ""PO25CL-APP-R07-M14"", ""PO25CL-APP-R07-M15"", ""PO25CL-PLAN-S06-M01"", ""PO25CL-PLAN-S05-M03"", ""PO25CL-APP-R07-M16"", ""PO25CL-PLAN-S02-M01"", ""PO25CL-PLAN-S03-M04""]","[0.8700413703918457, 0.8585183620452881, 0.8564366698265076, 0.8507636189460754, 0.8470183610916138, 0.8355655074119568, 0.8344329595565796, 0.8312909603118896, 0.8283360004425049, 0.8275783061981201]",[],,,,,,,,,,,,,,,,,,,,,,,,
Q0691,Welche Gruppengröße ist für das Tutorium zu Morphologie und Syntax vorgesehen?,not_answerable_from_source,0,[],0.8297693133354187,0.8290108442306519,0.0007584691047668457,"[""PO25CL-PLAN-S01-M04"", ""PO25CL-APP-R07-M04"", ""PO25CL-APP-R07-M07"", ""PO25CL-APP-R07-M02"", ""PO25CL-APP-R07-M11"", ""PO25CL-PLAN-S02-M01"", ""PO25CL-APP-R07-M13"", ""PO25CL-APP-R07-M15"", ""PO25CL-PLAN-S03-M03"", ""PO25CL-APP-R07-M12""]","[0.8297693133354187, 0.8290108442306519, 0.8151378035545349, 0.8143741488456726, 0.8137733340263367, 0.8108124732971191, 0.810427188873291, 0.8101483583450317, 0.8096960186958313, 0.8093844652175903]",[],,,,,,,,,,,,,,,,,,,,,,,,
Q0692,Für wie viele Studierende ist die Vorlesung Semantik und Pragmatik ungefähr ausgelegt?,not_answerable_from_source,0,[],0.8387266397476196,0.8168772459030151,0.021849393844604492,"[""PO25CL-PLAN-S02-M03"", ""PO25CL-APP-R07-M05"", ""PO25CL-PLAN-S05-M01"", ""PO25CL-PLAN-S04-M05"", ""PO25CL-PLAN-S02-M01"", ""PO25CL-PLAN-S03-M04"", ""PO25CL-PLAN-S01-M02"", ""PO25CL-PLAN-S03-SUM"", ""PO25CL-PLAN-S02-SUM"", ""PO25CL-PLAN-S04-SUM""]","[0.8387266397476196, 0.8168772459030151, 0.8142662048339844, 0.813225269317627, 0.8120997548103333, 0.811429500579834, 0.8101423978805542, 0.8094143271446228, 0.8080228567123413, 0.8067439198493958]",[],,,,,,,,,,,,,,,,,,,,,,,,
Q0693,Ist die Teilnehmerzahl der Vorlesung Programmierung im Aufbaumodul – Objektorientierte Programmierung begrenzt?,not_answerable_from_source,0,[],0.8699201345443726,0.8443857431411743,0.025534391403198242,"[""PO25CL-PLAN-S03-M04"", ""PO25CL-APP-R07-M11"", ""PO25CL-PLAN-S01-M03"", ""PO25CL-PLAN-S02-M02"", ""PO25CL-PLAN-S04-M03"", ""PO25CL-PLAN-S04-M01"", ""PO25CL-PLAN-S03-M02"", ""PO25CL-PLAN-S04-M02"", ""PO25CL-APP-R07-M03"", ""PO25CL-PLAN-S02-M01""]","[0.8699201345443726, 0.8443857431411743, 0.8332725167274475, 0.8313322067260742, 0.8285194635391235, 0.8277207612991333, 0.8257388472557068, 0.8237515091896057, 0.8235878348350525, 0.8215301632881165]",[],,,,,,,,,,,,,,,,,,,,,,,,
Q0694,Wie groß sollen die Seminare im Vertiefungsmodul – Computerlinguistik 1 ungefähr sein?,not_answerable_from_source,0,[],0.8771003484725952,0.8745071291923523,0.00259321928024292,"[""PO25CL-PLAN-S06-M01"", ""PO25CL-PLAN-S05-M03"", ""PO25CL-APP-R07-M14"", ""PO25CL-PLAN-S05-M02"", ""PO25CL-APP-R07-M13"", ""PO25CL-PLAN-S04-M04"", ""PO25CL-APP-R07-M15"", ""PO25CL-PLAN-S06-M02"", ""PO25CL-PLAN-S05-M01"", ""PO25CL-PLAN-S03-SUM""]","[0.8771003484725952, 0.8745071291923523, 0.8741016983985901, 0.8733637928962708, 0.8724449872970581, 0.8713493943214417, 0.8704560399055481, 0.8656595945358276, 0.8638077974319458, 0.8632458448410034]",[],,,,,,,,,,,,,,,,,,,,,,,,
Q0695,Welche ungefähre Gruppengröße ist für das Forschungskolloquium Computerlinguistik vorgesehen?,not_answerable_from_source,0,[],0.8545042872428894,0.845330536365509,0.009173750877380371,"[""PO25CL-PLAN-S06-M02"", ""PO25CL-APP-R07-M16"", ""PO25CL-PLAN-S06-M01"", ""PO25CL-APP-R03"", ""PO25CL-PLAN-S03-M01"", ""PO25CL-PLAN-S05-M03"", ""PO25CL-PLAN-S02-SUM"", ""PO25CL-PLAN-S03-SUM"", ""PO25CL-PLAN-S05-SUM"", ""PO25CL-PLAN-S04-SUM""]","[0.8545042872428894, 0.845330536365509, 0.8333622813224792, 0.8326585292816162, 0.8309703469276428, 0.8300175666809082, 0.8293741941452026, 0.829339861869812, 0.828174352645874, 0.8281193375587463]",[],,,,,,,,,,,,,,,,,,,,,,,,
Q0696,In welchem Turnus wird das Orientierungsseminar im Modul Praktikum & Orientierung angeboten?,not_answerable_from_source,0,[],0.8454796075820923,0.8333529829978943,0.012126624584197998,"[""PO25CL-PLAN-S04-M05"", ""PO25CL-PLAN-S05-M01"", ""PO25CL-APP-R07-M12"", ""PO25CL-GEN-C02-P09-A03"", ""PO25CL-GEN-C01-P03-A04"", ""PO25CL-GEN-C02-P09-A05"", ""PO25CL-GEN-C02-P09-A04"", ""PO25CL-GEN-C02-P09-A02"", ""PO25CL-GEN-C01-P03-A03"", ""PO25CL-GEN-C01-P05-A02""]","[0.8454796075820923, 0.8333529829978943, 0.8329817652702332, 0.8245357871055603, 0.8149176836013794, 0.8148079514503479, 0.8123904466629028, 0.8073635101318359, 0.8065679669380188, 0.8008888959884644]",[],,,,,,,,,,,,,,,,,,,,,,,,
Q0697,Wie häufig findet Deep Learning regulär statt?,not_answerable_from_source,0,[],0.7964336276054382,0.7708735466003418,0.025560081005096436,"[""PO25CL-PLAN-S04-M01"", ""PO25CL-PLAN-S03-M02"", ""PO25CL-PLAN-S02-M04"", ""PO25CL-PLAN-S03-M03"", ""PO25CL-GEN-C01-P03-A03"", ""PO25CL-GEN-C02-P08-U01"", ""PO25CL-PLAN-S02-M02"", ""PO25CL-PLAN-S05-M01"", ""PO25CL-PLAN-S03-M01"", ""PO25CL-PLAN-S04-M04""]","[0.7964336276054382, 0.7708735466003418, 0.7702492475509644, 0.7675298452377319, 0.7672673463821411, 0.7669362425804138, 0.7649569511413574, 0.7634479403495789, 0.7632830739021301, 0.7623192667961121]",[],,,,,,,,,,,,,,,,,,,,,,,,
Q0698,In welchem Angebotsrhythmus läuft Einführung in Prolog?,not_answerable_from_source,0,[],0.8469508290290833,0.8202714920043945,0.02667933702468872,"[""PO25CL-PLAN-S04-M03"", ""PO25CL-GEN-C01-P03-A03"", ""PO25CL-PLAN-S05-M01"", ""PO25CL-PLAN-S01-M03"", ""PO25CL-PLAN-S03-M04"", ""PO25CL-PLAN-S01-M02"", ""PO25CL-PLAN-S01-M01"", ""PO25CL-PLAN-S03-M03"", ""PO25CL-PLAN-S03-M02"", ""PO25CL-PLAN-S04-M01""]","[0.8469508290290833, 0.8202714920043945, 0.8182201981544495, 0.8169634938240051, 0.8163073658943176, 0.815707802772522, 0.8152161240577698, 0.8149546384811401, 0.8149412274360657, 0.8144381046295166]",[],,,,,,,,,,,,,,,,,,,,,,,,
Q0699,Wie häufig wird das thematische Seminar im Vertiefungsmodul – Computerlinguistik 2 regulär angeboten?,not_answerable_from_source,0,[],0.8584574460983276,0.857338547706604,0.0011188983917236328,"[""PO25CL-PLAN-S06-M01"", ""PO25CL-PLAN-S05-M02"", ""PO25CL-PLAN-S05-M03"", ""PO25CL-PLAN-S04-M04"", ""PO25CL-PLAN-S02-M01"", ""PO25CL-APP-R07-M15"", ""PO25CL-PLAN-S03-M01"", ""PO25CL-APP-R07-M14"", ""PO25CL-PLAN-S02-M04"", ""PO25CL-PLAN-S01-M02""]","[0.8584574460983276, 0.857338547706604, 0.8560007810592651, 0.8548944592475891, 0.8542437553405762, 0.852810800075531, 0.85227370262146, 0.8502073287963867, 0.8491679430007935, 0.8484460115432739]",[],,,,,,,,,,,,,,,,,,,,,,,,
Q0700,In welchem zeitlichen Abstand halten Gäste im Forschungskolloquium Computerlinguistik ihre Vorträge?,not_answerable_from_source,0,[],0.8346468806266785,0.8198404312133789,0.01480644941329956,"[""PO25CL-PLAN-S06-M02"", ""PO25CL-PLAN-S05-M01"", ""PO25CL-APP-R07-M16"", ""PO25CL-PLAN-S03-M01"", ""PO25CL-PLAN-S06-M01"", ""PO25CL-PLAN-S02-SUM"", ""PO25CL-PLAN-S05-M03"", ""PO25CL-PLAN-S03-SUM"", ""PO25CL-PLAN-S01-SUM"", ""PO25CL-PLAN-S05-SUM""]","[0.8346468806266785, 0.8198404312133789, 0.8174974918365479, 0.8145642280578613, 0.8120714426040649, 0.8112509250640869, 0.8107185959815979, 0.8104888200759888, 0.8104456663131714, 0.810046911239624]",[],,,,,,,,,,,,,,,,,,,,,,,,
Q0701,Wie werden die Gastvorträge im Forschungskolloquium in der jeweils vorhergehenden Woche vorbereitet?,not_answerable_from_source,0,[],0.8101743459701538,0.8070196509361267,0.0031546950340270996,"[""PO25CL-PLAN-S06-M02"", ""PO25CL-APP-R07-M16"", ""PO25CL-GEN-C02-P08-U01"", ""PO25CL-GEN-C03-P11-A09"", ""PO25CL-GEN-C03-P11-A05"", ""PO25CL-FRONT-TITLE"", ""PO25CL-GEN-C03-P15-A06"", ""PO25CL-PLAN-INTRO"", ""PO25CL-PLAN-S03-M01"", ""PO25CL-GEN-C02-P09-A03""]","[0.8101743459701538, 0.8070196509361267, 0.8005046844482422, 0.7957309484481812, 0.7957146167755127, 0.7947943210601807, 0.7939890623092651, 0.7935003638267517, 0.792695164680481, 0.7919155359268188]",[],,,,,,,,,,,,,,,,,,,,,,,,
Q0702,Wer entscheidet über die Zulassung einer nicht im Vorlesungsverzeichnis zugeordneten Veranstaltung zu Computerlinguistik 1?,not_answerable_from_source,0,[],0.8388878107070923,0.8366521596908569,0.0022356510162353516,"[""PO25CL-PLAN-S01-M02"", ""PO25CL-PLAN-S03-M01"", ""PO25CL-APP-R08"", ""PO25CL-PLAN-S02-M04"", ""PO25CL-PLAN-S02-M01"", ""PO25CL-PLAN-S05-M03"", ""PO25CL-PLAN-S01-M04"", ""PO25CL-PLAN-S06-M01"", ""PO25CL-APP-R11"", ""PO25CL-PLAN-S02-M03""]","[0.8388878107070923, 0.8366521596908569, 0.8346933126449585, 0.8340582847595215, 0.8338033556938171, 0.832973301410675, 0.83245849609375, 0.8319562673568726, 0.8317633271217346, 0.8314253091812134]",[],,,,,,,,,,,,,,,,,,,,,,,,
Q0703,Sind im Vertiefungsmodul – Interdisziplinär neben Seminaren auch Vorlesungen als Lehrveranstaltungen vorgesehen?,not_answerable_from_source,0,[],0.8495327234268188,0.8479411602020264,0.0015915632247924805,"[""PO25CL-PLAN-S04-M04"", ""PO25CL-PLAN-S05-M02"", ""PO25CL-GEN-C02-P08-U01"", ""PO25CL-GEN-C01-P03-A03"", ""PO25CL-APP-R07-M13"", ""PO25CL-PLAN-S04-M01"", ""PO25CL-PLAN-S05-M03"", ""PO25CL-PLAN-S03-M04"", ""PO25CL-PLAN-S06-M01"", ""PO25CL-PLAN-INTRO""]","[0.8495327234268188, 0.8479411602020264, 0.8317416906356812, 0.830677330493927, 0.8305758237838745, 0.8278872966766357, 0.8266769647598267, 0.8265287280082703, 0.8245627880096436, 0.8240668773651123]",[],,,,,,,,,,,,,,,,,,,,,,,,
Q0704,Woran richtet sich die geplante Gruppengröße im Vertiefungsmodul – Interdisziplinär?,not_answerable_from_source,0,[],0.8547553420066833,0.8473100066184998,0.007445335388183594,"[""PO25CL-APP-R07-M13"", ""PO25CL-PLAN-S05-M02"", ""PO25CL-PLAN-S04-M04"", ""PO25CL-GEN-C01-P03-A03"", ""PO25CL-APP-R07-M14"", ""PO25CL-APP-R07-M15"", ""PO25CL-PLAN-S06-M01"", ""PO25CL-PLAN-S05-M03"", ""PO25CL-PLAN-INTRO"", ""PO25CL-PLAN-S03-M04""]","[0.8547553420066833, 0.8473100066184998, 0.8430815935134888, 0.8240022659301758, 0.8230269551277161, 0.8228586316108704, 0.8194499015808105, 0.8175426125526428, 0.8158515691757202, 0.8153370022773743]",[],,,,,,,,,,,,,,,,,,,,,,,,
Q0705,Wie viele Stunden Kontaktzeit sind für das Forschungskolloquium Computerlinguistik vorgesehen?,not_answerable_from_source,0,[],0.866450309753418,0.8625613451004028,0.0038889646530151367,"[""PO25CL-PLAN-S06-M02"", ""PO25CL-PLAN-S05-M01"", ""PO25CL-APP-R07-M16"", ""PO25CL-PLAN-S03-SUM"", ""PO25CL-PLAN-S06-SUM"", ""PO25CL-APP-R03"", ""PO25CL-PLAN-S04-SUM"", ""PO25CL-PLAN-S02-SUM"", ""PO25CL-PLAN-S05-SUM"", ""PO25CL-PLAN-S01-SUM""]","[0.866450309753418, 0.8625613451004028, 0.8494900465011597, 0.8421517610549927, 0.841858983039856, 0.8418054580688477, 0.841663658618927, 0.841644823551178, 0.8416407108306885, 0.8415084481239319]",[],,,,,,,,,,,,,,,,,,,,,,,,
Q0706,An welchem konkreten Datum findet meine Klausur in Basiswissen Linguistik – Semantik und Pragmatik statt?,not_answerable_from_source,0,[],0.8735556602478027,0.8589968085289001,0.014558851718902588,"[""PO25CL-PLAN-S02-M03"", ""PO25CL-PLAN-S02-M01"", ""PO25CL-PLAN-S01-M02"", ""PO25CL-PLAN-S01-M04"", ""PO25CL-PLAN-S03-M03"", ""PO25CL-APP-R07-M05"", ""PO25CL-PLAN-S03-M01"", ""PO25CL-PLAN-S02-M04"", ""PO25CL-PLAN-S04-M05"", ""PO25CL-PLAN-S05-M01""]","[0.8735556602478027, 0.8589968085289001, 0.854473352432251, 0.8512976169586182, 0.846871018409729, 0.8462972640991211, 0.846157431602478, 0.8438845872879028, 0.8438528776168823, 0.8416174054145813]",[],,,,,,,,,,,,,,,,,,,,,,,,
Q0707,In welchem Raum findet die nächste Modulprüfung im Basismodul – Mathematische und logische Grundlagen statt?,not_answerable_from_source,0,[],0.8546594977378845,0.853348433971405,0.0013110637664794922,"[""PO25CL-PLAN-S01-M01"", ""PO25CL-APP-R07-M01"", ""PO25CL-PLAN-S02-M01"", ""PO25CL-APP-R07-M02"", ""PO25CL-APP-R07-M10"", ""PO25CL-PLAN-S02-M04"", ""PO25CL-PLAN-S03-M03"", ""PO25CL-PLAN-S02-M02"", ""PO25CL-APP-R07-M03"", ""PO25CL-PLAN-S03-M01""]","[0.8546594977378845, 0.853348433971405, 0.838649570941925, 0.8353959918022156, 0.8348259925842285, 0.8337161540985107, 0.8336440324783325, 0.8325052261352539, 0.8319098949432373, 0.8316397070884705]",[],,,,,,,,,,,,,,,,,,,,,,,,
Q0708,Bin ich derzeit zur Modulprüfung im Vertiefungsmodul – Computerlinguistik 2 angemeldet?,not_answerable_from_source,0,[],0.867989718914032,0.8662848472595215,0.001704871654510498,"[""PO25CL-APP-R07-M15"", ""PO25CL-PLAN-S06-M01"", ""PO25CL-PLAN-S05-M02"", ""PO25CL-APP-R09"", ""PO25CL-APP-R07-M14"", ""PO25CL-PLAN-S05-M03"", ""PO25CL-PLAN-S04-M04"", ""PO25CL-APP-R07-M13"", ""PO25CL-PLAN-S02-M01"", ""PO25CL-PLAN-S03-M01""]","[0.867989718914032, 0.8662848472595215, 0.8658862709999084, 0.8655348420143127, 0.8636802434921265, 0.863215446472168, 0.8602285981178284, 0.8588292002677917, 0.8572825193405151, 0.8552652597427368]",[],,,,,,,,,,,,,,,,,,,,,,,,
Q0709,Wer ist für meine konkrete Prüfung im Aufbaumodul – Objektorientierte Programmierung als Prüferin oder Prüfer eingeteilt?,not_answerable_from_source,0,[],0.8433276414871216,0.8421011567115784,0.0012264847755432129,"[""PO25CL-PLAN-S03-M04"", ""PO25CL-GEN-C04-P25-A02"", ""PO25CL-GEN-C04-P25-A03"", ""PO25CL-GEN-C03-P11-A05"", ""PO25CL-GEN-C03-P11-A07"", ""PO25CL-APP-R07-M11"", ""PO25CL-GEN-C03-P11-A03"", ""PO25CL-GEN-C03-P14-A02"", ""PO25CL-GEN-C03-P12-A04"", ""PO25CL-GEN-C03-P15-A03""]","[0.8433276414871216, 0.8421011567115784, 0.8371098637580872, 0.8370276689529419, 0.8366007208824158, 0.8345717191696167, 0.8293116092681885, 0.8289280533790588, 0.8286386132240295, 0.8272792100906372]",[],,,,,,,,,,,,,,,,,,,,,,,,
Q0710,Ist meine Note für die Modulprüfung in Grundlagen der Computerlinguistik und formale Grammatikbeschreibung bereits verbucht?,not_answerable_from_source,0,[],0.8644859194755554,0.8610275983810425,0.0034583210945129395,"[""PO25CL-PLAN-S02-M01"", ""PO25CL-GEN-C03-P18-A02"", ""PO25CL-PLAN-S01-M02"", ""PO25CL-GEN-C03-P18-A04"", ""PO25CL-APP-R10"", ""PO25CL-APP-R07-M02"", ""PO25CL-PLAN-S03-M03"", ""PO25CL-PLAN-S01-M04"", ""PO25CL-GEN-C03-P17-A01"", ""PO25CL-APP-R09""]","[0.8644859194755554, 0.8610275983810425, 0.8595601916313171, 0.8560912609100342, 0.8535721302032471, 0.8520530462265015, 0.8520171642303467, 0.8501592874526978, 0.8485857844352722, 0.8484346866607666]",[],,,,,,,,,,,,,,,,,,,,,,,,
Q0711,Welcher Tutoriumsgruppe zu Morphologie und Syntax bin ich persönlich zugeteilt?,not_answerable_from_source,0,[],0.8446913957595825,0.8375566601753235,0.007134735584259033,"[""PO25CL-PLAN-S01-M04"", ""PO25CL-APP-R07-M04"", ""PO25CL-PLAN-S02-M01"", ""PO25CL-PLAN-S03-M03"", ""PO25CL-PLAN-S02-M03"", ""PO25CL-PLAN-S01-M02"", ""PO25CL-APP-R07-M02"", ""PO25CL-APP-R07-M15"", ""PO25CL-PLAN-S03-M04"", ""PO25CL-APP-R07-M07""]","[0.8446913957595825, 0.8375566601753235, 0.828128457069397, 0.8272725939750671, 0.8268337249755859, 0.8247814178466797, 0.8247474431991577, 0.823123574256897, 0.823023796081543, 0.8225282430648804]",[],,,,,,,,,,,,,,,,,,,,,,,,
Q0712,Wie viele Sitzungen der Übung zu Parsing wurden bei mir als anwesend erfasst?,not_answerable_from_source,0,[],0.8094485998153687,0.8042063117027283,0.005242288112640381,"[""PO25CL-PLAN-S04-M02"", ""PO25CL-GEN-C02-P08-U01"", ""PO25CL-APP-R07-M09"", ""PO25CL-PLAN-S04-SUM"", ""PO25CL-PLAN-S03-SUM"", ""PO25CL-PLAN-S02-SUM"", ""PO25CL-PLAN-S05-SUM"", ""PO25CL-PLAN-S06-SUM"", ""PO25CL-GEN-C01-P05-A02"", ""PO25CL-GEN-C03-P12-A02""]","[0.8094485998153687, 0.8042063117027283, 0.7961438894271851, 0.7955120801925659, 0.7947851419448853, 0.7941693067550659, 0.793701171875, 0.7932836413383484, 0.792210042476654, 0.7919926047325134]",[],,,,,,,,,,,,,,,,,,,,,,,,
Q0713,Ist mein gewählter Praktikumsplatz für Praktikum & Orientierung bereits bestätigt worden?,not_answerable_from_source,0,[],0.8378094434738159,0.836035966873169,0.0017734766006469727,"[""PO25CL-GEN-C02-P09-A04"", ""PO25CL-GEN-C02-P09-A03"", ""PO25CL-APP-R14"", ""PO25CL-GEN-C02-P09-A05"", ""PO25CL-FRONT-TITLE"", ""PO25CL-GEN-C01-P03-A04"", ""PO25CL-PLAN-S05-M01"", ""PO25CL-PLAN-S04-M05"", ""PO25CL-GEN-C03-P19-A01"", ""PO25CL-GEN-C02-P09-A01""]","[0.8378094434738159, 0.836035966873169, 0.8308349847793579, 0.8249316215515137, 0.8229849338531494, 0.8218609094619751, 0.8216835856437683, 0.8214450478553772, 0.8202921152114868, 0.8200901746749878]",[],,,,,,,,,,,,,,,,,,,,,,,,
Q0714,Wurde mein eingereichter Praktikumsbericht bereits als Leistungsnachweis akzeptiert?,not_answerable_from_source,0,[],0.8400664925575256,0.8377089500427246,0.0023575425148010254,"[""PO25CL-GEN-C02-P09-A04"", ""PO25CL-GEN-C03-P19-A01"", ""PO25CL-GEN-C03-P15-A08"", ""PO25CL-GEN-C03-P21-A02"", ""PO25CL-GEN-C04-P28-A05"", ""PO25CL-GEN-C04-P28-A07"", ""PO25CL-GEN-C03-P16-A03"", ""PO25CL-GEN-C04-P28-A02"", ""PO25CL-GEN-C04-P28-A03"", ""PO25CL-GEN-C04-P28-A09""]","[0.8400664925575256, 0.8377089500427246, 0.8371683359146118, 0.8370913863182068, 0.8366368412971497, 0.8344859480857849, 0.8312629461288452, 0.8309867978096008, 0.8301366567611694, 0.8293336629867554]",[],,,,,,,,,,,,,,,,,,,,,,,,
Q0715,Ist meine extern gewählte Veranstaltung schon für das Vertiefungsmodul – Computerlinguistik 1 genehmigt?,not_answerable_from_source,0,[],0.8604542016983032,0.8595322966575623,0.0009219050407409668,"[""PO25CL-PLAN-S05-M03"", ""PO25CL-PLAN-S04-M04"", ""PO25CL-PLAN-S06-M01"", ""PO25CL-PLAN-S05-M02"", ""PO25CL-PLAN-S01-M02"", ""PO25CL-APP-R07-M14"", ""PO25CL-PLAN-S02-M01"", ""PO25CL-APP-R07-M15"", ""PO25CL-PLAN-S03-M01"", ""PO25CL-APP-R09""]","[0.8604542016983032, 0.8595322966575623, 0.8588693141937256, 0.85811847448349, 0.8534058332443237, 0.8521922826766968, 0.8519124984741211, 0.8509694337844849, 0.8492840528488159, 0.8488607406616211]",[],,,,,,,,,,,,,,,,,,,,,,,,
Q0716,Welches konkrete Abgabedatum wurde für meine Hausarbeit im Aufbaumodul – Maschinelles Lernen festgelegt?,not_answerable_from_source,0,[],0.8685991764068604,0.8650927543640137,0.0035064220428466797,"[""PO25CL-PLAN-S03-M02"", ""PO25CL-PLAN-S04-M01"", ""PO25CL-APP-R07-M07"", ""PO25CL-GEN-C03-P11-A06"", ""PO25CL-GEN-C03-P14-A10"", ""PO25CL-GEN-C03-P14-A05"", ""PO25CL-PLAN-S03-M04"", ""PO25CL-PLAN-S03-M03"", ""PO25CL-GEN-C03-P15-A01"", ""PO25CL-PLAN-S02-M01""]","[0.8685991764068604, 0.8650927543640137, 0.8582807779312134, 0.8512911200523376, 0.8489850759506226, 0.8415026068687439, 0.841289758682251, 0.8409824371337891, 0.8362382054328918, 0.8353979587554932]",[],,,,,,,,,,,,,,,,,,,,,,,,
Q0717,Wer hält den nächsten Gastvortrag im Forschungskolloquium Computerlinguistik?,not_answerable_from_source,0,[],0.8344658613204956,0.8206736445426941,0.013792216777801514,"[""PO25CL-PLAN-S06-M02"", ""PO25CL-PLAN-S03-M01"", ""PO25CL-PLAN-S01-M02"", ""PO25CL-PLAN-S02-M04"", ""PO25CL-APP-R07-M16"", ""PO25CL-PLAN-S02-M01"", ""PO25CL-PLAN-S06-M01"", ""PO25CL-PLAN-S05-M03"", ""PO25CL-PLAN-S04-M05"", ""PO25CL-PLAN-S04-M01""]","[0.8344658613204956, 0.8206736445426941, 0.8177975416183472, 0.8177585601806641, 0.8172616958618164, 0.8155888915061951, 0.8148465156555176, 0.813959002494812, 0.8111942410469055, 0.8111572861671448]",[],,,,,,,,,,,,,,,,,,,,,,,,
Q0718,Wer wurde als Zweitgutachterin oder Zweitgutachter meiner Bachelorarbeit bestellt?,not_answerable_from_source,0,[],0.8861256837844849,0.8513765335083008,0.03474915027618408,"[""PO25CL-GEN-C03-P16-A02"", ""PO25CL-GEN-C03-P18-A03"", ""PO25CL-GEN-C04-P25-A03"", ""PO25CL-GEN-C03-P21-A03"", ""PO25CL-GEN-C03-P15-A03"", ""PO25CL-GEN-C04-P25-A02"", ""PO25CL-GEN-C03-P12-A02"", ""PO25CL-GEN-C03-P16-A01"", ""PO25CL-GEN-C04-P25-A06"", ""PO25CL-GEN-C03-P12-A01""]","[0.8861256837844849, 0.8513765335083008, 0.8341356515884399, 0.8311272859573364, 0.8306905031204224, 0.8303117752075195, 0.827691376209259, 0.8264538049697876, 0.8258428573608398, 0.8217576742172241]",[],,,,,,,,,,,,,,,,,,,,,,,,
Q0719,Welches konkrete Thema wurde für meine Bachelorarbeit im Studiengang Computerlinguistik ausgegeben?,not_answerable_from_source,0,[],0.8761438131332397,0.8724287152290344,0.0037150979042053223,"[""PO25CL-PLAN-S06-M02"", ""PO25CL-PLAN-S01-M02"", ""PO25CL-PLAN-S04-M05"", ""PO25CL-PLAN-S02-M01"", ""PO25CL-PLAN-S03-M01"", ""PO25CL-PLAN-S05-M03"", ""PO25CL-PLAN-S02-PBB"", ""PO25CL-PLAN-S02-M04"", ""PO25CL-PLAN-S03-M04"", ""PO25CL-PLAN-S04-PBB""]","[0.8761438131332397, 0.8724287152290344, 0.8663670420646667, 0.8661143183708191, 0.8658299446105957, 0.864696204662323, 0.8639171719551086, 0.8632533550262451, 0.8631876111030579, 0.8627707362174988]",[],,,,,,,,,,,,,,,,,,,,,,,,
Q0720,Ist meinem persönlichen Antrag auf Fristverlängerung für die Bachelorarbeit bereits stattgegeben worden?,not_answerable_from_source,0,[],0.8542001247406006,0.8482933640480042,0.0059067606925964355,"[""PO25CL-GEN-C03-P15-A04"", ""PO25CL-GEN-C03-P15-A05"", ""PO25CL-GEN-C03-P19-A09"", ""PO25CL-GEN-C03-P16-A01"", ""PO25CL-GEN-C03-P14-A10"", ""PO25CL-GEN-C03-P16-A03"", ""PO25CL-GEN-C03-P19-A06"", ""PO25CL-GEN-C03-P15-A06"", ""PO25CL-GEN-C03-P15-A01"", ""PO25CL-FRONT-TITLE""]","[0.8542001247406006, 0.8482933640480042, 0.8456538319587708, 0.8444448113441467, 0.8413029313087463, 0.8383527994155884, 0.8380087614059448, 0.8369331359863281, 0.8347548246383667, 0.8341691493988037]",[],,,,,,,,,,,,,,,,,,,,,,,,
